mtllib chips_bag_b.mtl
o chips_bag_b
s 1
usemtl chips_bag_b_material
v 0.053849 -0.092866 -0.062423
v 0.050227 -0.094595 -0.065634
v 0.052328 -0.092143 -0.068105
v 0.048905 0.084020 -0.069250
v 0.048465 0.086966 -0.074274
v 0.051042 0.086824 -0.071080
v 0.051311 -0.015725 0.052435
v 0.051716 -0.013930 0.049214
v 0.050388 -0.012424 0.053757
v 0.052330 0.080678 -0.061525
v 0.054357 0.084416 -0.066450
v 0.056302 0.081480 -0.061351
v 0.051230 0.082817 -0.066840
v 0.064211 -0.075156 -0.044209
v 0.064758 -0.070775 -0.044786
v 0.066435 -0.070821 -0.040651
v 0.051008 -0.018698 -0.049492
v 0.046115 -0.018514 -0.050337
v 0.048646 -0.015876 -0.049775
v 0.053917 0.081887 -0.055716
v 0.057263 0.082100 -0.053036
v 0.053900 0.079854 -0.050398
v 0.079651 0.003025 -0.032345
v 0.077976 -0.000887 -0.034310
v 0.077305 0.003514 -0.035262
v 0.047354 0.072120 -0.046349
v 0.048179 0.077625 -0.047962
v 0.051550 0.074593 -0.047760
v 0.048607 0.080072 -0.053155
v 0.050281 0.079591 -0.050329
v 0.060110 0.061992 -0.047807
v 0.060036 0.063090 -0.051110
v 0.061899 0.065402 -0.048257
v 0.049568 0.079550 -0.058789
v 0.049475 0.080979 -0.064385
v 0.083390 -0.012334 -0.018549
v 0.082406 -0.017125 -0.020116
v 0.081765 -0.014483 -0.024892
v 0.053512 0.088504 -0.059591
v 0.050836 0.088731 -0.054922
v 0.055987 0.087570 -0.053913
v 0.045734 0.065424 -0.051606
v 0.049420 0.070704 -0.051629
v 0.049343 0.064988 -0.053218
v 0.042689 0.062837 -0.050926
v 0.044238 0.068210 -0.049317
v 0.051677 0.088681 -0.065519
v 0.047819 0.087913 -0.068755
v 0.050737 -0.077203 0.067838
v 0.049745 -0.083704 0.069804
v 0.050172 -0.083046 0.065281
v 0.049115 0.036052 -0.048045
v 0.048680 0.033573 -0.045367
v 0.044448 0.034167 -0.044213
v 0.045784 -0.089594 0.069427
v 0.048772 -0.087024 0.067099
v 0.048936 -0.088260 0.071548
v 0.046139 0.037873 -0.048988
v 0.045878 0.042977 -0.051550
v 0.042904 0.038568 -0.047792
v 0.044871 -0.089947 0.063851
v 0.047377 0.059433 -0.052043
v 0.042012 0.057095 -0.050984
v 0.057311 0.087810 -0.060030
v 0.060509 0.086195 -0.058504
v 0.056808 0.077973 -0.050005
v 0.047803 0.090993 -0.026265
v 0.049079 0.089198 -0.031701
v 0.045870 0.091458 -0.032177
v 0.047060 0.089188 -0.063276
v 0.049917 0.089239 -0.058412
v 0.050518 0.088419 -0.061915
v 0.049749 -0.085486 -0.058395
v 0.052185 -0.085596 -0.055535
v 0.054618 -0.087945 -0.058387
v 0.045871 0.090858 -0.052108
v 0.045297 0.091625 -0.046508
v 0.047398 0.090706 -0.049036
v 0.075218 -0.029947 0.031975
v 0.075960 -0.035075 0.029752
v 0.077492 -0.030995 0.027976
v 0.062013 -0.079374 -0.047653
v 0.060499 -0.082838 -0.048536
v 0.059296 -0.077256 -0.049569
v 0.050779 0.090218 -0.048628
v 0.053863 0.088808 -0.050757
v 0.059700 0.083130 -0.056959
v 0.059598 0.083287 -0.060753
v 0.063138 0.083891 -0.058031
v 0.050921 -0.094380 -0.071235
v 0.048747 -0.092275 -0.066249
v 0.050620 0.088446 -0.035045
v 0.052374 0.088100 -0.041036
v 0.048962 0.090889 -0.037427
v 0.061966 0.082587 0.049608
v 0.058727 0.082746 0.052117
v 0.061530 0.082650 0.054403
v 0.068632 0.074582 -0.010679
v 0.064796 0.075801 -0.013311
v 0.065954 0.074345 -0.007437
v 0.044101 0.090738 -0.021506
v 0.043310 0.094026 -0.024064
v 0.042719 0.093288 -0.018505
v 0.050857 0.096427 0.070766
v 0.049532 0.091198 0.068906
v 0.051358 0.094389 0.067283
v 0.049359 -0.084732 0.035458
v 0.047053 -0.086315 0.033149
v 0.049538 -0.084917 0.030891
v 0.046486 0.024436 -0.038193
v 0.041521 0.027336 -0.038630
v 0.043383 0.029538 -0.040677
v 0.051841 0.083368 0.064748
v 0.048784 0.088965 0.065425
v 0.051450 0.088493 0.067620
v 0.075416 0.001118 -0.037506
v 0.074712 -0.004568 -0.037300
v 0.046547 0.018697 -0.037678
v 0.050866 0.017135 -0.037872
v 0.046978 0.013615 -0.040385
v 0.046239 -0.086027 0.021822
v 0.044247 -0.089931 0.024531
v 0.044367 -0.089786 0.018875
v 0.041670 0.092058 0.004066
v 0.044413 0.087787 0.001243
v 0.041744 0.092051 -0.001592
v 0.072898 -0.019495 0.037168
v 0.072805 -0.022163 0.034447
v 0.075233 -0.016714 0.035147
v 0.041241 0.031924 -0.042139
v 0.051703 -0.072910 0.065180
v 0.050270 -0.073820 0.061664
v 0.053873 -0.073052 0.060461
v 0.058617 -0.067404 0.055093
v 0.059951 -0.062711 0.055986
v 0.058213 -0.065293 0.058372
v 0.047154 0.086863 -0.018202
v 0.049239 0.084289 -0.017145
v 0.049132 0.084341 -0.022390
v 0.044409 0.088114 -0.010216
v 0.045348 0.088645 -0.015848
v 0.043052 0.091203 -0.015802
v 0.041546 0.021675 -0.037443
v 0.046872 -0.089228 0.074973
v 0.055617 0.087672 -0.063535
v 0.052887 -0.089216 -0.034381
v 0.048941 -0.089677 -0.033330
v 0.049434 -0.090660 -0.036948
v 0.045782 -0.088199 0.060775
v 0.044179 -0.090008 0.058301
v 0.045543 0.047142 0.053905
v 0.045636 0.041473 0.052898
v 0.049071 0.044394 0.053322
v 0.042503 -0.004024 -0.050289
v 0.042328 0.001226 -0.047894
v 0.046009 -0.001392 -0.048800
v 0.050005 -0.074018 -0.059139
v 0.050322 -0.079722 -0.059960
v 0.048267 -0.079304 -0.062661
v 0.051328 -0.028572 0.056606
v 0.048199 -0.028510 0.058697
v 0.049670 -0.034037 0.059894
v 0.046874 0.009111 -0.044009
v 0.048162 0.004234 -0.046433
v 0.044517 0.003934 -0.046731
v 0.046995 -0.084847 -0.061285
v 0.052239 -0.088145 -0.063362
v 0.049055 -0.089508 -0.064068
v 0.050576 -0.001516 -0.048089
v 0.046739 -0.086042 -0.006768
v 0.050684 -0.082928 -0.005566
v 0.048396 -0.083913 -0.001056
v 0.048921 0.028434 0.050741
v 0.052584 0.026728 0.045809
v 0.052071 0.030139 0.050304
v 0.045709 -0.022296 -0.050778
v 0.042928 -0.026525 -0.054190
v 0.042306 -0.021180 -0.052119
v 0.042469 -0.015441 -0.051669
v 0.064441 -0.062346 -0.046092
v 0.067001 -0.061322 -0.042733
v 0.065527 -0.066173 -0.044365
v 0.046812 -0.051939 -0.055072
v 0.050057 -0.046524 -0.055580
v 0.051926 -0.052407 -0.054295
v 0.049881 0.091225 -0.043056
v 0.055435 -0.058033 -0.052720
v 0.055162 -0.061894 -0.052475
v 0.049209 -0.061269 -0.053166
v 0.044956 -0.065661 -0.060390
v 0.048051 -0.063079 -0.056212
v 0.049250 -0.068471 -0.057813
v 0.053054 -0.081935 -0.055586
v 0.053854 0.082928 -0.014033
v 0.050174 0.085042 -0.010324
v 0.054433 0.083278 -0.008432
v 0.043162 -0.054683 -0.057601
v 0.043192 -0.048957 -0.057211
v 0.049577 -0.066315 -0.054339
v 0.043807 -0.060259 -0.058788
v 0.052292 -0.040986 -0.053470
v 0.054744 -0.045796 -0.052863
v 0.043749 -0.043296 -0.058031
v 0.043317 -0.037821 -0.056299
v 0.047461 -0.040785 -0.055382
v 0.076791 0.022162 0.027162
v 0.076563 0.017429 0.027451
v 0.079270 0.017665 0.023777
v 0.055721 -0.035901 -0.050572
v 0.049828 -0.038076 -0.053988
v 0.052244 0.081682 0.053149
v 0.053315 0.082827 0.058701
v 0.050179 0.081641 0.059408
v 0.046981 -0.082068 -0.064214
v 0.046000 -0.087726 -0.063964
v 0.046887 0.091061 0.040833
v 0.045101 0.095744 0.043382
v 0.045756 0.093888 0.046351
v 0.061888 -0.079885 -0.037897
v 0.059468 -0.083314 -0.040731
v 0.060766 -0.078709 -0.042670
v 0.064421 0.083793 0.024561
v 0.065207 0.083134 0.029631
v 0.067915 0.081074 0.026305
v 0.050623 0.038911 0.050915
v 0.049990 0.034737 0.046355
v 0.052911 0.038195 0.046991
v 0.055797 -0.091240 -0.050641
v 0.051852 -0.093376 -0.051213
v 0.054345 -0.091920 -0.056800
v 0.057377 0.086708 0.058847
v 0.054044 0.086489 0.063383
v 0.049079 -0.094941 -0.054366
v 0.051401 -0.094006 -0.056968
v 0.067915 0.080773 0.014467
v 0.069176 0.079007 0.018149
v 0.071085 0.077018 0.014990
v 0.058070 0.086829 0.040287
v 0.056644 0.085708 0.044321
v 0.060110 0.082036 0.041245
v 0.048350 -0.094800 -0.048738
v 0.048872 0.081650 0.062574
v 0.047965 0.080801 0.056945
v 0.049853 -0.093461 -0.045805
v 0.047735 -0.094385 -0.043116
v 0.051409 -0.086878 -0.026446
v 0.052012 -0.087549 -0.031357
v 0.054316 -0.086048 -0.029063
v 0.048313 0.091353 0.046205
v 0.046889 0.093226 0.052032
v 0.053788 0.085905 0.059659
v 0.050048 0.088233 0.060105
v 0.049101 -0.088286 -0.029434
v 0.048437 -0.087352 -0.023824
v 0.046367 -0.092105 -0.026341
v 0.049113 0.072635 0.053462
v 0.052568 0.076391 0.050843
v 0.047813 0.074280 0.048141
v 0.046027 -0.091467 -0.020715
v 0.047985 -0.086430 -0.018180
v 0.045592 -0.090833 -0.015097
v 0.050973 -0.085552 -0.020980
v 0.053092 -0.085688 -0.023673
v 0.047354 0.093058 0.063061
v 0.048693 0.097137 0.065659
v 0.046738 -0.092877 -0.031947
v 0.051774 0.089791 0.056362
v 0.049561 0.093338 0.057758
v 0.049617 0.091620 0.060777
v 0.050187 -0.084418 -0.014911
v 0.046695 -0.087008 -0.012467
v 0.064997 0.036748 0.034303
v 0.062988 0.038023 0.036979
v 0.062572 0.034148 0.033881
v 0.041955 0.011477 -0.042824
v 0.041750 0.016427 -0.039868
v 0.061724 -0.073587 -0.048654
v 0.047066 0.086065 -0.008167
v 0.046898 0.085963 -0.012900
v 0.053211 -0.083632 -0.017972
v 0.049653 0.086254 -0.000845
v 0.052170 0.085404 0.002800
v 0.054633 0.083840 -0.000027
v 0.050624 0.050156 0.052266
v 0.053921 0.052228 0.050905
v 0.052942 0.055914 0.052484
v 0.051323 0.050907 -0.053385
v 0.054666 0.049114 -0.052646
v 0.049099 0.045369 -0.050885
v 0.045274 -0.080487 0.068979
v 0.045834 -0.086121 0.070168
v 0.050484 0.086097 0.018245
v 0.047960 0.087470 0.021282
v 0.053947 0.087087 0.019663
v 0.045145 0.088904 0.024044
v 0.042997 0.093540 0.026650
v 0.045726 0.089685 0.029684
v 0.045827 0.096350 0.048966
v 0.060938 0.086678 -0.054477
v 0.059064 0.087217 -0.050919
v 0.043597 0.094260 0.032230
v 0.050016 0.088692 0.023744
v 0.046620 0.096980 0.054553
v 0.046400 0.095052 0.057511
v 0.053274 0.089594 -0.045137
v 0.049247 0.086278 0.066003
v 0.059952 0.069883 0.045147
v 0.059759 0.065982 0.045605
v 0.062701 0.067524 0.043157
v 0.074819 -0.020161 -0.035783
v 0.077685 -0.020396 -0.031818
v 0.074891 -0.024824 -0.033090
v 0.051340 0.092454 0.051679
v 0.051315 0.089693 0.029023
v 0.048187 0.089149 0.026611
v 0.048765 0.090407 0.031403
v 0.059981 0.048627 0.047630
v 0.056973 0.050051 0.049156
v 0.056506 0.045905 0.049276
v 0.051193 -0.090953 -0.040264
v 0.062675 -0.076707 -0.007463
v 0.065268 -0.072958 -0.008568
v 0.064830 -0.074246 -0.003978
v 0.040978 0.036147 -0.046062
v 0.054255 0.042153 0.047936
v 0.050565 -0.023094 0.057087
v 0.045965 -0.020343 0.056107
v 0.045940 -0.025958 0.057196
v 0.046124 -0.076659 -0.062485
v 0.053029 0.004690 0.041068
v 0.053688 -0.000708 0.043559
v 0.055368 0.001815 0.045145
v 0.064856 0.031902 0.031573
v 0.063673 0.029836 0.034700
v 0.046206 0.069121 0.050090
v 0.057415 0.014204 -0.038510
v 0.060916 0.018293 -0.037582
v 0.062003 0.013052 -0.038641
v 0.051295 0.069677 0.051344
v 0.053449 0.072949 0.049675
v 0.044915 -0.012729 -0.050200
v 0.047048 -0.007030 -0.049946
v 0.048791 -0.012187 -0.049865
v 0.070116 -0.061602 -0.034172
v 0.068936 -0.061028 -0.038925
v 0.070212 -0.057496 -0.036881
v 0.048825 0.055796 0.054138
v 0.050903 0.060778 0.053783
v 0.075631 0.006560 -0.036692
v 0.072795 0.003745 -0.040500
v 0.047438 0.078899 0.051545
v 0.046349 0.057970 0.051163
v 0.045503 0.052901 0.053758
v 0.042644 0.090097 0.006931
v 0.041786 0.092217 0.009742
v 0.063381 0.046649 0.042563
v 0.062604 0.050787 0.046308
v 0.055004 0.086515 -0.030476
v 0.053482 0.086849 -0.036883
v 0.053321 -0.092925 -0.045068
v 0.050248 0.013264 0.039441
v 0.050493 0.007486 0.039352
v 0.054172 0.010519 0.041652
v 0.068159 -0.005057 -0.041847
v 0.070418 -0.002001 -0.041045
v 0.070744 -0.006783 -0.039511
v 0.055803 0.018766 0.045465
v 0.059402 0.021129 0.046636
v 0.054449 0.022088 0.042825
v 0.044139 0.093092 -0.035324
v 0.043678 0.093555 -0.029693
v 0.061839 0.082988 -0.053734
v 0.064233 0.078667 -0.054973
v 0.060060 0.079659 -0.051747
v 0.054785 0.005182 0.044789
v 0.059827 0.004685 0.042353
v 0.046684 0.028906 -0.041762
v 0.048447 0.023931 0.043075
v 0.049608 0.018934 0.040401
v 0.051018 0.021765 0.042012
v 0.063816 0.082279 0.011248
v 0.063200 0.083684 0.015425
v 0.047868 0.038664 0.053238
v 0.047150 0.033967 0.049799
v 0.057502 -0.089187 -0.055290
v 0.055441 -0.090958 -0.059925
v 0.050242 -0.008749 0.052857
v 0.047306 -0.004560 0.049585
v 0.046574 -0.009601 0.052258
v 0.051359 -0.061999 0.064456
v 0.046140 -0.059097 0.064245
v 0.046076 -0.064826 0.064460
v 0.054495 -0.081409 0.027172
v 0.051748 -0.083191 0.033220
v 0.050322 -0.082755 0.010428
v 0.052718 -0.081521 0.015101
v 0.048465 -0.084681 0.016105
v 0.051863 -0.082310 -0.001892
v 0.051770 -0.082239 0.002145
v 0.051212 -0.083139 0.018136
v 0.050721 -0.083499 0.021838
v 0.063009 -0.040345 0.051094
v 0.060869 -0.035585 0.052843
v 0.060145 -0.040974 0.055728
v 0.044714 0.092507 -0.040930
v 0.075319 0.066236 0.025965
v 0.078088 0.062726 0.022395
v 0.077189 0.068348 0.021872
v 0.061519 0.018285 0.037810
v 0.061094 0.013620 0.035865
v 0.064927 0.017867 0.035520
v 0.056746 0.010836 0.044908
v 0.054219 0.008564 0.044548
v 0.047198 -0.077405 0.068615
v 0.045180 -0.074809 0.070046
v 0.044051 -0.090305 0.035821
v 0.044164 -0.090104 0.030177
v 0.051422 -0.079196 0.049727
v 0.048702 -0.085260 0.049682
v 0.049998 -0.085254 0.046337
v 0.046653 -0.088370 0.038671
v 0.047318 -0.081045 0.054569
v 0.046009 -0.083163 0.057029
v 0.046602 -0.083873 0.052299
v 0.058281 -0.060005 0.060246
v 0.046345 -0.084639 0.060489
v 0.045061 -0.085820 0.054999
v 0.043837 -0.090469 0.052728
v 0.049082 -0.079089 0.064566
v 0.049024 -0.074116 0.067254
v 0.046638 -0.086602 0.063929
v 0.047873 -0.079515 0.058225
v 0.046247 -0.088590 0.049984
v 0.047806 -0.087277 0.044366
v 0.050013 -0.075876 0.056300
v 0.046146 -0.014832 0.054554
v 0.062228 -0.056999 0.053513
v 0.063056 -0.059168 0.050345
v 0.064697 -0.054735 0.048819
v 0.045853 -0.031438 0.058919
v 0.046222 -0.037185 0.059026
v 0.044849 -0.089942 0.001862
v 0.045019 -0.090098 -0.003808
v 0.046071 -0.087295 -0.001017
v 0.065187 -0.035316 0.048701
v 0.055442 -0.039718 0.057908
v 0.054125 -0.034334 0.058274
v 0.050887 -0.039174 0.061025
v 0.046407 0.090013 -0.057709
v 0.051018 -0.050638 0.063734
v 0.046729 -0.048286 0.060960
v 0.046924 -0.053977 0.061747
v 0.053366 -0.048060 0.061427
v 0.049484 -0.045108 0.062515
v 0.046080 -0.042560 0.061089
v 0.050596 -0.066834 0.067461
v 0.049677 -0.071899 0.070001
v 0.045593 -0.069718 0.067442
v 0.066038 0.082753 -0.051801
v 0.065911 0.083937 -0.055724
v 0.057534 0.072141 -0.054761
v 0.060314 0.070069 -0.053821
v 0.054677 0.069756 -0.054385
v 0.053794 -0.052968 0.063587
v 0.056175 -0.051167 0.061522
v 0.041294 0.051563 -0.052491
v 0.044019 0.048604 -0.052765
v 0.041002 0.045807 -0.051920
v 0.073297 0.019459 0.034865
v 0.074315 0.016014 0.033800
v 0.074452 0.018756 0.031496
v 0.062961 0.080150 0.045892
v 0.065637 0.080462 0.048034
v 0.078989 -0.030601 -0.026329
v 0.077216 -0.033477 -0.029662
v 0.077374 -0.026838 -0.028955
v 0.068857 -0.061296 0.023139
v 0.067256 -0.065804 0.021113
v 0.069366 -0.061562 0.018960
v 0.046032 -0.055614 -0.055369
v 0.051364 -0.077187 -0.056673
v 0.051260 -0.071658 -0.055673
v 0.052870 -0.074944 -0.053353
v 0.052799 -0.048741 -0.054226
v 0.055132 -0.042439 -0.052123
v 0.049721 -0.094802 -0.059999
v 0.056579 -0.080099 -0.048853
v 0.056834 -0.084312 -0.048592
v 0.047232 -0.093704 -0.037522
v 0.044993 -0.071423 -0.060370
v 0.054801 -0.086587 -0.053027
v 0.049164 0.091166 0.034861
v 0.045266 0.090766 0.033609
v 0.045451 0.091374 0.037344
v 0.048787 0.087497 0.008943
v 0.053106 0.084081 0.012777
v 0.051624 0.085920 0.006795
v 0.048212 0.067358 0.053688
v 0.055510 0.083631 0.055134
v 0.054430 0.078171 0.054411
v 0.057953 0.080292 0.055961
v 0.066061 0.057167 0.041084
v 0.066948 0.061677 0.042574
v 0.064228 0.057974 0.045488
v 0.053617 0.059344 0.052053
v 0.054528 0.064466 0.048936
v 0.051329 0.065446 0.051045
v 0.046277 0.030309 0.052314
v 0.045767 0.035809 0.053674
v 0.047511 0.097239 0.060129
v 0.056439 0.083086 0.047857
v 0.054761 0.083962 0.051378
v 0.044278 0.094964 0.037824
v 0.052653 0.085496 0.056083
v 0.058341 -0.055534 0.059807
v 0.053788 -0.056484 0.064468
v 0.058112 -0.036125 0.056584
v 0.062277 -0.044373 0.053660
v 0.053160 -0.018489 0.049010
v 0.054524 -0.024284 0.052119
v 0.057813 -0.019583 0.048673
v 0.046427 -0.087046 0.025406
v 0.055112 -0.081075 0.038712
v 0.057650 -0.078536 0.036159
v 0.057897 -0.076845 0.041872
v 0.046150 -0.085762 0.010370
v 0.044501 -0.089702 0.013206
v 0.044650 -0.089789 0.007531
v 0.060607 -0.075729 0.009189
v 0.059942 -0.076720 0.013233
v 0.056750 -0.079468 0.011572
v 0.054042 -0.064805 0.066153
v 0.043923 -0.090486 0.047110
v 0.049288 -0.081749 0.061211
v 0.051168 0.068273 -0.053848
v 0.056066 0.063983 -0.050763
v 0.059265 0.075467 -0.054868
v 0.054768 0.075195 -0.051367
v 0.057072 0.085415 -0.040635
v 0.057893 0.084029 -0.031366
v 0.056987 0.085964 -0.037061
v 0.056420 0.088171 -0.047701
v 0.049375 0.030346 -0.043799
v 0.046375 0.053467 -0.052765
v 0.045492 0.056468 -0.051069
v 0.050494 0.057793 -0.050793
v 0.063172 0.031906 -0.040885
v 0.061372 0.036065 -0.042257
v 0.065739 0.038470 -0.041985
v 0.056643 0.029292 -0.045037
v 0.061220 0.027998 -0.043453
v 0.056745 0.025596 -0.043280
v 0.054837 -0.000758 -0.046964
v 0.051636 0.002169 -0.046733
v 0.057327 0.002658 -0.045520
v 0.042268 0.092767 -0.012885
v 0.048035 0.087770 -0.024778
v 0.042915 0.089523 -0.004473
v 0.041968 0.092315 -0.007249
v 0.051601 0.085113 -0.004749
v 0.043597 0.089217 0.012652
v 0.042081 0.092562 0.015380
v 0.045121 0.088416 0.018336
v 0.042581 0.093027 0.021009
v 0.050326 -0.031010 -0.052073
v 0.049686 -0.034310 -0.053216
v 0.047294 -0.029490 -0.053126
v 0.065370 -0.000958 -0.042370
v 0.068229 0.003797 -0.041902
v 0.055393 -0.008374 -0.048380
v 0.052666 -0.014179 -0.049245
v 0.051119 -0.008523 -0.049321
v 0.054541 0.016337 0.041908
v 0.055792 0.027756 0.048921
v 0.050167 0.001801 0.040422
v 0.048691 -0.001211 0.045116
v 0.063316 -0.016853 0.044280
v 0.066778 -0.016821 0.042142
v 0.063348 -0.012043 0.039859
v 0.048595 -0.017475 0.056104
v 0.058554 0.000339 0.045419
v 0.054056 -0.004464 0.045073
v 0.055204 -0.000829 0.043116
v 0.059782 -0.082488 -0.024152
v 0.057174 -0.083014 -0.019407
v 0.056278 -0.084410 -0.023344
v 0.058201 -0.078709 0.000980
v 0.058971 -0.077434 -0.004693
v 0.061331 -0.076275 0.000563
v 0.045248 -0.090355 -0.009466
v 0.054229 -0.081258 0.008106
v 0.061988 -0.064756 -0.048744
v 0.057145 -0.065096 -0.051587
v 0.059782 -0.060132 -0.050354
v 0.051732 -0.063691 -0.052042
v 0.045918 -0.035119 -0.054628
v 0.054332 -0.091975 -0.041739
v 0.053289 -0.078930 -0.052858
v 0.054597 -0.082564 -0.051702
v 0.058889 -0.087401 -0.051118
v 0.048009 0.087828 0.016308
v 0.048522 0.087064 0.003442
v 0.053140 0.044539 0.051331
v 0.056056 0.071090 0.047843
v 0.058341 0.073886 0.047089
v 0.056637 0.055418 0.050519
v 0.060543 0.026476 0.046199
v 0.055762 0.023743 0.046905
v 0.049785 0.091536 0.042923
v 0.059695 0.083786 0.057218
v 0.056721 0.085261 0.054900
v 0.053765 0.088189 0.052517
v 0.049414 -0.056268 0.064561
v 0.056163 -0.062503 0.063328
v 0.054282 -0.059978 0.065055
v 0.056766 -0.065513 0.061591
v 0.052392 -0.022224 0.054130
v 0.050604 -0.019255 0.053233
v 0.054107 -0.081065 0.035142
v 0.049988 -0.085563 0.038923
v 0.049917 -0.085010 0.042502
v 0.052355 -0.083256 0.044538
v 0.053593 -0.081450 0.023419
v 0.057041 -0.079402 0.024564
v 0.048051 -0.083876 0.004962
v 0.051414 -0.082437 0.005890
v 0.055753 -0.080335 0.003673
v 0.052186 -0.070218 0.067744
v 0.052744 0.072351 -0.052714
v 0.057224 0.068241 -0.051200
v 0.048690 0.041382 -0.048778
v 0.055554 0.086435 -0.044212
v 0.059911 0.084380 -0.047385
v 0.062047 0.084186 -0.051412
v 0.060981 0.084434 -0.038921
v 0.050399 0.085437 -0.025987
v 0.040903 0.040339 -0.050039
v 0.052589 0.033567 -0.046932
v 0.052328 0.037720 -0.047370
v 0.056190 0.033358 -0.044815
v 0.052684 0.028806 -0.044028
v 0.051626 0.054725 -0.052557
v 0.051931 0.061257 -0.051272
v 0.055395 0.018532 -0.037137
v 0.052892 0.013426 -0.039653
v 0.050590 0.008066 -0.044300
v 0.046615 0.087344 -0.021592
v 0.052566 0.082409 -0.021743
v 0.045470 0.087823 0.006942
v 0.042402 -0.009773 -0.050677
v 0.051765 -0.022746 -0.049661
v 0.055652 -0.018676 -0.048554
v 0.055407 -0.024395 -0.048660
v 0.048326 -0.025002 -0.050180
v 0.053490 -0.004590 -0.048185
v 0.059833 0.012430 0.044081
v 0.059530 0.015749 0.045344
v 0.054073 0.013362 0.044080
v 0.052706 -0.002489 0.048716
v 0.050756 -0.004863 0.050527
v 0.054841 -0.005468 0.048508
v 0.051313 -0.010490 0.048040
v 0.056221 -0.032950 0.055273
v 0.052814 -0.010255 0.044670
v 0.052730 -0.007873 0.050165
v 0.047174 -0.044324 -0.056711
v 0.046664 -0.048232 -0.055840
v 0.048680 -0.057661 -0.053685
v 0.052236 -0.056188 -0.053758
v 0.046216 -0.059743 -0.055823
v 0.043057 -0.032217 -0.055025
v 0.056453 -0.089060 -0.041508
v 0.054460 -0.090417 -0.037893
v 0.060859 -0.083212 -0.034275
v 0.057331 -0.087867 -0.036599
v 0.058224 -0.086505 -0.039761
v 0.053633 -0.072910 -0.050610
v 0.056749 -0.074408 -0.050425
v 0.054680 -0.077319 -0.049965
v 0.048415 0.063604 0.053756
v 0.047559 0.050050 0.054047
v 0.055750 0.060778 0.049649
v 0.047371 0.026765 0.047969
v 0.058910 0.029023 0.044476
v 0.055033 0.089994 0.037145
v 0.053202 0.090802 0.042023
v 0.052996 0.073473 0.053705
v 0.055957 0.075065 0.054260
v 0.060156 0.078263 0.054199
v 0.062835 0.079856 0.052606
v 0.053536 -0.043914 0.061005
v 0.056795 -0.046261 0.059863
v 0.043995 -0.090457 0.041461
v 0.045727 -0.086267 0.014078
v 0.045763 -0.086371 0.018109
v 0.048409 -0.084627 0.027442
v 0.046158 -0.086919 0.029513
v 0.046151 -0.086504 0.006750
v 0.064256 0.081019 -0.043187
v 0.066907 0.079644 -0.046082
v 0.064848 0.082979 -0.046849
v 0.060484 0.071883 -0.042287
v 0.059969 0.067972 -0.044738
v 0.060264 0.070790 -0.048450
v 0.051947 0.082090 -0.025389
v 0.050857 0.089012 -0.027981
v 0.048129 0.048513 -0.053111
v 0.060120 0.042851 -0.047129
v 0.054352 0.041278 -0.046723
v 0.056834 0.044275 -0.049091
v 0.062940 0.024484 -0.042935
v 0.049570 0.025865 -0.040788
v 0.053032 0.023370 -0.040274
v 0.050126 0.011261 -0.042156
v 0.045888 0.086795 -0.004503
v 0.057167 0.080851 -0.011227
v 0.042214 0.006682 -0.046015
v 0.054808 0.010117 -0.042616
v 0.053365 0.005575 -0.045322
v 0.060187 0.008018 0.040472
v 0.064177 0.026648 0.042021
v 0.062348 0.023083 0.044352
v 0.054909 -0.027108 0.055119
v 0.057871 -0.079233 -0.010176
v 0.054075 -0.081819 -0.012617
v 0.057286 -0.080415 -0.013566
v 0.059257 -0.047221 -0.050146
v 0.056290 -0.050528 -0.052450
v 0.052451 -0.030111 -0.049364
v 0.057936 -0.089616 -0.047458
v 0.058029 -0.086021 -0.031871
v 0.051057 -0.069209 -0.053192
v 0.053640 -0.069456 -0.050877
v 0.047995 0.087956 0.012730
v 0.045342 0.063635 0.051549
v 0.059270 0.045352 0.046181
v 0.062803 0.073393 0.043752
v 0.052938 0.032350 0.047164
v 0.054142 0.035142 0.041704
v 0.055978 0.040406 0.044415
v 0.059454 0.042372 0.043287
v 0.062894 0.054576 0.046526
v 0.059929 0.052413 0.048555
v 0.053909 0.090709 0.048912
v 0.057323 0.086714 0.033735
v 0.052686 0.090766 0.034594
v 0.058049 0.076574 0.051957
v 0.058987 -0.051012 0.057419
v 0.055365 -0.068588 0.062628
v 0.059830 -0.046124 0.057000
v 0.057405 -0.079070 0.016157
v 0.054624 -0.081203 0.019710
v 0.059028 -0.077214 0.028565
v 0.055187 -0.080469 -0.000962
v 0.057575 -0.077934 0.007256
v 0.066825 -0.070154 0.005464
v 0.067945 -0.069258 0.002071
v 0.069824 -0.064455 0.005121
v 0.054237 -0.081169 -0.008001
v 0.049903 -0.084071 -0.010537
v 0.069060 -0.065997 0.000747
v 0.066856 -0.071275 -0.000815
v 0.055673 -0.079546 -0.004732
v 0.060270 -0.075440 0.004781
v 0.063194 -0.072805 0.007595
v 0.063379 0.081695 -0.039644
v 0.067870 0.078365 -0.038243
v 0.067433 0.078357 -0.042355
v 0.063847 0.073734 -0.051345
v 0.066309 0.079029 -0.049999
v 0.065389 0.075213 -0.042417
v 0.065436 0.075589 -0.048199
v 0.052375 0.043488 -0.049597
v 0.049958 0.021613 -0.037514
v 0.050584 0.084385 -0.013822
v 0.054908 0.083748 0.005472
v 0.055546 0.082828 -0.004208
v 0.057096 0.080615 -0.001021
v 0.059071 0.078549 -0.003510
v 0.055942 0.082667 0.010962
v 0.061304 0.018827 0.044483
v 0.063227 0.010184 0.035129
v 0.058696 0.010562 0.036820
v 0.063350 0.006101 0.034688
v 0.060945 0.020526 0.041235
v 0.059503 0.016178 0.040750
v 0.059397 -0.014508 0.044618
v 0.059320 -0.083963 -0.027919
v 0.062095 -0.079653 -0.022345
v 0.061885 -0.078349 -0.018493
v 0.058639 -0.069759 -0.050604
v 0.053380 0.088128 0.023335
v 0.056614 0.089107 0.027667
v 0.061819 0.085283 0.019902
v 0.057325 0.086101 0.018080
v 0.058605 0.087349 0.023061
v 0.059528 0.056085 0.047531
v 0.058563 0.035919 0.037851
v 0.058138 0.038964 0.040928
v 0.056711 0.031591 0.041369
v 0.069594 0.070209 0.040896
v 0.071649 0.068439 0.035359
v 0.070658 0.073815 0.038215
v 0.062571 0.023783 0.040000
v 0.065772 0.029500 0.038661
v 0.059933 0.031239 0.036901
v 0.059998 0.028697 0.041176
v 0.056734 0.067476 0.047643
v 0.062109 0.076429 0.049111
v 0.060441 -0.064821 0.052738
v 0.062145 -0.048831 0.054250
v 0.060312 -0.031988 0.053486
v 0.064861 -0.045432 0.050122
v 0.062720 -0.031652 0.050706
v 0.057311 -0.029853 0.053149
v 0.062083 -0.074429 0.018351
v 0.057734 -0.078246 0.020408
v 0.057996 0.079529 -0.019297
v 0.055866 0.080091 -0.023628
v 0.055113 0.081640 -0.018131
v 0.061581 0.077475 -0.035081
v 0.061949 0.081285 -0.034039
v 0.058022 0.080219 -0.032389
v 0.060127 0.022057 -0.041455
v 0.056491 0.021323 -0.039839
v 0.059125 0.010909 -0.041433
v 0.058424 0.007225 -0.043989
v 0.058160 0.079620 -0.015544
v 0.059524 0.078056 -0.012340
v 0.061447 0.075354 -0.017469
v 0.062672 0.003193 -0.042909
v 0.064729 0.011011 -0.039567
v 0.067790 0.012251 -0.038295
v 0.068196 0.009751 -0.040753
v 0.059042 -0.001937 -0.046032
v 0.065136 0.008557 -0.042072
v 0.062049 0.006832 -0.043238
v 0.058800 0.011649 0.040703
v 0.061111 -0.082508 -0.030715
v 0.062923 -0.079890 -0.028941
v 0.064797 -0.076896 -0.027133
v 0.061689 -0.075741 -0.002993
v 0.061580 -0.078697 -0.012942
v 0.059423 -0.080886 -0.016467
v 0.063856 -0.075326 -0.011780
v 0.064221 -0.076250 -0.015886
v 0.067308 -0.072202 -0.020630
v 0.065023 -0.075948 -0.020029
v 0.065993 -0.074799 -0.023983
v 0.073375 -0.056704 -0.011883
v 0.071724 -0.061318 -0.008766
v 0.072213 -0.060060 -0.013223
v 0.066937 -0.072019 -0.012774
v 0.068214 -0.070148 -0.016803
v 0.068477 -0.068781 -0.004452
v 0.068334 -0.069436 -0.009104
v 0.063777 -0.072653 0.002653
v 0.058458 -0.056942 -0.051193
v 0.068107 -0.065205 -0.039259
v 0.066933 -0.067529 -0.041523
v 0.062412 -0.069184 -0.048229
v 0.058208 0.087138 0.030246
v 0.054915 0.090186 0.031867
v 0.066639 0.082035 0.019789
v 0.062011 0.041807 0.040058
v 0.056184 0.030841 0.045652
v 0.058780 0.060182 0.046746
v 0.064357 0.077155 0.045434
v 0.064007 0.081688 0.038825
v 0.069079 0.079157 0.039476
v 0.065915 0.082327 0.034687
v 0.059571 0.083812 0.036817
v 0.064449 0.079466 0.042825
v 0.056704 -0.070110 0.057231
v 0.054676 -0.074573 0.055564
v 0.052837 -0.076302 0.052320
v 0.050163 -0.077606 0.060838
v 0.058426 -0.071298 0.050311
v 0.059957 -0.070124 0.046965
v 0.058712 -0.073539 0.045706
v 0.062831 -0.053138 0.053140
v 0.060001 -0.017613 0.046481
v 0.054747 -0.014483 0.045598
v 0.060753 -0.028193 0.051691
v 0.054371 0.080555 -0.027782
v 0.079906 0.015176 -0.033514
v 0.080885 0.016223 -0.030040
v 0.082356 0.011573 -0.029982
v 0.070282 0.016546 -0.038235
v 0.065362 0.016354 -0.037487
v 0.064946 0.019925 -0.040729
v 0.057945 0.080166 -0.006752
v 0.060238 0.078781 0.001041
v 0.062425 0.077067 -0.004490
v 0.065602 0.076183 -0.017475
v 0.061713 0.075233 -0.021142
v 0.060115 0.077179 -0.007460
v 0.057198 -0.005151 -0.047178
v 0.062524 -0.002669 -0.044421
v 0.059700 -0.007312 -0.045146
v 0.058517 -0.010583 -0.047139
v 0.063220 -0.079315 -0.033504
v 0.065766 -0.074927 -0.030415
v 0.063175 -0.056792 -0.047640
v 0.066918 -0.069973 -0.033926
v 0.064288 -0.075918 -0.033510
v 0.065235 -0.058842 -0.045408
v 0.056384 -0.086693 -0.044871
v 0.057937 -0.082833 -0.044854
v 0.061172 0.086128 0.028409
v 0.061164 0.081677 0.008475
v 0.058403 0.084217 0.013213
v 0.061455 0.062596 0.044525
v 0.057449 0.063552 0.046985
v 0.068289 0.073952 0.043222
v 0.064222 0.064183 0.042651
v 0.068478 0.078233 0.044234
v 0.059720 0.081265 0.046467
v 0.055494 0.089575 0.045246
v 0.056918 -0.071928 0.053830
v 0.056046 -0.076219 0.049721
v 0.056681 -0.077436 0.045800
v 0.067533 -0.037202 0.044865
v 0.068205 -0.032400 0.044454
v 0.066524 -0.041488 0.047397
v 0.065314 -0.049673 0.048050
v 0.060474 -0.058872 0.056491
v 0.060677 -0.054698 0.056360
v 0.063625 0.073564 -0.045247
v 0.063298 0.075114 -0.039317
v 0.061083 0.059239 -0.050096
v 0.056201 0.059074 -0.050365
v 0.059550 0.077950 -0.022334
v 0.061928 0.075721 -0.026083
v 0.061659 0.075515 -0.010442
v 0.071413 0.008303 -0.040557
v 0.073441 -0.001594 -0.039002
v 0.056858 -0.014149 -0.047909
v 0.059542 -0.053674 -0.050316
v 0.064926 -0.053785 -0.046040
v 0.061399 -0.050393 -0.048869
v 0.066838 -0.056077 -0.043628
v 0.068108 -0.068343 -0.030958
v 0.069552 -0.065204 -0.029993
v 0.068059 -0.070097 -0.027841
v 0.064270 -0.074657 -0.036832
v 0.062747 -0.075878 -0.040445
v 0.068846 -0.065937 -0.034814
v 0.060029 -0.086165 -0.046640
v 0.061564 0.085137 0.032884
v 0.061446 0.085885 0.024783
v 0.071408 0.078170 0.027711
v 0.074695 0.074904 0.024181
v 0.070611 0.078530 0.022143
v 0.072819 0.075488 0.020642
v 0.071025 0.032930 0.027047
v 0.072445 0.028871 0.026770
v 0.073871 0.032289 0.024571
v 0.068289 0.020860 0.035546
v 0.064853 0.023410 0.036951
v 0.069527 0.028421 0.029283
v 0.071481 0.024739 0.032347
v 0.073602 0.025610 0.029338
v 0.079582 0.060246 0.019524
v 0.079877 0.063431 0.017017
v 0.078535 0.065460 0.019878
v 0.071712 0.065209 0.029235
v 0.072828 0.070411 0.027377
v 0.072696 0.070210 0.031633
v 0.068272 0.045896 0.038906
v 0.066208 0.041673 0.037548
v 0.069525 0.027899 0.033096
v 0.068019 0.032000 0.029220
v 0.069523 0.035137 0.030427
v 0.068177 0.037547 0.032866
v 0.072563 0.036081 0.028573
v 0.075594 0.036043 0.025585
v 0.075086 0.041047 0.029569
v 0.074027 0.044130 0.032548
v 0.071740 0.040253 0.032323
v 0.070335 0.043133 0.035506
v 0.068132 0.080807 0.031485
v 0.065685 0.071116 0.041970
v 0.070572 0.077174 0.036818
v 0.055370 0.086875 0.048390
v 0.070850 -0.036679 0.039994
v 0.071141 -0.050743 0.031621
v 0.070558 -0.054619 0.028076
v 0.072235 -0.050350 0.027066
v 0.062116 0.059438 -0.046586
v 0.061609 0.056111 -0.045210
v 0.062117 0.053722 -0.041279
v 0.066242 0.051124 -0.042942
v 0.062352 0.051809 -0.045431
v 0.055632 0.053319 -0.052951
v 0.062063 0.067954 -0.040518
v 0.061461 0.068157 -0.050783
v 0.066731 0.024869 -0.041821
v 0.068094 0.021571 -0.041446
v 0.064872 0.074353 -0.024902
v 0.072484 0.012410 -0.037794
v 0.075767 -0.016470 -0.035557
v 0.072580 -0.019018 -0.038721
v 0.068957 -0.055864 -0.040275
v 0.066393 -0.071698 -0.037108
v 0.068065 0.080883 0.022791
v 0.067473 0.060539 0.037690
v 0.066091 0.067235 0.040805
v 0.070178 0.064611 0.038665
v 0.072158 0.073108 0.034474
v 0.070147 -0.019118 0.040274
v 0.068933 -0.014924 0.039272
v 0.064313 0.027980 -0.040780
v 0.068694 0.028002 -0.038619
v 0.084806 0.010886 -0.022156
v 0.083716 0.011657 -0.025589
v 0.085172 0.016663 -0.023961
v 0.077247 -0.004386 -0.034741
v 0.077478 -0.007900 -0.034032
v 0.062577 -0.060218 -0.048200
v 0.067209 -0.046908 -0.044021
v 0.067399 -0.051044 -0.043485
v 0.064567 -0.049988 -0.046383
v 0.075722 -0.030127 -0.032669
v 0.070689 0.078058 0.033296
v 0.073140 0.074342 0.030703
v 0.072149 0.047106 0.035189
v 0.072264 0.050763 0.033980
v 0.070489 0.050524 0.037394
v 0.070644 0.066210 0.032608
v 0.067488 -0.046846 0.044942
v 0.065017 -0.031059 0.047081
v 0.067427 -0.026156 0.044495
v 0.067213 0.031893 -0.039523
v 0.074944 0.008963 -0.039471
v 0.071470 -0.056899 -0.032763
v 0.071275 -0.059932 -0.029672
v 0.069772 -0.066019 -0.025450
v 0.069357 -0.067437 -0.021076
v 0.068154 -0.070043 -0.023859
v 0.066526 -0.073326 -0.027242
v 0.071672 -0.060774 -0.023343
v 0.072894 -0.055891 -0.025983
v 0.073440 -0.055728 -0.020315
v 0.072892 0.053289 0.031145
v 0.073940 0.048569 0.031145
v 0.076568 0.051448 0.028590
v 0.071304 0.061436 0.030567
v 0.075538 0.070973 0.024456
v 0.067669 0.080296 0.010243
v 0.069342 0.062955 0.033737
v 0.065655 0.054707 0.043933
v 0.069017 -0.041442 0.042964
v 0.071287 -0.046099 0.035781
v 0.072200 -0.040936 0.036141
v 0.070641 -0.041724 0.039526
v 0.062085 -0.020642 0.046526
v 0.064724 -0.023939 0.046879
v 0.066449 -0.020188 0.044376
v 0.073594 0.024342 -0.039138
v 0.071498 0.020561 -0.040923
v 0.077964 0.045625 0.027712
v 0.081278 0.047891 0.022894
v 0.078750 0.049196 0.026136
v 0.077869 0.066665 0.006429
v 0.075860 0.070259 0.004934
v 0.076866 0.069609 0.009503
v 0.067579 0.052595 0.041440
v 0.069864 -0.045427 0.039992
v 0.073509 -0.036043 0.034752
v 0.072134 -0.033741 0.037677
v 0.062890 -0.027462 0.048283
v 0.060399 -0.023557 0.050058
v 0.057741 -0.025990 0.051132
v 0.070372 0.055626 0.035764
v 0.075350 0.072120 0.014674
v 0.074792 0.073409 0.011392
v 0.073942 0.074581 0.016866
v 0.064001 0.077698 0.002376
v 0.077274 0.060128 0.024944
v 0.078342 0.055445 0.022538
v 0.066794 0.048610 0.041570
v 0.068457 0.055237 0.038952
v 0.072954 0.057884 0.029640
v 0.074994 0.061668 0.027470
v 0.071088 0.077842 0.010878
v 0.076072 0.072378 0.020167
v 0.077505 0.069372 0.018097
v 0.069113 0.078551 0.005649
v 0.072707 0.076312 0.007018
v 0.057135 0.080905 0.003430
v 0.077437 0.069250 0.014177
v 0.078859 0.066193 0.011385
v 0.079806 0.063221 0.008315
v 0.073502 0.075443 0.002729
v 0.074499 0.072863 0.007529
v 0.077288 0.056577 0.026100
v 0.079762 0.030825 0.020614
v 0.077084 0.033861 0.022147
v 0.075741 0.028841 0.024630
v 0.077460 0.053137 0.025697
v 0.080213 0.036756 0.020449
v 0.077479 0.039821 0.026070
v 0.079537 0.051821 0.023250
v 0.079730 0.056211 0.018995
v 0.067791 0.076753 0.001053
v 0.064676 0.080538 0.007243
v 0.057324 0.081330 0.007862
v 0.061341 0.079392 0.005012
v 0.079185 0.067227 0.000428
v 0.080225 0.063990 0.004233
v 0.081070 0.062468 0.000429
v 0.083432 0.020154 0.019874
v 0.084144 0.016541 0.019482
v 0.081998 0.043724 0.022050
v 0.078700 0.043331 0.024414
v 0.083206 0.039866 0.020492
v 0.083824 0.030158 0.009282
v 0.083524 0.035425 0.008848
v 0.082231 0.032506 0.011754
v 0.081383 0.055588 0.015443
v 0.084108 0.036571 0.018459
v 0.083172 0.047257 0.016521
v 0.081871 0.051624 0.018754
v 0.082661 0.039502 0.016203
v 0.084204 0.043800 0.013106
v 0.083561 0.043279 0.017990
v 0.060022 -0.019093 -0.046769
v 0.059743 -0.015669 -0.046804
v 0.064486 -0.018277 -0.044505
v 0.066070 -0.022879 -0.043714
v 0.062208 -0.022713 -0.045735
v 0.057919 -0.041426 -0.050317
v 0.055370 -0.080306 0.043101
v 0.056166 -0.080005 0.032259
v 0.056389 0.003660 0.040265
v 0.057448 0.006887 0.037857
v 0.059727 -0.075894 0.033306
v 0.059875 -0.074719 0.037897
v 0.064009 -0.066589 0.036975
v 0.065615 -0.062755 0.036843
v 0.064991 -0.061874 0.040955
v 0.067693 -0.055011 0.039674
v 0.068934 -0.056460 0.032776
v 0.069631 -0.052921 0.034819
v 0.060743 -0.071629 0.041394
v 0.061866 -0.071100 0.037422
v 0.062970 -0.066804 0.041004
v 0.061634 -0.066742 0.046197
v 0.058109 0.078030 -0.027041
v 0.064978 0.080722 -0.036434
v 0.067522 0.075251 -0.035525
v 0.059207 0.002720 0.036690
v 0.070861 0.016834 0.034319
v 0.066641 0.012441 0.035106
v 0.061860 -0.001827 0.035906
v 0.063364 0.001917 0.034801
v 0.067609 0.015763 0.034870
v 0.071055 0.012397 0.034548
v 0.075119 0.012689 0.032758
v 0.077286 0.025792 0.028312
v 0.082134 0.021165 0.023198
v 0.081176 0.024599 0.023931
v 0.075967 0.022687 0.031272
v 0.068722 0.026087 0.037354
v 0.079270 0.027307 0.025441
v 0.083161 0.026410 0.021499
v 0.081476 0.033628 0.018893
v 0.083448 0.029913 0.020021
v 0.069646 0.006254 0.034257
v 0.081933 0.023904 0.014134
v 0.082814 0.023357 0.010615
v 0.082253 0.027109 0.010912
v 0.084596 0.032356 0.017323
v 0.082532 0.035347 0.015013
v 0.072325 0.022877 0.035541
v 0.076236 0.013567 0.028877
v 0.081731 0.022385 0.017463
v 0.060094 -0.010244 0.041054
v 0.055343 -0.007345 0.041329
v 0.056894 -0.011135 0.043104
v 0.069821 -0.030017 0.041561
v 0.068070 -0.023067 0.041417
v 0.064268 -0.006357 0.036550
v 0.068023 -0.003647 0.033381
v 0.056876 -0.004305 0.039216
v 0.072001 -0.014178 0.036396
v 0.068317 -0.011785 0.036283
v 0.062635 -0.008892 0.038408
v 0.072573 -0.025953 0.034273
v 0.071857 -0.029801 0.038024
v 0.070324 -0.022744 0.037624
v 0.075124 -0.022508 0.031449
v 0.075261 -0.026357 0.029903
v 0.059785 -0.006891 0.039082
v 0.056690 -0.000354 0.039159
v 0.074734 -0.033416 0.032674
v 0.070121 -0.026366 0.039755
v 0.073781 0.017519 -0.039879
v 0.077132 0.011618 -0.037988
v 0.075476 0.022480 -0.035826
v 0.075813 0.018307 -0.036562
v 0.077862 0.015124 -0.036718
v 0.077268 0.020044 -0.033422
v 0.079566 0.009813 -0.032174
v 0.077100 0.009506 -0.034944
v 0.082757 0.025848 0.017927
v 0.080878 0.006401 -0.030186
v 0.080662 -0.000201 -0.030722
v 0.072857 -0.009874 -0.036142
v 0.061865 -0.010278 -0.043840
v 0.062288 -0.013809 -0.045430
v 0.079557 -0.003766 -0.031155
v 0.083351 0.008585 -0.027607
v 0.080218 -0.007678 -0.031158
v 0.082762 -0.003121 -0.026879
v 0.082511 -0.007052 -0.025976
v 0.075777 -0.011473 -0.033996
v 0.072990 -0.015271 -0.037898
v 0.068974 -0.011383 -0.038872
v 0.067142 -0.014650 -0.042157
v 0.067716 -0.018399 -0.042479
v 0.065052 -0.010268 -0.041586
v 0.064700 -0.005771 -0.043479
v 0.081215 -0.010159 -0.028225
v 0.080075 -0.014463 -0.029108
v 0.078095 -0.014575 -0.033192
v 0.067832 -0.037861 -0.043108
v 0.071242 -0.041389 -0.039624
v 0.067897 -0.042299 -0.043560
v 0.063417 -0.026829 -0.044994
v 0.067019 -0.026785 -0.043101
v 0.072061 -0.024303 -0.037510
v 0.070222 -0.020925 -0.041111
v 0.058425 -0.022452 -0.047453
v 0.059510 0.031748 -0.042891
v 0.056832 0.038593 -0.044765
v 0.061897 0.040089 -0.044694
v 0.069444 0.035729 -0.040456
v 0.070461 0.040021 -0.041466
v 0.076779 0.026472 -0.036469
v 0.072745 0.028289 -0.036816
v 0.075930 0.030210 -0.035259
v 0.071387 0.032072 -0.038673
v 0.066474 0.043524 -0.044527
v 0.074467 0.036777 -0.038099
v 0.073367 0.045930 -0.037248
v 0.075945 0.047471 -0.033076
v 0.077061 0.043166 -0.033070
v 0.083661 0.029228 -0.025120
v 0.082088 0.030684 -0.028865
v 0.082537 0.034854 -0.025951
v 0.081056 0.026282 -0.031203
v 0.079574 0.019721 -0.030337
v 0.074611 0.033172 -0.037110
v 0.078016 0.033648 -0.035044
v 0.080503 0.034044 -0.031061
v 0.083349 0.014652 -0.027694
v 0.082485 0.019159 -0.026719
v 0.066238 0.075033 -0.002913
v 0.071197 0.073496 -0.001993
v 0.071197 0.073266 -0.007594
v 0.075654 0.072748 -0.004761
v 0.076790 0.072292 0.000265
v 0.065363 0.075104 -0.021572
v 0.074612 0.073180 -0.009189
v 0.076683 0.070030 -0.009241
v 0.073954 0.073448 -0.012877
v 0.069703 0.076307 -0.019861
v 0.070571 0.076193 -0.024211
v 0.078358 0.068193 -0.004521
v 0.073004 0.073697 -0.017575
v 0.068532 0.074460 -0.014892
v 0.075914 0.068128 -0.023715
v 0.073786 0.063355 -0.027282
v 0.072245 0.066884 -0.027761
v 0.070105 -0.045885 -0.040467
v 0.066717 -0.052754 0.044733
v 0.058674 0.056096 -0.051380
v 0.057364 0.053592 -0.048462
v 0.059957 0.050611 -0.048374
v 0.082255 0.059485 0.005704
v 0.081828 0.060187 0.009426
v 0.083772 0.048129 0.009939
v 0.083953 0.044612 0.009679
v 0.085046 0.046655 0.006972
v 0.086098 0.010750 -0.018143
v 0.086335 0.009848 -0.014552
v 0.085985 0.006780 -0.016587
v 0.059318 -0.026085 -0.046945
v 0.059766 -0.037383 -0.048076
v 0.060035 -0.033002 -0.045735
v 0.060829 -0.029354 -0.045963
v 0.056545 -0.030463 -0.047282
v 0.061029 -0.040921 -0.048232
v 0.070271 -0.028144 -0.041063
v 0.069375 -0.031919 -0.040573
v 0.063785 -0.043021 -0.046746
v 0.079692 -0.018261 -0.027884
v 0.064806 -0.030491 -0.043187
v 0.063278 -0.036453 -0.044841
v 0.067034 -0.034159 -0.042787
v 0.070635 -0.036851 -0.040727
v 0.065043 -0.039915 -0.044723
v 0.066721 -0.058945 0.038379
v 0.066431 -0.055894 0.042958
v 0.065104 -0.059055 0.044125
v 0.062184 -0.063285 0.048929
v 0.061691 0.084384 -0.043147
v 0.072832 0.073249 -0.025728
v 0.069945 0.074075 -0.029512
v 0.063216 0.075608 -0.030904
v 0.059920 0.077561 -0.030432
v 0.059410 0.084208 -0.034940
v 0.064419 0.073907 -0.034529
v 0.065548 0.078160 -0.033347
v 0.065528 0.074783 -0.031161
v 0.065893 0.073191 -0.037877
v 0.065185 0.070481 -0.035813
v 0.066351 0.066778 -0.032461
v 0.069804 0.065945 -0.030606
v 0.068278 0.059853 -0.034768
v 0.065704 0.070024 -0.030194
v 0.067285 0.071911 -0.033067
v 0.060179 0.064222 -0.045105
v 0.065288 0.077895 -0.029289
v 0.066672 0.076970 -0.026237
v 0.061028 0.071411 -0.037560
v 0.062578 0.061700 -0.043708
v 0.062900 0.069594 -0.032868
v 0.081858 0.057155 -0.013019
v 0.080680 0.058740 -0.017502
v 0.079376 0.061195 -0.013614
v 0.071313 0.053452 -0.037114
v 0.066427 0.056824 -0.036601
v 0.072347 0.057131 -0.033988
v 0.062928 0.066061 -0.034404
v 0.071589 0.072432 -0.021990
v 0.070438 0.070145 -0.026702
v 0.062176 0.063097 -0.038674
v 0.073897 0.068723 -0.018928
v 0.080888 0.054669 -0.020295
v 0.082228 0.049439 -0.019438
v 0.079751 0.051604 -0.022802
v 0.071905 0.061423 -0.031578
v 0.075757 0.057916 -0.028686
v 0.070484 0.044559 -0.040595
v 0.066707 0.047144 -0.042807
v 0.064294 0.061842 -0.034976
v 0.062854 0.057168 -0.038342
v 0.062616 0.058192 -0.042076
v 0.077867 0.056368 -0.025564
v 0.077312 0.052511 -0.026719
v 0.081820 0.038904 -0.025725
v 0.083240 0.038615 -0.021870
v 0.074466 0.051632 -0.032121
v 0.074583 0.055406 -0.031354
v 0.077261 0.061008 -0.025125
v 0.079387 0.058025 -0.022178
v 0.076998 0.049596 -0.029591
v 0.073425 0.049960 -0.035890
v 0.077077 0.063830 -0.019047
v 0.077749 0.064601 -0.015120
v 0.084288 0.033192 -0.020940
v 0.082938 0.026579 -0.027843
v 0.081775 0.022896 -0.029108
v 0.079991 0.029997 -0.033422
v 0.064209 0.046662 -0.046186
v 0.076947 0.038774 -0.033736
v 0.073141 0.041273 -0.037814
v 0.077588 0.064482 -0.023036
v 0.079436 0.061123 -0.020090
v 0.080619 0.047268 -0.024389
v 0.080341 0.038502 -0.029542
v 0.068794 0.048781 -0.039796
v 0.078335 0.045707 -0.029659
v 0.079993 0.042311 -0.027606
v 0.066513 0.004279 0.033840
v 0.081082 -0.009937 0.027441
v 0.082438 -0.005432 0.024357
v 0.080677 -0.005157 0.029106
v 0.083169 -0.019806 -0.000286
v 0.084190 -0.014252 -0.001501
v 0.083848 -0.016058 0.003632
v 0.084675 -0.009688 0.009243
v 0.085460 -0.004502 0.008839
v 0.084815 -0.006783 0.012368
v 0.083336 -0.005363 0.020401
v 0.084182 -0.001534 0.019375
v 0.083029 -0.002039 0.022899
v 0.078066 0.009561 0.027401
v 0.079418 0.013832 0.026255
v 0.075673 0.006954 0.030387
v 0.085337 -0.000695 0.014010
v 0.085047 0.003696 0.017743
v 0.082971 -0.009529 -0.022819
v 0.085110 0.029624 -0.019305
v 0.084968 0.026488 -0.021803
v 0.083773 0.007926 0.021445
v 0.084623 0.012019 0.019672
v 0.082308 0.014224 0.022843
v 0.086351 0.026159 -0.013282
v 0.085887 0.030112 -0.014500
v 0.086646 0.028260 -0.009466
v 0.082946 0.018188 0.013591
v 0.073351 0.008668 0.033776
v 0.072943 -0.044186 0.032068
v 0.085124 -0.008550 -0.001455
v 0.085178 -0.008034 0.004284
v 0.084665 -0.011422 0.001693
v 0.082539 -0.011312 0.022164
v 0.080733 -0.015480 0.026461
v 0.084548 0.005998 -0.023439
v 0.085419 0.007724 -0.020194
v 0.079416 -0.032267 -0.021958
v 0.080356 -0.030054 -0.017907
v 0.078943 -0.036563 -0.016783
v 0.072692 -0.032820 -0.038697
v 0.075097 -0.034799 -0.033832
v 0.060656 0.046693 -0.048462
v 0.085822 0.026166 -0.017404
v 0.083646 0.030752 0.014386
v 0.082507 0.027484 0.014693
v 0.081820 0.042640 -0.023865
v 0.082612 0.043830 -0.019944
v 0.085608 0.037435 -0.010707
v 0.085667 0.040473 -0.006719
v 0.086300 0.035651 -0.006511
v 0.084062 0.023488 -0.025817
v 0.085618 0.033804 -0.013751
v 0.084942 0.037192 -0.015269
v 0.082932 0.050243 -0.015469
v 0.083795 0.046278 -0.014790
v 0.085404 0.020662 -0.023218
v 0.085793 0.022651 -0.019607
v 0.085989 0.018512 -0.019821
v 0.086011 0.014173 -0.019585
v 0.084923 0.027038 0.007503
v 0.086204 0.032531 -0.010253
v 0.087058 0.029601 -0.004673
v 0.086495 0.020354 -0.014507
v 0.084296 0.036431 -0.018940
v 0.086874 0.033388 -0.003193
v 0.087167 0.025546 -0.006099
v 0.081987 0.058934 -0.002938
v 0.082230 0.059312 0.001998
v 0.086459 0.041124 0.002702
v 0.084713 0.043154 0.006551
v 0.084844 0.037681 0.005403
v 0.084118 0.041256 -0.016718
v 0.084827 0.041658 -0.012403
v 0.081985 0.054149 -0.016351
v 0.084588 0.045754 -0.009039
v 0.082926 0.053495 -0.010651
v 0.083694 0.049302 -0.011327
v 0.085147 0.044952 -0.004767
v 0.085974 0.041157 -0.002740
v 0.086590 0.037243 -0.001918
v 0.087316 0.030267 -0.000733
v 0.083522 0.005110 -0.026761
v 0.083797 0.001000 -0.023578
v 0.082503 0.002043 -0.028323
v 0.084934 -0.007700 -0.009426
v 0.085031 -0.008407 -0.005470
v 0.084424 -0.011747 -0.007639
v 0.085023 0.003286 -0.020383
v 0.085239 0.000472 -0.017390
v 0.084530 -0.000727 -0.020612
v 0.084731 -0.006867 -0.013788
v 0.084234 -0.010756 -0.013192
v 0.084222 -0.007338 -0.017685
v 0.083944 -0.003988 -0.021785
v 0.083134 -0.015699 -0.016513
v 0.086012 0.004082 -0.013626
v 0.084930 -0.003508 -0.016227
v 0.083938 -0.013735 -0.010847
v 0.085644 0.000112 -0.013184
v 0.085979 0.000344 -0.008964
v 0.084117 -0.014275 -0.005097
v 0.082440 -0.023267 -0.004890
v 0.082758 -0.021102 -0.008540
v 0.083094 -0.020109 -0.003701
v 0.085335 -0.003741 -0.011424
v 0.083270 -0.016949 -0.012780
v 0.082370 -0.020789 -0.015735
v 0.081239 -0.019252 -0.024311
v 0.086162 0.000099 -0.005379
v 0.086597 0.003532 -0.004364
v 0.086086 -0.001657 -0.002240
v 0.083493 -0.017684 -0.006094
v 0.079601 -0.022270 -0.027729
v 0.080754 -0.025283 -0.022180
v 0.072750 -0.028620 -0.037485
v 0.085623 -0.003815 -0.006575
v 0.085570 -0.005249 -0.003135
v 0.086374 0.005074 -0.009765
v 0.086029 -0.002385 0.003494
v 0.086667 0.002389 0.000289
v 0.085572 -0.005590 0.001174
v 0.086964 0.008995 -0.005744
v 0.087246 0.007525 -0.000712
v 0.073398 -0.046146 0.028066
v 0.081660 -0.021367 -0.020568
v 0.081432 -0.025554 -0.016312
v 0.079838 -0.025828 -0.026005
v 0.082092 -0.023747 -0.011819
v 0.079944 -0.028787 -0.023201
v 0.075873 -0.039308 -0.029962
v 0.074464 -0.039843 -0.033495
v 0.071373 -0.052966 -0.035711
v 0.069564 -0.051956 -0.040020
v 0.072027 -0.047966 -0.036083
v 0.077832 -0.035204 -0.025282
v 0.080992 -0.028979 -0.012231
v 0.077409 -0.039008 -0.024078
v 0.077114 -0.043330 -0.018034
v 0.075893 -0.046472 -0.021761
v 0.076327 -0.042748 -0.025074
v 0.078528 -0.036482 -0.021149
v 0.078175 -0.040689 -0.011504
v 0.077989 -0.039654 -0.018968
v 0.073265 -0.038221 -0.036757
v 0.075307 -0.043228 -0.029001
v 0.073987 -0.046053 -0.031637
v 0.086272 0.001209 0.008076
v 0.086499 0.001454 0.004173
v 0.084085 -0.012375 0.011447
v 0.083855 -0.014879 0.008961
v 0.086947 0.005351 0.004058
v 0.079092 -0.029593 0.024903
v 0.077601 -0.026529 0.026475
v 0.079026 -0.037148 -0.012921
v 0.074639 -0.049366 -0.025671
v 0.073178 -0.042936 -0.035364
v 0.072957 -0.049591 -0.032723
v 0.072677 -0.053066 -0.031112
v 0.084457 -0.012143 0.005829
v 0.081633 -0.024983 0.013912
v 0.081739 -0.022841 0.018658
v 0.080969 -0.027039 0.016557
v 0.086739 0.004906 0.007761
v 0.085557 0.008542 0.016872
v 0.084397 0.012586 0.014275
v 0.082299 -0.024136 0.000446
v 0.081324 -0.028455 0.001101
v 0.081669 -0.027010 -0.002925
v 0.081986 -0.025075 -0.008236
v 0.082497 -0.021876 0.010132
v 0.082277 -0.021677 0.014500
v 0.087660 0.011957 -0.000526
v 0.087327 0.009243 0.002967
v 0.084261 -0.006351 0.016569
v 0.083691 -0.012547 0.014948
v 0.068880 -0.007757 0.034667
v 0.072441 -0.008510 0.032923
v 0.072037 -0.004462 0.031781
v 0.078667 -0.013376 0.031661
v 0.077795 -0.018279 0.031129
v 0.085708 -0.001340 0.010509
v 0.085996 0.003360 0.012086
v 0.083577 0.015629 0.016039
v 0.083476 -0.010057 0.018303
v 0.081983 -0.015499 0.022416
v 0.082894 -0.014640 0.018450
v 0.083072 -0.017117 0.014539
v 0.087169 0.009637 0.007014
v 0.086719 0.007527 0.010444
v 0.081262 -0.028592 -0.006902
v 0.080747 0.062406 0.012512
v 0.082252 0.058295 0.012698
v 0.083820 0.053912 0.008325
v 0.083111 0.054526 -0.004931
v 0.083046 0.055727 -0.001428
v 0.084442 0.049867 -0.001915
v 0.080347 0.063498 -0.004504
v 0.068332 -0.049858 0.041825
v 0.069718 -0.049879 0.037634
v 0.075183 -0.040352 0.027937
v 0.073951 -0.039714 0.032203
v 0.063524 -0.063073 0.044768
v 0.073058 -0.053718 0.013053
v 0.073033 -0.055153 0.008129
v 0.074432 -0.050627 0.010086
v 0.071521 -0.057938 0.013114
v 0.072391 -0.054144 0.017481
v 0.061773 -0.072713 0.033182
v 0.064294 -0.069031 0.029908
v 0.063391 -0.069378 0.033953
v 0.072568 -0.051580 0.022740
v 0.073834 -0.047385 0.023783
v 0.069475 -0.058415 0.026145
v 0.068357 -0.059489 0.030006
v 0.059243 0.053484 -0.045457
v 0.067287 -0.060117 0.034025
v 0.063129 -0.073588 0.012508
v 0.071002 -0.055804 0.022936
v 0.066997 0.054456 -0.039762
v 0.080447 0.062588 -0.007923
v 0.081512 0.059454 -0.009183
v 0.075785 0.068002 -0.014097
v 0.078333 0.067173 -0.007925
v 0.067008 0.000624 0.033205
v 0.083312 0.004122 0.021145
v 0.081880 0.009227 0.025212
v 0.080636 0.005722 0.027542
v 0.086550 0.024608 0.004341
v 0.086916 0.028637 0.002895
v 0.085805 0.014009 0.009490
v 0.085563 0.010871 0.011287
v 0.087674 0.024725 -0.000635
v 0.087441 0.021400 -0.005019
v 0.087027 0.033864 0.001938
v 0.085147 0.032194 0.006435
v 0.085658 0.044485 -0.000439
v 0.085988 0.044957 0.003390
v 0.087616 0.018072 -0.003245
v 0.088028 0.017477 0.000455
v 0.087404 0.014416 -0.004208
v 0.086825 0.023704 -0.009964
v 0.087001 0.017770 -0.009140
v 0.086360 0.017068 -0.016364
v 0.084250 0.051826 0.001675
v 0.084751 0.050488 0.007298
v 0.086884 0.037561 0.001755
v 0.084332 0.039414 0.010785
v 0.086623 0.010286 -0.010899
v 0.086747 0.014309 -0.011213
v 0.083987 0.050072 -0.006789
v 0.085844 0.020387 0.004724
v 0.084510 0.019299 0.009478
v 0.086339 0.016595 0.006308
v 0.087711 0.021321 0.001373
v 0.087413 0.012939 0.004667
v 0.086422 0.013499 -0.015146
v 0.083267 0.055754 0.002266
v 0.085114 0.047727 0.000744
v 0.079015 0.064695 -0.010381
v 0.082502 0.056109 -0.008146
v 0.083160 0.052383 0.013913
v 0.083253 0.055068 0.011625
v 0.085226 0.048694 0.004097
v 0.083067 0.048868 0.013353
v 0.083977 0.051467 0.010707
v 0.073103 -0.000135 0.031535
v 0.077562 0.002507 0.031200
v 0.073626 0.003912 0.033343
v 0.074701 -0.043417 0.025983
v 0.075744 -0.042223 0.022668
v 0.078570 -0.021967 0.027992
v 0.075436 -0.050290 -0.008886
v 0.075874 -0.048705 -0.012490
v 0.077201 -0.044407 -0.008785
v 0.073532 -0.052493 -0.027479
v 0.080052 -0.032544 -0.014440
v 0.080339 -0.032709 -0.002863
v 0.074334 -0.053665 -0.013912
v 0.072455 -0.059217 -0.017644
v 0.074714 -0.051134 -0.021166
v 0.082215 -0.018599 0.019531
v 0.080941 -0.020034 0.024092
v 0.080726 -0.000038 0.028449
v 0.076964 -0.002351 0.031140
v 0.082538 0.001555 0.023880
v 0.078183 -0.036544 0.018062
v 0.077235 -0.036866 0.023421
v 0.077003 -0.039318 0.020467
v 0.075876 -0.008176 0.030841
v 0.079256 -0.009822 0.030711
v 0.073930 -0.012259 0.033101
v 0.080891 -0.025181 0.022226
v 0.079855 -0.034188 -0.010490
v 0.070862 -0.057657 0.019185
v 0.073903 -0.050472 0.015747
v 0.073970 -0.048824 0.019724
v 0.076743 -0.041632 0.016746
v 0.076341 -0.037151 0.026867
v 0.077842 -0.042141 -0.005195
v 0.076647 -0.046195 -0.004463
v 0.075175 -0.045100 0.020062
v 0.078497 -0.034108 0.021040
v 0.077305 -0.042055 0.009069
v 0.076767 -0.044750 0.004503
v 0.077896 -0.041138 0.003806
v 0.077771 -0.042068 0.000076
v 0.071301 -0.059977 0.007992
v 0.075209 -0.047631 0.012576
v 0.076413 -0.043863 0.012980
v 0.075846 -0.046854 0.008275
v 0.075216 -0.046417 0.016360
v 0.078084 -0.038537 0.012991
v 0.083188 -0.019557 0.003276
v 0.080531 -0.030262 0.010949
v 0.079682 -0.031960 0.016432
v 0.079544 -0.030404 0.021271
v 0.083232 -0.018680 0.007834
v 0.081700 -0.026412 0.005086
v 0.081547 -0.026120 0.010692
v 0.080681 -0.030486 0.006689
v 0.082628 -0.022062 0.005760
v 0.078705 -0.038006 0.005888
v 0.079496 -0.034324 0.010124
v 0.079062 -0.034893 0.013951
v 0.079812 -0.034124 0.004856
v 0.078883 -0.038343 -0.003485
v 0.079696 -0.035207 -0.006316
v 0.065767 -0.065355 0.031165
v 0.076916 -0.045003 -0.013454
v 0.070655 -0.064007 -0.021785
v 0.070815 -0.062489 -0.026760
v 0.069698 -0.066683 -0.016626
v 0.070104 -0.065733 -0.012997
v 0.071172 -0.062975 -0.014712
v 0.070972 -0.063461 -0.018100
v 0.071427 -0.060868 0.002545
v 0.070072 -0.065435 -0.007339
v 0.069690 -0.065671 -0.002873
v 0.071173 -0.062291 -0.002849
v 0.072093 -0.059528 -0.000727
v 0.068835 -0.065596 0.009569
v 0.073261 -0.056960 -0.008108
v 0.073288 -0.056257 -0.001640
v 0.070113 -0.061960 0.011809
v 0.075745 -0.048697 -0.016454
v 0.074205 -0.052073 0.006883
v 0.074220 -0.053212 0.000596
v 0.072901 -0.056541 0.003640
v 0.074845 -0.050864 0.003635
v 0.066411 -0.070056 0.010622
v 0.068468 -0.065035 0.014970
v 0.075683 -0.049380 -0.005526
v 0.074104 -0.054223 -0.005129
v 0.066251 -0.069105 0.015777
v 0.064414 -0.071415 0.018182
v 0.074421 -0.052952 -0.017740
v 0.070199 -0.060681 0.015369
v 0.067770 -0.062366 0.027077
v 0.064665 -0.070257 0.021813
v 0.065809 -0.067223 0.026057
v 0.062283 -0.072636 0.029431
v 0.062383 -0.073592 0.022330
v 0.059950 -0.076537 0.023735
v 0.063750 -0.070903 0.025880
v 0.078711 -0.038987 -0.007749
v 0.076408 -0.046544 0.000197
v 0.075056 -0.051120 -0.002572
v 0.080414 -0.032214 0.000967
v 0.079450 -0.035956 0.001136
v 0.046924 0.079219 -0.061820
v 0.043685 0.081832 -0.066938
v 0.047156 0.082403 -0.066654
v 0.047616 0.094797 0.068817
v 0.041614 -0.091990 -0.018088
v 0.046257 0.084321 0.064178
v 0.044244 0.090310 0.066084
v 0.042227 0.084761 0.064269
v 0.047448 0.089200 0.067028
v 0.045889 0.085493 -0.071413
v 0.039560 -0.091284 -0.031932
v 0.041702 -0.092793 -0.029434
v 0.039161 -0.091186 -0.027403
v 0.043619 0.080057 0.060671
v 0.040030 0.078694 0.058582
v 0.042888 0.077703 0.055440
v 0.047407 -0.094115 -0.057417
v 0.043902 0.076321 0.049679
v 0.045924 0.079186 0.054632
v 0.031361 -0.074170 -0.052923
v 0.030477 -0.069390 -0.053927
v 0.032452 -0.072043 -0.056031
v 0.024554 -0.008532 -0.046558
v 0.025748 -0.013056 -0.047869
v 0.020610 -0.014558 -0.044989
v 0.045841 -0.094309 -0.064720
v 0.047731 -0.095202 -0.068781
v 0.044021 0.066147 0.048731
v 0.042727 0.071675 0.046044
v 0.040887 0.065960 0.046305
v 0.041895 -0.085307 -0.066191
v 0.044553 -0.091462 -0.067919
v 0.042599 -0.091237 -0.063791
v 0.037476 0.036128 0.052296
v 0.038424 0.032577 0.052063
v 0.042648 0.032668 0.053476
v 0.041197 0.089558 0.058648
v 0.039828 0.090707 0.052639
v 0.039871 0.086127 0.057372
v 0.040174 0.038435 0.053189
v 0.040629 0.044170 0.053460
v 0.043676 0.038537 0.053351
v 0.041902 0.060332 0.048004
v 0.039801 0.076231 0.054119
v 0.037880 -0.080541 -0.062825
v 0.037317 -0.083265 -0.060134
v 0.035496 -0.080401 -0.058182
v 0.043439 0.096482 0.056314
v 0.044042 0.095820 0.059913
v 0.039421 0.076062 -0.058321
v 0.035282 0.076995 -0.057555
v 0.036433 0.080646 -0.059514
v 0.043575 0.095810 0.046415
v 0.044623 0.094774 0.063583
v 0.041533 0.095758 0.053236
v 0.040168 0.095943 0.046830
v 0.040401 0.092692 0.049187
v 0.038175 0.082065 0.060989
v 0.040505 0.085042 0.060914
v 0.037151 0.084026 0.058210
v 0.039853 0.096572 0.041056
v 0.036628 0.094627 0.033369
v 0.037313 0.093192 0.039488
v 0.039336 0.096464 0.035300
v 0.031536 0.089563 -0.005826
v 0.030640 0.087117 -0.002678
v 0.032027 0.092504 -0.002421
v 0.039239 0.092891 0.018431
v 0.014593 0.057321 -0.035141
v 0.013403 0.059610 -0.031998
v 0.015594 0.062140 -0.038034
v 0.043015 0.024803 0.044890
v 0.044884 0.028697 0.049614
v 0.020075 0.018996 0.041005
v 0.019343 0.023937 0.040798
v 0.016890 0.023955 0.037996
v 0.045468 0.020885 0.041199
v 0.037228 0.094159 -0.004467
v 0.032838 -0.023297 -0.053510
v 0.036196 -0.023687 -0.055264
v 0.032610 -0.027540 -0.053328
v 0.038209 -0.036235 0.056934
v 0.041116 -0.040252 0.058728
v 0.042246 -0.036301 0.058041
v 0.044979 -0.002884 0.046460
v 0.045013 0.000051 0.041295
v 0.041798 -0.000968 0.042376
v 0.034720 0.094722 0.015106
v 0.031906 0.092899 0.014173
v 0.032425 0.092713 0.019460
v 0.036818 0.092850 0.006994
v 0.037101 0.093883 0.012690
v 0.040018 0.092043 0.012666
v 0.020675 -0.000856 0.032573
v 0.022099 0.002485 0.030868
v 0.016601 -0.000918 0.030440
v 0.010600 -0.027225 -0.014977
v 0.010015 -0.024125 -0.017779
v 0.010778 -0.029837 -0.019297
v 0.043114 0.090909 0.061739
v 0.039698 -0.049633 0.058158
v 0.037187 -0.052069 0.057315
v 0.040110 -0.054181 0.058045
v 0.036265 0.052025 0.050018
v 0.032920 0.050245 0.049065
v 0.037371 0.046063 0.052125
v 0.042825 0.092952 0.057693
v 0.047882 0.016024 0.038875
v 0.037940 0.095074 0.024002
v 0.037002 0.095891 0.029790
v 0.040561 0.094170 0.029674
v 0.038323 -0.016186 0.052505
v 0.033186 -0.018913 0.050851
v 0.038155 -0.020387 0.053835
v 0.025637 -0.055890 0.021815
v 0.025958 -0.050421 0.026169
v 0.024617 -0.048788 0.023091
v 0.027295 0.009641 0.031789
v 0.023568 0.008771 0.031335
v 0.025628 0.006272 0.029288
v 0.040177 -0.090514 0.010258
v 0.035365 -0.089249 0.008909
v 0.037789 -0.090343 0.004480
v 0.029904 0.064422 0.043877
v 0.023741 0.066013 0.043832
v 0.028410 0.060745 0.044835
v 0.041953 -0.012255 0.052465
v 0.042198 -0.018025 0.054460
v 0.042407 -0.007179 0.049728
v 0.026766 -0.050462 0.039028
v 0.026208 -0.054966 0.036305
v 0.026788 -0.053752 0.042091
v 0.038259 0.085987 0.053663
v 0.038313 0.087706 0.049987
v 0.032482 0.026435 -0.037684
v 0.034185 0.029714 -0.039757
v 0.036274 0.024566 -0.037346
v 0.042223 -0.028874 0.057168
v 0.040836 -0.023283 0.055770
v 0.038005 -0.026661 0.055564
v 0.037359 -0.007693 0.047623
v 0.039487 -0.009975 0.050211
v 0.040246 -0.005659 0.047394
v 0.042672 -0.051625 0.058785
v 0.006671 0.035544 -0.008611
v 0.003976 0.034464 -0.006759
v 0.008543 0.038267 -0.007459
v 0.001903 0.027872 -0.025741
v 0.004416 0.029917 -0.029918
v 0.003368 0.024060 -0.030022
v 0.043586 -0.056842 0.061483
v 0.038893 -0.089376 0.044327
v 0.041017 -0.072544 0.067595
v 0.041133 -0.061919 0.063525
v 0.038865 -0.067246 0.064300
v 0.042882 -0.067374 0.065401
v 0.014776 0.037292 -0.040841
v 0.015804 0.040605 -0.038563
v 0.019610 0.040054 -0.043003
v 0.039914 -0.075502 0.065824
v 0.038832 -0.070756 0.065289
v 0.037932 -0.073737 0.063384
v 0.030042 -0.003664 0.041152
v 0.027079 -0.008623 0.043060
v 0.032627 -0.006868 0.044861
v 0.039142 0.093198 0.043595
v 0.041510 -0.088602 0.068052
v 0.043613 -0.088476 0.072634
v 0.041496 -0.084996 0.070769
v 0.042357 -0.090138 0.061325
v 0.041625 -0.081188 0.070192
v 0.028768 -0.074467 0.033715
v 0.030281 -0.080450 0.034688
v 0.029248 -0.074391 0.037366
v 0.034579 -0.069370 0.059593
v 0.038320 -0.064082 0.062707
v 0.040242 -0.078354 0.067985
v 0.043132 -0.077779 0.070116
v 0.039264 -0.088366 0.061492
v 0.039556 -0.084692 0.066708
v 0.035313 -0.075262 0.059210
v 0.034228 -0.080895 0.054400
v 0.035581 -0.082369 0.057741
v 0.039453 -0.089879 0.055789
v 0.031548 -0.078677 0.042044
v 0.032733 -0.082854 0.041568
v 0.032498 -0.080400 0.045425
v 0.038055 -0.084617 0.062809
v 0.038133 -0.087462 0.058134
v 0.038928 -0.089781 0.050041
v 0.027278 0.076067 -0.011965
v 0.026002 0.074048 -0.008381
v 0.028765 0.079488 -0.008654
v 0.034220 -0.087154 0.032870
v 0.036579 -0.088914 0.030114
v 0.036494 -0.088729 0.035181
v 0.038128 0.060138 -0.049119
v 0.039244 -0.089607 0.032992
v 0.039230 -0.090035 0.027310
v 0.033575 0.081403 -0.054914
v 0.039125 -0.090237 0.021617
v 0.036321 -0.088979 0.024491
v 0.034807 -0.087860 0.027383
v 0.023824 0.071528 -0.029379
v 0.024066 0.073460 -0.032910
v 0.023045 0.070198 -0.032792
v 0.039943 0.092644 -0.028832
v 0.040080 0.091602 -0.032654
v 0.036341 -0.089474 0.018323
v 0.040679 -0.090329 0.015961
v 0.038063 -0.077669 0.062850
v 0.044441 0.015533 0.037612
v 0.026312 -0.079089 0.010535
v 0.024377 -0.074875 0.011191
v 0.024864 -0.076558 0.006726
v 0.033798 0.094261 0.004940
v 0.033994 0.094406 0.009728
v 0.029582 0.088675 0.011148
v 0.031191 0.092378 0.007215
v 0.029150 0.088140 0.005557
v 0.031486 -0.076896 0.046762
v 0.033816 0.092291 -0.012260
v 0.033022 0.086037 -0.013808
v 0.032463 0.089588 -0.009838
v 0.042495 0.088274 -0.043411
v 0.040684 0.087532 -0.038412
v 0.042064 0.091290 -0.038222
v 0.032038 0.081466 -0.042732
v 0.029696 0.079230 -0.040770
v 0.033554 0.082558 -0.038982
v 0.044372 0.089431 -0.049178
v 0.036515 -0.085427 0.055585
v 0.043353 0.088325 -0.054823
v 0.045339 0.087884 -0.060382
v 0.043514 0.086865 -0.066138
v 0.036184 0.048848 -0.050930
v 0.039954 0.085368 -0.054562
v 0.042161 0.086186 -0.060585
v 0.044680 0.076925 -0.056407
v 0.047552 0.078832 -0.056082
v 0.043508 0.077884 -0.051070
v 0.034316 0.019112 -0.039351
v 0.038569 0.019137 -0.039122
v 0.036535 0.014217 -0.042224
v 0.020845 0.011455 -0.042665
v 0.016544 0.013679 -0.040984
v 0.022360 0.015088 -0.041251
v 0.023923 0.080009 0.015336
v 0.025749 0.082353 0.010002
v 0.022797 0.078864 0.011932
v 0.042988 0.078306 -0.061979
v 0.011427 0.053436 -0.022445
v 0.012664 0.056696 -0.025484
v 0.009840 0.053862 -0.026490
v 0.039868 0.092718 -0.010171
v 0.027802 0.078998 -0.020252
v 0.025647 0.075602 -0.020526
v 0.026744 0.076393 -0.015983
v 0.043804 0.073372 -0.045493
v 0.039954 0.067354 -0.044359
v 0.038232 0.070143 -0.042845
v 0.042980 0.069661 -0.044815
v 0.038467 0.043033 -0.050861
v 0.018309 -0.008764 0.036317
v 0.018514 -0.012079 0.035035
v 0.020757 -0.011519 0.038844
v 0.041446 0.028144 0.049313
v 0.034152 0.089968 0.029420
v 0.036350 0.091468 0.035463
v 0.038372 0.029764 -0.040016
v 0.039957 0.014049 -0.041675
v 0.027813 0.018621 -0.039369
v 0.026095 0.021481 -0.037510
v 0.029366 0.023533 -0.037197
v 0.023371 0.018677 -0.039013
v 0.017060 0.017802 -0.037970
v 0.022394 0.022406 -0.037012
v 0.035715 -0.000738 -0.049076
v 0.038680 -0.003091 -0.050099
v 0.032413 -0.003383 -0.049024
v 0.023556 0.031232 -0.041237
v 0.022229 0.028361 -0.038968
v 0.019461 0.032133 -0.042129
v 0.035953 0.079737 0.058753
v 0.031625 0.077895 0.055208
v 0.036843 0.076994 0.056146
v 0.036191 0.033161 -0.043627
v 0.038311 0.064562 -0.046103
v 0.041212 0.065550 -0.048657
v 0.038340 -0.006845 -0.051205
v 0.034338 -0.087149 -0.024066
v 0.037059 -0.089604 -0.029915
v 0.039413 0.078784 -0.060885
v 0.039828 0.082447 -0.063211
v 0.034383 -0.088550 0.005187
v 0.034543 -0.088706 0.001148
v 0.036336 -0.089573 -0.014797
v 0.036790 -0.090264 -0.018462
v 0.038634 -0.091550 -0.012578
v 0.035859 -0.009660 -0.051725
v 0.033332 -0.007220 -0.050447
v 0.024492 0.073042 -0.016637
v 0.023569 0.070416 -0.021579
v 0.038273 -0.034862 -0.057392
v 0.039591 -0.031398 -0.056452
v 0.040366 -0.068588 -0.062824
v 0.043674 -0.093450 -0.034979
v 0.040499 -0.089927 -0.052548
v 0.042800 -0.091701 -0.054693
v 0.042120 -0.091714 -0.049865
v 0.022315 0.070328 -0.038104
v 0.020684 0.065766 -0.035907
v 0.036020 -0.090006 -0.007060
v 0.034631 -0.088000 -0.011846
v 0.044518 -0.093377 -0.052042
v 0.045489 -0.084810 -0.066037
v 0.046036 -0.094075 -0.060894
v 0.029393 -0.061647 -0.054513
v 0.027013 -0.065656 -0.048649
v 0.027347 -0.059740 -0.051703
v 0.045099 -0.093994 -0.046244
v 0.042595 -0.093036 -0.040805
v 0.041531 -0.091849 -0.046295
v 0.013966 -0.023385 -0.039292
v 0.018114 -0.028942 -0.042182
v 0.015817 -0.030851 -0.039913
v 0.039539 -0.038927 -0.058157
v 0.040091 -0.023710 -0.054315
v 0.041890 -0.090629 0.004610
v 0.040040 -0.042634 -0.058713
v 0.035640 -0.044270 -0.058638
v 0.035566 -0.040736 -0.057765
v 0.039193 -0.051676 -0.060416
v 0.034516 -0.052482 -0.059409
v 0.035865 -0.049286 -0.059555
v 0.039788 -0.057296 -0.061344
v 0.038638 -0.046049 -0.059626
v 0.041092 -0.074189 -0.063673
v 0.032071 0.082700 0.052910
v 0.034452 0.082514 0.056464
v 0.042301 -0.079668 -0.064721
v 0.040459 -0.087691 -0.063139
v 0.040045 -0.082406 -0.065072
v 0.044041 -0.092949 -0.057825
v 0.037092 -0.087069 -0.047568
v 0.040337 -0.091316 -0.042950
v 0.037097 -0.085552 -0.054933
v 0.039998 -0.088936 -0.056317
v 0.034822 0.072636 0.048956
v 0.031505 0.071419 0.048146
v 0.036773 0.071225 0.046247
v 0.037298 -0.059895 -0.060816
v 0.034402 -0.058025 -0.059752
v 0.036834 -0.054870 -0.060246
v 0.032393 -0.067813 -0.057614
v 0.042640 0.049974 0.053464
v 0.026887 -0.018005 0.046516
v 0.024386 -0.017688 0.043104
v 0.027052 -0.021511 0.043054
v 0.041010 0.088174 -0.048905
v 0.040941 -0.003073 0.045085
v 0.035925 -0.005343 0.045223
v 0.039837 -0.012477 -0.052174
v 0.038141 -0.018090 -0.053580
v 0.035931 -0.013282 -0.052719
v 0.024952 0.011767 -0.043502
v 0.033675 -0.086268 0.040221
v 0.036213 -0.088145 0.042327
v 0.034151 -0.085981 0.044285
v 0.033872 -0.087527 0.021415
v 0.022489 -0.070640 0.006719
v 0.024433 -0.069430 -0.034095
v 0.024951 -0.071468 -0.028968
v 0.023074 -0.068276 -0.030359
v 0.034012 -0.047105 0.053810
v 0.039268 -0.046033 0.058123
v 0.038520 -0.042542 0.057741
v 0.033455 -0.064958 0.058000
v 0.035991 -0.062861 0.060286
v 0.033504 -0.057725 0.056667
v 0.036282 -0.087993 0.047317
v 0.038521 -0.080934 0.065044
v 0.040170 0.088440 -0.034778
v 0.033947 0.090837 -0.015869
v 0.036217 0.089137 -0.021531
v 0.034341 0.085166 -0.018881
v 0.028835 0.068592 -0.048517
v 0.031925 0.072019 -0.044244
v 0.028383 0.069237 -0.042151
v 0.041106 0.085624 -0.063883
v 0.038192 0.084580 -0.059814
v 0.034316 0.083461 -0.045673
v 0.037115 0.085172 -0.043080
v 0.038366 0.086903 -0.031900
v 0.044430 0.077306 -0.047797
v 0.034198 -0.065467 -0.060183
v 0.037287 -0.066973 -0.062031
v 0.034967 -0.069455 -0.060829
v 0.031893 -0.052903 -0.057212
v 0.029119 -0.048965 -0.054160
v 0.033114 -0.046738 -0.057643
v 0.015687 -0.041303 -0.038292
v 0.016807 -0.038278 -0.041236
v 0.018352 -0.043092 -0.042390
v 0.028918 -0.009256 -0.048985
v 0.029583 -0.014469 -0.050515
v 0.042477 -0.092070 -0.021699
v 0.034945 -0.086697 -0.035691
v 0.032588 -0.083816 -0.033270
v 0.032456 -0.082494 -0.039086
v 0.040991 -0.091281 -0.006764
v 0.017814 -0.055862 -0.028627
v 0.019410 -0.059439 -0.028679
v 0.018931 -0.059780 -0.024805
v 0.037660 -0.071857 -0.063018
v 0.041413 -0.090190 -0.059797
v 0.039829 0.069324 0.045080
v 0.033957 0.064946 0.044363
v 0.034259 0.074080 0.052234
v 0.039525 0.074880 0.050733
v 0.035587 0.088046 0.039619
v 0.032310 0.086759 0.030790
v 0.034760 0.088260 0.036111
v 0.038862 0.090058 0.046480
v 0.038209 0.029186 0.050667
v 0.041428 0.054330 0.050671
v 0.043141 0.057333 0.049606
v 0.038553 0.058746 0.047489
v 0.017827 0.038360 0.041056
v 0.017534 0.034597 0.040036
v 0.020396 0.035182 0.042979
v 0.025858 0.026222 0.045679
v 0.030086 0.027337 0.047483
v 0.026850 0.030699 0.046890
v 0.042975 0.001664 0.038750
v 0.037126 0.003976 0.034915
v 0.037060 0.001031 0.037263
v 0.035005 0.095016 0.022022
v 0.038837 0.092296 0.001199
v 0.030462 0.090966 0.001601
v 0.038461 0.093835 -0.021710
v 0.037348 0.091069 -0.026271
v 0.034704 0.043123 -0.050232
v 0.035803 0.037748 -0.048213
v 0.017554 0.061581 -0.041689
v 0.023916 0.061314 -0.039813
v 0.019656 0.059486 -0.038516
v 0.026425 0.029437 -0.039398
v 0.025235 0.025679 -0.037582
v 0.031202 0.039706 -0.048608
v 0.038952 0.009189 -0.044843
v 0.032816 0.012540 -0.043335
v 0.032392 0.016035 -0.041237
v 0.032308 -0.040301 0.053805
v 0.035824 -0.040864 0.056049
v 0.033900 -0.009782 0.047362
v 0.035425 -0.023831 0.053418
v 0.043132 0.008334 0.036095
v 0.043544 0.004756 0.036904
v 0.046130 0.010234 0.037143
v 0.034675 0.009162 -0.045077
v 0.037174 0.004431 -0.047317
v 0.033731 0.005886 -0.046679
v 0.040290 -0.089764 0.040772
v 0.033524 -0.083499 0.046637
v 0.029764 -0.082400 0.027912
v 0.031190 -0.084664 0.023128
v 0.032407 -0.085409 0.027144
v 0.029690 -0.083147 0.002011
v 0.028640 -0.081997 0.007680
v 0.027150 -0.080087 0.002318
v 0.033042 -0.086897 -0.004939
v 0.031466 -0.084488 -0.008594
v 0.043337 -0.045770 0.059805
v 0.034643 -0.054356 0.056374
v 0.039865 -0.057611 0.059253
v 0.032717 -0.025903 0.052431
v 0.030324 -0.023933 0.050751
v 0.038953 -0.060757 0.060856
v 0.037439 -0.088111 0.053103
v 0.027040 0.078200 -0.033182
v 0.030443 0.081491 -0.031558
v 0.030790 0.079985 -0.037218
v 0.036721 0.087887 -0.024817
v 0.033568 0.083718 -0.022904
v 0.035987 0.092112 -0.019064
v 0.037035 0.084822 -0.038535
v 0.038427 0.073488 -0.044353
v 0.039191 0.054514 -0.051349
v 0.036464 0.055180 -0.048823
v 0.036763 0.061400 -0.046246
v 0.034387 0.065268 -0.041419
v 0.035741 0.074225 -0.046472
v 0.032287 0.070476 -0.048221
v 0.038102 0.073636 -0.051485
v 0.041100 0.075081 -0.054485
v 0.040109 0.076216 -0.049668
v 0.041166 0.075762 -0.046237
v 0.037194 0.074138 -0.055380
v 0.032075 0.075792 -0.054917
v 0.036442 0.084085 -0.056122
v 0.041903 -0.062834 -0.061769
v 0.033916 -0.072429 -0.059224
v 0.024518 -0.023361 -0.047779
v 0.024639 -0.017807 -0.048106
v 0.028218 -0.020214 -0.050556
v 0.034799 -0.016689 -0.053436
v 0.035078 -0.087303 -0.032038
v 0.039790 -0.091510 -0.035534
v 0.039839 -0.091344 -0.039149
v 0.037920 -0.089197 -0.041332
v 0.031433 -0.083885 -0.013211
v 0.029484 -0.081675 -0.010558
v 0.028879 -0.080533 -0.014933
v 0.038176 -0.090767 -0.001496
v 0.034968 -0.089110 -0.002579
v 0.031648 -0.085474 -0.000577
v 0.039317 -0.077433 -0.064350
v 0.039676 0.073088 0.047516
v 0.033138 0.069260 0.044641
v 0.037311 0.041546 0.052552
v 0.037563 0.089639 0.042713
v 0.035224 0.086420 0.046855
v 0.035114 0.085124 0.051241
v 0.031762 0.086016 0.039025
v 0.033016 0.092467 0.023431
v 0.034500 0.033207 0.050641
v 0.034213 0.037369 0.051143
v 0.030733 0.032460 0.048915
v 0.035079 0.027778 0.049349
v 0.038433 0.025189 0.046819
v 0.036771 0.055575 0.048448
v 0.037689 0.062157 0.046112
v 0.039777 0.000173 0.039721
v 0.035580 0.094950 0.018499
v 0.031414 0.088945 0.018740
v 0.033326 0.093078 -0.006803
v 0.038816 0.094294 -0.015897
v 0.036509 0.094086 -0.010225
v 0.032002 0.046969 -0.048642
v 0.031019 0.049215 -0.045688
v 0.033475 0.053704 -0.044814
v 0.033784 0.050827 -0.047941
v 0.039729 0.024633 -0.037514
v 0.028364 0.043616 -0.047469
v 0.030209 0.031185 -0.041031
v 0.038705 0.001327 -0.048512
v 0.047573 0.004542 0.038356
v 0.035638 -0.002786 0.042633
v 0.040979 0.016588 0.038930
v 0.036467 0.019469 0.042570
v 0.037631 0.015204 0.037600
v 0.035125 0.011531 0.033559
v 0.038045 0.012950 0.034952
v 0.032918 0.014321 0.037515
v 0.032603 -0.019563 -0.052842
v 0.027405 -0.006048 -0.047473
v 0.040203 -0.089210 0.036996
v 0.036503 -0.088549 0.038791
v 0.038043 -0.030992 0.056368
v 0.041365 -0.032595 0.057527
v 0.037475 0.086037 -0.047364
v 0.037575 0.085120 -0.051279
v 0.035273 0.056830 -0.045856
v 0.026360 0.066565 -0.046153
v 0.025992 0.070990 -0.049084
v 0.027609 0.077248 -0.037696
v 0.027523 -0.045290 -0.052165
v 0.025959 -0.041705 -0.051127
v 0.030290 -0.040963 -0.054937
v 0.029859 -0.024761 -0.051633
v 0.035092 -0.029771 -0.055947
v 0.038975 -0.027693 -0.055763
v 0.035602 -0.020342 -0.054452
v 0.041700 -0.091103 -0.010433
v 0.041921 -0.091350 -0.014423
v 0.039446 -0.091782 -0.023835
v 0.034757 -0.087510 -0.020245
v 0.042651 -0.092717 -0.025752
v 0.041488 -0.090995 -0.003129
v 0.029299 0.082892 0.044048
v 0.027924 0.081047 0.047435
v 0.031052 0.083561 0.047858
v 0.020270 0.072867 0.046310
v 0.023064 0.069674 0.044483
v 0.026081 0.071049 0.047833
v 0.032279 0.089001 0.022328
v 0.034806 0.094574 0.026519
v 0.038864 0.049795 0.051897
v 0.022843 0.031783 0.044653
v 0.023463 0.035705 0.045640
v 0.032490 0.017394 0.041198
v 0.030648 0.019927 0.043427
v 0.032105 0.022744 0.045609
v 0.039778 0.022365 0.044128
v 0.041041 0.019443 0.041515
v 0.043109 0.012308 0.035869
v 0.035356 0.094338 0.001289
v 0.028438 0.084764 0.008679
v 0.032341 0.036499 -0.046955
v 0.033038 0.022450 -0.037855
v 0.031936 0.000585 -0.047968
v 0.030352 0.004198 -0.046713
v 0.028911 -0.028580 0.049324
v 0.027949 -0.025253 0.045667
v 0.032285 -0.084887 0.036961
v 0.034314 -0.083730 0.050034
v 0.029947 -0.083056 0.013316
v 0.032980 -0.086367 0.015896
v 0.030507 -0.083861 0.016816
v 0.031367 0.055858 -0.040352
v 0.028581 0.056065 -0.037733
v 0.028231 0.059777 -0.038480
v 0.031611 0.080492 -0.051332
v 0.028499 0.074580 -0.051582
v 0.032149 0.072001 -0.052445
v 0.032189 -0.062628 -0.058396
v 0.037558 -0.063444 -0.061500
v 0.035103 -0.075626 -0.060158
v 0.035585 -0.037251 -0.056720
v 0.035265 -0.033264 -0.056456
v 0.030168 -0.037594 -0.054313
v 0.027958 -0.036317 -0.052030
v 0.030303 -0.034132 -0.053384
v 0.032661 -0.035502 -0.055485
v 0.033932 -0.086599 -0.016586
v 0.031770 -0.083694 -0.021472
v 0.031329 -0.082496 -0.026099
v 0.031827 -0.085802 0.004089
v 0.028166 -0.080914 -0.001546
v 0.022144 -0.071801 -0.000549
v 0.025455 -0.077414 -0.000879
v 0.023174 -0.073697 0.003265
v 0.030132 -0.083141 -0.004337
v 0.032807 -0.086114 0.011240
v 0.036432 -0.089724 0.013934
v 0.020703 -0.067929 0.000873
v 0.031283 -0.084873 0.007858
v 0.027259 -0.078942 -0.005008
v 0.029307 0.083560 0.040387
v 0.025277 0.079423 0.039877
v 0.026161 0.080065 0.043916
v 0.028216 0.074349 0.051618
v 0.028885 0.080365 0.051300
v 0.023674 0.077523 0.045029
v 0.026288 0.077540 0.050205
v 0.033994 0.043995 0.051380
v 0.034789 0.024699 0.047273
v 0.030842 0.092003 0.010821
v 0.032153 0.085995 -0.010286
v 0.029565 0.086463 0.001538
v 0.029176 0.083452 -0.001290
v 0.028026 0.083460 0.004358
v 0.037459 0.035544 -0.045990
v 0.030909 0.033953 -0.044450
v 0.025951 0.037705 -0.046800
v 0.018244 0.035631 -0.043548
v 0.026811 0.033218 -0.043271
v 0.026943 0.045665 -0.044352
v 0.024043 0.043845 -0.042265
v 0.027038 0.049305 -0.039052
v 0.019323 0.055233 -0.035189
v 0.016363 0.055037 -0.032812
v 0.028694 0.048778 -0.042596
v 0.031056 0.052076 -0.041833
v 0.034582 0.059798 -0.043961
v 0.028722 0.009239 -0.045061
v 0.028974 0.014118 -0.042451
v 0.025999 0.015813 -0.040979
v 0.035001 -0.015513 0.050673
v 0.032836 -0.029440 0.052375
v 0.032069 -0.033029 0.052886
v 0.030390 -0.075214 0.043429
v 0.030616 -0.083086 0.031854
v 0.028096 -0.079383 0.025747
v 0.027467 -0.079317 0.021715
v 0.035431 0.084995 -0.026524
v 0.034246 0.083468 -0.030499
v 0.034883 0.083299 -0.034840
v 0.031652 0.082138 -0.026971
v 0.027940 0.080018 -0.028210
v 0.029670 0.082108 -0.022011
v 0.029631 -0.071421 -0.050698
v 0.030413 -0.058085 -0.055976
v 0.030201 -0.045095 -0.055207
v 0.031198 -0.083563 -0.017352
v 0.026994 0.084653 0.016679
v 0.029321 0.085585 0.020849
v 0.029714 0.086849 0.015254
v 0.026229 0.081423 0.032819
v 0.029051 0.083770 0.034313
v 0.029059 0.084655 0.029999
v 0.040048 0.010066 0.035040
v 0.027533 0.083752 0.013062
v 0.019177 0.004726 -0.042284
v 0.023354 0.004906 -0.043500
v 0.011681 0.016038 -0.039117
v 0.013634 0.018268 -0.037082
v 0.036184 -0.011954 0.049638
v 0.030304 -0.030917 -0.052133
v 0.027616 -0.028243 -0.049439
v 0.022118 -0.020459 -0.046404
v 0.032647 -0.078427 0.050156
v 0.033363 -0.075763 0.054461
v 0.036697 -0.081020 0.061207
v 0.031144 -0.071764 0.049332
v 0.029968 -0.071157 0.045109
v 0.030992 -0.068225 0.051970
v 0.029469 -0.067024 0.046579
v 0.027873 -0.076782 0.028613
v 0.028965 -0.077814 0.032174
v 0.026735 -0.073754 0.026521
v 0.027693 -0.071504 0.031844
v 0.026655 -0.079572 0.005874
v 0.027361 -0.080474 0.016231
v 0.029247 -0.082552 0.019979
v 0.025617 -0.076958 0.014662
v 0.026442 -0.076686 0.018806
v 0.025715 -0.073260 0.018540
v 0.025665 -0.070735 0.021005
v 0.024937 -0.071547 0.015580
v 0.023804 -0.070113 0.011159
v 0.032165 0.082637 -0.016423
v 0.030996 0.083322 -0.008144
v 0.033034 -0.077085 -0.054981
v 0.034602 -0.081684 -0.053220
v 0.035577 -0.084485 -0.050381
v 0.038934 -0.086702 -0.059358
v 0.031236 -0.077898 -0.048011
v 0.029821 -0.076457 -0.044704
v 0.031501 -0.079542 -0.043157
v 0.027919 -0.054270 -0.052781
v 0.021667 -0.054713 -0.043465
v 0.023829 -0.057656 -0.045767
v 0.021813 -0.058186 -0.042001
v 0.025880 -0.032867 -0.048655
v 0.023900 -0.037392 -0.047898
v 0.023090 -0.034114 -0.046832
v 0.030694 0.086804 0.024876
v 0.024322 0.077565 -0.000572
v 0.023892 0.078890 0.003799
v 0.026226 0.081151 0.000905
v 0.023722 0.080202 0.019000
v 0.021805 0.077168 0.019810
v 0.023640 0.079650 0.008325
v 0.017287 0.022769 -0.036861
v 0.031120 -0.080218 0.038475
v 0.032134 -0.074879 0.051080
v 0.033573 -0.072327 0.056823
v 0.025328 -0.061942 0.026473
v 0.025920 -0.064812 0.029122
v 0.025696 -0.060781 0.030912
v 0.032051 -0.071707 0.053309
v 0.027060 -0.070840 0.028484
v 0.024593 0.073181 -0.025490
v 0.026646 0.077575 -0.024759
v 0.026430 0.077151 -0.005610
v 0.030799 0.081086 -0.012303
v 0.026972 0.080582 -0.003294
v 0.030070 -0.065558 -0.054580
v 0.032641 -0.078789 -0.051531
v 0.033813 -0.082668 -0.047096
v 0.033577 -0.083416 -0.043004
v 0.023915 -0.028775 -0.046628
v 0.020851 -0.032384 -0.044712
v 0.020568 -0.025198 -0.044702
v 0.018877 -0.020277 -0.044012
v 0.023308 0.075708 0.048274
v 0.021756 0.075739 0.042298
v 0.033265 0.060171 0.045326
v 0.027203 0.067510 0.043622
v 0.025697 0.083170 0.019905
v 0.024041 0.080711 0.023932
v 0.024728 0.071098 -0.011267
v 0.022237 0.074760 0.002764
v 0.020705 0.069914 0.002602
v 0.020374 0.072536 0.007199
v 0.029258 0.079535 -0.016544
v 0.025511 -0.056256 -0.049470
v 0.027013 -0.050824 -0.051668
v 0.025564 -0.047932 -0.049799
v 0.017335 -0.023891 -0.042058
v 0.009034 -0.021962 -0.032162
v 0.011671 -0.020632 -0.037619
v 0.009850 -0.025659 -0.033342
v 0.023183 0.056276 0.046219
v 0.024479 0.060017 0.045414
v 0.018691 0.058919 0.044584
v 0.018748 0.049311 0.043696
v 0.018818 0.053685 0.044308
v 0.016184 0.051814 0.041081
v 0.032859 0.054194 0.047360
v 0.018394 0.068935 0.044908
v 0.029040 0.069782 0.045918
v 0.022212 0.077904 0.023147
v 0.023446 -0.053473 -0.046556
v 0.024175 -0.044455 -0.049141
v 0.011861 -0.012597 -0.038368
v 0.014312 -0.015102 -0.040282
v 0.011466 -0.016696 -0.037610
v 0.025228 0.074916 -0.029999
v 0.019856 0.057323 -0.023063
v 0.021178 0.056835 -0.019462
v 0.022204 0.060333 -0.022858
v 0.019370 0.059347 -0.004877
v 0.020877 0.064615 -0.003056
v 0.021269 0.061517 -0.007867
v 0.021874 0.059659 -0.013759
v 0.020466 0.056790 -0.011209
v 0.016564 0.067532 0.019873
v 0.014957 0.063933 0.016234
v 0.013688 0.062553 0.022037
v 0.022813 0.063946 -0.026208
v 0.022975 0.065175 -0.021035
v 0.023318 0.068718 -0.027000
v 0.022499 0.061294 -0.018245
v 0.023166 0.065786 -0.014029
v 0.023205 0.068116 -0.017821
v 0.017275 -0.033946 -0.041418
v 0.015616 -0.019982 -0.041259
v 0.019900 -0.037662 -0.044277
v 0.013423 -0.035976 -0.036852
v 0.009346 -0.011287 -0.035522
v 0.021681 -0.040045 -0.046491
v 0.014768 -0.043608 -0.034915
v 0.017186 -0.047427 -0.037928
v 0.014641 -0.046772 -0.032168
v 0.013121 -0.030047 -0.037443
v 0.039712 0.087078 -0.041741
v 0.024439 0.073534 -0.040332
v 0.022044 0.070638 -0.042267
v 0.024614 0.073613 -0.004311
v 0.024440 0.070739 -0.007029
v 0.022545 0.069373 -0.002583
v 0.011772 -0.045598 -0.013421
v 0.010394 -0.039975 -0.013196
v 0.011824 -0.044957 -0.017528
v 0.011663 -0.036480 -0.032635
v 0.011933 -0.032844 -0.034985
v 0.024815 0.074639 -0.035994
v 0.022496 0.065386 -0.030955
v 0.023247 0.067044 -0.007580
v 0.017038 0.056005 -0.002759
v 0.018064 0.060145 -0.000992
v 0.029193 0.078418 -0.048615
v 0.027150 0.076709 -0.042017
v 0.024879 0.073755 -0.045246
v 0.020302 0.062925 -0.033191
v 0.020081 0.059727 -0.027718
v 0.019643 0.067238 -0.040073
v 0.010484 0.043299 -0.032230
v 0.011216 0.046617 -0.030047
v 0.015000 0.046306 -0.031631
v 0.020816 0.067452 -0.044547
v 0.018359 0.064706 -0.042384
v 0.017122 0.060944 -0.031972
v 0.015281 0.059086 -0.027861
v 0.018592 0.052895 -0.018238
v 0.020606 0.055387 -0.014961
v 0.023673 0.067719 -0.011086
v 0.016244 0.056128 -0.023561
v 0.022351 0.062832 -0.011472
v 0.008881 0.044901 -0.018628
v 0.006384 0.043532 -0.023156
v 0.007291 0.040114 -0.019517
v 0.017806 0.049717 -0.012119
v 0.016570 0.050003 -0.016792
v 0.013090 0.047554 -0.016878
v 0.015744 0.047367 -0.014201
v 0.005311 0.034351 -0.021037
v 0.003948 0.031307 -0.019342
v 0.006682 0.035330 -0.017792
v 0.014338 0.051586 -0.019426
v 0.017258 0.052439 -0.006363
v 0.019113 0.056058 -0.007440
v 0.018849 0.053137 -0.010228
v 0.022933 0.072955 -0.000757
v 0.013998 -0.039353 -0.035767
v 0.012912 -0.040655 -0.032591
v 0.027179 0.076776 -0.045796
v 0.034299 0.083226 -0.049866
v 0.023006 0.070502 -0.046258
v 0.023096 0.065018 -0.044521
v 0.016249 0.059341 -0.037846
v 0.011653 0.056908 -0.029933
v 0.019480 0.065521 0.001354
v 0.018480 0.066698 0.005811
v 0.022102 0.076471 0.006188
v 0.013582 -0.048664 -0.021051
v 0.012286 -0.043846 -0.022910
v 0.014643 -0.049738 -0.026209
v 0.009845 -0.031493 -0.027895
v 0.011229 -0.038831 -0.027254
v 0.010895 -0.036206 -0.024311
v 0.021646 0.064724 -0.041439
v 0.025550 0.066281 -0.040253
v 0.024678 0.050340 -0.035536
v 0.023862 0.047499 -0.037459
v 0.032675 0.068979 -0.041500
v 0.016120 0.064272 0.010072
v 0.016134 0.061098 0.004779
v 0.014855 0.060913 0.008474
v 0.019532 0.072651 0.012433
v 0.018509 0.069163 0.009667
v 0.017851 0.062353 0.001879
v 0.029377 0.065229 -0.039920
v 0.005821 0.007177 -0.032379
v 0.008650 0.006816 -0.036850
v 0.007467 0.003728 -0.034206
v 0.014452 0.006647 -0.040677
v 0.017691 0.008777 -0.041894
v 0.027159 0.005084 -0.045083
v 0.026491 0.001466 -0.045167
v 0.018087 0.000618 -0.041373
v 0.012028 0.003681 -0.039349
v 0.004671 0.002160 -0.028732
v 0.004379 0.005653 -0.029457
v 0.013180 0.013052 -0.040128
v 0.008896 0.010531 -0.037693
v 0.025278 0.008079 -0.044075
v 0.012153 0.009731 -0.039575
v 0.021619 -0.006494 -0.044757
v 0.004343 0.012802 -0.031259
v 0.003629 0.015986 -0.030077
v 0.005205 0.015399 -0.033772
v 0.022810 -0.002672 -0.044367
v 0.021940 0.001072 -0.042843
v 0.017730 -0.012276 -0.042957
v 0.013753 -0.009554 -0.040142
v 0.018335 -0.008117 -0.043061
v 0.007358 -0.000483 -0.033935
v 0.005575 -0.002892 -0.029675
v 0.000000 0.025390 -0.011110
v 0.000444 0.022606 -0.017914
v 0.000541 0.019999 -0.015182
v 0.009783 0.000417 -0.037469
v 0.002797 0.020059 -0.028425
v 0.001729 0.022601 -0.025104
v 0.012409 -0.004431 -0.038462
v 0.008893 -0.003655 -0.036243
v 0.006320 0.010728 -0.033995
v 0.033293 -0.036216 0.054283
v 0.033071 -0.052513 0.053733
v 0.029242 -0.048036 0.051176
v 0.031432 -0.064685 0.054572
v 0.030696 -0.056376 0.053419
v 0.035091 -0.085959 -0.040097
v 0.033443 -0.085462 -0.029259
v 0.033045 -0.002051 0.040425
v 0.033455 -0.000005 0.037636
v 0.022531 -0.007838 0.039745
v 0.023195 -0.013130 0.041723
v 0.029761 -0.011019 0.045861
v 0.029177 -0.014775 0.046989
v 0.032573 -0.013417 0.048546
v 0.029317 -0.020019 0.049363
v 0.026145 -0.005425 0.040244
v 0.026290 -0.013007 0.044545
v 0.021777 -0.016734 0.039902
v 0.027288 -0.001122 0.037517
v 0.027367 -0.025344 0.041633
v 0.029510 -0.034448 0.050612
v 0.029520 -0.041954 0.051085
v 0.020817 -0.003858 0.036061
v 0.028100 -0.031271 0.043580
v 0.028327 -0.045016 0.049000
v 0.031028 -0.045016 0.052741
v 0.024597 0.001260 0.033730
v 0.023851 -0.001622 0.036045
v 0.013916 -0.004890 0.031460
v 0.017258 -0.004287 0.033898
v 0.015547 -0.008117 0.033371
v 0.016644 -0.015188 0.030670
v 0.019683 -0.014940 0.036724
v 0.016622 -0.011911 0.032073
v 0.035142 0.007378 0.033592
v 0.031643 0.008500 0.031642
v 0.030789 0.003741 0.032726
v 0.033728 0.002302 0.034652
v 0.029057 0.006126 0.030568
v 0.028343 0.001539 0.034843
v 0.027782 0.022343 0.044253
v 0.020897 0.011909 0.035399
v 0.020177 0.013961 0.038448
v 0.016322 0.013192 0.037264
v 0.032155 0.061311 -0.040420
v 0.027062 0.052611 -0.036992
v 0.030709 -0.080839 -0.030563
v 0.030655 -0.079965 -0.035222
v 0.026521 -0.072757 -0.035398
v 0.026047 -0.071259 -0.039137
v 0.024392 -0.063244 -0.043861
v 0.024643 -0.066062 -0.040909
v 0.022125 -0.062130 -0.038832
v 0.029437 -0.077352 -0.038964
v 0.027755 -0.074354 -0.040582
v 0.027999 -0.076499 -0.034902
v 0.027053 0.084080 0.024555
v 0.027546 0.081997 0.037503
v 0.023265 0.077654 0.036658
v 0.030019 0.038076 0.049421
v 0.027515 0.034677 0.047646
v 0.000953 0.027364 -0.001457
v 0.000576 0.028264 -0.006632
v 0.000624 0.025329 -0.004539
v 0.021680 0.027326 0.043268
v 0.019086 0.031227 0.041275
v 0.017397 0.027657 0.038072
v 0.023311 0.022800 0.043598
v 0.026025 0.016345 0.040374
v 0.025431 0.019579 0.042616
v 0.019821 0.046867 -0.034091
v 0.022161 0.044652 -0.039147
v 0.009212 0.041657 -0.016498
v 0.020095 0.025392 -0.037581
v 0.014536 0.042825 -0.035288
v 0.011488 0.040855 -0.034671
v 0.014529 0.032068 -0.041556
v 0.017503 -0.016465 -0.042755
v 0.028654 -0.002372 -0.047422
v 0.019181 -0.003946 -0.042412
v 0.010737 -0.008108 -0.037717
v 0.032677 -0.068352 0.056047
v 0.028659 -0.053506 0.050631
v 0.028793 -0.057400 0.050160
v 0.026395 -0.060244 0.036147
v 0.025917 -0.057544 0.033276
v 0.029214 -0.072889 0.040774
v 0.026867 -0.068209 0.033276
v 0.027573 -0.066414 0.038744
v 0.026786 -0.063773 0.036492
v 0.028606 -0.069262 0.041370
v 0.026421 -0.067915 0.026697
v 0.027647 -0.069762 0.036513
v 0.030374 0.057302 0.045747
v 0.028637 0.049884 0.048251
v 0.028089 0.054038 0.046739
v 0.025902 0.038450 0.047431
v 0.028017 0.042165 0.048995
v 0.024334 0.042758 0.047183
v 0.009484 -0.028891 -0.031565
v 0.002767 0.003008 -0.023884
v 0.003472 0.008834 -0.028044
v 0.021708 -0.050874 -0.044470
v 0.022827 -0.047684 -0.046701
v 0.021580 -0.043752 -0.046423
v 0.020302 -0.047553 -0.043425
v 0.016924 -0.051624 -0.034114
v 0.013379 0.050114 -0.028180
v 0.014390 -0.046980 -0.028554
v 0.012832 -0.043712 -0.028324
v 0.021661 -0.056177 0.012012
v 0.019534 -0.054426 0.009349
v 0.020344 -0.057617 0.007527
v 0.024037 0.057223 -0.036664
v 0.024179 0.053887 -0.035042
v 0.022207 0.051354 -0.033159
v 0.016610 0.052527 -0.030098
v 0.019159 0.049728 -0.031395
v 0.018974 0.043247 -0.037793
v 0.007564 0.043882 -0.028101
v 0.005759 0.040253 -0.026513
v 0.009058 0.048962 -0.027453
v 0.010000 0.037815 -0.035961
v 0.018129 0.028995 -0.040087
v 0.011384 0.035093 -0.039013
v 0.006802 0.038502 -0.031621
v 0.005406 0.034884 -0.031147
v 0.004704 0.035953 -0.027417
v 0.024154 0.041309 -0.045606
v 0.022060 0.037676 -0.045316
v 0.022609 0.033907 -0.043865
v 0.008813 0.050706 -0.023848
v 0.014184 0.028244 -0.040397
v 0.010497 0.030841 -0.038904
v 0.007601 0.035948 -0.033961
v 0.006697 0.032502 -0.033932
v 0.010172 0.049697 -0.020288
v 0.005533 0.037373 -0.022927
v 0.003361 0.032535 -0.023518
v 0.015534 0.046433 -0.009271
v 0.013826 0.044289 -0.013239
v 0.010575 0.043147 -0.004545
v 0.011000 0.048062 0.000070
v 0.013421 0.045486 -0.006038
v 0.011345 0.051620 0.003537
v 0.008315 0.047263 0.003944
v 0.014369 0.053886 0.000333
v 0.015654 0.057822 0.001843
v 0.015018 0.049046 -0.005262
v 0.013695 0.050467 -0.001719
v 0.012780 0.057779 0.009552
v 0.013885 0.057593 0.005739
v 0.008144 0.038321 -0.016616
v 0.003345 0.032436 -0.027340
v 0.007085 0.034265 -0.011832
v 0.005533 0.032333 -0.015275
v 0.002255 0.031101 -0.010937
v 0.012760 0.042310 -0.008882
v 0.001500 0.028934 -0.021021
v 0.002548 0.029632 -0.016348
v 0.010040 0.039058 -0.013713
v 0.005708 0.027801 -0.034031
v 0.006717 0.018935 -0.037064
v 0.008930 0.021441 -0.037976
v 0.007661 0.030022 -0.036485
v 0.007292 0.024212 -0.036708
v 0.001507 0.017648 -0.023156
v 0.002765 0.016474 -0.026733
v 0.002410 0.012919 -0.025033
v 0.005090 0.022559 -0.033507
v 0.004459 0.018647 -0.032150
v 0.011056 0.026000 -0.039329
v 0.007097 0.013661 -0.036482
v 0.000337 0.026630 -0.017926
v 0.000746 0.024926 -0.021774
v 0.001319 0.012341 -0.019908
v 0.012438 0.021474 -0.038006
v 0.000978 0.021088 -0.021462
v 0.000931 0.017079 -0.017613
v 0.002301 0.008175 -0.023021
v 0.000924 0.028361 -0.013228
v 0.013850 -0.000396 -0.040007
v 0.015792 -0.005868 -0.040541
v 0.007343 -0.006261 -0.033300
v 0.028458 -0.060347 0.047591
v 0.027537 -0.056148 0.045926
v 0.030180 -0.060790 0.052740
v 0.027388 -0.062867 0.040638
v 0.028342 -0.065754 0.043074
v 0.029804 -0.064363 0.050125
v 0.010188 -0.031590 0.009585
v 0.010448 -0.028670 0.013420
v 0.009041 -0.025416 0.011745
v 0.008414 -0.030738 -0.006357
v 0.008260 -0.031219 -0.001689
v 0.008375 -0.026087 -0.004697
v 0.018543 -0.022556 0.031537
v 0.020243 -0.019869 0.036327
v 0.017518 -0.018530 0.031490
v 0.023872 -0.020401 0.039831
v 0.020154 0.003475 0.027509
v 0.014837 0.000199 0.026030
v 0.028378 -0.072937 -0.044068
v 0.026015 -0.068237 -0.044164
v 0.027719 -0.069522 -0.047645
v 0.032601 0.085384 0.043238
v 0.016142 0.067857 0.031185
v 0.018241 0.071507 0.033084
v 0.018300 0.071386 0.027562
v 0.023868 0.079852 0.028834
v 0.026368 0.082685 0.028084
v 0.031961 0.086432 0.034699
v 0.020998 0.075302 0.035115
v 0.023115 0.078262 0.032579
v 0.020661 0.075123 0.031528
v 0.021429 0.075455 0.038768
v 0.019299 0.072977 0.037314
v 0.021857 0.063022 0.045260
v 0.019248 0.065435 0.044988
v 0.016787 0.063575 0.043069
v 0.021797 0.077010 0.028766
v 0.020944 0.075803 0.025582
v 0.018577 0.072322 0.041852
v 0.014997 0.066230 0.038587
v 0.017256 0.070295 0.038341
v 0.016346 0.068537 0.035378
v 0.014319 0.060630 0.038953
v 0.015930 0.056420 0.041216
v 0.015743 0.066611 0.025516
v 0.019099 0.072400 0.021414
v 0.013162 0.059056 0.036043
v 0.011963 0.053535 0.033515
v 0.013219 0.055623 0.036519
v 0.016253 0.068985 0.041484
v 0.014255 0.064944 0.034574
v 0.018965 0.072085 0.016897
v 0.017399 0.068432 0.014756
v 0.016125 0.065495 0.013349
v 0.017585 0.069778 0.023989
v 0.014281 0.064591 0.028990
v 0.012795 0.061128 0.033350
v 0.010673 0.056895 0.026705
v 0.012586 0.060860 0.027513
v 0.011855 0.059372 0.023746
v 0.021162 0.076399 0.014559
v 0.012853 0.060231 0.016880
v 0.013962 0.063479 0.025525
v 0.021367 0.076025 0.009936
v 0.013475 0.060254 0.012620
v 0.011689 0.059103 0.030488
v 0.014283 0.049074 0.037910
v 0.021936 0.046748 0.046137
v 0.021838 0.052939 0.046145
v 0.010950 0.056706 0.016065
v 0.010811 0.055578 0.030528
v 0.007808 0.050217 0.015075
v 0.006167 0.044982 0.016674
v 0.008074 0.050266 0.020329
v 0.015662 0.045995 0.039506
v 0.024464 0.050766 0.047307
v 0.013147 0.054741 0.003632
v 0.011513 0.054550 0.007574
v 0.010116 0.054427 0.012750
v 0.008565 0.049813 0.008025
v 0.008574 0.051184 0.011548
v 0.009439 0.054040 0.018967
v 0.011221 0.057807 0.019996
v 0.009500 0.053953 0.024039
v 0.011944 -0.026113 -0.036902
v 0.005438 -0.013054 -0.027103
v 0.006765 -0.010726 -0.031268
v 0.006731 -0.015368 -0.029614
v 0.009555 -0.018978 -0.034662
v 0.008063 -0.014896 -0.032940
v 0.007397 -0.022317 -0.026776
v 0.007548 -0.018848 -0.030178
v 0.008977 -0.027868 -0.028024
v 0.008478 -0.024562 -0.029589
v 0.006196 -0.017665 -0.025537
v 0.004630 -0.007293 -0.026996
v 0.008285 -0.021161 -0.020235
v 0.009020 -0.019248 -0.016536
v 0.007881 -0.015762 -0.018137
v 0.004362 -0.010250 -0.023894
v 0.003404 -0.002195 -0.024358
v 0.010227 -0.032530 -0.031466
v 0.010467 -0.032215 -0.015619
v 0.009088 -0.030443 -0.011232
v 0.011743 -0.040661 -0.024290
v 0.005557 -0.014542 -0.023892
v 0.007214 -0.020536 -0.023622
v 0.008179 -0.025525 -0.025310
v 0.009199 -0.022504 -0.006875
v 0.008975 -0.020869 -0.010501
v 0.008636 -0.025820 -0.009602
v 0.009739 -0.015553 -0.014574
v 0.010404 -0.022283 -0.013975
v 0.006878 -0.017280 -0.021554
v 0.016030 -0.051936 -0.029793
v 0.020842 -0.061844 -0.031451
v 0.021757 -0.063516 -0.035045
v 0.016648 -0.058493 -0.008462
v 0.017988 -0.061873 -0.007814
v 0.015985 -0.056964 -0.005123
v 0.013524 -0.050096 -0.015397
v 0.011029 -0.034189 -0.019954
v 0.010198 -0.032340 -0.024276
v 0.010460 -0.037813 -0.016344
v 0.011041 -0.038789 -0.021378
v 0.026261 -0.070803 0.024544
v 0.025006 -0.061733 0.016981
v 0.025091 -0.066630 0.018158
v 0.025161 -0.061937 0.021725
v 0.025787 -0.066569 0.022535
v 0.022840 -0.066304 0.008432
v 0.024252 -0.065409 0.013354
v 0.012480 -0.048055 -0.010187
v 0.022939 -0.063199 0.010612
v 0.021010 -0.063078 0.004677
v 0.024811 -0.057658 0.018077
v 0.010768 -0.042695 -0.010544
v 0.022152 -0.059527 0.010194
v 0.025698 -0.056638 0.029414
v 0.025433 -0.057904 0.025460
v 0.026311 -0.064580 0.033052
v 0.022417 -0.045974 0.021343
v 0.024908 -0.045875 0.025374
v 0.022067 -0.042538 0.023584
v 0.014656 -0.053254 -0.010676
v 0.013878 -0.050794 -0.006865
v 0.027044 -0.058393 0.041885
v 0.026510 -0.057653 0.038515
v 0.020656 -0.058697 -0.038470
v 0.019817 -0.052111 -0.041439
v 0.025473 -0.061350 -0.047863
v 0.023679 -0.066561 -0.036932
v 0.028163 -0.077678 -0.030777
v 0.019273 -0.056572 -0.035700
v 0.026734 -0.077164 -0.017641
v 0.026716 -0.076752 -0.022940
v 0.028740 -0.080224 -0.019486
v 0.020900 -0.064681 -0.026753
v 0.018050 -0.054912 -0.032387
v 0.018129 -0.051297 -0.037909
v 0.026382 -0.074120 -0.031582
v 0.010906 0.039270 -0.010103
v 0.006284 0.043778 0.003405
v 0.005992 0.044860 0.007335
v 0.002013 0.022244 0.000058
v 0.002298 0.017876 -0.002493
v 0.003071 0.018715 0.001234
v 0.003474 0.036761 -0.002053
v 0.007161 0.040231 -0.003522
v 0.000676 0.019052 -0.011510
v 0.000377 0.022131 -0.009122
v 0.001796 0.007862 -0.018243
v 0.002070 0.004015 -0.019882
v 0.015745 0.008643 0.033415
v 0.001031 0.013061 -0.013790
v 0.000832 0.016588 -0.014101
v 0.024606 0.012150 0.035815
v 0.001284 0.014762 -0.010197
v 0.010452 -0.013185 0.025077
v 0.012158 -0.009816 0.029214
v 0.009193 -0.008943 0.025876
v 0.019676 -0.043135 0.020130
v 0.017080 -0.041000 0.017539
v 0.019024 -0.045946 0.017021
v 0.023956 -0.024260 0.037572
v 0.028736 0.014136 0.038021
v 0.029900 0.012166 0.034466
v 0.023744 0.014185 0.038629
v 0.003766 0.039374 0.006439
v 0.014994 0.020778 0.037489
v 0.016970 0.016988 0.038579
v 0.012630 -0.002125 0.028691
v 0.020060 0.009354 0.032788
v 0.018494 0.006375 0.030148
v 0.012124 0.044578 0.033291
v 0.013216 0.040316 0.034467
v 0.014929 0.042627 0.038034
v 0.006631 0.047233 0.011469
v 0.013258 0.024364 0.035259
v 0.015437 0.037604 0.037297
v 0.021464 0.041121 0.044723
v 0.030366 0.046077 0.049792
v 0.026136 0.046277 0.048306
v 0.015802 0.033112 0.036871
v 0.002159 0.012230 -0.007331
v 0.002301 0.008840 -0.009723
v 0.003992 0.008273 -0.004635
v 0.001753 0.008615 -0.013794
v 0.013806 0.005815 0.030607
v 0.013185 0.016332 0.036164
v 0.013097 0.011613 0.035304
v 0.014634 0.029344 0.035432
v 0.011575 0.018521 0.032516
v 0.013748 0.013041 0.030452
v 0.007110 0.045245 0.021456
v 0.009471 -0.029000 -0.024800
v 0.009422 -0.026767 -0.022137
v 0.009675 -0.036638 -0.011370
v 0.009048 -0.033605 -0.008960
v 0.011177 -0.042809 -0.006963
v 0.011900 -0.044713 -0.004020
v 0.009127 -0.034554 -0.004936
v 0.010021 -0.039404 -0.006562
v 0.011159 -0.041173 -0.018290
v 0.010855 -0.040945 -0.002971
v 0.009009 -0.022693 -0.001127
v 0.010091 -0.019802 -0.003765
v 0.012081 -0.033157 0.013857
v 0.004018 -0.007239 -0.020701
v 0.003737 -0.005702 -0.023880
v 0.009378 -0.018265 -0.007462
v 0.010363 -0.013277 -0.004396
v 0.014621 -0.051443 -0.023069
v 0.015330 -0.055309 -0.015280
v 0.014323 -0.052016 -0.018929
v 0.003679 0.005086 -0.008829
v 0.002202 0.004295 -0.015083
v 0.002501 -0.000025 -0.019011
v 0.004143 -0.004051 -0.017030
v 0.003254 0.000131 -0.014755
v 0.007592 -0.009190 -0.015522
v 0.005969 -0.009835 -0.018868
v 0.006134 -0.013175 -0.020635
v 0.016001 -0.053401 -0.026175
v 0.015747 -0.054574 -0.021784
v 0.006298 0.003860 -0.003103
v 0.005194 0.002503 -0.006508
v 0.008567 0.000183 -0.002574
v 0.006522 -0.005521 -0.014142
v 0.006891 -0.000909 -0.006457
v 0.009983 -0.009332 -0.006905
v 0.011195 -0.008972 -0.001092
v 0.010005 -0.004675 -0.004303
v 0.008394 0.023347 0.019596
v 0.007168 0.026807 0.020005
v 0.007174 0.021908 0.015821
v 0.004109 0.001519 -0.010928
v 0.004725 0.028881 0.014215
v 0.004243 0.033028 0.013921
v 0.003507 0.030275 0.010637
v 0.009265 -0.009460 -0.011351
v 0.008564 -0.005353 -0.009579
v 0.005605 -0.002184 -0.012014
v 0.009366 -0.018441 0.000010
v 0.010889 -0.014302 0.000151
v 0.006835 0.006181 -0.000091
v 0.006844 0.008652 0.003067
v 0.004972 0.009451 -0.000657
v 0.009378 -0.013673 -0.008977
v 0.010705 -0.001824 0.000645
v 0.008844 0.003602 0.001829
v 0.027576 -0.051333 0.047023
v 0.028864 -0.032127 0.047420
v 0.016755 -0.050715 0.005893
v 0.015576 -0.051351 0.001764
v 0.017710 -0.054248 0.003852
v 0.022633 -0.068629 -0.026015
v 0.019896 -0.064065 -0.021361
v 0.022965 -0.072236 -0.010353
v 0.022265 -0.071908 -0.006459
v 0.020870 -0.068954 -0.012174
v 0.017352 -0.057669 -0.022421
v 0.008382 0.044029 -0.000634
v 0.012486 0.031918 0.033113
v 0.005359 0.040883 0.000662
v 0.001536 0.032123 -0.003050
v 0.003329 0.037306 0.002415
v 0.006237 0.040573 0.020248
v 0.005489 0.041150 0.016495
v 0.005036 0.042803 0.011389
v 0.003717 0.037517 0.009858
v 0.005190 0.024883 0.013608
v 0.005591 0.029531 0.018137
v 0.008419 0.041007 0.027571
v 0.009537 0.045078 0.029516
v 0.007778 0.044273 0.025311
v 0.009484 0.051779 0.028083
v 0.011018 0.050069 0.032085
v 0.004606 0.038702 0.013539
v 0.004849 0.036027 0.015737
v 0.003067 0.033861 0.008425
v 0.002535 0.034679 0.004857
v 0.002476 0.030623 0.006444
v 0.001740 0.031562 0.002877
v 0.001825 0.031588 -0.007360
v 0.003092 0.027128 0.007671
v 0.001985 0.026879 0.003098
v 0.003292 0.012961 -0.002328
v 0.004894 0.020721 0.008656
v 0.003135 0.023195 0.005354
v 0.004472 0.016063 0.003654
v 0.000991 0.021762 -0.005317
v 0.008213 0.048309 0.025166
v 0.004249 0.024300 0.009926
v 0.006024 0.016416 0.007873
v 0.007181 0.040609 0.023961
v 0.007103 0.036786 0.024132
v 0.005607 0.035097 0.019017
v 0.009010 0.035921 0.029031
v 0.010698 0.041152 0.031159
v 0.012665 0.048012 0.034701
v 0.018742 0.041620 0.042365
v 0.018054 0.045196 0.042262
v 0.012140 0.035994 0.033405
v 0.001360 0.017337 -0.007145
v 0.005189 0.012279 0.002291
v 0.009768 0.030530 0.030456
v 0.008521 0.031140 0.026665
v 0.009906 0.005995 0.006329
v 0.008361 0.009697 0.006659
v 0.007350 -0.013980 0.018585
v 0.008064 -0.011018 0.021973
v 0.006416 -0.010145 0.018310
v 0.015891 -0.020168 0.027861
v 0.016047 0.003729 0.027855
v 0.011574 -0.007435 0.003077
v 0.011652 -0.003913 0.003311
v 0.010943 -0.005266 -0.000748
v 0.010856 -0.005906 0.028871
v 0.015899 -0.056239 -0.018668
v 0.017686 -0.059254 -0.019286
v 0.014744 -0.047662 0.004476
v 0.014466 -0.041780 0.011323
v 0.016433 -0.045401 0.012383
v 0.015071 -0.039857 0.014551
v 0.015874 -0.054308 -0.002510
v 0.011272 -0.040006 0.001901
v 0.012034 -0.043525 -0.000122
v 0.018983 -0.060346 0.000662
v 0.017089 -0.056934 -0.000293
v 0.018831 -0.062578 -0.002675
v 0.014164 -0.051044 -0.002319
v 0.013415 -0.047735 0.000771
v 0.012865 -0.044298 0.003755
v 0.007748 -0.026935 -0.000312
v 0.009750 -0.035077 0.002971
v 0.009749 -0.037212 -0.001855
v 0.009416 -0.032340 0.005806
v 0.008408 -0.030002 0.002863
v 0.014658 -0.044606 0.008098
v 0.012749 -0.041706 0.006589
v 0.016694 -0.048090 0.009164
v 0.008410 -0.028071 0.006967
v 0.007467 -0.023687 0.003487
v 0.014738 -0.036583 0.016459
v 0.014118 -0.032144 0.018259
v 0.011585 -0.038081 0.006761
v 0.011565 -0.035185 0.009346
v 0.019065 -0.058192 0.004055
v 0.017224 -0.058945 -0.012109
v 0.021467 -0.067285 0.004775
v 0.019802 -0.064134 0.001116
v 0.016836 -0.035091 0.020894
v 0.013276 -0.037694 0.011672
v 0.018643 -0.063335 -0.016548
v 0.017129 -0.060028 -0.015685
v 0.020456 -0.068477 -0.005649
v 0.019518 -0.065487 -0.008019
v 0.022956 -0.054969 0.015412
v 0.018753 -0.050932 0.010370
v 0.019455 -0.050309 0.013963
v 0.013983 -0.029274 0.020718
v 0.011752 -0.027961 0.017987
v 0.019773 -0.066320 -0.002514
v 0.021685 -0.051621 0.016799
v 0.022977 -0.049783 0.019903
v 0.024697 -0.041856 0.027325
v 0.026150 -0.043518 0.030243
v 0.024677 -0.038014 0.029615
v 0.021738 -0.034917 0.028778
v 0.021682 -0.038741 0.026176
v 0.028411 -0.078839 -0.026885
v 0.022681 -0.070107 -0.021770
v 0.024672 -0.072390 -0.025127
v 0.024748 -0.073671 -0.018373
v 0.021259 -0.068721 -0.017712
v 0.019666 -0.064840 -0.011882
v 0.022989 -0.071625 -0.014789
v 0.028995 -0.081224 -0.007082
v 0.025652 -0.075721 -0.013956
v 0.027265 -0.078422 -0.010121
v 0.024772 -0.075483 -0.007881
v 0.029281 -0.080454 -0.023397
v 0.026528 -0.075206 -0.027576
v 0.006598 0.031799 0.022312
v 0.007824 0.026796 0.023639
v 0.011537 0.027926 0.032983
v 0.010092 0.023313 0.030464
v 0.008870 0.026855 0.028002
v 0.011214 0.000806 0.003862
v 0.006476 0.013121 0.005856
v 0.011539 -0.007073 0.007514
v 0.012474 0.001696 0.007754
v 0.013315 0.007155 0.013132
v 0.010962 0.008320 0.009761
v 0.010860 0.003066 0.027407
v 0.012417 0.017481 0.028368
v 0.008344 0.012804 0.009233
v 0.006804 0.018380 0.011419
v 0.012199 0.002440 0.013513
v 0.009672 0.004556 0.018123
v 0.012925 0.014047 0.021185
v 0.011902 0.013953 0.016963
v 0.013412 0.009816 0.020280
v 0.013509 0.009741 0.016246
v 0.011380 0.011318 0.013225
v 0.019020 -0.033661 0.025625
v 0.015806 -0.029356 0.024018
v 0.020733 -0.024477 0.034484
v 0.019237 -0.026866 0.031107
v 0.028404 -0.036307 0.046954
v 0.028538 -0.039941 0.048033
v 0.020495 -0.030937 0.030058
v 0.026509 -0.027801 0.038478
v 0.027914 -0.039187 0.043871
v 0.028414 -0.034663 0.043945
v 0.027862 -0.036303 0.040985
v 0.026222 -0.031370 0.036012
v 0.027462 -0.032434 0.039735
v 0.027112 -0.049858 0.042945
v 0.027156 -0.046168 0.037715
v 0.028065 -0.042846 0.045606
v 0.010946 0.009426 0.031667
v 0.008621 0.006219 0.027378
v 0.008270 -0.020611 0.015388
v 0.009974 -0.024735 0.015505
v 0.010634 -0.021859 0.020446
v 0.017730 -0.028847 0.027715
v 0.016887 -0.024333 0.028158
v 0.007395 -0.020959 0.011391
v 0.013837 -0.022049 0.024582
v 0.012790 -0.025294 0.021919
v 0.015063 -0.025699 0.025026
v 0.010570 -0.000450 0.024554
v 0.008837 -0.011722 0.009478
v 0.006881 -0.016882 0.011217
v 0.006636 -0.012243 0.014739
v 0.011598 -0.017374 0.023906
v 0.008799 -0.017382 0.019946
v 0.025958 -0.053558 0.032320
v 0.023615 -0.074437 -0.003703
v 0.009244 0.014751 0.012706
v 0.023454 -0.027973 0.035109
v 0.023022 -0.030736 0.032719
v 0.026468 -0.047158 0.030186
v 0.007380 0.002383 0.020660
v 0.010989 0.006325 0.022290
v 0.019059 -0.039106 0.022196
v 0.025017 -0.033817 0.032635
v 0.027152 -0.035477 0.037048
v 0.027473 -0.041309 0.038882
v 0.027052 -0.039244 0.035312
v 0.026050 -0.050816 0.029842
v 0.014295 -0.014889 0.028035
v 0.027372 -0.044626 0.042017
v 0.026927 -0.043096 0.033785
v 0.026343 -0.049985 0.034577
v 0.027504 -0.047118 0.045831
v 0.006413 -0.000894 0.024318
v 0.007140 0.004489 0.024195
v 0.008220 -0.003805 0.026559
v 0.007218 -0.006493 0.016594
v 0.006388 -0.006394 0.021584
v 0.007230 -0.016435 0.015468
v 0.012195 -0.002684 0.006574
v 0.008019 -0.009896 0.012433
v 0.007976 -0.015236 0.007749
v 0.010708 -0.012133 0.004782
v 0.009433 -0.006630 0.012076
v 0.012127 -0.001332 0.010420
v 0.009175 0.023187 0.023370
v 0.010631 0.020573 0.025791
v 0.008612 0.018009 0.015090
v 0.010863 0.018138 0.020475
v 0.011864 0.017426 0.024052
v 0.010372 -0.002033 0.014005
v 0.008904 0.000472 0.017143
v 0.013290 0.010772 0.023988
v 0.011724 0.008366 0.026498
v 0.013362 0.014290 0.025520
v 0.006732 -0.001653 0.020243
v 0.008142 -0.020205 0.002884
v 0.009251 -0.015977 0.003674
v 0.007506 -0.018903 0.006179
v 0.007614 -0.023858 0.008454
v 0.051798 -0.095977 -0.071171
v 0.051742 -0.095453 -0.065467
v 0.050449 -0.096400 -0.059958
v 0.052441 -0.096877 -0.071067
v 0.052561 -0.096193 -0.065390
v 0.051514 -0.096612 -0.059754
v 0.053347 -0.097058 -0.065306
v 0.049234 -0.096699 -0.054341
v 0.048139 -0.095191 -0.037253
v 0.049020 -0.096421 -0.048598
v 0.050190 -0.097237 -0.054197
v 0.049206 -0.096746 -0.042782
v 0.048866 -0.095701 -0.042909
v 0.049458 -0.097428 -0.048493
v 0.052954 -0.097925 -0.070962
v 0.054171 -0.098053 -0.065217
v 0.052032 -0.097660 -0.059750
v 0.053687 -0.098981 -0.070829
v 0.054847 -0.098892 -0.065146
v 0.052998 -0.098512 -0.059628
v 0.052220 -0.098610 -0.053956
v 0.053776 -0.099252 -0.059530
v 0.051130 -0.097926 -0.054089
v 0.050514 -0.097916 -0.048381
v 0.050323 -0.097088 -0.042704
v 0.051686 -0.098448 -0.048257
v 0.052722 -0.098728 -0.048153
v 0.050302 -0.095867 -0.037107
v 0.051562 -0.097452 -0.042617
v 0.051428 -0.096492 -0.036975
v 0.052317 -0.098207 -0.042469
v 0.049167 -0.095589 -0.037172
v 0.053127 -0.099181 -0.053843
v 0.048329 -0.093581 -0.031770
v 0.047594 -0.093358 -0.026125
v 0.049261 -0.094160 -0.031635
v 0.050218 -0.094816 -0.031482
v 0.048319 -0.094185 -0.026002
v 0.047167 -0.092783 -0.020492
v 0.049190 -0.094954 -0.025860
v 0.047087 -0.091745 -0.014917
v 0.046312 -0.091294 -0.003721
v 0.048040 -0.093446 -0.020352
v 0.047989 -0.091055 -0.009248
v 0.046971 -0.090631 -0.009348
v 0.046262 -0.090991 0.001952
v 0.047355 -0.090937 -0.003597
v 0.048179 -0.091922 -0.014866
v 0.047082 -0.091732 0.002013
v 0.051213 -0.095627 -0.031322
v 0.049050 -0.094023 -0.020224
v 0.049259 -0.092364 -0.014770
v 0.050167 -0.095789 -0.025701
v 0.052043 -0.096302 -0.031188
v 0.050327 -0.094242 -0.020202
v 0.051027 -0.095035 -0.019996
v 0.051057 -0.096381 -0.025553
v 0.049057 -0.091524 -0.009137
v 0.048235 -0.091528 0.002107
v 0.048523 -0.091020 -0.003511
v 0.049486 -0.093626 -0.014586
v 0.049822 -0.092559 -0.008987
v 0.047976 -0.092189 -0.003630
v 0.047939 -0.091933 0.007748
v 0.049840 -0.094632 -0.014419
v 0.046152 -0.090708 0.007609
v 0.052179 -0.097251 -0.036828
v 0.054196 -0.099928 -0.070732
v 0.055422 -0.099689 -0.065084
v 0.054481 -0.099932 -0.059440
v 0.056100 -0.100785 -0.064994
v 0.054671 -0.100789 -0.070644
v 0.055199 -0.100060 -0.053620
v 0.054028 -0.099567 -0.053746
v 0.055503 -0.100695 -0.059301
v 0.053670 -0.098976 -0.048065
v 0.053260 -0.098474 -0.042378
v 0.052870 -0.097941 -0.036694
v 0.054405 -0.098997 -0.042249
v 0.054795 -0.099554 -0.047933
v 0.054039 -0.098392 -0.036571
v 0.053682 -0.097792 -0.030893
v 0.054741 -0.099168 -0.036440
v 0.055254 -0.099618 -0.042127
v 0.052795 -0.096923 -0.031064
v 0.056401 -0.101811 -0.064892
v 0.055248 -0.101851 -0.070551
v 0.056413 -0.101248 -0.059193
v 0.056088 -0.100639 -0.053507
v 0.056132 -0.104635 -0.070288
v 0.055694 -0.102773 -0.070472
v 0.056043 -0.103642 -0.064676
v 0.055594 -0.102942 -0.059043
v 0.055699 -0.100100 -0.047818
v 0.054321 -0.101292 -0.042070
v 0.053860 -0.100880 -0.036393
v 0.055177 -0.102300 -0.053399
v 0.054756 -0.101756 -0.047740
v 0.054142 -0.098729 -0.030761
v 0.051891 -0.096884 -0.025415
v 0.050244 -0.095517 -0.014267
v 0.051631 -0.095790 -0.019807
v 0.053056 -0.097290 -0.025230
v 0.050870 -0.096562 -0.014057
v 0.052349 -0.096776 -0.019578
v 0.050245 -0.094544 -0.008635
v 0.050111 -0.093584 -0.008813
v 0.047559 -0.093179 -0.003731
v 0.048322 -0.092817 0.001997
v 0.050351 -0.095750 -0.008421
v 0.046876 -0.095271 -0.003905
v 0.047208 -0.094095 -0.003818
v 0.047695 -0.094770 0.001834
v 0.046906 -0.095698 0.001795
v 0.046643 -0.096275 -0.003970
v 0.046909 -0.096723 0.001708
v 0.053392 -0.098274 -0.025102
v 0.052459 -0.099982 -0.025093
v 0.051558 -0.099465 -0.019473
v 0.052566 -0.097790 -0.019456
v 0.053358 -0.100498 -0.030714
v 0.051578 -0.097292 -0.013838
v 0.050391 -0.096773 -0.008265
v 0.049349 -0.098448 -0.008338
v 0.047624 -0.097678 -0.002964
v 0.050537 -0.098958 -0.013884
v 0.044991 -0.096192 0.001869
v 0.048068 -0.093861 0.001907
v 0.047214 -0.091020 0.007636
v 0.046004 -0.090625 0.013260
v 0.046898 -0.091279 0.013278
v 0.045875 -0.090706 0.018912
v 0.046782 -0.091342 0.018931
v 0.046527 -0.092388 0.013238
v 0.045346 -0.091313 0.024515
v 0.044861 -0.091719 0.030144
v 0.046298 -0.091877 0.024553
v 0.047115 -0.092717 0.024552
v 0.045029 -0.091773 0.035793
v 0.045497 -0.092626 0.030124
v 0.046042 -0.092218 0.035771
v 0.046254 -0.093522 0.030123
v 0.044807 -0.092023 0.041437
v 0.046256 -0.092389 0.018929
v 0.048109 -0.093215 0.007674
v 0.047157 -0.093520 0.013277
v 0.048011 -0.094287 0.007596
v 0.047809 -0.095248 0.007526
v 0.046534 -0.094385 0.013112
v 0.046096 -0.093674 0.018873
v 0.046487 -0.095369 0.013083
v 0.047422 -0.093969 0.024417
v 0.046657 -0.093214 0.035800
v 0.046239 -0.093251 0.041485
v 0.047265 -0.094334 0.030104
v 0.046247 -0.094739 0.018805
v 0.046853 -0.094494 0.035793
v 0.045672 -0.094410 0.041364
v 0.046295 -0.094800 0.030040
v 0.047152 -0.095013 0.024425
v 0.045908 -0.092127 0.041451
v 0.045814 -0.094771 0.035712
v 0.044640 -0.092091 0.047107
v 0.045715 -0.092360 0.047083
v 0.045105 -0.091694 0.052722
v 0.045889 -0.092478 0.052722
v 0.045058 -0.093333 0.047051
v 0.046003 -0.091310 0.063804
v 0.046344 -0.091271 0.069454
v 0.045438 -0.091727 0.058331
v 0.045796 -0.090685 0.058206
v 0.047076 -0.091584 0.063764
v 0.046821 -0.091036 0.075102
v 0.047308 -0.091814 0.069454
v 0.046858 -0.092144 0.075149
v 0.044964 -0.093199 0.052729
v 0.045762 -0.094221 0.052766
v 0.045486 -0.092906 0.058372
v 0.045398 -0.094200 0.058455
v 0.045534 -0.095486 0.041373
v 0.045865 -0.094344 0.047059
v 0.044987 -0.094970 0.052775
v 0.045291 -0.095259 0.047077
v 0.047717 -0.093964 0.063667
v 0.047425 -0.092702 0.063713
v 0.047807 -0.092872 0.069411
v 0.047347 -0.093201 0.075087
v 0.048265 -0.094084 0.069364
v 0.047628 -0.094460 0.075056
v 0.048567 -0.095120 0.069322
v 0.047893 -0.095028 0.063637
v 0.045475 -0.095276 0.058462
v 0.048040 -0.095454 0.075010
v 0.047480 -0.096412 0.007432
v 0.046825 -0.095539 0.018771
v 0.046763 -0.095918 0.024451
v 0.046808 -0.096740 0.018745
v 0.046009 -0.096845 0.024387
v 0.046482 -0.096576 0.013051
v 0.045402 -0.095205 0.029945
v 0.044970 -0.095276 0.035641
v 0.044764 -0.096210 0.029922
v 0.044551 -0.095414 0.041335
v 0.045034 -0.097095 0.024250
v 0.044984 -0.096459 0.035626
v 0.044200 -0.096539 0.041286
v 0.044798 -0.097447 0.035587
v 0.044098 -0.097535 0.041256
v 0.044350 -0.095567 0.047040
v 0.044273 -0.097092 0.029910
v 0.046906 -0.097259 0.007380
v 0.046810 -0.097543 0.013068
v 0.046399 -0.097671 0.018745
v 0.045012 -0.097908 0.007314
v 0.044957 -0.098329 0.013006
v 0.043932 -0.098801 0.024149
v 0.043960 -0.099320 0.035535
v 0.043883 -0.099097 0.029844
v 0.044392 -0.097439 0.018621
v 0.044171 -0.099596 0.041216
v 0.044075 -0.096705 0.047000
v 0.044758 -0.095927 0.052732
v 0.045009 -0.097062 0.052631
v 0.046295 -0.097240 0.058197
v 0.045825 -0.096189 0.058345
v 0.048232 -0.097139 0.063569
v 0.047039 -0.097866 0.057996
v 0.048048 -0.096000 0.063608
v 0.048804 -0.096076 0.069285
v 0.048323 -0.096398 0.074984
v 0.048983 -0.097210 0.069233
v 0.048797 -0.097513 0.074950
v 0.049048 -0.098334 0.074933
v 0.048920 -0.098192 0.069222
v 0.048336 -0.098120 0.063547
v 0.044205 -0.097693 0.046958
v 0.045723 -0.097729 0.052450
v 0.045267 -0.099760 0.052527
v 0.044591 -0.099728 0.046887
v 0.046167 -0.099764 0.058126
v 0.047246 -0.099913 0.063688
v 0.048342 -0.100222 0.069244
v 0.049112 -0.098670 0.074928
v 0.050684 -0.098683 0.074205
v 0.045146 -0.091369 0.069630
v 0.045004 -0.091840 0.063930
v 0.045141 -0.092474 0.069716
v 0.044584 -0.092857 0.064040
v 0.045259 -0.093638 0.069758
v 0.044127 -0.092342 0.052792
v 0.043503 -0.091762 0.058433
v 0.043255 -0.093021 0.052767
v 0.043290 -0.092847 0.058477
v 0.043683 -0.093326 0.047088
v 0.043337 -0.092277 0.047134
v 0.043694 -0.092327 0.041435
v 0.043194 -0.093313 0.041401
v 0.044088 -0.093909 0.064161
v 0.045584 -0.094892 0.069741
v 0.043682 -0.095206 0.058456
v 0.043190 -0.094011 0.058515
v 0.044699 -0.095047 0.064087
v 0.045861 -0.095935 0.069731
v 0.043861 -0.096269 0.058454
v 0.044914 -0.096103 0.064083
v 0.042895 -0.094133 0.052807
v 0.043265 -0.094418 0.047110
v 0.043274 -0.094480 0.041399
v 0.042537 -0.095376 0.052851
v 0.042433 -0.095410 0.047126
v 0.042449 -0.095477 0.041397
v 0.042936 -0.096362 0.047133
v 0.043748 -0.093285 0.035721
v 0.042722 -0.096438 0.052847
v 0.043954 -0.092198 0.035755
v 0.043514 -0.091874 0.030095
v 0.043260 -0.092951 0.030050
v 0.044445 -0.092913 0.024460
v 0.044307 -0.091819 0.024470
v 0.043034 -0.094097 0.029998
v 0.042870 -0.094057 0.035715
v 0.045070 -0.091546 0.018861
v 0.045163 -0.091475 0.013217
v 0.044700 -0.092587 0.018765
v 0.045311 -0.091565 0.007575
v 0.045336 -0.091770 0.001912
v 0.044949 -0.092612 0.007601
v 0.044104 -0.091795 0.013155
v 0.044865 -0.092772 0.001940
v 0.043620 -0.095250 0.030022
v 0.044129 -0.094037 0.024384
v 0.044053 -0.093560 0.018689
v 0.043764 -0.095275 0.024297
v 0.043288 -0.095282 0.035735
v 0.043379 -0.096355 0.035711
v 0.042927 -0.095952 0.024286
v 0.043178 -0.096233 0.029994
v 0.043239 -0.092582 0.013122
v 0.044930 -0.093941 0.001962
v 0.043824 -0.092895 0.007453
v 0.042885 -0.094110 0.018765
v 0.042391 -0.093559 0.013094
v 0.042759 -0.093628 0.007385
v 0.045965 -0.093948 -0.003641
v 0.041967 -0.094675 0.018793
v 0.045369 -0.091965 -0.003740
v 0.043033 -0.096384 0.041418
v 0.046175 -0.096868 0.069704
v 0.045037 -0.097079 0.064089
v 0.046612 -0.098081 0.069663
v 0.044402 -0.098449 0.058415
v 0.043980 -0.097245 0.058461
v 0.045535 -0.098259 0.064032
v 0.042887 -0.097408 0.052842
v 0.042584 -0.097281 0.047129
v 0.042936 -0.097363 0.041415
v 0.042670 -0.098542 0.047091
v 0.043314 -0.098603 0.052789
v 0.042172 -0.098362 0.041382
v 0.042017 -0.098022 0.035662
v 0.042826 -0.099587 0.047057
v 0.042399 -0.099390 0.041324
v 0.047123 -0.099021 0.069570
v 0.045638 -0.099323 0.064047
v 0.044453 -0.099514 0.058436
v 0.043518 -0.099645 0.052768
v 0.042214 -0.096432 0.030025
v 0.041727 -0.095617 0.018625
v 0.041943 -0.095987 0.024327
v 0.041907 -0.097638 0.029945
v 0.042553 -0.096891 0.035721
v 0.042153 -0.096773 0.018534
v 0.041902 -0.097224 0.024232
v 0.042830 -0.094900 0.013068
v 0.041918 -0.094528 0.013075
v 0.042440 -0.094658 0.007370
v 0.043663 -0.093801 0.001740
v 0.042525 -0.095641 0.007404
v 0.043706 -0.095761 0.013131
v 0.043593 -0.096238 0.007453
v 0.043392 -0.095780 0.001748
v 0.043310 -0.097227 0.007533
v 0.044275 -0.096627 0.013130
v 0.043581 -0.096982 0.001793
v 0.042183 -0.099056 0.035594
v 0.042131 -0.098659 0.029873
v 0.042211 -0.098217 0.024163
v 0.042592 -0.097714 0.018482
v 0.044135 -0.097841 0.001924
v 0.046100 -0.092785 -0.003604
v 0.046402 -0.091847 -0.009296
v 0.047119 -0.092685 -0.009203
v 0.046153 -0.092629 -0.014894
v 0.047141 -0.093123 -0.014873
v 0.047037 -0.093852 -0.009235
v 0.046596 -0.093970 -0.026112
v 0.047412 -0.094633 -0.031687
v 0.045907 -0.093344 -0.020517
v 0.046334 -0.094355 -0.020366
v 0.047311 -0.094800 -0.025962
v 0.047188 -0.095709 -0.031559
v 0.046829 -0.095406 -0.020212
v 0.047030 -0.095573 -0.037307
v 0.048049 -0.093863 -0.014850
v 0.044696 -0.094028 -0.003880
v 0.045872 -0.094372 -0.009454
v 0.043269 -0.094804 0.001706
v 0.044222 -0.094996 -0.003928
v 0.045523 -0.095392 -0.009474
v 0.044609 -0.095896 -0.003833
v 0.048314 -0.095097 -0.014563
v 0.047949 -0.095769 -0.025809
v 0.048332 -0.095950 -0.031523
v 0.047583 -0.097011 -0.025810
v 0.048005 -0.096132 -0.014565
v 0.048033 -0.095882 -0.020220
v 0.049118 -0.096958 -0.031330
v 0.048040 -0.097247 -0.037102
v 0.048210 -0.097878 -0.025692
v 0.048944 -0.096457 -0.020197
v 0.047027 -0.096669 -0.037178
v 0.049157 -0.098033 -0.031339
v 0.047205 -0.096188 -0.043008
v 0.047150 -0.097287 -0.042914
v 0.047908 -0.096644 -0.048700
v 0.048243 -0.097690 -0.042833
v 0.047529 -0.097678 -0.048686
v 0.048000 -0.096486 -0.054474
v 0.048546 -0.098239 -0.048561
v 0.049230 -0.096625 -0.060098
v 0.050428 -0.096473 -0.065671
v 0.048362 -0.097529 -0.054405
v 0.049165 -0.097726 -0.060111
v 0.050434 -0.097575 -0.065732
v 0.049300 -0.098212 -0.054268
v 0.049476 -0.098068 -0.042743
v 0.050404 -0.098868 -0.054116
v 0.049682 -0.098841 -0.048424
v 0.050219 -0.097953 -0.036972
v 0.049328 -0.097355 -0.037052
v 0.050658 -0.099283 -0.048311
v 0.050123 -0.098920 -0.042620
v 0.049945 -0.098583 -0.059967
v 0.051051 -0.098560 -0.065606
v 0.050837 -0.099505 -0.059804
v 0.051710 -0.099667 -0.065478
v 0.052278 -0.100577 -0.065367
v 0.051815 -0.099937 -0.059682
v 0.051312 -0.099435 -0.053994
v 0.046420 -0.095738 -0.009249
v 0.047360 -0.096849 -0.014770
v 0.049453 -0.097291 -0.020063
v 0.047350 -0.096452 -0.008965
v 0.047980 -0.097835 -0.014471
v 0.049606 -0.098467 -0.019893
v 0.045217 -0.096935 -0.003688
v 0.048919 -0.098557 -0.025610
v 0.050126 -0.098016 -0.031171
v 0.049783 -0.099368 -0.025513
v 0.051091 -0.098687 -0.031034
v 0.051726 -0.098910 -0.036715
v 0.051880 -0.099301 -0.030921
v 0.049689 -0.099478 -0.019772
v 0.052425 -0.099618 -0.036603
v 0.050579 -0.099976 -0.025395
v 0.045842 -0.097728 -0.003517
v 0.048098 -0.097102 -0.008720
v 0.048723 -0.098530 -0.014219
v 0.050554 -0.098865 -0.036816
v 0.051084 -0.099108 -0.042519
v 0.051568 -0.099639 -0.048198
v 0.052141 -0.099951 -0.053881
v 0.052688 -0.099939 -0.048075
v 0.053117 -0.100564 -0.053749
v 0.053391 -0.101319 -0.059419
v 0.052213 -0.099393 -0.042397
v 0.052431 -0.100694 -0.059551
v 0.052882 -0.101341 -0.065233
v 0.053573 -0.102243 -0.065070
v 0.054192 -0.102988 -0.064913
v 0.053788 -0.102209 -0.059271
v 0.052704 -0.100253 -0.042276
v 0.053046 -0.100857 -0.047950
v 0.053409 -0.101499 -0.053615
v 0.053501 0.104041 0.064399
v 0.055512 0.103333 0.069765
v 0.056515 0.104635 0.069413
v 0.055029 0.103695 0.063954
v 0.051860 0.103831 0.058912
v 0.052444 0.102317 0.059042
v 0.052624 0.103587 0.064685
v 0.054808 0.102604 0.069944
v 0.050908 0.103575 0.059202
v 0.053975 0.101934 0.070146
v 0.049749 0.102574 0.053750
v 0.050799 0.101334 0.053657
v 0.050729 0.101771 0.047953
v 0.049408 0.102715 0.048057
v 0.050153 0.101862 0.042252
v 0.049193 0.101230 0.036636
v 0.047657 0.101722 0.036842
v 0.048574 0.102203 0.042445
v 0.049236 0.103468 0.053722
v 0.048034 0.101339 0.042605
v 0.048381 0.102734 0.048118
v 0.048157 0.100566 0.031046
v 0.051782 0.102947 0.064936
v 0.053081 0.101163 0.070369
v 0.050193 0.102784 0.059423
v 0.050824 0.102281 0.065228
v 0.052370 0.100484 0.070554
v 0.049349 0.101965 0.059677
v 0.047939 0.101682 0.054108
v 0.049622 0.101002 0.059651
v 0.048434 0.102767 0.053949
v 0.047446 0.102212 0.048318
v 0.046949 0.101300 0.042684
v 0.046590 0.101392 0.048527
v 0.046420 0.100408 0.048613
v 0.046665 0.100176 0.037087
v 0.045991 0.100598 0.042873
v 0.045998 0.099200 0.037322
v 0.045161 0.100053 0.043015
v 0.046761 0.101259 0.037050
v 0.048223 0.100723 0.054067
v 0.046639 0.101113 0.031258
v 0.046834 0.099053 0.025701
v 0.045444 0.099896 0.025807
v 0.043748 0.097794 0.020783
v 0.044544 0.100390 0.025890
v 0.045766 0.100610 0.031467
v 0.044799 0.100160 0.031690
v 0.043114 0.098597 0.020673
v 0.043632 0.099833 0.026106
v 0.044913 0.096665 0.020906
v 0.045285 0.098397 0.015462
v 0.044144 0.097281 0.015159
v 0.045122 0.099316 0.009777
v 0.044607 0.099803 0.004088
v 0.043520 0.099057 0.009817
v 0.043143 0.097527 0.015119
v 0.043689 0.098076 0.009535
v 0.042978 0.099747 0.004167
v 0.044318 0.100099 -0.001604
v 0.042918 0.099272 -0.001556
v 0.042174 0.099101 0.004158
v 0.042749 0.098263 -0.001468
v 0.042449 0.099453 0.020522
v 0.044374 0.099044 0.031842
v 0.042522 0.098400 0.014911
v 0.041829 0.098436 0.020699
v 0.042941 0.098866 0.026306
v 0.044619 0.098073 0.031797
v 0.041478 0.097505 0.020827
v 0.042843 0.097870 0.026374
v 0.041611 0.097624 0.015029
v 0.043226 0.097092 0.009441
v 0.041816 0.097701 -0.001478
v 0.041444 0.098290 0.004192
v 0.042409 0.096218 0.009556
v 0.040715 0.097330 0.004238
v 0.041704 0.095513 0.009647
v 0.041675 0.097955 -0.007192
v 0.040989 0.096847 0.015152
v 0.043169 0.098677 -0.007257
v 0.045206 0.098601 0.037462
v 0.050226 0.101488 0.065351
v 0.049680 0.100765 0.065468
v 0.049328 0.100143 0.059758
v 0.048980 0.099812 0.065632
v 0.051715 0.099869 0.070722
v 0.047279 0.099223 0.054302
v 0.048289 0.099810 0.054093
v 0.048653 0.099172 0.059909
v 0.046376 0.099496 0.048671
v 0.044809 0.099218 0.043146
v 0.044299 0.098474 0.037475
v 0.045101 0.098079 0.043126
v 0.046512 0.098321 0.048675
v 0.043522 0.097614 0.037643
v 0.043504 0.096452 0.032044
v 0.044420 0.097390 0.043309
v 0.043657 0.096643 0.037713
v 0.044395 0.097190 0.031896
v 0.048628 0.098882 0.065701
v 0.050971 0.099047 0.070937
v 0.047691 0.098983 0.060062
v 0.046436 0.098733 0.054479
v 0.050562 0.098177 0.071015
v 0.045564 0.098102 0.048852
v 0.042742 0.095848 0.032161
v 0.042814 0.096956 0.026418
v 0.040459 0.096110 0.015264
v 0.041849 0.096668 0.020795
v 0.043039 0.095817 0.026406
v 0.040692 0.094986 0.015338
v 0.041580 0.095551 0.020920
v 0.040974 0.094964 0.009705
v 0.040309 0.096412 0.004209
v 0.040626 0.097518 -0.001463
v 0.040217 0.096602 -0.001468
v 0.040096 0.095523 0.004130
v 0.040060 0.094276 0.009727
v 0.040084 0.094385 0.004043
v 0.041075 0.094765 -0.001526
v 0.040623 0.093584 0.004051
v 0.041147 0.093811 -0.001560
v 0.040742 0.095851 -0.001508
v 0.040575 0.097468 -0.007176
v 0.042288 0.095205 0.026546
v 0.041633 0.094581 0.020965
v 0.041237 0.094186 0.015337
v 0.040922 0.093839 0.009698
v 0.044599 0.099453 -0.007267
v 0.043645 0.097899 -0.012906
v 0.044915 0.098915 -0.012940
v 0.043267 0.098208 -0.018599
v 0.042743 0.097745 -0.007170
v 0.042783 0.097339 -0.012877
v 0.041718 0.097565 -0.012903
v 0.044727 0.097500 -0.018473
v 0.045051 0.097185 -0.024172
v 0.045775 0.097587 -0.029827
v 0.043667 0.098032 -0.024295
v 0.044868 0.096063 -0.035475
v 0.046445 0.096453 -0.035389
v 0.045140 0.096246 -0.041185
v 0.044389 0.096734 -0.029815
v 0.042818 0.097282 -0.018597
v 0.042743 0.097581 -0.024308
v 0.043439 0.096342 -0.029849
v 0.043870 0.095817 -0.035529
v 0.041752 0.097061 -0.018601
v 0.040551 0.096983 -0.018601
v 0.041767 0.097101 -0.024322
v 0.040548 0.097284 -0.012890
v 0.040248 0.096519 -0.007154
v 0.040062 0.096407 -0.012852
v 0.039976 0.096163 -0.018558
v 0.042419 0.095964 -0.029895
v 0.040808 0.096374 -0.024286
v 0.042792 0.095688 -0.035599
v 0.039930 0.095892 -0.024289
v 0.041225 0.095825 -0.029967
v 0.043132 0.095942 -0.041304
v 0.041593 0.095612 -0.035675
v 0.042229 0.095147 -0.041345
v 0.040277 0.095500 -0.030014
v 0.044122 0.096385 -0.041215
v 0.040759 0.095056 -0.035715
v 0.046581 0.096994 -0.041081
v 0.039916 0.095665 -0.007134
v 0.045184 0.096934 -0.046863
v 0.044292 0.096429 -0.046930
v 0.046648 0.096232 -0.046750
v 0.045609 0.096913 -0.052567
v 0.047222 0.097035 -0.052385
v 0.043861 0.095428 -0.046952
v 0.044843 0.096230 -0.052618
v 0.046264 0.096604 -0.058240
v 0.044059 0.095476 -0.052668
v 0.047729 0.097293 -0.058076
v 0.048072 0.097363 -0.063779
v 0.047161 0.096018 -0.063859
v 0.048418 0.097460 -0.069480
v 0.049069 0.097528 -0.075149
v 0.048520 0.095939 -0.075096
v 0.047284 0.096296 -0.069572
v 0.046343 0.095398 -0.063925
v 0.048585 0.094918 -0.075034
v 0.046799 0.095391 -0.069629
v 0.045495 0.095923 -0.058292
v 0.043375 0.094487 -0.052701
v 0.044687 0.095195 -0.058346
v 0.044241 0.094078 -0.058342
v 0.042118 0.094099 -0.047063
v 0.042976 0.094613 -0.046995
v 0.043921 0.093127 -0.058324
v 0.042869 0.093621 -0.052719
v 0.045520 0.093543 -0.063893
v 0.045477 0.094743 -0.063994
v 0.046612 0.094320 -0.069584
v 0.048466 0.093840 -0.074958
v 0.046473 0.093125 -0.069520
v 0.048420 0.092645 -0.074872
v 0.048379 0.091650 -0.074802
v 0.046367 0.092129 -0.069465
v 0.045109 0.092629 -0.063902
v 0.041402 0.094581 -0.041398
v 0.039828 0.095521 -0.012819
v 0.039813 0.095263 -0.018509
v 0.039848 0.094982 -0.024236
v 0.040799 0.094955 -0.012810
v 0.040897 0.094996 -0.018487
v 0.040949 0.095126 -0.024203
v 0.040427 0.094659 -0.007163
v 0.040212 0.094590 -0.029955
v 0.041311 0.094485 -0.029888
v 0.040648 0.094149 -0.035655
v 0.041880 0.095250 -0.024167
v 0.041552 0.093534 -0.035532
v 0.041912 0.092909 -0.041224
v 0.041164 0.093699 -0.041354
v 0.042417 0.093886 -0.035541
v 0.042834 0.092819 -0.041137
v 0.042211 0.094753 -0.029881
v 0.041050 0.093938 -0.007195
v 0.041654 0.094538 -0.012789
v 0.041842 0.094958 -0.018454
v 0.041804 0.093239 -0.047035
v 0.042780 0.092712 -0.052656
v 0.043170 0.091712 -0.052496
v 0.044513 0.090379 -0.057972
v 0.044035 0.091152 -0.058122
v 0.044043 0.092226 -0.058217
v 0.042772 0.092760 -0.046887
v 0.045205 0.091724 -0.063801
v 0.046296 0.091217 -0.069405
v 0.048344 0.090740 -0.074736
v 0.045148 0.090656 -0.063716
v 0.046270 0.090154 -0.069305
v 0.048211 0.089625 -0.074670
v 0.046467 0.089270 -0.069181
v 0.048159 0.088831 -0.074612
v 0.045216 0.089746 -0.063621
v 0.043457 0.092148 -0.046760
v 0.044063 0.091497 -0.052387
v 0.048164 0.088516 -0.074582
v 0.049631 0.096205 -0.069430
v 0.049316 0.096142 -0.063722
v 0.049807 0.095199 -0.069436
v 0.049261 0.095123 -0.063741
v 0.050002 0.094137 -0.069436
v 0.048178 0.095579 -0.052367
v 0.048321 0.096914 -0.041048
v 0.048316 0.095741 -0.046648
v 0.049068 0.095039 -0.058023
v 0.048951 0.096054 -0.058014
v 0.049294 0.096032 -0.046679
v 0.049018 0.095002 -0.052301
v 0.049299 0.096624 -0.040984
v 0.050085 0.094424 -0.063721
v 0.049981 0.092943 -0.069373
v 0.050154 0.093232 -0.063662
v 0.050215 0.093519 -0.057951
v 0.049779 0.092311 -0.063607
v 0.050095 0.094707 -0.058012
v 0.050101 0.095012 -0.052308
v 0.050156 0.095384 -0.046608
v 0.050152 0.093819 -0.052237
v 0.049858 0.094229 -0.046540
v 0.049949 0.095760 -0.040916
v 0.049177 0.093503 -0.046523
v 0.049466 0.093096 -0.052212
v 0.049678 0.092682 -0.057906
v 0.048023 0.097192 -0.035344
v 0.048887 0.096654 -0.035274
v 0.047342 0.096840 -0.029679
v 0.048119 0.096179 -0.029629
v 0.046565 0.096332 -0.024040
v 0.047524 0.095989 -0.023954
v 0.049094 0.095725 -0.029535
v 0.046379 0.097990 -0.012749
v 0.045750 0.098158 -0.007076
v 0.047327 0.096837 -0.018318
v 0.046465 0.097375 -0.018424
v 0.046844 0.097087 -0.012642
v 0.044031 0.098378 -0.001647
v 0.045665 0.097140 -0.007057
v 0.043874 0.097369 -0.001643
v 0.048553 0.095667 -0.023860
v 0.049491 0.095759 -0.035228
v 0.048709 0.094856 -0.035286
v 0.048622 0.094627 -0.029584
v 0.048902 0.095187 -0.040987
v 0.047766 0.095175 -0.035289
v 0.048076 0.094572 -0.023906
v 0.047342 0.093899 -0.023979
v 0.047724 0.095055 -0.029564
v 0.047696 0.095823 -0.018227
v 0.046761 0.096010 -0.012599
v 0.043804 0.096291 -0.001612
v 0.044900 0.096391 -0.007215
v 0.047132 0.094770 -0.018285
v 0.046442 0.094857 -0.012623
v 0.044347 0.095338 -0.007337
v 0.044640 0.097479 0.004006
v 0.046844 0.093818 -0.018302
v 0.045329 0.098229 0.003903
v 0.048457 0.094300 -0.040905
v 0.049933 0.091950 -0.069311
v 0.048940 0.091962 -0.063601
v 0.049385 0.089940 -0.069063
v 0.049712 0.091073 -0.069205
v 0.048324 0.091758 -0.057796
v 0.048783 0.092833 -0.057952
v 0.048983 0.090796 -0.063400
v 0.048591 0.092855 -0.052240
v 0.048381 0.093064 -0.046537
v 0.047557 0.094358 -0.041025
v 0.047224 0.092911 -0.046569
v 0.047421 0.092950 -0.052279
v 0.047052 0.093322 -0.040868
v 0.046254 0.094510 -0.035323
v 0.046247 0.092963 -0.046606
v 0.046085 0.093427 -0.040928
v 0.048924 0.089072 -0.068924
v 0.048057 0.090452 -0.063413
v 0.047703 0.090995 -0.057734
v 0.046778 0.092211 -0.052232
v 0.047224 0.094297 -0.029591
v 0.046218 0.093159 -0.018368
v 0.046577 0.094388 -0.023919
v 0.046103 0.094574 -0.029613
v 0.047399 0.094342 -0.035300
v 0.045115 0.093455 -0.018360
v 0.045730 0.093618 -0.024010
v 0.046134 0.093910 -0.012654
v 0.045744 0.093090 -0.012711
v 0.044110 0.094371 -0.007346
v 0.044404 0.095258 -0.001623
v 0.044053 0.093465 -0.007301
v 0.044872 0.092363 -0.012794
v 0.044359 0.092384 -0.007162
v 0.043385 0.092747 -0.001620
v 0.043600 0.091807 -0.007211
v 0.043960 0.092654 -0.012792
v 0.043613 0.094655 -0.001667
v 0.045669 0.093737 -0.035270
v 0.045260 0.094097 -0.029628
v 0.044977 0.094216 -0.023943
v 0.044357 0.092868 -0.018441
v 0.043442 0.091790 -0.001567
v 0.046263 0.098020 0.009546
v 0.046558 0.097238 0.015209
v 0.046440 0.097023 0.009406
v 0.047163 0.096432 0.015035
v 0.046410 0.095945 0.009327
v 0.046444 0.095855 0.020735
v 0.044213 0.096489 0.004081
v 0.048000 0.097766 0.025867
v 0.047906 0.100114 0.037001
v 0.048466 0.098898 0.031444
v 0.047425 0.095587 0.020625
v 0.048474 0.096876 0.026037
v 0.048393 0.097901 0.031653
v 0.047629 0.095467 0.014884
v 0.043949 0.095324 0.004077
v 0.046279 0.094759 0.009267
v 0.047253 0.094325 0.014895
v 0.043839 0.094335 0.004033
v 0.045862 0.093858 0.009351
v 0.046280 0.094149 0.015032
v 0.048446 0.095233 0.020536
v 0.048675 0.095829 0.026231
v 0.048079 0.096882 0.031834
v 0.047878 0.094185 0.020610
v 0.047673 0.095171 0.026260
v 0.046911 0.096658 0.031719
v 0.047211 0.098162 0.037341
v 0.046681 0.095240 0.026184
v 0.047006 0.093711 0.020685
v 0.047560 0.099168 0.037165
v 0.046259 0.095912 0.031826
v 0.050264 0.100124 0.042214
v 0.051348 0.100146 0.047833
v 0.050234 0.099104 0.042222
v 0.049952 0.098070 0.042356
v 0.051085 0.099157 0.047874
v 0.052010 0.100093 0.053514
v 0.051691 0.098264 0.047806
v 0.055366 0.102012 0.064254
v 0.052939 0.099759 0.053250
v 0.053885 0.101380 0.058762
v 0.054056 0.100376 0.058834
v 0.054812 0.101175 0.064450
v 0.053592 0.099421 0.059033
v 0.052850 0.098692 0.053401
v 0.049605 0.096937 0.042520
v 0.052043 0.097841 0.053627
v 0.051097 0.097250 0.048024
v 0.049191 0.096052 0.042711
v 0.047067 0.096978 0.037409
v 0.051070 0.097994 0.053776
v 0.050301 0.096703 0.048269
v 0.054155 0.100343 0.064660
v 0.053315 0.099521 0.064880
v 0.052588 0.098864 0.065058
v 0.052641 0.098730 0.059244
v 0.051943 0.098042 0.059422
v 0.047031 0.095985 0.037453
v 0.044392 0.093630 0.003878
v 0.043183 0.093853 -0.001686
v 0.045385 0.093092 0.009462
v 0.045444 0.093800 0.015115
v 0.044433 0.092520 0.009564
v 0.044511 0.093201 0.015197
v 0.045185 0.092861 0.020825
v 0.043554 0.092895 0.004000
v 0.046195 0.093301 0.020746
v 0.045884 0.094802 0.026232
v 0.045961 0.095055 0.031897
v 0.045068 0.094081 0.026377
v 0.046118 0.093971 0.031952
v 0.046902 0.094369 0.037561
v 0.045258 0.093659 0.032116
v 0.044284 0.092616 0.020912
v 0.044723 0.093223 0.026517
v 0.043393 0.091958 0.004059
v 0.043494 0.092502 0.009661
v 0.043825 0.092561 0.015271
v 0.045996 0.094533 0.037664
v 0.048651 0.095352 0.042928
v 0.050178 0.097896 0.053918
v 0.049467 0.096401 0.048467
v 0.047586 0.095303 0.043122
v 0.047531 0.095231 0.037350
v 0.049138 0.097698 0.054097
v 0.048464 0.096790 0.048532
v 0.050032 0.097884 0.059696
v 0.051084 0.097774 0.059551
v 0.051933 0.098255 0.065212
v 0.050901 0.098487 0.065266
v 0.049134 0.097998 0.059817
v 0.050005 0.098367 0.065368
v 0.046863 0.095876 0.043114
v 0.047558 0.096735 0.048681
v 0.048393 0.097195 0.054266
vt 0.032200 0.800500
vt 0.021600 0.815800
vt 0.011000 0.805500
vt 0.000400 0.047700
vt 0.000400 0.027000
vt 0.011000 0.037400
vt 0.528000 0.524700
vt 0.518800 0.514800
vt 0.537200 0.514800
vt 0.011000 0.078900
vt 0.021000 0.057300
vt 0.026000 0.078900
vt 0.007900 0.058100
vt 0.102800 0.717300
vt 0.101000 0.701400
vt 0.117500 0.700900
vt 0.033800 0.514800
vt 0.015400 0.514800
vt 0.024600 0.505000
vt 0.019000 0.099600
vt 0.031800 0.109200
vt 0.020400 0.120400
vt 0.156100 0.429200
vt 0.146800 0.443400
vt 0.142200 0.427600
vt 0.000400 0.151500
vt 0.000400 0.130800
vt 0.014300 0.141200
vt 0.000400 0.110000
vt 0.007600 0.120400
vt 0.079300 0.192000
vt 0.066700 0.188800
vt 0.077200 0.178300
vt 0.000400 0.089300
vt 0.000400 0.068500
vt 0.209800 0.485200
vt 0.203100 0.502500
vt 0.185400 0.492700
vt 0.053500 0.051900
vt 0.072000 0.044800
vt 0.073000 0.064100
vt 0.010500 0.182700
vt 0.019700 0.161900
vt 0.025200 0.182700
vt 0.000400 0.193100
vt 0.000400 0.172300
vt 0.032200 0.042400
vt 0.021600 0.027000
vt 0.530700 0.763900
vt 0.536900 0.788200
vt 0.520400 0.785000
vt 0.031800 0.294300
vt 0.029200 0.307200
vt 0.012800 0.307200
vt 0.531000 0.815800
vt 0.525700 0.800400
vt 0.541600 0.805500
vt 0.021000 0.286300
vt 0.018800 0.265700
vt 0.007900 0.286500
vt 0.509800 0.815800
vt 0.019700 0.203400
vt 0.000400 0.213800
vt 0.049800 0.065400
vt 0.053700 0.078900
vt 0.031800 0.127600
vt 0.180800 0.045600
vt 0.159600 0.051000
vt 0.159600 0.036800
vt 0.042800 0.027000
vt 0.059600 0.039400
vt 0.046100 0.040300
vt 0.026000 0.763900
vt 0.039900 0.762400
vt 0.039900 0.778400
vt 0.085300 0.027000
vt 0.106500 0.027000
vt 0.095900 0.033900
vt 0.397500 0.562800
vt 0.385900 0.579700
vt 0.380000 0.563700
vt 0.088500 0.733500
vt 0.083300 0.746700
vt 0.075500 0.726800
vt 0.095900 0.046200
vt 0.086100 0.057200
vt 0.039900 0.094800
vt 0.039900 0.081200
vt 0.052500 0.091500
vt 0.000400 0.815800
vt 0.000400 0.795100
vt 0.146500 0.055900
vt 0.123600 0.059700
vt 0.138400 0.044800
vt 0.476300 0.116100
vt 0.485300 0.104200
vt 0.494100 0.114000
vt 0.243800 0.148800
vt 0.233200 0.135000
vt 0.255600 0.138900
vt 0.202000 0.038100
vt 0.191400 0.027000
vt 0.212600 0.027000
vt 0.552200 0.027000
vt 0.552200 0.047700
vt 0.541600 0.037400
vt 0.401500 0.788200
vt 0.393000 0.798400
vt 0.384500 0.788200
vt 0.018800 0.348800
vt 0.000400 0.338400
vt 0.007900 0.328000
vt 0.541700 0.078900
vt 0.531700 0.057300
vt 0.544700 0.058100
vt 0.131500 0.436300
vt 0.130700 0.457000
vt 0.018900 0.369500
vt 0.034800 0.375300
vt 0.019800 0.390300
vt 0.350600 0.800500
vt 0.361200 0.815800
vt 0.340000 0.815800
vt 0.297500 0.027000
vt 0.286900 0.045100
vt 0.276300 0.027000
vt 0.424100 0.526600
vt 0.414300 0.536500
vt 0.414500 0.514800
vt 0.000400 0.317600
vt 0.515900 0.743200
vt 0.504600 0.751900
vt 0.496800 0.740100
vt 0.476200 0.714300
vt 0.480600 0.696900
vt 0.489300 0.708100
vt 0.214700 0.055500
vt 0.218800 0.067300
vt 0.199400 0.067300
vt 0.244500 0.044900
vt 0.223300 0.046200
vt 0.223300 0.033800
vt 0.000400 0.359100
vt 0.552200 0.815800
vt 0.037800 0.057800
vt 0.138300 0.788000
vt 0.144600 0.801600
vt 0.130600 0.802500
vt 0.499200 0.808100
vt 0.488600 0.815800
vt 0.552200 0.255300
vt 0.552200 0.276100
vt 0.539300 0.265700
vt 0.000400 0.462900
vt 0.000400 0.442200
vt 0.013800 0.452600
vt 0.018900 0.722400
vt 0.019900 0.743200
vt 0.007200 0.743200
vt 0.529500 0.575600
vt 0.543300 0.577100
vt 0.538300 0.597900
vt 0.018200 0.411000
vt 0.022300 0.430800
vt 0.008800 0.431800
vt 0.011000 0.763900
vt 0.021000 0.785500
vt 0.007900 0.784700
vt 0.030900 0.452600
vt 0.244500 0.799800
vt 0.248800 0.781700
vt 0.265700 0.790400
vt 0.544200 0.328000
vt 0.534200 0.348800
vt 0.530900 0.328700
vt 0.014200 0.528600
vt 0.000400 0.546000
vt 0.000400 0.525200
vt 0.000400 0.504500
vt 0.094200 0.671300
vt 0.109600 0.666600
vt 0.102700 0.684600
vt 0.016400 0.639400
vt 0.026000 0.618600
vt 0.035600 0.639400
vt 0.117100 0.044900
vt 0.051400 0.658700
vt 0.051900 0.672700
vt 0.029600 0.672500
vt 0.000400 0.691300
vt 0.018900 0.680900
vt 0.018900 0.701700
vt 0.039900 0.748900
vt 0.230900 0.084300
vt 0.244500 0.068900
vt 0.251800 0.085300
vt 0.000400 0.649800
vt 0.000400 0.629000
vt 0.029600 0.691300
vt 0.000400 0.670500
vt 0.035600 0.597900
vt 0.045800 0.614800
vt 0.000400 0.608300
vt 0.000400 0.587500
vt 0.016400 0.597900
vt 0.398800 0.368600
vt 0.399200 0.385700
vt 0.382400 0.383800
vt 0.050600 0.578300
vt 0.026000 0.587600
vt 0.533700 0.120400
vt 0.532700 0.099600
vt 0.545400 0.099600
vt 0.000400 0.753600
vt 0.000400 0.774300
vt 0.435500 0.044300
vt 0.446100 0.027000
vt 0.456700 0.034800
vt 0.126100 0.738300
vt 0.114700 0.752700
vt 0.107600 0.735400
vt 0.378800 0.118300
vt 0.397600 0.122000
vt 0.385200 0.134300
vt 0.530900 0.286500
vt 0.522500 0.307200
vt 0.515000 0.292400
vt 0.074700 0.786900
vt 0.074700 0.803200
vt 0.052700 0.795100
vt 0.512800 0.094000
vt 0.526600 0.078900
vt 0.064100 0.815800
vt 0.053500 0.808000
vt 0.341300 0.134600
vt 0.354900 0.142600
vt 0.343000 0.152300
vt 0.437900 0.090000
vt 0.454300 0.089900
vt 0.443300 0.108400
vt 0.085300 0.815800
vt 0.552200 0.089300
vt 0.552200 0.110000
vt 0.095900 0.808000
vt 0.106500 0.815800
vt 0.170100 0.788000
vt 0.151500 0.788000
vt 0.159600 0.777800
vt 0.456000 0.047800
vt 0.477900 0.039600
vt 0.512800 0.080400
vt 0.512800 0.064500
vt 0.159600 0.798200
vt 0.180800 0.798000
vt 0.170200 0.815800
vt 0.533900 0.161900
vt 0.533700 0.141200
vt 0.552200 0.151500
vt 0.191400 0.815800
vt 0.202000 0.797200
vt 0.212600 0.815800
vt 0.191000 0.786500
vt 0.180000 0.780200
vt 0.520400 0.042400
vt 0.531000 0.027000
vt 0.149000 0.815800
vt 0.496500 0.063200
vt 0.499900 0.047800
vt 0.512100 0.052000
vt 0.214100 0.786500
vt 0.223300 0.802200
vt 0.450400 0.304400
vt 0.462100 0.298300
vt 0.457100 0.315600
vt 0.000400 0.400700
vt 0.000400 0.379900
vt 0.083600 0.712700
vt 0.252200 0.056900
vt 0.234600 0.056900
vt 0.202000 0.775900
vt 0.279700 0.064900
vt 0.293400 0.074300
vt 0.283000 0.084800
vt 0.531500 0.245100
vt 0.518000 0.238100
vt 0.523300 0.224200
vt 0.037600 0.236100
vt 0.050700 0.242100
vt 0.031700 0.258500
vt 0.552200 0.774300
vt 0.552200 0.795100
vt 0.350600 0.067000
vt 0.361600 0.056300
vt 0.358600 0.078500
vt 0.371800 0.044900
vt 0.382400 0.027000
vt 0.393000 0.044500
vt 0.467300 0.027000
vt 0.068500 0.081900
vt 0.082600 0.076500
vt 0.403700 0.027000
vt 0.372700 0.062400
vt 0.488600 0.027000
vt 0.499200 0.034800
vt 0.107300 0.057200
vt 0.552200 0.068500
vt 0.483900 0.174200
vt 0.486100 0.188200
vt 0.471700 0.183100
vt 0.138100 0.514800
vt 0.156300 0.514700
vt 0.147400 0.532000
vt 0.477900 0.055900
vt 0.393000 0.064800
vt 0.382600 0.054600
vt 0.401100 0.054600
vt 0.493000 0.251900
vt 0.505300 0.246400
vt 0.507700 0.261300
vt 0.117100 0.798500
vt 0.240200 0.733100
vt 0.236700 0.716500
vt 0.253600 0.721800
vt 0.000400 0.296900
vt 0.511900 0.277300
vt 0.535100 0.556400
vt 0.552200 0.546000
vt 0.552200 0.566700
vt 0.000400 0.732800
vt 0.541300 0.431800
vt 0.535800 0.452600
vt 0.526000 0.444400
vt 0.445300 0.323800
vt 0.457300 0.331900
vt 0.552200 0.172300
vt 0.058900 0.386500
vt 0.072200 0.371600
vt 0.075900 0.390900
vt 0.523300 0.173200
vt 0.512700 0.161900
vt 0.010300 0.494100
vt 0.017500 0.473300
vt 0.024600 0.491700
vt 0.143500 0.666300
vt 0.125300 0.664700
vt 0.133500 0.651500
vt 0.539700 0.224200
vt 0.531500 0.206300
vt 0.134000 0.416600
vt 0.116600 0.427100
vt 0.552200 0.130800
vt 0.552200 0.213800
vt 0.552200 0.234600
vt 0.308100 0.035000
vt 0.318800 0.027000
vt 0.472000 0.262600
vt 0.481800 0.244700
vt 0.161400 0.074700
vt 0.138400 0.066900
vt 0.096700 0.795100
vt 0.552200 0.400700
vt 0.552200 0.421400
vt 0.535800 0.411000
vt 0.101300 0.460100
vt 0.109200 0.448500
vt 0.114400 0.465900
vt 0.520100 0.381000
vt 0.508500 0.369500
vt 0.531600 0.369500
vt 0.149000 0.027000
vt 0.170200 0.027000
vt 0.047200 0.106900
vt 0.063000 0.121400
vt 0.043100 0.120400
vt 0.526000 0.431800
vt 0.505700 0.435300
vt 0.021000 0.328200
vt 0.552200 0.359100
vt 0.552200 0.379900
vt 0.544700 0.369500
vt 0.329000 0.119100
vt 0.344800 0.114700
vt 0.544200 0.286500
vt 0.539300 0.307200
vt 0.056100 0.779600
vt 0.040500 0.790900
vt 0.538400 0.501100
vt 0.552200 0.483700
vt 0.552200 0.504500
vt 0.532900 0.701700
vt 0.552200 0.691300
vt 0.552200 0.712000
vt 0.370500 0.766400
vt 0.393000 0.778100
vt 0.308100 0.782000
vt 0.325400 0.772200
vt 0.329400 0.791200
vt 0.262400 0.776700
vt 0.277400 0.776700
vt 0.336900 0.779900
vt 0.350600 0.782000
vt 0.474600 0.613300
vt 0.487400 0.597900
vt 0.494100 0.619100
vt 0.127700 0.027000
vt 0.385300 0.198200
vt 0.370300 0.212700
vt 0.367900 0.192200
vt 0.475000 0.388500
vt 0.472100 0.406400
vt 0.459700 0.389700
vt 0.516200 0.411000
vt 0.526000 0.419200
vt 0.544100 0.763900
vt 0.552200 0.753600
vt 0.403700 0.815800
vt 0.382400 0.815800
vt 0.458100 0.766300
vt 0.455300 0.790100
vt 0.442500 0.786800
vt 0.414300 0.803900
vt 0.477900 0.780500
vt 0.486900 0.790100
vt 0.468800 0.790100
vt 0.499000 0.690200
vt 0.499200 0.795200
vt 0.477900 0.799700
vt 0.467300 0.815800
vt 0.516900 0.770400
vt 0.525700 0.751900
vt 0.511600 0.802100
vt 0.491600 0.775400
vt 0.456700 0.805000
vt 0.435500 0.797800
vt 0.485200 0.759900
vt 0.552200 0.525200
vt 0.472700 0.674300
vt 0.459500 0.680200
vt 0.454800 0.662900
vt 0.552200 0.587500
vt 0.552200 0.608300
vt 0.276300 0.815800
vt 0.255100 0.815800
vt 0.265700 0.805200
vt 0.465700 0.593500
vt 0.513600 0.616600
vt 0.520700 0.597900
vt 0.534200 0.617100
vt 0.064100 0.027000
vt 0.534200 0.660100
vt 0.552200 0.649800
vt 0.552200 0.670500
vt 0.523800 0.649000
vt 0.539500 0.639400
vt 0.552200 0.629000
vt 0.533600 0.722500
vt 0.535600 0.743200
vt 0.552200 0.732800
vt 0.075500 0.106400
vt 0.060500 0.101600
vt 0.049300 0.151100
vt 0.061700 0.156200
vt 0.041800 0.161900
vt 0.523800 0.668500
vt 0.513300 0.660100
vt 0.000400 0.234600
vt 0.011200 0.245000
vt 0.000400 0.255300
vt 0.429600 0.380100
vt 0.423800 0.392400
vt 0.416300 0.381800
vt 0.460300 0.121200
vt 0.468500 0.130700
vt 0.177700 0.551500
vt 0.164200 0.562500
vt 0.165600 0.538500
vt 0.356200 0.676400
vt 0.348100 0.693300
vt 0.340600 0.676000
vt 0.014000 0.652700
vt 0.031000 0.732300
vt 0.031000 0.712000
vt 0.043100 0.722400
vt 0.037800 0.626000
vt 0.047500 0.602500
vt 0.042800 0.815800
vt 0.067300 0.738600
vt 0.070500 0.753600
vt 0.127700 0.815800
vt 0.000400 0.712000
vt 0.053700 0.763900
vt 0.414300 0.054600
vt 0.407900 0.041200
vt 0.422000 0.040400
vt 0.316000 0.059800
vt 0.330500 0.079400
vt 0.308100 0.071600
vt 0.538000 0.180800
vt 0.521600 0.110500
vt 0.521600 0.130800
vt 0.509500 0.120400
vt 0.455400 0.223100
vt 0.458000 0.205900
vt 0.472900 0.219400
vt 0.519800 0.212000
vt 0.509300 0.192600
vt 0.523300 0.188500
vt 0.552200 0.317600
vt 0.552200 0.296900
vt 0.509800 0.027000
vt 0.469300 0.096200
vt 0.482200 0.089300
vt 0.424900 0.027000
vt 0.498900 0.078900
vt 0.500600 0.674000
vt 0.523800 0.681600
vt 0.504000 0.602600
vt 0.481200 0.629500
vt 0.511300 0.530500
vt 0.511000 0.554600
vt 0.494700 0.536500
vt 0.364200 0.802700
vt 0.413500 0.763700
vt 0.403700 0.751000
vt 0.425100 0.745400
vt 0.308100 0.800500
vt 0.318800 0.815800
vt 0.297500 0.815800
vt 0.303500 0.736600
vt 0.318500 0.740800
vt 0.312400 0.755900
vt 0.521800 0.712500
vt 0.446100 0.815800
vt 0.505100 0.780900
vt 0.030800 0.170200
vt 0.051800 0.186400
vt 0.052100 0.138300
vt 0.031800 0.140800
vt 0.122700 0.079200
vt 0.156900 0.088100
vt 0.136100 0.079800
vt 0.095900 0.068100
vt 0.031800 0.320200
vt 0.018600 0.227200
vt 0.013700 0.215100
vt 0.032200 0.209500
vt 0.088900 0.315400
vt 0.082200 0.299700
vt 0.098600 0.291500
vt 0.059400 0.322000
vt 0.076700 0.329200
vt 0.059700 0.336800
vt 0.047000 0.449100
vt 0.035100 0.438500
vt 0.056500 0.436000
vt 0.233900 0.027000
vt 0.189100 0.055400
vt 0.265700 0.037200
vt 0.255100 0.027000
vt 0.265300 0.073200
vt 0.329400 0.039800
vt 0.340000 0.027000
vt 0.350600 0.045700
vt 0.361200 0.027000
vt 0.029300 0.561400
vt 0.026000 0.573800
vt 0.017200 0.556400
vt 0.089700 0.446100
vt 0.099000 0.428300
vt 0.049100 0.477000
vt 0.039400 0.498300
vt 0.032900 0.478200
vt 0.533600 0.390300
vt 0.519300 0.341400
vt 0.552200 0.442200
vt 0.552200 0.462900
vt 0.469700 0.524100
vt 0.454800 0.522600
vt 0.463300 0.501400
vt 0.542400 0.535600
vt 0.516200 0.452600
vt 0.509600 0.475700
vt 0.503400 0.461600
vt 0.176900 0.753500
vt 0.195100 0.762100
vt 0.180400 0.767800
vt 0.272700 0.750400
vt 0.251400 0.745900
vt 0.270700 0.736100
vt 0.233900 0.815800
vt 0.299400 0.767000
vt 0.081600 0.680900
vt 0.060900 0.683600
vt 0.070200 0.665000
vt 0.040300 0.680900
vt 0.011200 0.577100
vt 0.108300 0.788700
vt 0.047700 0.736400
vt 0.055600 0.748800
vt 0.069800 0.769700
vt 0.343200 0.056300
vt 0.295600 0.059800
vt 0.522500 0.265700
vt 0.501200 0.169100
vt 0.492200 0.159200
vt 0.507900 0.226600
vt 0.500800 0.351100
vt 0.520100 0.357600
vt 0.444300 0.054100
vt 0.505000 0.106500
vt 0.497100 0.094000
vt 0.482900 0.073200
vt 0.540000 0.680900
vt 0.510800 0.701700
vt 0.521800 0.694400
vt 0.502000 0.711100
vt 0.523500 0.550100
vt 0.528000 0.538000
vt 0.400100 0.766600
vt 0.414900 0.788200
vt 0.428200 0.786800
vt 0.435500 0.775900
vt 0.356500 0.769300
vt 0.360700 0.754900
vt 0.288000 0.791200
vt 0.291300 0.778000
vt 0.282900 0.760800
vt 0.525700 0.733600
vt 0.030800 0.154100
vt 0.055400 0.170900
vt 0.031700 0.274800
vt 0.110300 0.071200
vt 0.096000 0.086600
vt 0.079800 0.091700
vt 0.126800 0.094300
vt 0.184600 0.067300
vt 0.000400 0.276100
vt 0.044500 0.304700
vt 0.044500 0.289600
vt 0.059900 0.307200
vt 0.044500 0.324900
vt 0.037500 0.222000
vt 0.036700 0.196600
vt 0.051800 0.370000
vt 0.041900 0.390300
vt 0.031900 0.415400
vt 0.202000 0.053200
vt 0.202000 0.081400
vt 0.308100 0.048100
vt 0.000400 0.483700
vt 0.037100 0.529400
vt 0.051300 0.514100
vt 0.051300 0.534700
vt 0.024600 0.538000
vt 0.041800 0.463500
vt 0.504800 0.404400
vt 0.505800 0.391400
vt 0.526000 0.401500
vt 0.534100 0.472500
vt 0.539000 0.484500
vt 0.522600 0.479600
vt 0.519200 0.501700
vt 0.509100 0.589400
vt 0.506600 0.496900
vt 0.528000 0.491700
vt 0.014100 0.611400
vt 0.014100 0.625900
vt 0.026000 0.659700
vt 0.038400 0.652900
vt 0.014400 0.667700
vt 0.000400 0.566700
vt 0.110600 0.775900
vt 0.123500 0.785300
vt 0.139100 0.751300
vt 0.129200 0.771700
vt 0.117900 0.765100
vt 0.052200 0.713500
vt 0.064500 0.717500
vt 0.058500 0.729000
vt 0.538300 0.194400
vt 0.544600 0.245000
vt 0.507900 0.206800
vt 0.552200 0.338400
vt 0.498800 0.338700
vt 0.424700 0.075500
vt 0.442000 0.066900
vt 0.523300 0.151600
vt 0.515400 0.141700
vt 0.500400 0.129400
vt 0.488000 0.125600
vt 0.523800 0.634000
vt 0.510400 0.641500
vt 0.424900 0.815800
vt 0.321900 0.802700
vt 0.336800 0.802700
vt 0.371400 0.791200
vt 0.379600 0.802400
vt 0.294700 0.802800
vt 0.109500 0.110000
vt 0.097700 0.119400
vt 0.094700 0.105200
vt 0.105000 0.159400
vt 0.093300 0.171400
vt 0.081800 0.158500
vt 0.188300 0.080200
vt 0.172800 0.058100
vt 0.026300 0.245000
vt 0.074400 0.270100
vt 0.053700 0.277700
vt 0.061100 0.263000
vt 0.082400 0.342400
vt 0.031700 0.339700
vt 0.044500 0.348800
vt 0.030800 0.401500
vt 0.265700 0.051700
vt 0.241300 0.098400
vt 0.000400 0.421400
vt 0.047900 0.406700
vt 0.041800 0.425500
vt 0.497300 0.423800
vt 0.480300 0.353600
vt 0.493500 0.364700
vt 0.515800 0.568800
vt 0.231000 0.753000
vt 0.222200 0.769600
vt 0.218200 0.757100
vt 0.065600 0.618600
vt 0.052700 0.631500
vt 0.041200 0.555800
vt 0.085000 0.775800
vt 0.147300 0.766000
vt 0.037500 0.701200
vt 0.050400 0.701100
vt 0.329900 0.056300
vt 0.552200 0.193100
vt 0.492700 0.265100
vt 0.471700 0.161900
vt 0.518900 0.320800
vt 0.499400 0.308800
vt 0.499200 0.286500
vt 0.486100 0.278600
vt 0.480300 0.231000
vt 0.494200 0.237900
vt 0.467900 0.067100
vt 0.413500 0.091000
vt 0.414500 0.067400
vt 0.502600 0.141800
vt 0.495300 0.656200
vt 0.505300 0.723300
vt 0.495200 0.638300
vt 0.329400 0.753200
vt 0.342700 0.765700
vt 0.375400 0.744200
vt 0.265700 0.763000
vt 0.296200 0.750000
vt 0.289400 0.706500
vt 0.276800 0.701400
vt 0.288800 0.683300
vt 0.239400 0.767600
vt 0.230400 0.786500
vt 0.272300 0.688900
vt 0.265700 0.709200
vt 0.251500 0.760000
vt 0.287100 0.736800
vt 0.297500 0.722600
vt 0.122900 0.107100
vt 0.126700 0.127600
vt 0.111400 0.125100
vt 0.074500 0.140200
vt 0.082800 0.119900
vt 0.108400 0.138200
vt 0.087600 0.133500
vt 0.044500 0.265700
vt 0.031700 0.359100
vt 0.231500 0.071400
vt 0.303300 0.085800
vt 0.267400 0.089600
vt 0.279100 0.099400
vt 0.269700 0.109500
vt 0.323700 0.090900
vt 0.499500 0.379600
vt 0.462600 0.418000
vt 0.480500 0.418200
vt 0.460300 0.432600
vt 0.485900 0.378100
vt 0.489100 0.394200
vt 0.483800 0.514800
vt 0.162500 0.758100
vt 0.184100 0.740600
vt 0.199000 0.738300
vt 0.068900 0.699900
vt 0.372300 0.074700
vt 0.390100 0.084400
vt 0.361500 0.107500
vt 0.353600 0.091500
vt 0.373100 0.093800
vt 0.492500 0.224200
vt 0.477600 0.308000
vt 0.485200 0.294200
vt 0.492900 0.323200
vt 0.444300 0.173100
vt 0.424000 0.183100
vt 0.431500 0.162100
vt 0.477400 0.367100
vt 0.464300 0.346600
vt 0.472600 0.325200
vt 0.485900 0.337500
vt 0.499300 0.182200
vt 0.484200 0.143100
vt 0.467500 0.702900
vt 0.480400 0.645600
vt 0.492600 0.585600
vt 0.464500 0.630400
vt 0.479400 0.582300
vt 0.502800 0.576700
vt 0.337500 0.729500
vt 0.345200 0.750300
vt 0.211300 0.103400
vt 0.195000 0.095900
vt 0.215700 0.090600
vt 0.152200 0.117900
vt 0.145400 0.105200
vt 0.161300 0.101700
vt 0.071400 0.351900
vt 0.057200 0.356500
vt 0.064200 0.402700
vt 0.060900 0.418700
vt 0.225200 0.103800
vt 0.236900 0.111500
vt 0.217700 0.123000
vt 0.078300 0.432000
vt 0.085800 0.399200
vt 0.097600 0.393700
vt 0.098100 0.406400
vt 0.063100 0.452600
vt 0.086300 0.411900
vt 0.074600 0.419100
vt 0.492900 0.410300
vt 0.152400 0.749400
vt 0.159600 0.738300
vt 0.166900 0.726000
vt 0.257400 0.734300
vt 0.219500 0.740400
vt 0.206200 0.751200
vt 0.224400 0.725900
vt 0.208800 0.727200
vt 0.192000 0.708200
vt 0.193500 0.724000
vt 0.179000 0.718000
vt 0.227100 0.650000
vt 0.237900 0.668100
vt 0.221600 0.662500
vt 0.221100 0.709600
vt 0.206500 0.700800
vt 0.252500 0.698100
vt 0.235200 0.699700
vt 0.279100 0.720700
vt 0.063600 0.653900
vt 0.123700 0.680000
vt 0.114700 0.688800
vt 0.085200 0.696700
vt 0.400200 0.092900
vt 0.405200 0.076500
vt 0.361100 0.128400
vt 0.471300 0.282800
vt 0.507700 0.329600
vt 0.492400 0.208900
vt 0.468400 0.146500
vt 0.432700 0.121300
vt 0.434400 0.141800
vt 0.416300 0.125900
vt 0.426300 0.103200
vt 0.448800 0.126700
vt 0.484200 0.726100
vt 0.477900 0.743700
vt 0.467800 0.754800
vt 0.502300 0.765700
vt 0.457500 0.727000
vt 0.444800 0.720600
vt 0.439700 0.733600
vt 0.473000 0.660100
vt 0.484200 0.528000
vt 0.501300 0.513300
vt 0.488900 0.570800
vt 0.179500 0.090500
vt 0.152900 0.385000
vt 0.166000 0.380600
vt 0.168900 0.398000
vt 0.107000 0.378300
vt 0.088600 0.378600
vt 0.088800 0.361100
vt 0.257800 0.102300
vt 0.286900 0.112400
vt 0.266700 0.122900
vt 0.217700 0.138300
vt 0.204100 0.123800
vt 0.255000 0.115500
vt 0.056100 0.464800
vt 0.077500 0.453800
vt 0.068700 0.471600
vt 0.061900 0.484400
vt 0.142800 0.735000
vt 0.155200 0.717500
vt 0.085400 0.651800
vt 0.142700 0.698800
vt 0.142900 0.722200
vt 0.097100 0.658400
vt 0.097900 0.767600
vt 0.098400 0.752800
vt 0.393000 0.103900
vt 0.317200 0.111100
vt 0.335100 0.098100
vt 0.479200 0.200600
vt 0.496500 0.196500
vt 0.451600 0.158000
vt 0.466600 0.195500
vt 0.452600 0.142100
vt 0.462900 0.109100
vt 0.454900 0.075000
vt 0.471000 0.731500
vt 0.455000 0.746700
vt 0.439900 0.749400
vt 0.448100 0.597500
vt 0.448400 0.580000
vt 0.455300 0.614500
vt 0.454400 0.644400
vt 0.484000 0.683200
vt 0.486000 0.668300
vt 0.096400 0.145000
vt 0.119200 0.146600
vt 0.071400 0.202800
vt 0.053300 0.204000
vt 0.199900 0.111200
vt 0.185800 0.122700
vt 0.243700 0.123500
vt 0.110300 0.411000
vt 0.122700 0.446400
vt 0.055600 0.497600
vt 0.067900 0.641800
vt 0.093300 0.640400
vt 0.075600 0.629400
vt 0.105200 0.647800
vt 0.154200 0.692300
vt 0.158500 0.680000
vt 0.165700 0.698800
vt 0.130600 0.717700
vt 0.116600 0.723500
vt 0.140400 0.682500
vt 0.084300 0.760900
vt 0.409800 0.107200
vt 0.379600 0.105200
vt 0.390500 0.150600
vt 0.377300 0.167200
vt 0.369800 0.147500
vt 0.363800 0.160900
vt 0.416800 0.321400
vt 0.412800 0.336400
vt 0.402900 0.324200
vt 0.448900 0.377500
vt 0.463400 0.369500
vt 0.427100 0.337400
vt 0.429300 0.355800
vt 0.416000 0.351600
vt 0.359200 0.222600
vt 0.349200 0.211700
vt 0.360200 0.203400
vt 0.403800 0.199000
vt 0.393000 0.181600
vt 0.408700 0.179300
vt 0.449400 0.265700
vt 0.453200 0.282900
vt 0.438600 0.345600
vt 0.430700 0.323900
vt 0.428500 0.310800
vt 0.437600 0.301000
vt 0.415200 0.307700
vt 0.399600 0.309200
vt 0.409200 0.288100
vt 0.418500 0.275100
vt 0.425400 0.289900
vt 0.436200 0.277500
vt 0.404500 0.135500
vt 0.459500 0.170400
vt 0.424700 0.150800
vt 0.468500 0.082000
vt 0.426900 0.592200
vt 0.389700 0.639100
vt 0.375700 0.652400
vt 0.372700 0.635700
vt 0.085000 0.203300
vt 0.088500 0.216000
vt 0.102200 0.226000
vt 0.107400 0.243800
vt 0.091000 0.238300
vt 0.052700 0.226800
vt 0.110300 0.175100
vt 0.070600 0.166500
vt 0.097100 0.343700
vt 0.101100 0.356100
vt 0.189500 0.134500
vt 0.115100 0.393400
vt 0.140100 0.501200
vt 0.124200 0.511700
vt 0.119900 0.646200
vt 0.130600 0.704500
vt 0.372200 0.135100
vt 0.440600 0.212300
vt 0.456500 0.184700
vt 0.439700 0.194400
vt 0.417200 0.167100
vt 0.439400 0.528800
vt 0.443200 0.513100
vt 0.091800 0.329900
vt 0.109900 0.331200
vt 0.199200 0.401100
vt 0.185900 0.398000
vt 0.193600 0.379900
vt 0.144000 0.456100
vt 0.146800 0.468800
vt 0.083300 0.664400
vt 0.102500 0.614800
vt 0.105600 0.629600
vt 0.090400 0.626900
vt 0.151200 0.551100
vt 0.411300 0.149000
vt 0.402200 0.165300
vt 0.429200 0.263200
vt 0.423700 0.250400
vt 0.438000 0.250000
vt 0.416400 0.194000
vt 0.442500 0.631900
vt 0.464200 0.577200
vt 0.453700 0.557900
vt 0.104600 0.316700
vt 0.123700 0.407600
vt 0.149400 0.648900
vt 0.160600 0.660100
vt 0.175300 0.683400
vt 0.191200 0.689500
vt 0.180400 0.699200
vt 0.167300 0.711700
vt 0.184000 0.663700
vt 0.175000 0.645200
vt 0.196100 0.645100
vt 0.412400 0.242000
vt 0.412400 0.259400
vt 0.397300 0.251300
vt 0.410400 0.212000
vt 0.378100 0.181700
vt 0.325500 0.134700
vt 0.423600 0.205300
vt 0.466200 0.231800
vt 0.436800 0.611200
vt 0.406600 0.623700
vt 0.409500 0.605000
vt 0.422700 0.610000
vt 0.476700 0.539100
vt 0.468000 0.551700
vt 0.458800 0.536700
vt 0.124100 0.348500
vt 0.113300 0.361500
vt 0.394900 0.273000
vt 0.372200 0.268000
vt 0.386500 0.261100
vt 0.310200 0.196900
vt 0.305000 0.182000
vt 0.322000 0.186100
vt 0.455500 0.240500
vt 0.423200 0.623700
vt 0.405700 0.586400
vt 0.418900 0.580200
vt 0.474700 0.565400
vt 0.487900 0.553000
vt 0.498900 0.561300
vt 0.431000 0.231900
vt 0.341400 0.176000
vt 0.329300 0.170700
vt 0.349800 0.165900
vt 0.292600 0.126200
vt 0.381000 0.221200
vt 0.372800 0.238800
vt 0.459300 0.254700
vt 0.444900 0.231800
vt 0.405800 0.225800
vt 0.392600 0.214000
vt 0.327700 0.149900
vt 0.362000 0.177000
vt 0.353800 0.188800
vt 0.308300 0.142300
vt 0.313200 0.157600
vt 0.295700 0.098800
vt 0.339300 0.188700
vt 0.328600 0.200500
vt 0.316800 0.211300
vt 0.297200 0.161400
vt 0.314800 0.171600
vt 0.386100 0.233700
vt 0.377000 0.331200
vt 0.387600 0.319600
vt 0.398300 0.337500
vt 0.385600 0.246200
vt 0.373800 0.309800
vt 0.394400 0.294700
vt 0.374600 0.252700
vt 0.358500 0.237200
vt 0.289500 0.140800
vt 0.313600 0.124600
vt 0.312200 0.098000
vt 0.302200 0.114600
vt 0.287300 0.197100
vt 0.301400 0.209300
vt 0.287300 0.215500
vt 0.361300 0.374700
vt 0.358300 0.387700
vt 0.369400 0.283300
vt 0.384500 0.283600
vt 0.363600 0.297800
vt 0.321400 0.334600
vt 0.320500 0.315500
vt 0.332200 0.326200
vt 0.344200 0.240600
vt 0.357700 0.310900
vt 0.347800 0.271700
vt 0.356100 0.255300
vt 0.347700 0.300300
vt 0.335100 0.284600
vt 0.353500 0.286000
vt 0.068900 0.514800
vt 0.067300 0.502500
vt 0.087200 0.511100
vt 0.094600 0.527300
vt 0.078400 0.527500
vt 0.059500 0.598000
vt 0.429800 0.760800
vt 0.389300 0.758500
vt 0.493500 0.444400
vt 0.485300 0.431800
vt 0.393000 0.738900
vt 0.410200 0.735100
vt 0.407400 0.702200
vt 0.407400 0.687200
vt 0.423000 0.685600
vt 0.419400 0.658900
vt 0.393000 0.661300
vt 0.401400 0.648700
vt 0.423500 0.724000
vt 0.408600 0.720200
vt 0.422500 0.704800
vt 0.442200 0.707000
vt 0.182200 0.106700
vt 0.134400 0.114600
vt 0.139400 0.136100
vt 0.476300 0.446000
vt 0.437000 0.391000
vt 0.451000 0.408400
vt 0.464800 0.461600
vt 0.459200 0.447600
vt 0.448700 0.396100
vt 0.434600 0.406800
vt 0.418300 0.404100
vt 0.402400 0.355200
vt 0.373900 0.369500
vt 0.379700 0.357700
vt 0.414400 0.366700
vt 0.451000 0.357600
vt 0.389700 0.349000
vt 0.368900 0.349900
vt 0.367500 0.321600
vt 0.364100 0.336900
vt 0.437100 0.429400
vt 0.340900 0.357900
vt 0.327400 0.359200
vt 0.329700 0.345700
vt 0.354700 0.326500
vt 0.343600 0.315300
vt 0.435200 0.368200
vt 0.403700 0.399900
vt 0.352900 0.364200
vt 0.476600 0.495900
vt 0.493500 0.484300
vt 0.490400 0.500100
vt 0.437700 0.569600
vt 0.444600 0.544600
vt 0.456500 0.478300
vt 0.439700 0.466300
vt 0.485900 0.472300
vt 0.428400 0.507500
vt 0.441000 0.497500
vt 0.464200 0.488700
vt 0.412000 0.550000
vt 0.422900 0.566400
vt 0.428700 0.541000
vt 0.400300 0.535400
vt 0.393000 0.548500
vt 0.475300 0.481900
vt 0.487900 0.458300
vt 0.398500 0.575700
vt 0.433600 0.555400
vt 0.120900 0.373800
vt 0.132200 0.396900
vt 0.137700 0.356300
vt 0.135500 0.371500
vt 0.138800 0.384800
vt 0.148400 0.365500
vt 0.156000 0.404800
vt 0.142300 0.406000
vt 0.355500 0.351300
vt 0.165100 0.417000
vt 0.163300 0.440800
vt 0.128700 0.477600
vt 0.079000 0.481400
vt 0.077700 0.495400
vt 0.159800 0.453900
vt 0.178200 0.409000
vt 0.161500 0.468100
vt 0.179600 0.451300
vt 0.182400 0.465600
vt 0.142500 0.482500
vt 0.126300 0.497900
vt 0.111300 0.483500
vt 0.099500 0.497300
vt 0.101400 0.510900
vt 0.093500 0.480600
vt 0.087500 0.464000
vt 0.173000 0.477000
vt 0.168600 0.492800
vt 0.151800 0.493500
vt 0.104000 0.581900
vt 0.123000 0.593300
vt 0.104200 0.598000
vt 0.084400 0.542100
vt 0.099400 0.541200
vt 0.127900 0.531000
vt 0.112400 0.519500
vt 0.063000 0.527200
vt 0.073400 0.314500
vt 0.064000 0.288700
vt 0.082600 0.282600
vt 0.112700 0.302400
vt 0.116400 0.286500
vt 0.139700 0.341100
vt 0.126300 0.331800
vt 0.140300 0.326700
vt 0.120400 0.316900
vt 0.100000 0.271000
vt 0.133600 0.301100
vt 0.138100 0.267800
vt 0.156800 0.264400
vt 0.157200 0.280400
vt 0.190000 0.334200
vt 0.175300 0.328000
vt 0.187000 0.313500
vt 0.164700 0.343100
vt 0.162700 0.367500
vt 0.134100 0.314600
vt 0.149000 0.314900
vt 0.166400 0.315100
vt 0.178200 0.387000
vt 0.179800 0.370200
vt 0.272600 0.138300
vt 0.276900 0.156900
vt 0.256200 0.158100
vt 0.267600 0.173700
vt 0.286500 0.176900
vt 0.202000 0.136800
vt 0.250900 0.170700
vt 0.251100 0.184300
vt 0.237100 0.168900
vt 0.208300 0.153000
vt 0.192000 0.156000
vt 0.268900 0.192700
vt 0.219400 0.166500
vt 0.228200 0.149600
vt 0.195200 0.190900
vt 0.177300 0.205700
vt 0.174400 0.192000
vt 0.119200 0.609900
vt 0.439400 0.653200
vt 0.063200 0.215100
vt 0.070500 0.228000
vt 0.076500 0.241100
vt 0.306800 0.227200
vt 0.320700 0.224500
vt 0.323200 0.269100
vt 0.322400 0.281800
vt 0.311400 0.274700
vt 0.214800 0.401800
vt 0.228100 0.405500
vt 0.220100 0.416300
vt 0.067400 0.540100
vt 0.068600 0.582400
vt 0.073000 0.565000
vt 0.074600 0.551600
vt 0.058300 0.556500
vt 0.073200 0.595200
vt 0.113800 0.545400
vt 0.112500 0.559500
vt 0.085300 0.602000
vt 0.172500 0.506700
vt 0.092700 0.555300
vt 0.085800 0.577300
vt 0.101300 0.568500
vt 0.117200 0.577300
vt 0.092400 0.589800
vt 0.413800 0.673200
vt 0.431800 0.663900
vt 0.435600 0.676400
vt 0.453200 0.695000
vt 0.110700 0.094800
vt 0.186900 0.169600
vt 0.171200 0.160900
vt 0.167900 0.126700
vt 0.169600 0.112900
vt 0.142600 0.091200
vt 0.146000 0.147400
vt 0.154400 0.133700
vt 0.159400 0.147700
vt 0.132400 0.147000
vt 0.138700 0.158200
vt 0.147100 0.186300
vt 0.160100 0.193200
vt 0.140700 0.212700
vt 0.153700 0.173400
vt 0.152700 0.159700
vt 0.089700 0.184500
vt 0.169000 0.139300
vt 0.181100 0.143900
vt 0.122200 0.163000
vt 0.096500 0.196400
vt 0.139500 0.172000
vt 0.237200 0.234400
vt 0.220400 0.227800
vt 0.234400 0.217400
vt 0.137800 0.239700
vt 0.128200 0.220400
vt 0.151100 0.227400
vt 0.132500 0.184100
vt 0.201800 0.169000
vt 0.174800 0.178100
vt 0.115500 0.193200
vt 0.213400 0.184400
vt 0.209700 0.242300
vt 0.212800 0.261700
vt 0.198400 0.252300
vt 0.159500 0.211500
vt 0.174700 0.227000
vt 0.121200 0.270500
vt 0.107100 0.258300
vt 0.130500 0.200000
vt 0.114600 0.214700
vt 0.101200 0.209600
vt 0.188000 0.233900
vt 0.181700 0.247300
vt 0.187800 0.298700
vt 0.202900 0.300700
vt 0.158900 0.248200
vt 0.163000 0.234900
vt 0.190100 0.217200
vt 0.202200 0.229300
vt 0.170700 0.257500
vt 0.144100 0.253700
vt 0.213900 0.205400
vt 0.228900 0.203800
vt 0.206300 0.320600
vt 0.179100 0.343100
vt 0.171900 0.356000
vt 0.156600 0.329100
vt 0.091400 0.258200
vt 0.152900 0.295800
vt 0.133600 0.284200
vt 0.198800 0.205200
vt 0.210400 0.218400
vt 0.193100 0.268400
vt 0.172600 0.299200
vt 0.121300 0.253900
vt 0.171400 0.272300
vt 0.179700 0.285400
vt 0.447700 0.438100
vt 0.381900 0.485600
vt 0.370900 0.468400
vt 0.389700 0.469000
vt 0.276300 0.514800
vt 0.272700 0.494400
vt 0.291400 0.501800
vt 0.313300 0.479700
vt 0.312600 0.460800
vt 0.325400 0.469800
vt 0.356000 0.466900
vt 0.352600 0.452700
vt 0.366100 0.455700
vt 0.395200 0.414400
vt 0.388400 0.399100
vt 0.408700 0.424600
vt 0.332500 0.448200
vt 0.347300 0.433300
vt 0.194100 0.474800
vt 0.212300 0.333800
vt 0.202600 0.344700
vt 0.362900 0.419300
vt 0.356800 0.404000
vt 0.371900 0.397100
vt 0.234600 0.347100
vt 0.230300 0.332700
vt 0.249000 0.339900
vt 0.337200 0.378500
vt 0.424300 0.419300
vt 0.392800 0.614700
vt 0.273800 0.473600
vt 0.295200 0.472700
vt 0.285000 0.484600
vt 0.361300 0.488900
vt 0.377100 0.505400
vt 0.194100 0.418500
vt 0.206600 0.412600
vt 0.193800 0.557700
vt 0.209300 0.549900
vt 0.212400 0.574000
vt 0.126800 0.562000
vt 0.147200 0.568100
vt 0.076000 0.255400
vt 0.219200 0.346500
vt 0.343400 0.332500
vt 0.343700 0.345000
vt 0.195200 0.285500
vt 0.210200 0.281800
vt 0.245000 0.306700
vt 0.260100 0.296100
vt 0.260500 0.313600
vt 0.186800 0.354800
vt 0.233400 0.319400
vt 0.227900 0.306900
vt 0.227900 0.259400
vt 0.230300 0.274000
vt 0.197000 0.365600
vt 0.210600 0.358900
vt 0.209500 0.373800
vt 0.209900 0.389400
vt 0.313600 0.345800
vt 0.246400 0.324500
vt 0.266900 0.335700
vt 0.229500 0.367800
vt 0.214000 0.309100
vt 0.272700 0.322200
vt 0.261300 0.350100
vt 0.274700 0.228500
vt 0.293100 0.227600
vt 0.295100 0.294900
vt 0.310700 0.287400
vt 0.306900 0.307200
vt 0.222700 0.292000
vt 0.238900 0.291200
vt 0.224700 0.245000
vt 0.251700 0.276700
vt 0.246000 0.248100
vt 0.243300 0.263400
vt 0.267500 0.280100
vt 0.274900 0.294100
vt 0.277700 0.308400
vt 0.281600 0.333700
vt 0.181200 0.421500
vt 0.192600 0.436700
vt 0.174400 0.432600
vt 0.244500 0.469400
vt 0.259000 0.472500
vt 0.250400 0.484400
vt 0.205300 0.428500
vt 0.216100 0.439000
vt 0.203800 0.443000
vt 0.228400 0.465900
vt 0.230000 0.480100
vt 0.213800 0.467200
vt 0.198900 0.454700
vt 0.216800 0.497700
vt 0.230700 0.426400
vt 0.219800 0.453500
vt 0.238200 0.491200
vt 0.231700 0.440700
vt 0.247400 0.440400
vt 0.259400 0.493900
vt 0.258700 0.526800
vt 0.245500 0.518300
vt 0.263600 0.515400
vt 0.237700 0.454900
vt 0.230500 0.502600
vt 0.218900 0.516300
vt 0.186900 0.510100
vt 0.260700 0.441800
vt 0.265000 0.429500
vt 0.272100 0.448500
vt 0.255200 0.506200
vt 0.173100 0.521200
vt 0.194100 0.532100
vt 0.130000 0.546600
vt 0.255600 0.455700
vt 0.268200 0.461400
vt 0.245200 0.423300
vt 0.293200 0.452100
vt 0.282100 0.434300
vt 0.284100 0.463300
vt 0.260700 0.409600
vt 0.279200 0.415600
vt 0.377200 0.620200
vt 0.200800 0.518000
vt 0.216000 0.533600
vt 0.179500 0.534000
vt 0.232900 0.527500
vt 0.189700 0.544900
vt 0.162300 0.584000
vt 0.148300 0.586500
vt 0.138400 0.634800
vt 0.120900 0.631900
vt 0.137300 0.616600
vt 0.180600 0.568800
vt 0.230500 0.546600
vt 0.184800 0.582600
vt 0.206600 0.599000
vt 0.192200 0.610400
vt 0.180400 0.596500
vt 0.196200 0.573400
vt 0.231300 0.590000
vt 0.203800 0.585300
vt 0.135200 0.581100
vt 0.165400 0.598400
vt 0.154900 0.609000
vt 0.310700 0.439900
vt 0.296300 0.438300
vt 0.321000 0.489900
vt 0.311400 0.498500
vt 0.296500 0.424200
vt 0.368200 0.556700
vt 0.377700 0.546900
vt 0.226600 0.576700
vt 0.177200 0.620900
vt 0.140600 0.598100
vt 0.150300 0.622100
vt 0.156100 0.634700
vt 0.300200 0.488000
vt 0.328000 0.536500
vt 0.346000 0.529700
vt 0.337500 0.544700
vt 0.310100 0.426500
vt 0.345000 0.415700
vt 0.337200 0.399500
vt 0.278300 0.530800
vt 0.280000 0.546800
vt 0.265300 0.540800
vt 0.246000 0.532900
vt 0.314500 0.524300
vt 0.330700 0.524500
vt 0.280500 0.399600
vt 0.293100 0.410000
vt 0.341100 0.469300
vt 0.334000 0.491400
vt 0.437700 0.482000
vt 0.422900 0.483400
vt 0.423600 0.468200
vt 0.398500 0.499900
vt 0.396100 0.517800
vt 0.319300 0.449700
vt 0.326000 0.433100
vt 0.345000 0.389000
vt 0.347000 0.483200
vt 0.361500 0.504100
vt 0.346700 0.499900
vt 0.331700 0.507900
vt 0.308100 0.409300
vt 0.320500 0.417600
vt 0.250300 0.546000
vt 0.332300 0.215900
vt 0.332700 0.231600
vt 0.316400 0.248100
vt 0.267200 0.244800
vt 0.280300 0.240700
vt 0.278300 0.262400
vt 0.269000 0.211100
vt 0.429000 0.640900
vt 0.412800 0.638700
vt 0.377800 0.598400
vt 0.394400 0.598300
vt 0.437300 0.692000
vt 0.319900 0.644200
vt 0.301400 0.648400
vt 0.309400 0.631600
vt 0.319400 0.660300
vt 0.336300 0.647000
vt 0.392600 0.725300
vt 0.380600 0.709100
vt 0.395700 0.712000
vt 0.356300 0.638900
vt 0.360900 0.623300
vt 0.367900 0.666300
vt 0.382200 0.671800
vt 0.083600 0.227800
vt 0.397200 0.675800
vt 0.315800 0.724700
vt 0.356300 0.655100
vt 0.120200 0.232500
vt 0.256300 0.214200
vt 0.251600 0.226100
vt 0.232100 0.189500
vt 0.256200 0.196100
vt 0.444100 0.451100
vt 0.361600 0.433000
vt 0.378900 0.416000
vt 0.387600 0.429400
vt 0.300400 0.354400
vt 0.295100 0.339800
vt 0.318900 0.393800
vt 0.325200 0.405300
vt 0.281500 0.353700
vt 0.264900 0.365200
vt 0.291800 0.321000
vt 0.309800 0.327200
vt 0.283600 0.282300
vt 0.297900 0.281100
vt 0.271200 0.377300
vt 0.284900 0.379900
vt 0.267100 0.390300
vt 0.246700 0.356300
vt 0.249200 0.377700
vt 0.222200 0.379400
vt 0.291700 0.255500
vt 0.312500 0.260800
vt 0.291400 0.307700
vt 0.326700 0.300500
vt 0.241700 0.404400
vt 0.241000 0.389900
vt 0.260200 0.261100
vt 0.302800 0.369700
vt 0.320900 0.374300
vt 0.307300 0.383900
vt 0.288600 0.366200
vt 0.299900 0.397000
vt 0.226300 0.392300
vt 0.294000 0.241000
vt 0.288100 0.270500
vt 0.247000 0.205200
vt 0.255300 0.238700
vt 0.337400 0.253200
vt 0.328700 0.243700
vt 0.300600 0.267400
vt 0.336000 0.265900
vt 0.325300 0.256900
vt 0.420600 0.452400
vt 0.404800 0.441800
vt 0.421300 0.436300
vt 0.369800 0.609100
vt 0.357600 0.603300
vt 0.383000 0.530000
vt 0.239300 0.626300
vt 0.226200 0.619800
vt 0.240700 0.604300
vt 0.169900 0.632500
vt 0.221800 0.559500
vt 0.264600 0.561800
vt 0.220100 0.638200
vt 0.205400 0.658500
vt 0.193700 0.627800
vt 0.350000 0.514500
vt 0.367000 0.521100
vt 0.388900 0.450400
vt 0.405700 0.459400
vt 0.371200 0.443200
vt 0.341400 0.580500
vt 0.361400 0.583500
vt 0.349900 0.591700
vt 0.408200 0.480700
vt 0.395800 0.486700
vt 0.417000 0.496800
vt 0.358800 0.539200
vt 0.236100 0.566100
vt 0.342100 0.661000
vt 0.330500 0.632500
vt 0.345500 0.627400
vt 0.335700 0.599300
vt 0.374400 0.586000
vt 0.254300 0.596400
vt 0.256400 0.611700
vt 0.347400 0.613400
vt 0.352900 0.572300
vt 0.307100 0.599000
vt 0.289800 0.608100
vt 0.287800 0.594400
vt 0.273900 0.597100
vt 0.300100 0.666800
vt 0.319200 0.620900
vt 0.321300 0.606800
vt 0.303400 0.616900
vt 0.333400 0.617300
vt 0.322300 0.586700
vt 0.289500 0.514500
vt 0.316100 0.555400
vt 0.336200 0.562900
vt 0.354400 0.558400
vt 0.306600 0.512200
vt 0.295100 0.540000
vt 0.315900 0.540000
vt 0.300300 0.555300
vt 0.298300 0.524200
vt 0.296100 0.583100
vt 0.312400 0.570300
vt 0.326500 0.573300
vt 0.292900 0.568500
vt 0.261300 0.582600
vt 0.251400 0.570500
vt 0.385700 0.695000
vt 0.223300 0.605800
vt 0.189200 0.676200
vt 0.171000 0.669900
vt 0.207800 0.687300
vt 0.221400 0.684300
vt 0.215600 0.673300
vt 0.203000 0.674600
vt 0.279800 0.668800
vt 0.242400 0.684300
vt 0.258900 0.686300
vt 0.259600 0.673100
vt 0.267900 0.663000
vt 0.305200 0.689000
vt 0.241000 0.651600
vt 0.265100 0.650300
vt 0.314000 0.675500
vt 0.211600 0.619200
vt 0.297300 0.636300
vt 0.273900 0.639200
vt 0.284600 0.652600
vt 0.285500 0.631000
vt 0.308600 0.707400
vt 0.325300 0.688400
vt 0.251900 0.623500
vt 0.252500 0.641900
vt 0.327900 0.705100
vt 0.336800 0.715700
vt 0.206100 0.634900
vt 0.327400 0.671500
vt 0.370800 0.681900
vt 0.350400 0.711900
vt 0.366400 0.700600
vt 0.378700 0.724000
vt 0.352200 0.726400
vt 0.357500 0.740200
vt 0.365500 0.715800
vt 0.245400 0.584200
vt 0.273500 0.613900
vt 0.262500 0.630600
vt 0.278900 0.560700
vt 0.278800 0.574600
vt 0.985700 0.122200
vt 0.977800 0.105000
vt 0.988000 0.105700
vt 0.563200 0.097400
vt 0.563200 0.080900
vt 0.571500 0.089200
vt 0.836500 0.696500
vt 0.844800 0.708700
vt 0.828200 0.708700
vt 0.571400 0.122200
vt 0.579200 0.105000
vt 0.583200 0.122200
vt 0.569100 0.105700
vt 0.993800 0.080900
vt 0.993800 0.097400
vt 0.985600 0.089200
vt 0.876200 0.686700
vt 0.869600 0.694800
vt 0.863000 0.686700
vt 0.577700 0.138700
vt 0.587700 0.146400
vt 0.578800 0.155300
vt 0.952400 0.702500
vt 0.960700 0.708700
vt 0.944200 0.708700
vt 0.563200 0.180000
vt 0.563200 0.163500
vt 0.574000 0.171800
vt 0.563200 0.147000
vt 0.568800 0.155300
vt 0.934500 0.627800
vt 0.937900 0.614000
vt 0.944700 0.622900
vt 0.563200 0.130500
vt 0.563200 0.114000
vt 0.939100 0.436100
vt 0.942100 0.449800
vt 0.924600 0.451600
vt 0.977300 0.708700
vt 0.973100 0.696400
vt 0.985600 0.700400
vt 0.571100 0.204800
vt 0.578300 0.188300
vt 0.582600 0.204800
vt 0.563200 0.213100
vt 0.563200 0.196600
vt 0.993800 0.708700
vt 0.977100 0.667400
vt 0.981900 0.686700
vt 0.969000 0.684100
vt 0.587700 0.293600
vt 0.585600 0.303900
vt 0.572900 0.303900
vt 0.601700 0.111500
vt 0.619900 0.110500
vt 0.604800 0.122200
vt 0.579200 0.287200
vt 0.577500 0.270900
vt 0.569100 0.287400
vt 0.993800 0.675600
vt 0.993800 0.692200
vt 0.578300 0.221300
vt 0.563200 0.229600
vt 0.587700 0.161000
vt 0.965500 0.650900
vt 0.956700 0.657800
vt 0.950600 0.648400
vt 0.596300 0.080900
vt 0.609400 0.090800
vt 0.598900 0.091500
vt 0.963000 0.134200
vt 0.950600 0.134100
vt 0.952400 0.121900
vt 0.629400 0.080900
vt 0.646000 0.080900
vt 0.637700 0.086400
vt 0.588000 0.093200
vt 0.579700 0.080900
vt 0.619100 0.095100
vt 0.637700 0.096200
vt 0.630100 0.104900
vt 0.594000 0.134900
vt 0.594000 0.124000
vt 0.603800 0.132300
vt 0.654300 0.095200
vt 0.677200 0.103900
vt 0.659300 0.106900
vt 0.670800 0.095100
vt 0.791800 0.118600
vt 0.783700 0.126900
vt 0.781200 0.111100
vt 0.720500 0.089800
vt 0.712300 0.080900
vt 0.728800 0.080900
vt 0.895800 0.219600
vt 0.884400 0.218500
vt 0.897700 0.202100
vt 0.577500 0.337000
vt 0.563200 0.328700
vt 0.569100 0.320500
vt 0.647400 0.343000
vt 0.649900 0.328900
vt 0.660700 0.329300
vt 0.563200 0.345200
vt 0.573700 0.353500
vt 0.563200 0.361800
vt 0.795100 0.080900
vt 0.786800 0.095300
vt 0.778500 0.080900
vt 0.963500 0.483000
vt 0.974200 0.485700
vt 0.961000 0.494900
vt 0.563200 0.312200
vt 0.586900 0.539200
vt 0.578300 0.551700
vt 0.574800 0.540200
vt 0.572300 0.436100
vt 0.576700 0.419600
vt 0.584700 0.426000
vt 0.730400 0.103600
vt 0.733700 0.113000
vt 0.718500 0.113000
vt 0.753700 0.095200
vt 0.737100 0.096200
vt 0.737100 0.086400
vt 0.652200 0.419900
vt 0.649500 0.408800
vt 0.665400 0.418500
vt 0.819700 0.481500
vt 0.827800 0.472400
vt 0.832200 0.488900
vt 0.592300 0.105400
vt 0.585500 0.578200
vt 0.593700 0.584800
vt 0.585500 0.591300
vt 0.592200 0.247300
vt 0.602500 0.252100
vt 0.587600 0.265100
vt 0.604600 0.100800
vt 0.569800 0.370000
vt 0.563200 0.378300
vt 0.704000 0.095700
vt 0.687400 0.100000
vt 0.687400 0.088700
vt 0.586700 0.480300
vt 0.603000 0.486800
vt 0.586700 0.492900
vt 0.709700 0.579700
vt 0.695000 0.565800
vt 0.703800 0.559600
vt 0.633900 0.385000
vt 0.645000 0.385500
vt 0.641100 0.395800
vt 0.753700 0.695900
vt 0.757100 0.681500
vt 0.770200 0.688500
vt 0.614900 0.209700
vt 0.632800 0.206300
vt 0.618600 0.220800
vt 0.576200 0.469100
vt 0.574600 0.486600
vt 0.563200 0.444400
vt 0.576700 0.452600
vt 0.563200 0.460900
vt 0.563200 0.295700
vt 0.658000 0.571100
vt 0.667700 0.582800
vt 0.650600 0.581700
vt 0.616400 0.124600
vt 0.627300 0.120300
vt 0.967600 0.331300
vt 0.973000 0.320500
vt 0.978400 0.337000
vt 0.574100 0.518700
vt 0.578200 0.502200
vt 0.586700 0.511500
vt 0.592600 0.452600
vt 0.584700 0.461200
vt 0.584700 0.446200
vt 0.563200 0.576500
vt 0.577300 0.584800
vt 0.563200 0.593000
vt 0.563200 0.527000
vt 0.563200 0.510400
vt 0.810000 0.290300
vt 0.803200 0.297500
vt 0.807200 0.280800
vt 0.857500 0.320500
vt 0.871500 0.315100
vt 0.870100 0.332200
vt 0.572800 0.601300
vt 0.654300 0.693800
vt 0.662600 0.708700
vt 0.646000 0.708700
vt 0.563200 0.642600
vt 0.576200 0.650900
vt 0.563200 0.659100
vt 0.577800 0.617800
vt 0.584000 0.633300
vt 0.571900 0.634300
vt 0.914700 0.293500
vt 0.911800 0.281900
vt 0.928600 0.284000
vt 0.584000 0.657800
vt 0.584000 0.643700
vt 0.591700 0.650900
vt 0.618200 0.436100
vt 0.625200 0.452100
vt 0.608000 0.448400
vt 0.563200 0.493900
vt 0.646600 0.104900
vt 0.563200 0.560000
vt 0.563200 0.543500
vt 0.585400 0.696900
vt 0.571500 0.700400
vt 0.575600 0.688100
vt 0.604600 0.702500
vt 0.612900 0.708700
vt 0.596300 0.708700
vt 0.579700 0.708700
vt 0.563200 0.708700
vt 0.574400 0.677100
vt 0.563200 0.675600
vt 0.681800 0.638100
vt 0.680800 0.656000
vt 0.671200 0.639300
vt 0.603200 0.635400
vt 0.586600 0.623300
vt 0.580000 0.667400
vt 0.569500 0.667400
vt 0.604600 0.692300
vt 0.588000 0.684100
vt 0.606600 0.652200
vt 0.623600 0.665600
vt 0.614200 0.671700
vt 0.621200 0.695700
vt 0.629400 0.708700
vt 0.658700 0.654200
vt 0.661300 0.666400
vt 0.649400 0.660500
vt 0.599800 0.681300
vt 0.614100 0.688000
vt 0.637700 0.694400
vt 0.813900 0.158000
vt 0.804100 0.165800
vt 0.803400 0.148100
vt 0.687400 0.678400
vt 0.695600 0.686500
vt 0.680900 0.686500
vt 0.993800 0.229600
vt 0.980500 0.221300
vt 0.993800 0.213100
vt 0.687400 0.694600
vt 0.704000 0.694500
vt 0.695700 0.708700
vt 0.937300 0.125800
vt 0.712300 0.708700
vt 0.720500 0.693800
vt 0.728800 0.708700
vt 0.711900 0.685400
vt 0.703400 0.680300
vt 0.865600 0.170600
vt 0.875500 0.164400
vt 0.875800 0.174200
vt 0.679100 0.708700
vt 0.858300 0.091800
vt 0.861300 0.080900
vt 0.869600 0.092900
vt 0.729900 0.685400
vt 0.737100 0.697800
vt 0.595200 0.661700
vt 0.580500 0.370900
vt 0.750300 0.642800
vt 0.747600 0.629600
vt 0.760800 0.633800
vt 0.759700 0.104700
vt 0.746000 0.104700
vt 0.743100 0.126500
vt 0.753700 0.114200
vt 0.759400 0.127400
vt 0.844800 0.080900
vt 0.644600 0.650500
vt 0.809200 0.107000
vt 0.816700 0.124200
vt 0.803400 0.116400
vt 0.902700 0.093900
vt 0.888500 0.100200
vt 0.886200 0.088900
vt 0.902100 0.129900
vt 0.896800 0.139400
vt 0.891000 0.125000
vt 0.563200 0.692200
vt 0.911000 0.080900
vt 0.927600 0.080900
vt 0.919300 0.087100
vt 0.621200 0.680400
vt 0.877900 0.080900
vt 0.935900 0.090900
vt 0.944200 0.080900
vt 0.952400 0.087100
vt 0.969000 0.093200
vt 0.993800 0.246100
vt 0.993800 0.262600
vt 0.979000 0.254400
vt 0.935900 0.103900
vt 0.953000 0.097400
vt 0.977300 0.080900
vt 0.978700 0.138700
vt 0.988500 0.138700
vt 0.979700 0.154600
vt 0.993800 0.114000
vt 0.972300 0.353500
vt 0.984700 0.353500
vt 0.978200 0.370000
vt 0.932500 0.376400
vt 0.920200 0.368100
vt 0.937300 0.365400
vt 0.732800 0.157400
vt 0.747800 0.148100
vt 0.742900 0.161400
vt 0.993800 0.130500
vt 0.974000 0.122200
vt 0.859600 0.240700
vt 0.867800 0.230800
vt 0.872500 0.241900
vt 0.803400 0.087300
vt 0.811600 0.080900
vt 0.837600 0.148200
vt 0.839200 0.159600
vt 0.825700 0.156900
vt 0.983100 0.177300
vt 0.993800 0.163500
vt 0.993800 0.180000
vt 0.974900 0.196100
vt 0.967700 0.188300
vt 0.982100 0.188300
vt 0.993800 0.279200
vt 0.986700 0.270900
vt 0.656800 0.446100
vt 0.661400 0.455100
vt 0.648500 0.456200
vt 0.579200 0.320600
vt 0.688800 0.118900
vt 0.670800 0.112700
vt 0.993800 0.196600
vt 0.993800 0.312200
vt 0.993800 0.328700
vt 0.985100 0.320500
vt 0.679100 0.080900
vt 0.695700 0.080900
vt 0.993800 0.378300
vt 0.988300 0.370000
vt 0.993800 0.361800
vt 0.662600 0.080900
vt 0.993800 0.345200
vt 0.953400 0.354300
vt 0.948500 0.344400
vt 0.958300 0.339000
vt 0.940500 0.353300
vt 0.921800 0.353500
vt 0.937900 0.341100
vt 0.974400 0.417300
vt 0.982900 0.424900
vt 0.964500 0.424300
vt 0.942600 0.312600
vt 0.938400 0.322900
vt 0.931000 0.308400
vt 0.599700 0.144500
vt 0.612000 0.156100
vt 0.596500 0.155300
vt 0.979500 0.306000
vt 0.974900 0.206800
vt 0.986100 0.204800
vt 0.993800 0.427800
vt 0.981800 0.436100
vt 0.993800 0.147000
vt 0.852000 0.669400
vt 0.869600 0.678600
vt 0.963200 0.123400
vt 0.963400 0.110900
vt 0.767600 0.677600
vt 0.779300 0.677600
vt 0.825800 0.680000
vt 0.836500 0.681700
vt 0.819900 0.689100
vt 0.974400 0.444100
vt 0.967100 0.436100
vt 0.828500 0.168300
vt 0.843300 0.175400
vt 0.612900 0.080900
vt 0.993800 0.510400
vt 0.978800 0.518700
vt 0.982900 0.508500
vt 0.993800 0.444400
vt 0.877900 0.708700
vt 0.861300 0.708700
vt 0.978700 0.617800
vt 0.993800 0.609600
vt 0.993800 0.626100
vt 0.886200 0.699200
vt 0.935900 0.680600
vt 0.942900 0.688200
vt 0.928700 0.688200
vt 0.891200 0.173000
vt 0.886200 0.187500
vt 0.803400 0.681700
vt 0.816800 0.674000
vt 0.927600 0.708700
vt 0.935900 0.695800
vt 0.987500 0.667400
vt 0.993800 0.659100
vt 0.962100 0.697800
vt 0.941100 0.591800
vt 0.921500 0.600800
vt 0.932000 0.584800
vt 0.919300 0.700100
vt 0.902700 0.694300
vt 0.918200 0.688200
vt 0.895800 0.473000
vt 0.907800 0.491000
vt 0.897800 0.495100
vt 0.981900 0.530800
vt 0.993800 0.527000
vt 0.993800 0.493900
vt 0.985800 0.485700
vt 0.993800 0.477400
vt 0.778500 0.708700
vt 0.761900 0.708700
vt 0.770200 0.700200
vt 0.983000 0.541700
vt 0.970100 0.545700
vt 0.970100 0.535200
vt 0.979400 0.568300
vt 0.965400 0.569000
vt 0.970100 0.560300
vt 0.979800 0.584800
vt 0.993800 0.576500
vt 0.993800 0.593000
vt 0.993800 0.543500
vt 0.993800 0.560000
vt 0.978700 0.551700
vt 0.979300 0.634400
vt 0.621800 0.144100
vt 0.610100 0.140300
vt 0.980900 0.650900
vt 0.993800 0.642600
vt 0.966200 0.672500
vt 0.973200 0.657800
vt 0.952400 0.692300
vt 0.920400 0.669300
vt 0.908200 0.685600
vt 0.941500 0.664200
vt 0.946500 0.676500
vt 0.601400 0.179700
vt 0.611100 0.183700
vt 0.595500 0.188300
vt 0.971600 0.591400
vt 0.963500 0.584800
vt 0.971600 0.576700
vt 0.950500 0.611300
vt 0.563200 0.246100
vt 0.571600 0.254400
vt 0.563200 0.262600
vt 0.624600 0.480800
vt 0.636400 0.477100
vt 0.634900 0.490400
vt 0.918700 0.097400
vt 0.563200 0.411300
vt 0.563200 0.427800
vt 0.584700 0.436100
vt 0.598500 0.443900
vt 0.985800 0.452600
vt 0.980600 0.469100
vt 0.974400 0.454900
vt 0.944600 0.377100
vt 0.666100 0.676200
vt 0.660100 0.685400
vt 0.654300 0.676900
vt 0.720500 0.676900
vt 0.759600 0.615600
vt 0.878000 0.609400
vt 0.863400 0.616100
vt 0.866900 0.605200
vt 0.605400 0.568800
vt 0.585500 0.567800
vt 0.586900 0.557500
vt 0.606300 0.621900
vt 0.595500 0.617800
vt 0.605400 0.600700
vt 0.645700 0.685400
vt 0.563200 0.626100
vt 0.591100 0.672400
vt 0.877700 0.100200
vt 0.820100 0.109200
vt 0.838300 0.108900
vt 0.832100 0.122800
vt 0.933500 0.170200
vt 0.949900 0.179600
vt 0.940300 0.188300
vt 0.960700 0.080900
vt 0.962500 0.100900
vt 0.951000 0.109600
vt 0.910200 0.121000
vt 0.902300 0.111900
vt 0.869600 0.107400
vt 0.983500 0.164200
vt 0.960500 0.606100
vt 0.970100 0.612000
vt 0.961500 0.617800
vt 0.955400 0.568700
vt 0.945400 0.555600
vt 0.961500 0.551700
vt 0.889300 0.524500
vt 0.899300 0.516900
vt 0.902600 0.531500
vt 0.953100 0.440300
vt 0.954800 0.455900
vt 0.847100 0.698200
vt 0.885600 0.667200
vt 0.877900 0.657000
vt 0.894600 0.652600
vt 0.803400 0.696500
vt 0.811600 0.708700
vt 0.795100 0.708700
vt 0.860800 0.566800
vt 0.861300 0.578000
vt 0.850000 0.578800
vt 0.970100 0.626400
vt 0.911000 0.708700
vt 0.957000 0.680900
vt 0.586900 0.194900
vt 0.603300 0.207800
vt 0.603500 0.169500
vt 0.587700 0.171500
vt 0.658600 0.122400
vt 0.685300 0.129600
vt 0.669100 0.123000
vt 0.637700 0.113600
vt 0.587700 0.314300
vt 0.577400 0.240300
vt 0.573600 0.230600
vt 0.588000 0.226100
vt 0.653700 0.287400
vt 0.656100 0.298300
vt 0.644200 0.296300
vt 0.626400 0.321800
vt 0.613100 0.318900
vt 0.622200 0.308900
vt 0.584700 0.412700
vt 0.604100 0.404000
vt 0.602300 0.414600
vt 0.745400 0.080900
vt 0.710500 0.103500
vt 0.770200 0.089100
vt 0.761900 0.080900
vt 0.769900 0.117700
vt 0.836500 0.093900
vt 0.828200 0.080900
vt 0.850700 0.100200
vt 0.975700 0.270900
vt 0.979000 0.287400
vt 0.909700 0.201700
vt 0.925900 0.209500
vt 0.912500 0.213400
vt 0.950600 0.320500
vt 0.946600 0.332200
vt 0.965700 0.281500
vt 0.993800 0.394800
vt 0.984700 0.386500
vt 0.967300 0.375500
vt 0.966400 0.363700
vt 0.607300 0.548800
vt 0.595500 0.551700
vt 0.602600 0.458600
vt 0.595300 0.502200
vt 0.586300 0.391800
vt 0.584700 0.402200
vt 0.577000 0.386500
vt 0.972300 0.386500
vt 0.979100 0.401800
vt 0.969300 0.396900
vt 0.664600 0.697900
vt 0.646900 0.670200
vt 0.700900 0.659100
vt 0.715100 0.665900
vt 0.703600 0.670500
vt 0.775700 0.656600
vt 0.759100 0.653000
vt 0.774100 0.645200
vt 0.745400 0.708700
vt 0.796500 0.669800
vt 0.806600 0.661000
vt 0.572800 0.568300
vt 0.602000 0.591000
vt 0.585500 0.601800
vt 0.604200 0.507300
vt 0.611900 0.500700
vt 0.586600 0.612200
vt 0.628900 0.688000
vt 0.894500 0.080900
vt 0.875000 0.148400
vt 0.869600 0.135200
vt 0.886400 0.136100
vt 0.848500 0.110100
vt 0.844200 0.125500
vt 0.829100 0.102400
vt 0.889200 0.113200
vt 0.967800 0.177700
vt 0.986600 0.237900
vt 0.975900 0.235400
vt 0.971800 0.216300
vt 0.957600 0.202800
vt 0.959500 0.171100
vt 0.944400 0.168000
vt 0.960300 0.155300
vt 0.968100 0.145500
vt 0.970200 0.160000
vt 0.974900 0.169800
vt 0.956400 0.144200
vt 0.941100 0.142100
vt 0.940400 0.114600
vt 0.984300 0.601300
vt 0.954700 0.625300
vt 0.934600 0.478800
vt 0.937800 0.463100
vt 0.949100 0.471900
vt 0.971000 0.464800
vt 0.875200 0.669500
vt 0.886700 0.686700
vt 0.897100 0.685600
vt 0.902700 0.676900
vt 0.819900 0.658800
vt 0.811800 0.650900
vt 0.824200 0.646500
vt 0.787600 0.689100
vt 0.790200 0.678600
vt 0.783600 0.664900
vt 0.973200 0.643300
vt 0.586900 0.182100
vt 0.606100 0.195400
vt 0.587600 0.278100
vt 0.649000 0.116100
vt 0.637800 0.128400
vt 0.625100 0.132400
vt 0.661900 0.134500
vt 0.707000 0.113000
vt 0.563200 0.279200
vt 0.597600 0.301900
vt 0.597600 0.289900
vt 0.609600 0.303900
vt 0.597600 0.318000
vt 0.590000 0.330000
vt 0.592200 0.236100
vt 0.591500 0.215900
vt 0.592600 0.419600
vt 0.720500 0.101800
vt 0.720500 0.124200
vt 0.793500 0.107000
vt 0.819900 0.092000
vt 0.803400 0.097700
vt 0.993800 0.295700
vt 0.965700 0.260300
vt 0.957800 0.252400
vt 0.961100 0.237900
vt 0.968200 0.248100
vt 0.988400 0.337000
vt 0.955700 0.270900
vt 0.961800 0.314300
vt 0.983200 0.411400
vt 0.993800 0.411300
vt 0.572300 0.403100
vt 0.563200 0.394800
vt 0.601400 0.433900
vt 0.589500 0.364400
vt 0.599900 0.348900
vt 0.600100 0.368000
vt 0.610300 0.382000
vt 0.601000 0.378000
vt 0.613900 0.367200
vt 0.993800 0.460900
vt 0.963500 0.472100
vt 0.948600 0.430100
vt 0.675700 0.697300
vt 0.670400 0.686500
vt 0.586700 0.524100
vt 0.576900 0.529400
vt 0.563200 0.609600
vt 0.914700 0.109300
vt 0.926200 0.110300
vt 0.967200 0.229200
vt 0.927400 0.179300
vt 0.924400 0.164000
vt 0.888400 0.148100
vt 0.939700 0.544000
vt 0.936100 0.532900
vt 0.952900 0.533500
vt 0.952800 0.485700
vt 0.970200 0.503000
vt 0.981700 0.497600
vt 0.972900 0.475700
vt 0.894500 0.708700
vt 0.814100 0.698200
vt 0.825800 0.698200
vt 0.852700 0.689100
vt 0.841100 0.671700
vt 0.859100 0.698000
vt 0.792800 0.698300
vt 0.648300 0.147000
vt 0.639100 0.154400
vt 0.636800 0.143100
vt 0.644800 0.186300
vt 0.635700 0.195800
vt 0.626700 0.185600
vt 0.709900 0.123300
vt 0.697700 0.105700
vt 0.583400 0.254400
vt 0.635500 0.305900
vt 0.632500 0.294500
vt 0.612600 0.353500
vt 0.615900 0.343000
vt 0.609700 0.333800
vt 0.588500 0.341700
vt 0.587200 0.353500
vt 0.586300 0.380400
vt 0.770200 0.100600
vt 0.751200 0.137700
vt 0.969000 0.291900
vt 0.968900 0.342900
vt 0.963500 0.412400
vt 0.959300 0.401300
vt 0.563200 0.477400
vt 0.619100 0.513300
vt 0.628500 0.502200
vt 0.675300 0.670400
vt 0.637000 0.672300
vt 0.743100 0.658600
vt 0.736300 0.671900
vt 0.733200 0.662000
vt 0.947600 0.229500
vt 0.936600 0.228400
vt 0.937300 0.217500
vt 0.927100 0.132000
vt 0.929900 0.151000
vt 0.942400 0.155100
vt 0.954300 0.596700
vt 0.971600 0.601800
vt 0.957300 0.635100
vt 0.970200 0.524800
vt 0.970200 0.513200
vt 0.953000 0.523700
vt 0.944500 0.518600
vt 0.953100 0.513400
vt 0.961600 0.518700
vt 0.830300 0.668800
vt 0.843800 0.657600
vt 0.857000 0.653200
vt 0.770200 0.666600
vt 0.785500 0.648300
vt 0.780900 0.617100
vt 0.782800 0.635700
vt 0.770200 0.623800
vt 0.794000 0.656300
vt 0.749700 0.670300
vt 0.742600 0.685400
vt 0.776200 0.605500
vt 0.759200 0.664200
vt 0.795200 0.641700
vt 0.658800 0.144700
vt 0.661700 0.161000
vt 0.649800 0.159000
vt 0.621000 0.171000
vt 0.627500 0.154900
vt 0.647500 0.169400
vt 0.631200 0.165700
vt 0.597600 0.270900
vt 0.600600 0.328200
vt 0.743500 0.116200
vt 0.806400 0.126400
vt 0.771600 0.130700
vt 0.780700 0.138500
vt 0.764100 0.140900
vt 0.983600 0.296600
vt 0.964400 0.301900
vt 0.950600 0.288500
vt 0.927600 0.297400
vt 0.952400 0.305000
vt 0.946600 0.263900
vt 0.936200 0.269000
vt 0.935800 0.248900
vt 0.908600 0.228000
vt 0.897800 0.230400
vt 0.946600 0.252500
vt 0.949700 0.241100
vt 0.962300 0.219800
vt 0.955200 0.385900
vt 0.956400 0.370000
vt 0.947900 0.363500
vt 0.597400 0.477200
vt 0.605100 0.517400
vt 0.607200 0.527800
vt 0.653900 0.644100
vt 0.689700 0.662700
vt 0.706500 0.648800
vt 0.718200 0.647000
vt 0.854400 0.118400
vt 0.866300 0.123000
vt 0.878900 0.121300
vt 0.856300 0.131800
vt 0.860300 0.143900
vt 0.842100 0.137600
vt 0.927700 0.618800
vt 0.947700 0.582500
vt 0.951400 0.545300
vt 0.831800 0.657000
vt 0.727800 0.141800
vt 0.715100 0.135800
vt 0.731200 0.131500
vt 0.681600 0.153200
vt 0.676400 0.143200
vt 0.688800 0.140300
vt 0.595600 0.386500
vt 0.738600 0.142000
vt 0.924900 0.394900
vt 0.937500 0.396200
vt 0.906100 0.359200
vt 0.911900 0.350700
vt 0.594600 0.466400
vt 0.952200 0.503500
vt 0.942400 0.494200
vt 0.927900 0.469300
vt 0.635200 0.656500
vt 0.621500 0.650900
vt 0.603200 0.669900
vt 0.635400 0.636800
vt 0.647600 0.633100
vt 0.626600 0.627700
vt 0.642000 0.621800
vt 0.697500 0.642300
vt 0.687400 0.647000
vt 0.702700 0.632600
vt 0.686400 0.628600
vt 0.763800 0.643800
vt 0.734200 0.648600
vt 0.723800 0.657200
vt 0.738000 0.637100
vt 0.725800 0.638100
vt 0.725600 0.628100
vt 0.717600 0.621700
vt 0.733600 0.621900
vt 0.746200 0.616000
vt 0.825300 0.133000
vt 0.801000 0.135400
vt 0.940700 0.637300
vt 0.935900 0.651300
vt 0.928000 0.660100
vt 0.954900 0.668800
vt 0.919900 0.638000
vt 0.910000 0.632900
vt 0.906000 0.643200
vt 0.937800 0.569800
vt 0.905500 0.566200
vt 0.913100 0.576100
vt 0.900700 0.575900
vt 0.935200 0.506600
vt 0.927500 0.518700
vt 0.925200 0.508800
vt 0.703000 0.131400
vt 0.779400 0.160500
vt 0.766300 0.158500
vt 0.774400 0.149100
vt 0.722200 0.157900
vt 0.720500 0.168300
vt 0.753100 0.157700
vt 0.923400 0.339000
vt 0.669600 0.657100
vt 0.631300 0.646600
vt 0.613200 0.642200
vt 0.698700 0.598700
vt 0.692100 0.607900
vt 0.685500 0.597100
vt 0.623700 0.638400
vt 0.695900 0.625200
vt 0.854000 0.166300
vt 0.850900 0.152600
vt 0.794900 0.157800
vt 0.813800 0.140200
vt 0.786800 0.148900
vt 0.940600 0.603100
vt 0.930500 0.641600
vt 0.918000 0.653700
vt 0.906200 0.655800
vt 0.928900 0.493700
vt 0.917100 0.502500
vt 0.919400 0.481900
vt 0.916600 0.467000
vt 0.638100 0.174800
vt 0.655900 0.176100
vt 0.604400 0.221800
vt 0.623200 0.201300
vt 0.718900 0.148000
vt 0.707900 0.157100
vt 0.813200 0.174300
vt 0.770300 0.171000
vt 0.772200 0.185400
vt 0.758000 0.179900
vt 0.826400 0.145200
vt 0.925300 0.573600
vt 0.935200 0.559400
vt 0.929700 0.550100
vt 0.908100 0.476300
vt 0.871100 0.466000
vt 0.888900 0.463900
vt 0.874100 0.476900
vt 0.632600 0.235300
vt 0.629900 0.224000
vt 0.646600 0.228100
vt 0.647300 0.255700
vt 0.646200 0.243100
vt 0.658100 0.249000
vt 0.604000 0.239900
vt 0.649000 0.198800
vt 0.618000 0.191900
vt 0.710800 0.166500
vt 0.916200 0.564200
vt 0.927300 0.539500
vt 0.894100 0.441200
vt 0.901900 0.449700
vt 0.890100 0.452600
vt 0.866600 0.160000
vt 0.851700 0.215100
vt 0.840500 0.215200
vt 0.849300 0.204300
vt 0.797300 0.213000
vt 0.790700 0.197800
vt 0.805800 0.204500
vt 0.823400 0.207800
vt 0.816800 0.217400
vt 0.722400 0.199700
vt 0.733400 0.210400
vt 0.716800 0.216500
vt 0.857900 0.193200
vt 0.842800 0.190500
vt 0.859200 0.179300
vt 0.835800 0.202100
vt 0.822500 0.189800
vt 0.832900 0.182600
vt 0.902500 0.504800
vt 0.904500 0.464300
vt 0.912000 0.517100
vt 0.884500 0.508100
vt 0.883800 0.436100
vt 0.919000 0.525200
vt 0.878600 0.530300
vt 0.888200 0.542600
vt 0.870300 0.538900
vt 0.887600 0.491200
vt 0.898200 0.102800
vt 0.896800 0.161500
vt 0.903200 0.171600
vt 0.792200 0.169600
vt 0.801100 0.176700
vt 0.788200 0.183500
vt 0.815600 0.534800
vt 0.814600 0.518200
vt 0.827400 0.532600
vt 0.871200 0.508300
vt 0.878800 0.498400
vt 0.884000 0.159400
vt 0.871200 0.188400
vt 0.803600 0.187700
vt 0.791500 0.224900
vt 0.785300 0.213300
vt 0.919600 0.141200
vt 0.900900 0.149400
vt 0.910900 0.159500
vt 0.879200 0.196600
vt 0.864400 0.207000
vt 0.898500 0.183600
vt 0.887600 0.274400
vt 0.884100 0.263100
vt 0.895900 0.261200
vt 0.911200 0.180600
vt 0.907000 0.191000
vt 0.879800 0.208000
vt 0.871400 0.219200
vt 0.838400 0.229000
vt 0.828100 0.220400
vt 0.813500 0.184600
vt 0.857200 0.224800
vt 0.815900 0.199200
vt 0.845300 0.264700
vt 0.858300 0.272600
vt 0.845100 0.279400
vt 0.821300 0.238800
vt 0.835300 0.239400
vt 0.838100 0.251400
vt 0.827900 0.247500
vt 0.846200 0.297500
vt 0.840000 0.306400
vt 0.837300 0.292000
vt 0.846300 0.239600
vt 0.803600 0.233200
vt 0.805900 0.221400
vt 0.814900 0.228900
vt 0.781500 0.174100
vt 0.881300 0.517900
vt 0.871300 0.520700
vt 0.911800 0.148700
vt 0.922300 0.121100
vt 0.914800 0.170000
vt 0.919800 0.186400
vt 0.902200 0.211400
vt 0.881000 0.229400
vt 0.777000 0.198100
vt 0.763500 0.197100
vt 0.759900 0.167400
vt 0.837900 0.543900
vt 0.843000 0.529400
vt 0.853000 0.547400
vt 0.857400 0.493100
vt 0.855400 0.514500
vt 0.846900 0.507000
vt 0.920700 0.196700
vt 0.932400 0.196800
vt 0.923900 0.244900
vt 0.926100 0.254800
vt 0.952200 0.191700
vt 0.751300 0.207000
vt 0.767500 0.214300
vt 0.756500 0.217000
vt 0.742800 0.181600
vt 0.751600 0.191400
vt 0.776100 0.208400
vt 0.942800 0.202100
vt 0.876400 0.381600
vt 0.891500 0.384100
vt 0.882400 0.392200
vt 0.911400 0.387300
vt 0.922100 0.382700
vt 0.949400 0.397300
vt 0.946300 0.407400
vt 0.919500 0.406100
vt 0.902400 0.394700
vt 0.864200 0.395200
vt 0.866600 0.385200
vt 0.910000 0.368500
vt 0.894900 0.373500
vt 0.944500 0.387900
vt 0.905300 0.377500
vt 0.930100 0.428800
vt 0.872900 0.364900
vt 0.869500 0.355400
vt 0.881000 0.357800
vt 0.934100 0.418000
vt 0.931500 0.406400
vt 0.915500 0.443500
vt 0.902800 0.433600
vt 0.918900 0.431900
vt 0.880300 0.404300
vt 0.866400 0.410100
vt 0.814800 0.326300
vt 0.834100 0.334700
vt 0.826000 0.342100
vt 0.892900 0.403000
vt 0.864800 0.343400
vt 0.855100 0.335600
vt 0.899000 0.418000
vt 0.887400 0.414200
vt 0.882000 0.371700
vt 0.603000 0.537500
vt 0.609600 0.584000
vt 0.621300 0.569500
vt 0.617400 0.618900
vt 0.617000 0.594700
vt 0.898300 0.664900
vt 0.866700 0.663000
vt 0.610600 0.429600
vt 0.611900 0.419700
vt 0.640900 0.447000
vt 0.638800 0.463200
vt 0.615600 0.461100
vt 0.616900 0.472400
vt 0.605700 0.469800
vt 0.615200 0.488800
vt 0.630000 0.440500
vt 0.626900 0.465500
vt 0.647500 0.471700
vt 0.629000 0.425600
vt 0.640200 0.500800
vt 0.617500 0.530600
vt 0.619100 0.552100
vt 0.648500 0.432600
vt 0.636800 0.518500
vt 0.626900 0.559900
vt 0.613700 0.561600
vt 0.639800 0.415200
vt 0.639900 0.426000
vt 0.672700 0.430500
vt 0.660600 0.431600
vt 0.667700 0.441300
vt 0.676600 0.461400
vt 0.657200 0.464400
vt 0.671300 0.452600
vt 0.610600 0.393900
vt 0.622000 0.390200
vt 0.623600 0.404300
vt 0.613800 0.409000
vt 0.630500 0.396400
vt 0.628500 0.414400
vt 0.622800 0.334400
vt 0.649900 0.369600
vt 0.650000 0.358900
vt 0.661600 0.360700
vt 0.950200 0.214000
vt 0.931700 0.238300
vt 0.869600 0.647400
vt 0.883000 0.644400
vt 0.882400 0.620400
vt 0.893000 0.615500
vt 0.906700 0.591900
vt 0.898000 0.600000
vt 0.891200 0.587100
vt 0.893400 0.635600
vt 0.897500 0.625400
vt 0.881300 0.632000
vt 0.705100 0.144300
vt 0.667700 0.150600
vt 0.671600 0.167800
vt 0.610700 0.287700
vt 0.619500 0.297500
vt 0.787100 0.320600
vt 0.802100 0.318000
vt 0.795800 0.326400
vt 0.640400 0.318800
vt 0.650100 0.307800
vt 0.659900 0.318600
vt 0.635700 0.331800
vt 0.631700 0.353600
vt 0.631200 0.342200
vt 0.911100 0.257000
vt 0.926000 0.265500
vt 0.836700 0.271900
vt 0.931900 0.331900
vt 0.902400 0.274300
vt 0.895000 0.281900
vt 0.916700 0.308700
vt 0.912900 0.455300
vt 0.953100 0.419900
vt 0.921700 0.419800
vt 0.892300 0.427900
vt 0.614100 0.630300
vt 0.625400 0.584800
vt 0.628200 0.595700
vt 0.670200 0.597700
vt 0.677500 0.588900
vt 0.660900 0.636100
vt 0.681300 0.619300
vt 0.664800 0.616500
vt 0.670400 0.607900
vt 0.658100 0.625800
vt 0.700100 0.616000
vt 0.672400 0.625100
vt 0.612200 0.230600
vt 0.615100 0.253400
vt 0.617900 0.240900
vt 0.623900 0.286600
vt 0.616300 0.275800
vt 0.628100 0.274100
vt 0.868100 0.485700
vt 0.849400 0.391800
vt 0.862500 0.375700
vt 0.909600 0.555600
vt 0.918000 0.547500
vt 0.916900 0.535700
vt 0.906200 0.545300
vt 0.876400 0.554100
vt 0.885400 0.249900
vt 0.859800 0.539500
vt 0.858700 0.529200
vt 0.740100 0.575700
vt 0.748600 0.568600
vt 0.754100 0.577900
vt 0.923400 0.224100
vt 0.921600 0.234600
vt 0.914000 0.242200
vt 0.895400 0.241100
vt 0.904300 0.248000
vt 0.916700 0.270900
vt 0.873000 0.272600
vt 0.865600 0.283500
vt 0.874000 0.256900
vt 0.895100 0.292400
vt 0.926500 0.319000
vt 0.904400 0.300800
vt 0.879700 0.290100
vt 0.876200 0.300900
vt 0.865600 0.296700
vt 0.943300 0.278900
vt 0.938800 0.290100
vt 0.940400 0.301800
vt 0.864000 0.251200
vt 0.914900 0.320100
vt 0.903100 0.313200
vt 0.886400 0.298000
vt 0.884900 0.308200
vt 0.852500 0.251400
vt 0.853600 0.290100
vt 0.852700 0.305600
vt 0.813600 0.250400
vt 0.825300 0.258000
vt 0.798400 0.266000
vt 0.783400 0.253600
vt 0.803600 0.255900
vt 0.772200 0.244600
vt 0.771000 0.259800
vt 0.782200 0.234300
vt 0.776900 0.222800
vt 0.800800 0.244900
vt 0.789200 0.243600
vt 0.753600 0.227900
vt 0.765000 0.226300
vt 0.835200 0.282000
vt 0.863600 0.307400
vt 0.819800 0.292600
vt 0.828800 0.300400
vt 0.814900 0.308700
vt 0.812500 0.264500
vt 0.844100 0.316500
vt 0.830800 0.312200
vt 0.826400 0.276700
vt 0.883600 0.322000
vt 0.892100 0.348200
vt 0.898700 0.340600
vt 0.892500 0.315800
vt 0.892500 0.332700
vt 0.848900 0.349500
vt 0.859600 0.353500
vt 0.854100 0.363500
vt 0.881200 0.337100
vt 0.876400 0.348100
vt 0.905600 0.327100
vt 0.890100 0.363600
vt 0.834500 0.323200
vt 0.845400 0.328400
vt 0.838900 0.364400
vt 0.908800 0.340900
vt 0.844200 0.339400
vt 0.832700 0.350600
vt 0.847600 0.376800
vt 0.821300 0.317500
vt 0.906400 0.407200
vt 0.909800 0.423700
vt 0.877000 0.420700
vt 0.636900 0.602900
vt 0.640300 0.590200
vt 0.621600 0.606700
vt 0.658100 0.607100
vt 0.651900 0.616400
vt 0.630700 0.615600
vt 0.747600 0.497900
vt 0.735900 0.490500
vt 0.740600 0.480300
vt 0.794000 0.492000
vt 0.780600 0.493900
vt 0.788900 0.478800
vt 0.676100 0.483300
vt 0.660300 0.478300
vt 0.675200 0.471400
vt 0.646700 0.483900
vt 0.658500 0.401600
vt 0.675500 0.408600
vt 0.908000 0.622100
vt 0.907600 0.607000
vt 0.918200 0.612000
vt 0.649300 0.134900
vt 0.689800 0.201400
vt 0.683700 0.189700
vt 0.699500 0.188900
vt 0.693900 0.160200
vt 0.695200 0.149300
vt 0.674200 0.132100
vt 0.676800 0.176700
vt 0.683400 0.165800
vt 0.687200 0.177000
vt 0.666200 0.176400
vt 0.671100 0.185300
vt 0.638200 0.215700
vt 0.646000 0.208800
vt 0.654300 0.215200
vt 0.694800 0.170300
vt 0.704200 0.173900
vt 0.658300 0.189200
vt 0.668900 0.208400
vt 0.669000 0.195100
vt 0.677700 0.200200
vt 0.667500 0.224400
vt 0.658800 0.235900
vt 0.706300 0.204100
vt 0.717000 0.184300
vt 0.676300 0.229100
vt 0.683400 0.245200
vt 0.674400 0.238900
vt 0.660500 0.200500
vt 0.680500 0.211900
vt 0.730000 0.184500
vt 0.736900 0.195500
vt 0.741500 0.204400
vt 0.710100 0.193400
vt 0.696500 0.211700
vt 0.684400 0.223300
vt 0.704000 0.235500
vt 0.701200 0.223100
vt 0.712300 0.227200
vt 0.735800 0.170300
vt 0.732000 0.222600
vt 0.706700 0.214300
vt 0.749200 0.170200
vt 0.744400 0.221100
vt 0.692900 0.229300
vt 0.668400 0.257300
vt 0.635500 0.262700
vt 0.636000 0.245100
vt 0.734700 0.234000
vt 0.693000 0.239600
vt 0.738200 0.254400
vt 0.734000 0.270300
vt 0.723000 0.254800
vt 0.661900 0.265800
vt 0.627600 0.251100
vt 0.771700 0.234200
vt 0.759800 0.237500
vt 0.744500 0.240300
vt 0.758700 0.253500
vt 0.748300 0.250400
vt 0.726600 0.243100
vt 0.723200 0.231400
vt 0.712000 0.244100
vt 0.885800 0.479500
vt 0.856400 0.438700
vt 0.869700 0.433000
vt 0.863800 0.446000
vt 0.879200 0.458000
vt 0.874300 0.445600
vt 0.854800 0.465800
vt 0.865200 0.456300
vt 0.858000 0.482400
vt 0.862900 0.472900
vt 0.851500 0.452000
vt 0.857000 0.422000
vt 0.835600 0.463000
vt 0.824400 0.458100
vt 0.829300 0.447600
vt 0.847400 0.430000
vt 0.850000 0.406800
vt 0.867700 0.496300
vt 0.821600 0.495800
vt 0.808200 0.490900
vt 0.846900 0.520100
vt 0.847000 0.442800
vt 0.845700 0.460600
vt 0.850400 0.475300
vt 0.795200 0.468200
vt 0.805800 0.463500
vt 0.803100 0.477700
vt 0.817600 0.448000
vt 0.816600 0.467400
vt 0.839800 0.451300
vt 0.863600 0.554400
vt 0.869600 0.585700
vt 0.880100 0.590700
vt 0.802100 0.574800
vt 0.800500 0.585300
vt 0.792300 0.570500
vt 0.821600 0.548400
vt 0.834200 0.501400
vt 0.846900 0.495700
vt 0.823700 0.511900
vt 0.838400 0.514600
vt 0.707400 0.623400
vt 0.725900 0.594500
vt 0.724400 0.608900
vt 0.712400 0.596900
vt 0.711600 0.610500
vt 0.752900 0.604000
vt 0.737900 0.603500
vt 0.806400 0.542500
vt 0.745700 0.595900
vt 0.763500 0.593000
vt 0.721300 0.583300
vt 0.807100 0.526400
vt 0.746000 0.585100
vt 0.688200 0.584800
vt 0.700000 0.586800
vt 0.680700 0.608800
vt 0.709400 0.549800
vt 0.695900 0.552300
vt 0.702300 0.540300
vt 0.808100 0.558500
vt 0.796900 0.551600
vt 0.652900 0.594800
vt 0.662400 0.591300
vt 0.889900 0.576400
vt 0.898900 0.557600
vt 0.919100 0.587700
vt 0.886100 0.600700
vt 0.869500 0.635800
vt 0.881600 0.569600
vt 0.831400 0.634600
vt 0.846600 0.632700
vt 0.837200 0.644800
vt 0.856000 0.593800
vt 0.871700 0.564200
vt 0.887900 0.554100
vt 0.871300 0.624300
vt 0.815900 0.274600
vt 0.772600 0.271400
vt 0.761100 0.269300
vt 0.781900 0.335400
vt 0.788800 0.348100
vt 0.777800 0.345800
vt 0.788800 0.292600
vt 0.794100 0.278500
vt 0.815300 0.344600
vt 0.808800 0.335600
vt 0.833600 0.377200
vt 0.837900 0.388400
vt 0.666800 0.377000
vt 0.821300 0.361900
vt 0.822500 0.351800
vt 0.639100 0.370300
vt 0.811100 0.356900
vt 0.698400 0.449500
vt 0.684000 0.442100
vt 0.696000 0.436800
vt 0.714500 0.539100
vt 0.723200 0.530500
vt 0.724700 0.545800
vt 0.654400 0.494100
vt 0.625800 0.364200
vt 0.624500 0.376200
vt 0.639700 0.360000
vt 0.764100 0.286100
vt 0.665500 0.338900
vt 0.658400 0.349400
vt 0.678400 0.420100
vt 0.654300 0.379400
vt 0.661000 0.389700
vt 0.682300 0.270800
vt 0.677200 0.282800
vt 0.666100 0.275700
vt 0.748900 0.263000
vt 0.673900 0.328700
vt 0.666400 0.290300
vt 0.638900 0.279100
vt 0.609000 0.264700
vt 0.621900 0.264000
vt 0.666200 0.303200
vt 0.802400 0.364300
vt 0.809000 0.374100
vt 0.793500 0.376200
vt 0.820800 0.374800
vt 0.674400 0.387200
vt 0.671400 0.351900
vt 0.672300 0.365600
vt 0.671200 0.314200
vt 0.682900 0.345600
vt 0.686800 0.363000
vt 0.720000 0.269600
vt 0.848500 0.485900
vt 0.840800 0.479500
vt 0.809100 0.508700
vt 0.801800 0.500100
vt 0.796700 0.527400
vt 0.788400 0.533600
vt 0.790300 0.503300
vt 0.795400 0.517200
vt 0.829500 0.521500
vt 0.785100 0.522500
vt 0.778500 0.469100
vt 0.786100 0.460200
vt 0.734900 0.504200
vt 0.838700 0.421100
vt 0.848100 0.416900
vt 0.797000 0.455900
vt 0.787900 0.441500
vt 0.843900 0.552200
vt 0.821600 0.564100
vt 0.831900 0.553900
vt 0.805500 0.385300
vt 0.824100 0.387300
vt 0.834800 0.399900
vt 0.828200 0.412000
vt 0.822400 0.399500
vt 0.821300 0.429000
vt 0.832100 0.429800
vt 0.837300 0.439300
vt 0.853200 0.558600
vt 0.840400 0.561900
vt 0.787400 0.389900
vt 0.797900 0.393200
vt 0.784000 0.401900
vt 0.818100 0.417800
vt 0.796400 0.404000
vt 0.795300 0.430200
vt 0.778100 0.429200
vt 0.787800 0.416800
vt 0.722400 0.333500
vt 0.722400 0.322900
vt 0.733900 0.337300
vt 0.811100 0.395800
vt 0.740700 0.316500
vt 0.742100 0.304600
vt 0.751600 0.312500
vt 0.808300 0.430600
vt 0.803600 0.418500
vt 0.812900 0.407500
vt 0.774700 0.457100
vt 0.774600 0.444500
vt 0.778500 0.383500
vt 0.769800 0.376000
vt 0.781700 0.373000
vt 0.801400 0.442700
vt 0.773300 0.408600
vt 0.771500 0.391900
vt 0.635400 0.577000
vt 0.625900 0.522600
vt 0.759000 0.555600
vt 0.771600 0.555700
vt 0.765100 0.565900
vt 0.854300 0.606200
vt 0.840200 0.591600
vt 0.809300 0.618100
vt 0.798000 0.616800
vt 0.814000 0.606700
vt 0.842700 0.571800
vt 0.785200 0.267400
vt 0.680600 0.307100
vt 0.780800 0.279700
vt 0.791900 0.306800
vt 0.775800 0.291600
vt 0.723600 0.283000
vt 0.734700 0.281400
vt 0.749500 0.276400
vt 0.754200 0.291700
vt 0.741800 0.328100
vt 0.729100 0.314700
vt 0.701500 0.281600
vt 0.695600 0.269800
vt 0.708600 0.272300
vt 0.700400 0.250700
vt 0.687800 0.255300
vt 0.743400 0.288400
vt 0.736800 0.296100
vt 0.758400 0.302200
vt 0.768900 0.299800
vt 0.764100 0.311400
vt 0.774700 0.308700
vt 0.804400 0.307900
vt 0.760000 0.321500
vt 0.773600 0.322100
vt 0.787600 0.362400
vt 0.755700 0.340300
vt 0.766300 0.332800
vt 0.770000 0.353700
vt 0.797600 0.336700
vt 0.709100 0.260800
vt 0.752800 0.329700
vt 0.756900 0.353200
vt 0.712500 0.282900
vt 0.711800 0.293800
vt 0.727000 0.298700
vt 0.696500 0.296000
vt 0.689300 0.280800
vt 0.678500 0.260800
vt 0.649400 0.277900
vt 0.651300 0.267700
vt 0.681000 0.295300
vt 0.802500 0.349500
vt 0.773200 0.364900
vt 0.691500 0.311300
vt 0.703100 0.309900
vt 0.758000 0.385300
vt 0.758400 0.373800
vt 0.719300 0.448400
vt 0.708400 0.441200
vt 0.719600 0.437100
vt 0.687400 0.473800
vt 0.669900 0.398100
vt 0.766000 0.424800
vt 0.765200 0.414800
vt 0.777200 0.418500
vt 0.684600 0.430200
vt 0.831500 0.566800
vt 0.833800 0.576700
vt 0.763400 0.545200
vt 0.742800 0.529600
vt 0.739500 0.541400
vt 0.732800 0.525300
vt 0.784300 0.563500
vt 0.770800 0.520900
vt 0.777000 0.530900
vt 0.775300 0.583200
vt 0.778100 0.572000
vt 0.785600 0.588700
vt 0.783800 0.553000
vt 0.774700 0.543700
vt 0.765700 0.534200
vt 0.776100 0.481800
vt 0.767400 0.506300
vt 0.781600 0.511500
vt 0.758900 0.498800
vt 0.767300 0.491200
vt 0.752500 0.537200
vt 0.757200 0.527300
vt 0.749100 0.548700
vt 0.755200 0.486500
vt 0.764700 0.473100
vt 0.726600 0.516300
vt 0.720600 0.503900
vt 0.756400 0.516500
vt 0.748400 0.508900
vt 0.765000 0.577900
vt 0.812700 0.576200
vt 0.764500 0.605100
vt 0.774800 0.594400
vt 0.711900 0.514700
vt 0.741400 0.517500
vt 0.826000 0.588800
vt 0.823200 0.578500
vt 0.795100 0.605800
vt 0.801500 0.596500
vt 0.729100 0.574000
vt 0.745100 0.558600
vt 0.734400 0.557700
vt 0.713000 0.496100
vt 0.722100 0.490200
vt 0.785700 0.599700
vt 0.725100 0.563800
vt 0.714500 0.560400
vt 0.689000 0.541500
vt 0.680500 0.547800
vt 0.681000 0.531300
vt 0.685500 0.519700
vt 0.694200 0.529700
vt 0.858400 0.639600
vt 0.842000 0.610600
vt 0.852300 0.618600
vt 0.832900 0.623000
vt 0.830000 0.605800
vt 0.812700 0.594500
vt 0.822100 0.615900
vt 0.801600 0.649500
vt 0.820500 0.630100
vt 0.809900 0.639700
vt 0.802800 0.629000
vt 0.848600 0.645500
vt 0.859800 0.627800
vt 0.716900 0.308100
vt 0.711700 0.322500
vt 0.682400 0.318700
vt 0.690500 0.332000
vt 0.698700 0.322000
vt 0.763700 0.401200
vt 0.762200 0.363000
vt 0.753200 0.424100
vt 0.751800 0.398900
vt 0.735800 0.383700
vt 0.747300 0.379200
vt 0.685000 0.397400
vt 0.694400 0.350500
vt 0.751100 0.364700
vt 0.746400 0.347700
vt 0.735100 0.397500
vt 0.719100 0.393800
vt 0.713900 0.362400
vt 0.726400 0.363000
vt 0.715400 0.374700
vt 0.727000 0.376100
vt 0.737200 0.370600
vt 0.696400 0.513300
vt 0.702300 0.498300
vt 0.666900 0.491000
vt 0.678600 0.495600
vt 0.629200 0.534300
vt 0.627500 0.545100
vt 0.681800 0.507800
vt 0.650600 0.506400
vt 0.639300 0.541200
vt 0.637000 0.528300
vt 0.646300 0.531800
vt 0.659200 0.515500
vt 0.648400 0.520300
vt 0.646500 0.571100
vt 0.659900 0.558400
vt 0.635800 0.552300
vt 0.681700 0.375600
vt 0.692000 0.388700
vt 0.729600 0.466900
vt 0.729300 0.479600
vt 0.714100 0.472900
vt 0.690200 0.499100
vt 0.687700 0.486200
vt 0.741500 0.466700
vt 0.699500 0.476700
vt 0.709400 0.484300
vt 0.698800 0.487800
vt 0.688500 0.409900
vt 0.746500 0.439100
vt 0.741200 0.454900
vt 0.730200 0.442400
vt 0.701800 0.461900
vt 0.715500 0.459000
vt 0.678600 0.577200
vt 0.790400 0.625300
vt 0.740600 0.359400
vt 0.663400 0.503300
vt 0.671500 0.510200
vt 0.682000 0.558100
vt 0.710500 0.401800
vt 0.708100 0.386000
vt 0.707900 0.527800
vt 0.670600 0.520700
vt 0.657400 0.527800
vt 0.654500 0.545100
vt 0.663900 0.537800
vt 0.684600 0.568400
vt 0.686300 0.458100
vt 0.646900 0.555800
vt 0.670000 0.548000
vt 0.670700 0.568000
vt 0.637100 0.564600
vt 0.700300 0.412300
vt 0.699800 0.396700
vt 0.693300 0.422000
vt 0.724100 0.426100
vt 0.709400 0.427200
vt 0.728800 0.454600
vt 0.755600 0.411300
vt 0.737100 0.434800
vt 0.751400 0.449500
vt 0.761200 0.438600
vt 0.738600 0.424700
vt 0.744400 0.407900
vt 0.711200 0.333500
vt 0.703100 0.341200
vt 0.734600 0.349400
vt 0.717700 0.349600
vt 0.706900 0.351400
vt 0.733100 0.411300
vt 0.722200 0.405700
vt 0.704900 0.371200
vt 0.696700 0.378600
vt 0.701400 0.360800
vt 0.712200 0.413300
vt 0.766100 0.462900
vt 0.763900 0.450400
vt 0.756200 0.459900
vt 0.750400 0.474500
vt 0.004200 0.923000
vt 0.004200 0.917200
vt 0.023300 0.917200
vt 0.023300 0.923000
vt 0.042400 0.923000
vt 0.042400 0.917200
vt 0.004200 0.926700
vt 0.023300 0.926700
vt 0.042400 0.926700
vt 0.023300 0.930600
vt 0.061400 0.923000
vt 0.061400 0.917200
vt 0.080500 0.917200
vt 0.099600 0.917200
vt 0.118600 0.917200
vt 0.118600 0.923000
vt 0.080500 0.923000
vt 0.061400 0.926700
vt 0.099600 0.926700
vt 0.099600 0.923000
vt 0.080500 0.926700
vt 0.137700 0.917200
vt 0.004200 0.930600
vt 0.023300 0.934900
vt 0.042400 0.930600
vt 0.004200 0.934900
vt 0.023300 0.938500
vt 0.042400 0.934900
vt 0.061400 0.934900
vt 0.042400 0.938500
vt 0.061400 0.930600
vt 0.080500 0.930600
vt 0.099600 0.930600
vt 0.080500 0.934900
vt 0.080500 0.938500
vt 0.118600 0.930600
vt 0.099600 0.934900
vt 0.118600 0.934900
vt 0.099600 0.938500
vt 0.118600 0.926700
vt 0.061400 0.938500
vt 0.137700 0.923000
vt 0.156700 0.923000
vt 0.156700 0.917200
vt 0.175800 0.917200
vt 0.137700 0.926700
vt 0.137700 0.930600
vt 0.156700 0.926700
vt 0.175800 0.923000
vt 0.156700 0.930600
vt 0.194900 0.917200
vt 0.213900 0.917200
vt 0.194900 0.923000
vt 0.233000 0.917200
vt 0.252100 0.917200
vt 0.233000 0.923000
vt 0.175800 0.926700
vt 0.213900 0.926700
vt 0.213900 0.923000
vt 0.252100 0.923000
vt 0.233000 0.926700
vt 0.194900 0.926700
vt 0.271100 0.917200
vt 0.252100 0.926700
vt 0.137700 0.934900
vt 0.175800 0.930600
vt 0.194900 0.930600
vt 0.156700 0.934900
vt 0.137700 0.938500
vt 0.175800 0.934900
vt 0.175800 0.938500
vt 0.156700 0.938500
vt 0.213900 0.930600
vt 0.252100 0.930600
vt 0.233000 0.930600
vt 0.194900 0.934900
vt 0.213900 0.934900
vt 0.233000 0.934900
vt 0.271100 0.930600
vt 0.194900 0.938500
vt 0.271100 0.923000
vt 0.118600 0.938500
vt 0.004200 0.938500
vt 0.023300 0.941800
vt 0.042400 0.941800
vt 0.023300 0.946100
vt 0.004200 0.941800
vt 0.061400 0.946000
vt 0.061400 0.941800
vt 0.042400 0.946100
vt 0.080500 0.941800
vt 0.099600 0.941800
vt 0.118600 0.941800
vt 0.099600 0.946000
vt 0.080500 0.946000
vt 0.118600 0.946000
vt 0.137700 0.946000
vt 0.118600 0.949500
vt 0.099600 0.949500
vt 0.137700 0.941800
vt 0.023300 0.949700
vt 0.004200 0.946100
vt 0.042400 0.949600
vt 0.061400 0.949600
vt 0.004200 0.955900
vt 0.004200 0.949700
vt 0.023300 0.955900
vt 0.042400 0.955900
vt 0.080500 0.949600
vt 0.099600 0.955900
vt 0.118600 0.955900
vt 0.061400 0.955900
vt 0.080500 0.955900
vt 0.137700 0.949500
vt 0.156700 0.941800
vt 0.194900 0.941800
vt 0.175800 0.941800
vt 0.156700 0.946000
vt 0.194900 0.945900
vt 0.175800 0.945900
vt 0.213900 0.941800
vt 0.213900 0.938500
vt 0.233000 0.938500
vt 0.252100 0.934900
vt 0.213900 0.945900
vt 0.233000 0.945900
vt 0.233000 0.941800
vt 0.252100 0.941800
vt 0.252100 0.945900
vt 0.233000 0.949300
vt 0.252100 0.949300
vt 0.156700 0.949400
vt 0.156700 0.955900
vt 0.175800 0.955900
vt 0.175800 0.949400
vt 0.137700 0.955900
vt 0.194900 0.949400
vt 0.213900 0.949300
vt 0.213900 0.955900
vt 0.233000 0.955900
vt 0.194900 0.955900
vt 0.252100 0.955900
vt 0.252100 0.938500
vt 0.271100 0.926700
vt 0.290200 0.917200
vt 0.290200 0.923000
vt 0.309300 0.917200
vt 0.290200 0.926700
vt 0.309300 0.923000
vt 0.309300 0.926700
vt 0.290200 0.930600
vt 0.328300 0.917200
vt 0.328300 0.923000
vt 0.347400 0.917200
vt 0.347400 0.923000
vt 0.366400 0.917200
vt 0.328300 0.926700
vt 0.328300 0.930600
vt 0.366400 0.923000
vt 0.347400 0.926700
vt 0.366400 0.926700
vt 0.347400 0.930600
vt 0.385500 0.923000
vt 0.309300 0.930600
vt 0.271100 0.934900
vt 0.290200 0.934900
vt 0.271100 0.938500
vt 0.271100 0.941800
vt 0.290200 0.938500
vt 0.309300 0.934900
vt 0.290200 0.941800
vt 0.328300 0.934900
vt 0.366400 0.930600
vt 0.385500 0.930600
vt 0.347400 0.934900
vt 0.309300 0.938500
vt 0.366400 0.934900
vt 0.385500 0.934900
vt 0.347400 0.938500
vt 0.328300 0.938500
vt 0.385500 0.926700
vt 0.366400 0.938500
vt 0.385500 0.917200
vt 0.404600 0.917200
vt 0.404600 0.923000
vt 0.423600 0.917200
vt 0.404600 0.926700
vt 0.423600 0.923000
vt 0.423600 0.926700
vt 0.404600 0.930600
vt 0.442700 0.917200
vt 0.461800 0.917200
vt 0.461800 0.923000
vt 0.480800 0.917200
vt 0.499900 0.917200
vt 0.480800 0.923000
vt 0.442700 0.926700
vt 0.442700 0.923000
vt 0.461800 0.926700
vt 0.499900 0.923000
vt 0.480800 0.926700
vt 0.499900 0.926700
vt 0.423600 0.930600
vt 0.423600 0.934900
vt 0.442700 0.930600
vt 0.442700 0.934900
vt 0.385500 0.938500
vt 0.404600 0.934900
vt 0.423600 0.938500
vt 0.404600 0.938500
vt 0.461800 0.934900
vt 0.461800 0.930600
vt 0.480800 0.930600
vt 0.499900 0.930600
vt 0.480800 0.934900
vt 0.499900 0.934900
vt 0.480800 0.938500
vt 0.461800 0.938500
vt 0.442700 0.938500
vt 0.499900 0.938500
vt 0.271100 0.945800
vt 0.309300 0.941800
vt 0.328300 0.941800
vt 0.309300 0.945800
vt 0.328300 0.945800
vt 0.290200 0.945800
vt 0.347400 0.941800
vt 0.366400 0.941800
vt 0.347400 0.945800
vt 0.385500 0.941800
vt 0.328300 0.949200
vt 0.366400 0.945700
vt 0.385500 0.945700
vt 0.366400 0.949100
vt 0.385500 0.949100
vt 0.404600 0.941800
vt 0.347400 0.949100
vt 0.271100 0.949300
vt 0.290200 0.949200
vt 0.309300 0.949200
vt 0.271100 0.955900
vt 0.290200 0.955900
vt 0.328300 0.955900
vt 0.366400 0.955900
vt 0.347400 0.955900
vt 0.309300 0.955900
vt 0.385500 0.955900
vt 0.404600 0.945700
vt 0.423600 0.941800
vt 0.423600 0.945700
vt 0.442700 0.945700
vt 0.442700 0.941800
vt 0.461800 0.945600
vt 0.442700 0.949000
vt 0.461800 0.941800
vt 0.480800 0.941800
vt 0.499900 0.941800
vt 0.480800 0.945600
vt 0.499900 0.945600
vt 0.499900 0.948900
vt 0.480800 0.948900
vt 0.461800 0.948900
vt 0.404600 0.949000
vt 0.423600 0.949000
vt 0.423600 0.955900
vt 0.404600 0.955900
vt 0.442700 0.955900
vt 0.461800 0.955900
vt 0.480800 0.955900
vt 0.499900 0.950200
vt 0.499900 0.955900
vt 0.521200 0.923500
vt 0.502100 0.923500
vt 0.502100 0.917200
vt 0.521200 0.917200
vt 0.540300 0.923500
vt 0.540300 0.917200
vt 0.502100 0.927200
vt 0.521200 0.927200
vt 0.540300 0.927200
vt 0.521200 0.931100
vt 0.559400 0.917200
vt 0.578400 0.923500
vt 0.559400 0.923500
vt 0.578400 0.917200
vt 0.597500 0.917200
vt 0.578400 0.927200
vt 0.559400 0.927200
vt 0.597500 0.927200
vt 0.597500 0.923500
vt 0.616600 0.923500
vt 0.616600 0.927200
vt 0.616600 0.917200
vt 0.540300 0.931100
vt 0.502100 0.931100
vt 0.521200 0.935400
vt 0.559400 0.935400
vt 0.559400 0.931100
vt 0.540300 0.935400
vt 0.502100 0.935400
vt 0.521200 0.939000
vt 0.559400 0.939000
vt 0.540300 0.939000
vt 0.578400 0.931100
vt 0.597500 0.931100
vt 0.616600 0.931100
vt 0.578400 0.935400
vt 0.597500 0.935400
vt 0.616600 0.935400
vt 0.597500 0.939000
vt 0.635700 0.927200
vt 0.578400 0.939000
vt 0.635700 0.923500
vt 0.635700 0.917200
vt 0.654700 0.917200
vt 0.654700 0.923500
vt 0.654700 0.927200
vt 0.673800 0.927200
vt 0.673800 0.923500
vt 0.654700 0.931100
vt 0.673800 0.917200
vt 0.635700 0.931100
vt 0.692900 0.917200
vt 0.692900 0.923500
vt 0.712000 0.917200
vt 0.731000 0.917200
vt 0.712000 0.923500
vt 0.692900 0.927200
vt 0.731000 0.923500
vt 0.750100 0.917200
vt 0.750100 0.923500
vt 0.769200 0.917200
vt 0.731000 0.927200
vt 0.712000 0.927200
vt 0.750100 0.927200
vt 0.654700 0.935400
vt 0.673800 0.931100
vt 0.692900 0.931100
vt 0.673800 0.935400
vt 0.635700 0.935400
vt 0.635700 0.939000
vt 0.673800 0.939000
vt 0.654700 0.939000
vt 0.712000 0.931100
vt 0.750100 0.931100
vt 0.731000 0.931100
vt 0.692900 0.935400
vt 0.712000 0.935400
vt 0.731000 0.935400
vt 0.769200 0.931100
vt 0.692900 0.939000
vt 0.769200 0.923500
vt 0.616600 0.939000
vt 0.502100 0.939000
vt 0.521200 0.942300
vt 0.540300 0.942300
vt 0.521200 0.946500
vt 0.502100 0.942300
vt 0.559400 0.946500
vt 0.559400 0.942300
vt 0.540300 0.946500
vt 0.578400 0.942300
vt 0.597500 0.942300
vt 0.616600 0.942300
vt 0.597500 0.946500
vt 0.578400 0.946500
vt 0.616600 0.946500
vt 0.635700 0.946400
vt 0.597500 0.950000
vt 0.616600 0.950000
vt 0.502100 0.949100
vt 0.502100 0.946600
vt 0.521200 0.950100
vt 0.540300 0.950100
vt 0.502100 0.955900
vt 0.502100 0.950200
vt 0.521200 0.955900
vt 0.540300 0.955900
vt 0.559400 0.950100
vt 0.578400 0.950000
vt 0.578400 0.955900
vt 0.597500 0.955900
vt 0.559400 0.955900
vt 0.616600 0.955900
vt 0.654700 0.942300
vt 0.692900 0.942300
vt 0.673800 0.942300
vt 0.654700 0.946400
vt 0.635700 0.942300
vt 0.692900 0.946400
vt 0.673800 0.946400
vt 0.712000 0.942300
vt 0.712000 0.939000
vt 0.731000 0.939000
vt 0.750100 0.935400
vt 0.731000 0.942300
vt 0.712000 0.946400
vt 0.731000 0.946300
vt 0.750100 0.942300
vt 0.731000 0.949800
vt 0.712000 0.949800
vt 0.750100 0.946300
vt 0.635700 0.949900
vt 0.654700 0.949900
vt 0.673800 0.949900
vt 0.654700 0.955900
vt 0.635700 0.955900
vt 0.673800 0.955900
vt 0.692900 0.949800
vt 0.712000 0.955900
vt 0.731000 0.955900
vt 0.692900 0.955900
vt 0.750100 0.955900
vt 0.750100 0.949700
vt 0.769200 0.927200
vt 0.788300 0.917200
vt 0.788300 0.923500
vt 0.807300 0.917200
vt 0.788300 0.927200
vt 0.807300 0.923500
vt 0.807300 0.927200
vt 0.788300 0.931100
vt 0.826400 0.917200
vt 0.845500 0.917200
vt 0.845500 0.923500
vt 0.864600 0.917200
vt 0.883600 0.917200
vt 0.864600 0.923500
vt 0.826400 0.923500
vt 0.826400 0.927200
vt 0.845500 0.927200
vt 0.864600 0.927200
vt 0.826400 0.931100
vt 0.883600 0.923500
vt 0.807300 0.931100
vt 0.769200 0.935400
vt 0.788300 0.935400
vt 0.750100 0.939000
vt 0.769200 0.939000
vt 0.788300 0.939000
vt 0.769200 0.942300
vt 0.807300 0.935400
vt 0.845500 0.931100
vt 0.864600 0.931100
vt 0.845500 0.935400
vt 0.807300 0.939000
vt 0.826400 0.935400
vt 0.864600 0.935400
vt 0.883600 0.931100
vt 0.845500 0.939000
vt 0.826400 0.939000
vt 0.883600 0.927200
vt 0.864600 0.939000
vt 0.902700 0.923500
vt 0.902700 0.927200
vt 0.902700 0.917200
vt 0.921800 0.923500
vt 0.921800 0.917200
vt 0.902700 0.931100
vt 0.921800 0.927200
vt 0.940900 0.923500
vt 0.921800 0.931100
vt 0.940900 0.917200
vt 0.959900 0.917200
vt 0.959900 0.923500
vt 0.979000 0.917200
vt 0.998100 0.917200
vt 0.998100 0.923500
vt 0.979000 0.923500
vt 0.940900 0.927200
vt 0.959900 0.927200
vt 0.979000 0.927200
vt 0.998100 0.927200
vt 0.940900 0.931100
vt 0.902700 0.935400
vt 0.940900 0.935400
vt 0.921800 0.935400
vt 0.883600 0.939000
vt 0.883600 0.935400
vt 0.921800 0.939000
vt 0.902700 0.939000
vt 0.959900 0.931100
vt 0.979000 0.931100
vt 0.998100 0.931100
vt 0.959900 0.935400
vt 0.979000 0.935400
vt 0.998100 0.935400
vt 0.979000 0.939000
vt 0.959900 0.939000
vt 0.940900 0.939000
vt 0.998100 0.939000
vt 0.788300 0.942300
vt 0.807300 0.942300
vt 0.826400 0.942300
vt 0.788300 0.946300
vt 0.807300 0.946300
vt 0.826400 0.946200
vt 0.769200 0.946300
vt 0.845500 0.942300
vt 0.864600 0.942300
vt 0.845500 0.946200
vt 0.864600 0.946200
vt 0.883600 0.946200
vt 0.864600 0.949500
vt 0.826400 0.949600
vt 0.883600 0.949500
vt 0.845500 0.949600
vt 0.769200 0.949700
vt 0.788300 0.949700
vt 0.807300 0.949600
vt 0.769200 0.955900
vt 0.788300 0.955900
vt 0.826400 0.955900
vt 0.845500 0.955900
vt 0.864600 0.955900
vt 0.807300 0.955900
vt 0.883600 0.955900
vt 0.883600 0.942300
vt 0.902700 0.942300
vt 0.921800 0.942300
vt 0.940900 0.942300
vt 0.921800 0.946100
vt 0.940900 0.946100
vt 0.959900 0.946100
vt 0.902700 0.946200
vt 0.959900 0.942300
vt 0.979000 0.942300
vt 0.998100 0.942300
vt 0.979000 0.946100
vt 0.998100 0.946100
vt 0.998100 0.949300
vt 0.979000 0.949400
vt 0.959900 0.949400
vt 0.902700 0.949500
vt 0.921800 0.949500
vt 0.940900 0.949400
vt 0.902700 0.955900
vt 0.921800 0.955900
vt 0.959900 0.955900
vt 0.979000 0.955900
vt 0.998100 0.955900
vt 0.940900 0.955900
vt 0.023300 0.963500
vt 0.004200 0.963500
vt 0.004200 0.958100
vt 0.023300 0.958100
vt 0.042300 0.963500
vt 0.042300 0.958100
vt 0.023300 0.966900
vt 0.004200 0.966900
vt 0.042300 0.966900
vt 0.004200 0.970600
vt 0.061400 0.963500
vt 0.061400 0.958100
vt 0.080500 0.958100
vt 0.080500 0.963500
vt 0.099500 0.958100
vt 0.118600 0.958100
vt 0.118600 0.963500
vt 0.099500 0.963500
vt 0.061400 0.966900
vt 0.099500 0.966900
vt 0.080500 0.966900
vt 0.137700 0.958100
vt 0.023300 0.970600
vt 0.004200 0.974600
vt 0.042300 0.970600
vt 0.023300 0.974600
vt 0.004200 0.977900
vt 0.042300 0.974600
vt 0.061400 0.974600
vt 0.042300 0.977900
vt 0.061400 0.970600
vt 0.080500 0.970600
vt 0.099500 0.970600
vt 0.080500 0.974600
vt 0.080500 0.977900
vt 0.118600 0.970600
vt 0.099500 0.974600
vt 0.118600 0.974600
vt 0.099500 0.977900
vt 0.118600 0.966900
vt 0.061400 0.977900
vt 0.137700 0.963500
vt 0.156700 0.958100
vt 0.156700 0.963500
vt 0.175800 0.963500
vt 0.156700 0.966900
vt 0.137700 0.966900
vt 0.137700 0.970600
vt 0.175800 0.966900
vt 0.156700 0.970600
vt 0.175800 0.958100
vt 0.194900 0.958100
vt 0.194900 0.963500
vt 0.213900 0.958100
vt 0.233000 0.958100
vt 0.213900 0.963500
vt 0.194900 0.966900
vt 0.213900 0.966900
vt 0.233000 0.963500
vt 0.252100 0.958100
vt 0.252100 0.963500
vt 0.233000 0.966900
vt 0.252100 0.966900
vt 0.175800 0.970600
vt 0.137700 0.974600
vt 0.194900 0.970600
vt 0.175800 0.974600
vt 0.156700 0.974600
vt 0.137700 0.977900
vt 0.175800 0.977900
vt 0.156700 0.977900
vt 0.194900 0.974600
vt 0.213900 0.970600
vt 0.252100 0.970600
vt 0.233000 0.970600
vt 0.213900 0.974600
vt 0.233000 0.974600
vt 0.213900 0.977900
vt 0.271100 0.970600
vt 0.194900 0.977900
vt 0.271100 0.963500
vt 0.118600 0.977900
vt 0.023300 0.977900
vt 0.023300 0.981000
vt 0.042300 0.981000
vt 0.023300 0.985000
vt 0.004200 0.981000
vt 0.061400 0.984900
vt 0.061400 0.981000
vt 0.042300 0.985000
vt 0.080500 0.981000
vt 0.099500 0.981000
vt 0.118600 0.981000
vt 0.099500 0.984900
vt 0.080500 0.984900
vt 0.118600 0.984900
vt 0.137700 0.984900
vt 0.099500 0.988200
vt 0.118600 0.988200
vt 0.137700 0.981000
vt 0.023300 0.988300
vt 0.004200 0.985000
vt 0.042300 0.988300
vt 0.061400 0.988200
vt 0.004200 0.994100
vt 0.004200 0.988300
vt 0.023300 0.994100
vt 0.042300 0.994100
vt 0.080500 0.988200
vt 0.099500 0.994100
vt 0.118600 0.994100
vt 0.061400 0.994100
vt 0.080500 0.994100
vt 0.137700 0.988100
vt 0.156700 0.981000
vt 0.194900 0.981000
vt 0.175800 0.981000
vt 0.156700 0.984800
vt 0.194900 0.984800
vt 0.175800 0.984800
vt 0.213900 0.981000
vt 0.233000 0.977900
vt 0.252100 0.974600
vt 0.252100 0.977900
vt 0.233000 0.981000
vt 0.213900 0.984800
vt 0.233000 0.984800
vt 0.252100 0.984800
vt 0.233000 0.988000
vt 0.252100 0.987900
vt 0.252100 0.981000
vt 0.271100 0.974600
vt 0.156700 0.988100
vt 0.156700 0.994100
vt 0.175800 0.994100
vt 0.175800 0.988100
vt 0.137700 0.994100
vt 0.194900 0.988000
vt 0.213900 0.988000
vt 0.233000 0.994100
vt 0.213900 0.994100
vt 0.194900 0.994100
vt 0.252100 0.994100
vt 0.271100 0.958100
vt 0.290200 0.963500
vt 0.290200 0.958100
vt 0.309300 0.963500
vt 0.271100 0.966900
vt 0.290200 0.966900
vt 0.290200 0.970600
vt 0.309300 0.958100
vt 0.328300 0.958100
vt 0.347400 0.958100
vt 0.328300 0.963500
vt 0.366500 0.963500
vt 0.366500 0.958100
vt 0.385500 0.963500
vt 0.347400 0.963500
vt 0.309300 0.966900
vt 0.328300 0.966900
vt 0.347400 0.966900
vt 0.366500 0.966900
vt 0.309300 0.970600
vt 0.309300 0.974600
vt 0.328300 0.970600
vt 0.290200 0.974600
vt 0.271100 0.977900
vt 0.290200 0.977900
vt 0.309300 0.977900
vt 0.347400 0.970600
vt 0.328300 0.974600
vt 0.366500 0.970600
vt 0.328300 0.977900
vt 0.347400 0.974600
vt 0.385500 0.970600
vt 0.366500 0.974600
vt 0.385500 0.974600
vt 0.347400 0.977900
vt 0.385500 0.966900
vt 0.366500 0.977900
vt 0.385500 0.958100
vt 0.271100 0.981000
vt 0.404600 0.963500
vt 0.404600 0.966900
vt 0.404600 0.958100
vt 0.423700 0.963500
vt 0.423700 0.958100
vt 0.404600 0.970600
vt 0.423700 0.966900
vt 0.442700 0.963500
vt 0.423700 0.970600
vt 0.442700 0.958100
vt 0.461800 0.958100
vt 0.461800 0.963500
vt 0.480900 0.958100
vt 0.499900 0.958100
vt 0.499900 0.963500
vt 0.480900 0.963500
vt 0.461800 0.966900
vt 0.499900 0.966900
vt 0.480900 0.966900
vt 0.442700 0.966900
vt 0.423700 0.974600
vt 0.442700 0.970600
vt 0.442700 0.974600
vt 0.404600 0.977900
vt 0.404600 0.974600
vt 0.442700 0.977900
vt 0.423700 0.977900
vt 0.461800 0.974600
vt 0.461800 0.970600
vt 0.480900 0.970600
vt 0.499900 0.970600
vt 0.480900 0.974600
vt 0.499900 0.974600
vt 0.499900 0.977900
vt 0.480900 0.977900
vt 0.461800 0.977900
vt 0.385500 0.977900
vt 0.290200 0.981000
vt 0.309300 0.981000
vt 0.328300 0.981000
vt 0.290200 0.984700
vt 0.309300 0.984700
vt 0.328300 0.984700
vt 0.271100 0.984700
vt 0.347400 0.981000
vt 0.347400 0.984700
vt 0.366500 0.981000
vt 0.328300 0.987800
vt 0.366500 0.984600
vt 0.385500 0.984600
vt 0.385500 0.981000
vt 0.366500 0.987800
vt 0.385500 0.987700
vt 0.347400 0.987800
vt 0.271100 0.987900
vt 0.290200 0.987900
vt 0.309300 0.987900
vt 0.271100 0.994100
vt 0.290200 0.994100
vt 0.328300 0.994100
vt 0.366500 0.994100
vt 0.347400 0.994100
vt 0.309300 0.994100
vt 0.385500 0.994100
vt 0.404600 0.981000
vt 0.423700 0.981000
vt 0.423700 0.984600
vt 0.442700 0.987600
vt 0.442700 0.984600
vt 0.442700 0.981000
vt 0.404600 0.984600
vt 0.461800 0.981000
vt 0.480900 0.981000
vt 0.499900 0.981000
vt 0.461800 0.984600
vt 0.480900 0.984500
vt 0.499900 0.984500
vt 0.480900 0.987600
vt 0.499900 0.987600
vt 0.461800 0.987600
vt 0.404600 0.987700
vt 0.423700 0.987700
vt 0.423700 0.994100
vt 0.404600 0.994100
vt 0.442700 0.994100
vt 0.461800 0.994100
vt 0.499900 0.988800
vt 0.480900 0.994100
vt 0.499900 0.994100
vt 0.521400 0.964000
vt 0.502300 0.964000
vt 0.502300 0.958200
vt 0.521400 0.958200
vt 0.540400 0.964000
vt 0.540400 0.958200
vt 0.502300 0.967400
vt 0.521400 0.967400
vt 0.540400 0.967400
vt 0.521400 0.971000
vt 0.559500 0.958200
vt 0.578600 0.958200
vt 0.578600 0.964000
vt 0.597600 0.958200
vt 0.616700 0.958200
vt 0.616700 0.964000
vt 0.597600 0.964000
vt 0.559500 0.967400
vt 0.559500 0.964000
vt 0.597600 0.967400
vt 0.578600 0.967400
vt 0.635700 0.958200
vt 0.616700 0.967400
vt 0.502300 0.971000
vt 0.502300 0.975000
vt 0.540400 0.971000
vt 0.521400 0.975000
vt 0.502300 0.978300
vt 0.540400 0.975000
vt 0.559500 0.975000
vt 0.540400 0.978300
vt 0.559500 0.971000
vt 0.578600 0.971000
vt 0.597600 0.971000
vt 0.578600 0.975000
vt 0.597600 0.975000
vt 0.616700 0.971000
vt 0.597600 0.978300
vt 0.578600 0.978300
vt 0.559500 0.978300
vt 0.635700 0.964000
vt 0.635700 0.967400
vt 0.654800 0.958200
vt 0.654800 0.964000
vt 0.673900 0.958200
vt 0.654800 0.967400
vt 0.673900 0.964000
vt 0.673900 0.967400
vt 0.654800 0.971000
vt 0.692900 0.958200
vt 0.712000 0.958200
vt 0.712000 0.964000
vt 0.731100 0.958200
vt 0.750100 0.958200
vt 0.731100 0.964000
vt 0.692900 0.967400
vt 0.692900 0.964000
vt 0.712000 0.967400
vt 0.750100 0.964000
vt 0.731100 0.967400
vt 0.750100 0.967400
vt 0.769200 0.958200
vt 0.673900 0.971000
vt 0.635700 0.971000
vt 0.635700 0.975000
vt 0.654800 0.975000
vt 0.616700 0.975000
vt 0.635700 0.978300
vt 0.673900 0.975000
vt 0.673900 0.978300
vt 0.654800 0.978300
vt 0.692900 0.971000
vt 0.712000 0.971000
vt 0.750100 0.971000
vt 0.731100 0.971000
vt 0.692900 0.975000
vt 0.712000 0.975000
vt 0.731100 0.975000
vt 0.769200 0.967400
vt 0.692900 0.978300
vt 0.769200 0.964000
vt 0.616700 0.978300
vt 0.521400 0.978300
vt 0.502300 0.981400
vt 0.540400 0.981400
vt 0.521400 0.985300
vt 0.521400 0.981400
vt 0.559500 0.985300
vt 0.559500 0.981400
vt 0.540400 0.985300
vt 0.578600 0.981400
vt 0.597600 0.981400
vt 0.616700 0.981400
vt 0.597600 0.985300
vt 0.578600 0.985300
vt 0.616700 0.985200
vt 0.635700 0.985200
vt 0.597600 0.988500
vt 0.616700 0.988500
vt 0.502300 0.987700
vt 0.502300 0.985300
vt 0.521400 0.988600
vt 0.540400 0.988600
vt 0.502300 0.994000
vt 0.502300 0.988700
vt 0.521400 0.994000
vt 0.540400 0.994000
vt 0.559500 0.988600
vt 0.578600 0.988500
vt 0.597600 0.994000
vt 0.578600 0.994000
vt 0.559500 0.994000
vt 0.616700 0.994000
vt 0.654800 0.981400
vt 0.692900 0.981400
vt 0.673900 0.981400
vt 0.654800 0.985200
vt 0.635700 0.981400
vt 0.692900 0.985200
vt 0.673900 0.985200
vt 0.712000 0.978300
vt 0.712000 0.981400
vt 0.731100 0.978300
vt 0.750100 0.975000
vt 0.731100 0.981400
vt 0.712000 0.985200
vt 0.731100 0.985100
vt 0.750100 0.985100
vt 0.731100 0.988300
vt 0.712000 0.988300
vt 0.750100 0.978300
vt 0.635700 0.988500
vt 0.654800 0.988400
vt 0.673900 0.988400
vt 0.654800 0.994000
vt 0.635700 0.994000
vt 0.673900 0.994000
vt 0.692900 0.988400
vt 0.731100 0.994000
vt 0.712000 0.994000
vt 0.692900 0.994000
vt 0.750100 0.988300
vt 0.750100 0.994000
vt 0.788200 0.958200
vt 0.788200 0.964000
vt 0.807300 0.964000
vt 0.807300 0.958200
vt 0.788200 0.967400
vt 0.807300 0.967400
vt 0.788200 0.971000
vt 0.826400 0.964000
vt 0.769200 0.971000
vt 0.826400 0.958200
vt 0.845400 0.958200
vt 0.845400 0.964000
vt 0.864500 0.958200
vt 0.883500 0.958200
vt 0.883500 0.964000
vt 0.864500 0.964000
vt 0.826400 0.967400
vt 0.845400 0.967400
vt 0.864500 0.967400
vt 0.902600 0.958200
vt 0.807300 0.971000
vt 0.769200 0.975000
vt 0.788200 0.975000
vt 0.807300 0.975000
vt 0.769200 0.978300
vt 0.788200 0.978300
vt 0.807300 0.978300
vt 0.826400 0.971000
vt 0.845400 0.971000
vt 0.864500 0.971000
vt 0.826400 0.975000
vt 0.845400 0.975000
vt 0.864500 0.975000
vt 0.883500 0.971000
vt 0.845400 0.978300
vt 0.826400 0.978300
vt 0.883500 0.967400
vt 0.864500 0.978300
vt 0.902600 0.964000
vt 0.921700 0.958200
vt 0.921700 0.964000
vt 0.940700 0.958200
vt 0.902600 0.967400
vt 0.902600 0.971000
vt 0.921700 0.967400
vt 0.940700 0.964000
vt 0.921700 0.971000
vt 0.978800 0.964000
vt 0.959800 0.958200
vt 0.978800 0.958200
vt 0.997900 0.958200
vt 0.997900 0.964000
vt 0.940700 0.967400
vt 0.959800 0.964000
vt 0.959800 0.967400
vt 0.978800 0.967400
vt 0.959800 0.971000
vt 0.997900 0.967400
vt 0.940700 0.971000
vt 0.902600 0.975000
vt 0.940700 0.975000
vt 0.921700 0.975000
vt 0.902600 0.978300
vt 0.883500 0.975000
vt 0.940700 0.978300
vt 0.921700 0.978300
vt 0.978800 0.971000
vt 0.997900 0.971000
vt 0.978800 0.975000
vt 0.978800 0.978300
vt 0.959800 0.975000
vt 0.997900 0.975000
vt 0.959800 0.978300
vt 0.883500 0.978300
vt 0.997900 0.978300
vt 0.769200 0.981400
vt 0.750100 0.981400
vt 0.788200 0.981400
vt 0.807300 0.981400
vt 0.788200 0.985100
vt 0.807300 0.985100
vt 0.826400 0.985000
vt 0.769200 0.985100
vt 0.826400 0.981400
vt 0.845400 0.981400
vt 0.864500 0.981400
vt 0.845400 0.985000
vt 0.864500 0.985000
vt 0.883500 0.985000
vt 0.864500 0.988100
vt 0.826400 0.988200
vt 0.845400 0.988100
vt 0.769200 0.988200
vt 0.788200 0.988200
vt 0.807300 0.988200
vt 0.769200 0.994000
vt 0.788200 0.994000
vt 0.826400 0.994000
vt 0.864500 0.994000
vt 0.845400 0.994000
vt 0.807300 0.994000
vt 0.883500 0.994000
vt 0.883500 0.988100
vt 0.902600 0.981400
vt 0.940700 0.981400
vt 0.921700 0.981400
vt 0.902600 0.985000
vt 0.883500 0.981400
vt 0.940700 0.984900
vt 0.921700 0.985000
vt 0.959800 0.984900
vt 0.959800 0.981400
vt 0.978800 0.981400
vt 0.997900 0.981400
vt 0.978800 0.984900
vt 0.959800 0.988000
vt 0.997900 0.984900
vt 0.997900 0.987900
vt 0.978800 0.987900
vt 0.902600 0.988000
vt 0.921700 0.988000
vt 0.940700 0.988000
vt 0.902600 0.994000
vt 0.921700 0.994000
vt 0.959800 0.994000
vt 0.997900 0.994000
vt 0.978800 0.994000
vt 0.940700 0.994000
vn 0.785363 -0.595551 -0.168893
vn 0.383001 -0.923328 -0.027860
vn 0.644457 0.328987 -0.690248
vn 0.163554 -0.818181 -0.551208
vn 0.029201 0.133759 -0.990584
vn 0.706580 0.245297 -0.663757
vn 0.888731 0.070668 0.452949
vn 0.882167 0.235724 0.407697
vn 0.595669 0.291191 0.748590
vn 0.303943 -0.924900 -0.228429
vn 0.742624 -0.240851 -0.624900
vn 0.493001 -0.808310 -0.321847
vn 0.355922 -0.765456 -0.536095
vn 0.906912 -0.391887 -0.154712
vn 0.857773 -0.135715 -0.495789
vn 0.893927 -0.428054 -0.132906
vn 0.178310 0.048553 -0.982776
vn 0.292193 0.074143 -0.953481
vn 0.139019 0.012037 -0.990217
vn 0.266236 -0.962982 -0.042231
vn 0.065263 -0.838267 -0.541340
vn 0.012817 -0.700974 -0.713071
vn 0.807471 0.006455 -0.589872
vn 0.780102 -0.081657 -0.620301
vn 0.755979 0.031002 -0.653861
vn -0.507949 0.404608 -0.760447
vn -0.048195 -0.652400 -0.756340
vn -0.478591 0.203306 -0.854177
vn 0.349822 -0.931871 -0.096130
vn 0.037781 -0.805314 -0.591644
vn 0.970056 0.156078 -0.186093
vn 0.424287 -0.028771 -0.905070
vn 0.990006 -0.039662 -0.135330
vn 0.359395 -0.933109 -0.011989
vn 0.179804 -0.893816 -0.410807
vn 0.976599 -0.142715 -0.160891
vn 0.974511 -0.147981 -0.168613
vn 0.947772 -0.147419 -0.282834
vn 0.174434 0.984504 -0.018008
vn 0.259640 0.961503 -0.089992
vn 0.241572 0.969984 -0.027825
vn -0.408058 0.183051 -0.894416
vn -0.536726 0.549334 -0.640435
vn -0.047646 -0.120495 -0.991570
vn -0.377969 0.173118 -0.909489
vn -0.564434 0.587892 -0.579480
vn 0.352170 0.895050 -0.273607
vn -0.353582 0.857276 -0.374243
vn 0.955880 0.092863 0.278692
vn 0.601719 0.073581 0.795311
vn 0.947049 -0.226832 -0.227256
vn -0.016553 -0.454909 -0.890384
vn -0.296638 -0.578898 -0.759528
vn -0.226428 -0.616875 -0.753788
vn 0.028243 -0.999536 0.011369
vn 0.802261 -0.550556 -0.230794
vn 0.864729 -0.299551 0.403129
vn -0.082019 -0.534044 -0.841469
vn 0.089039 -0.406726 -0.909201
vn -0.106601 -0.637847 -0.762750
vn 0.481141 -0.875392 -0.046818
vn -0.072894 -0.139939 -0.987473
vn -0.188701 0.126906 -0.973800
vn 0.470939 0.862558 -0.184960
vn 0.481122 0.825624 -0.294733
vn -0.479686 0.111629 -0.870310
vn 0.655691 0.734146 0.176346
vn 0.524671 0.851118 -0.017866
vn 0.579413 0.814427 0.031457
vn -0.114266 0.989378 -0.089853
vn 0.212689 0.974625 -0.069783
vn 0.171292 0.984039 -0.048239
vn 0.723669 0.404749 -0.559001
vn 0.696194 0.444247 -0.563879
vn 0.590191 0.740950 -0.320417
vn -0.086931 0.992220 -0.089120
vn -0.433775 0.876324 -0.209513
vn 0.227574 0.960397 -0.160773
vn 0.871441 0.121479 0.475220
vn 0.909603 -0.165352 0.381159
vn 0.909852 -0.067378 0.409426
vn 0.888071 -0.421624 -0.183203
vn 0.630191 -0.293608 -0.718786
vn 0.263032 -0.144278 -0.953938
vn 0.263617 0.950621 -0.163789
vn 0.300767 0.942983 -0.142555
vn 0.239965 -0.970204 -0.033470
vn 0.670256 -0.166497 -0.723212
vn 0.736836 -0.264650 -0.622119
vn 0.219813 -0.116681 -0.968539
vn 0.008174 0.692464 -0.721406
vn 0.565710 0.822110 0.064097
vn 0.619526 0.761040 0.192368
vn 0.539680 0.831465 0.131955
vn 0.379526 0.916672 -0.125193
vn 0.273909 0.946028 -0.173217
vn 0.757598 0.365264 0.540951
vn 0.232226 0.966384 0.110330
vn 0.102582 0.989485 0.101967
vn 0.296493 0.954329 -0.036722
vn 0.804999 0.528201 0.270148
vn 0.070458 0.997251 0.022921
vn 0.422408 0.905909 0.030000
vn 0.623205 0.210759 0.753124
vn 0.057818 -0.346420 0.936296
vn 0.914313 0.065571 -0.399664
vn 0.615862 -0.777385 -0.128011
vn 0.711702 -0.696983 -0.087725
vn 0.538500 -0.840348 -0.061910
vn -0.178508 -0.368197 -0.912450
vn -0.117626 -0.425004 -0.897516
vn -0.258775 -0.562643 -0.785155
vn 0.601347 -0.573735 0.556066
vn 0.907469 0.395874 -0.140656
vn 0.980694 -0.138953 0.137590
vn 0.740977 -0.037233 -0.670498
vn 0.640371 -0.217052 -0.736759
vn 0.093868 0.241727 -0.965793
vn 0.082617 0.338635 -0.937284
vn 0.131770 0.547673 -0.826251
vn 0.704795 -0.708075 -0.043523
vn 0.386286 -0.921921 -0.029060
vn 0.573639 -0.819106 -0.001728
vn 0.536049 0.844112 0.011281
vn 0.606912 0.793434 -0.046039
vn 0.622002 0.781163 0.053833
vn 0.729490 -0.054636 0.681806
vn 0.777304 -0.307851 0.548659
vn 0.704038 -0.051234 0.708312
vn -0.017482 -0.665873 -0.745860
vn 0.671777 -0.668664 0.318754
vn 0.822387 -0.531576 0.202750
vn 0.619905 -0.710505 0.333017
vn 0.880476 -0.365908 0.301452
vn 0.894914 -0.233334 0.380374
vn 0.887068 -0.263240 0.379230
vn 0.769918 0.636089 0.051156
vn 0.509588 0.857692 -0.068449
vn 0.711846 0.688853 0.136953
vn 0.789393 0.609041 0.076988
vn 0.750706 0.647143 0.132838
vn 0.852844 0.511398 0.105491
vn 0.056092 0.096565 -0.993745
vn 0.173844 0.142939 0.974344
vn 0.628544 0.559754 -0.540007
vn 0.289784 -0.867288 0.404768
vn 0.621493 -0.732615 0.277527
vn 0.371546 -0.873829 0.313651
vn 0.922875 -0.346827 -0.167371
vn 0.607880 -0.785851 -0.113665
vn -0.031698 -0.074719 0.996701
vn 0.020711 -0.035451 0.999157
vn 0.329159 -0.093743 0.939610
vn 0.120435 0.236277 -0.964193
vn 0.094019 0.371609 -0.923616
vn 0.123579 0.319646 -0.939444
vn 0.670062 0.263733 -0.693874
vn 0.813154 -0.080287 -0.576484
vn 0.720495 0.051916 -0.691515
vn 0.468064 0.234664 0.851968
vn 0.150200 0.246918 0.957325
vn 0.112276 0.246354 0.962655
vn 0.085225 0.531617 -0.842686
vn 0.086743 0.387352 -0.917842
vn 0.079626 0.388323 -0.918077
vn 0.714806 0.201845 -0.669560
vn 0.551167 0.665461 -0.503365
vn -0.019531 0.631518 -0.775115
vn 0.167646 0.263465 -0.949990
vn 0.800107 -0.596116 0.066891
vn 0.546678 -0.833098 0.084204
vn 0.625723 -0.778931 0.041677
vn 0.301083 -0.457055 0.836929
vn -0.115357 -0.736802 0.666195
vn 0.389243 0.148879 0.909024
vn 0.324600 0.165507 -0.931258
vn 0.404918 0.286621 -0.868268
vn 0.419430 0.195956 -0.886386
vn 0.373974 0.108541 -0.921066
vn 0.771408 -0.047504 -0.634566
vn 0.858854 -0.089070 -0.504416
vn 0.814693 -0.062936 -0.576467
vn 0.327853 -0.117334 -0.937414
vn 0.347552 0.016932 -0.937508
vn 0.234633 -0.140243 -0.961914
vn 0.366214 0.930502 0.007333
vn 0.317354 -0.073783 -0.945433
vn 0.231130 -0.135364 -0.963460
vn 0.410594 -0.015106 -0.911693
vn 0.566849 0.174559 -0.805115
vn 0.738147 0.343386 -0.580710
vn 0.713117 0.260565 -0.650822
vn 0.859672 0.026339 -0.510167
vn 0.488199 0.864487 -0.119687
vn 0.364128 0.926270 -0.097131
vn 0.543062 0.835576 -0.083048
vn 0.619593 0.128766 -0.774289
vn 0.491670 -0.023339 -0.870469
vn 0.826363 0.226376 -0.515634
vn 0.660953 0.284961 -0.694218
vn 0.435515 0.169749 -0.884032
vn 0.504584 0.111613 -0.856118
vn 0.354181 0.075770 -0.932103
vn 0.358296 0.260596 -0.896501
vn 0.387091 0.233065 -0.892099
vn 0.782955 -0.143869 0.605213
vn 0.812756 0.128362 0.568288
vn 0.723925 0.054958 0.687686
vn 0.512418 0.281637 -0.811239
vn 0.382026 0.196133 -0.903099
vn 0.060165 -0.822139 0.566099
vn 0.591672 -0.769117 0.241627
vn 0.340695 -0.931163 0.129857
vn 0.666555 0.132906 -0.733513
vn 0.750474 0.272526 -0.602094
vn 0.587925 0.798753 -0.127816
vn 0.650252 0.759485 -0.018821
vn 0.876870 0.466488 -0.116141
vn 0.882271 -0.404313 -0.241100
vn 0.872235 -0.404648 -0.274710
vn 0.842361 -0.538194 -0.027861
vn 0.591774 0.805949 -0.015796
vn 0.584081 0.810393 0.045965
vn 0.633519 0.773702 -0.006268
vn 0.657881 -0.428611 0.619262
vn 0.743486 0.011101 0.668659
vn 0.698153 -0.513109 0.499300
vn 0.619767 -0.783525 -0.044470
vn 0.436667 -0.898954 0.034686
vn 0.602165 -0.798333 0.007801
vn 0.829761 0.272248 0.487215
vn 0.829994 0.332418 0.447894
vn -0.221079 -0.975025 -0.021230
vn 0.494186 -0.868150 0.045773
vn 0.616058 0.785862 -0.053787
vn 0.733562 0.677280 -0.056383
vn 0.716837 0.696098 0.039893
vn 0.810233 0.581102 0.076435
vn 0.846598 0.426096 0.318927
vn 0.628584 0.739795 0.239971
vn 0.128852 -0.990785 0.041746
vn 0.072001 -0.849666 0.522383
vn 0.332287 -0.924758 0.185496
vn 0.349340 -0.915968 0.197395
vn 0.145286 -0.980631 0.131361
vn 0.357490 -0.916932 0.177303
vn 0.316204 -0.880269 0.353754
vn 0.341352 -0.914252 0.218225
vn 0.319252 0.934058 -0.160040
vn 0.670193 0.723705 -0.164597
vn 0.173714 0.970869 -0.165036
vn 0.789015 0.602477 0.120321
vn 0.704234 -0.685220 0.185816
vn 0.706125 -0.683807 0.183835
vn 0.510312 -0.849498 0.133920
vn -0.399508 0.339703 0.851466
vn -0.502757 0.009256 0.864378
vn -0.512364 0.001770 0.858767
vn 0.648916 -0.748402 0.137122
vn 0.747006 -0.645226 0.160203
vn 0.667171 -0.730507 0.145747
vn 0.391659 -0.887088 0.244289
vn 0.342595 -0.909094 0.237016
vn 0.941982 0.236496 -0.238201
vn 0.104476 0.986986 -0.122243
vn 0.613652 -0.775010 0.150965
vn 0.892152 0.318530 0.320318
vn 0.601187 0.794809 0.082783
vn 0.882207 0.327030 0.338766
vn 0.537358 -0.831207 0.142620
vn 0.812790 -0.573081 0.104642
vn 0.461268 -0.522951 0.716766
vn 0.463125 -0.548993 0.695788
vn 0.623838 -0.168959 0.763072
vn 0.136023 0.551652 -0.822908
vn 0.184894 0.466970 -0.864727
vn 0.651290 -0.089627 -0.753517
vn 0.398781 0.915619 -0.051149
vn 0.591081 0.806236 0.024638
vn 0.373977 -0.885352 0.276213
vn 0.333039 0.937837 -0.097710
vn 0.464831 0.883600 -0.056418
vn 0.616892 0.785730 -0.045528
vn 0.442345 -0.068214 0.894247
vn 0.451149 -0.098185 0.887031
vn 0.434521 -0.134159 0.890614
vn 0.035990 -0.100848 -0.994251
vn 0.391380 -0.240967 -0.888120
vn 0.197238 -0.463258 -0.863996
vn 0.168051 0.082814 0.982294
vn 0.073710 0.495427 0.865517
vn 0.245746 0.942427 -0.226807
vn 0.179763 0.956310 -0.230556
vn 0.032740 0.933317 -0.357558
vn 0.629220 0.760984 -0.158065
vn 0.665945 0.738562 -0.105082
vn 0.616878 0.765727 -0.181998
vn 0.341219 0.931952 -0.122618
vn 0.445517 0.895262 -0.004482
vn 0.501191 0.856409 0.123982
vn 0.625695 0.756452 -0.190488
vn 0.036254 0.958164 -0.283915
vn 0.340329 0.940173 -0.015847
vn 0.916030 0.394923 -0.070179
vn 0.522839 0.839184 0.149701
vn -0.190833 -0.517039 0.834418
vn 0.569948 -0.053215 0.819956
vn 0.580082 0.030006 0.814005
vn 0.553602 -0.014206 0.832660
vn 0.769589 -0.243462 -0.590304
vn 0.821881 -0.216094 -0.527082
vn 0.830945 -0.101388 -0.547038
vn 0.532074 0.846506 -0.018040
vn 0.050095 0.973645 -0.222498
vn -0.003171 0.981642 -0.190706
vn 0.003814 0.971926 -0.235256
vn 0.589302 -0.312469 0.745041
vn 0.402612 -0.140078 0.904589
vn 0.563192 -0.257600 0.785148
vn 0.331458 -0.897373 0.291302
vn 0.582448 -0.796723 0.161203
vn 0.794649 -0.606242 0.031659
vn 0.728287 -0.679313 0.090172
vn 0.086264 -0.670209 -0.737142
vn 0.672361 -0.481351 0.562345
vn 0.352493 0.266535 0.897055
vn -0.186590 0.220225 0.957437
vn -0.181462 0.244054 0.952633
vn 0.367004 0.361660 -0.857035
vn -0.747912 0.117031 0.653399
vn -0.317507 0.708827 0.629884
vn -0.296548 0.162653 0.941065
vn 0.654661 0.083304 0.751318
vn 0.504460 0.787383 0.354327
vn -0.746582 0.308172 0.589614
vn 0.067969 0.489239 -0.869497
vn -0.109886 -0.334570 -0.935942
vn 0.096306 0.418645 -0.903029
vn 0.596194 -0.025532 0.802435
vn 0.559473 -0.642479 0.523651
vn 0.215271 0.047787 -0.975384
vn 0.164020 0.123237 -0.978729
vn 0.132474 0.009877 -0.991137
vn 0.951192 -0.240220 -0.193721
vn 0.929200 -0.164920 -0.330739
vn 0.935951 -0.161358 -0.312986
vn 0.023794 0.064243 0.997651
vn 0.135144 0.128470 0.982462
vn 0.812234 -0.057376 -0.580503
vn 0.558157 -0.048687 -0.828306
vn 0.134519 -0.733160 0.666619
vn -0.548211 0.100103 0.830328
vn -0.350537 0.310292 0.883653
vn 0.782164 0.622390 -0.029149
vn 0.525236 0.850637 0.023325
vn 0.562601 -0.482603 0.671248
vn 0.654405 -0.248971 0.713980
vn 0.602084 0.716061 0.353202
vn 0.401941 0.915581 0.012426
vn 0.355666 -0.928412 0.107488
vn -0.451587 -0.094114 0.887250
vn -0.472304 0.056568 0.879619
vn -0.838522 0.034802 0.543756
vn 0.448388 -0.145964 -0.881841
vn 0.401711 -0.092551 -0.911078
vn 0.558513 -0.293662 -0.775774
vn -0.467107 -0.016635 0.884044
vn 0.063251 -0.223605 0.972625
vn -0.574280 -0.338911 0.745213
vn 0.023573 0.999353 -0.027174
vn 0.160990 0.974623 -0.155536
vn -0.196135 -0.683178 -0.703420
vn 0.393751 -0.212477 -0.894323
vn -0.465504 0.092805 -0.880166
vn -0.185610 0.055267 0.981068
vn 0.812997 -0.177124 0.554674
vn -0.340622 -0.541881 -0.768337
vn 0.046489 -0.696248 0.716294
vn -0.251573 -0.341700 0.905512
vn -0.209850 -0.416532 0.884570
vn 0.318635 0.906363 -0.277449
vn 0.388838 0.897316 -0.208876
vn 0.460663 -0.260547 0.848472
vn 0.703639 -0.052476 0.708617
vn 0.953091 -0.080493 -0.291786
vn 0.917085 -0.031261 -0.397463
vn 0.358940 0.268298 0.893968
vn -0.234833 0.653376 0.719689
vn -0.198021 0.429987 0.880851
vn -0.142328 0.207846 0.967751
vn -0.241914 0.218566 0.945360
vn -0.165547 0.327765 0.930142
vn 0.575536 -0.816658 -0.042748
vn 0.593722 -0.802350 0.061058
vn 0.503367 -0.863424 -0.033474
vn 0.501616 -0.864001 -0.043398
vn 0.543286 -0.837698 -0.055690
vn 0.488268 -0.872346 -0.024639
vn 0.432566 -0.901578 0.006672
vn 0.529247 -0.843593 -0.090819
vn 0.512208 -0.858572 0.022281
vn 0.771423 0.119506 0.625000
vn 0.759246 0.099750 0.643114
vn 0.693461 0.157655 0.703034
vn -0.150432 0.978267 -0.142702
vn 0.770890 0.155898 0.617595
vn 0.874116 0.165148 0.456779
vn 0.910692 0.237139 0.338238
vn 0.737267 -0.315850 0.597224
vn 0.594158 -0.233392 0.769743
vn 0.298158 -0.176895 0.937982
vn 0.386391 -0.095211 0.917408
vn -0.495928 -0.037933 0.867535
vn 0.189237 -0.062585 0.979935
vn -0.075738 0.177194 0.981257
vn 0.387026 -0.921259 -0.038621
vn 0.376064 -0.926589 0.002956
vn 0.683954 -0.562853 0.464117
vn 0.760399 -0.490877 0.425244
vn 0.761339 -0.594540 0.258622
vn 0.671592 -0.736236 -0.083189
vn 0.781626 -0.534275 0.321886
vn 0.897537 -0.415634 -0.147227
vn 0.795908 -0.390810 0.462384
vn 0.831010 -0.012279 0.556122
vn 0.886559 -0.374411 -0.271716
vn 0.949993 -0.309270 0.043200
vn 0.430842 -0.898381 0.085361
vn 0.997691 0.036715 -0.057144
vn 0.954870 -0.292827 0.049762
vn 0.792198 -0.487086 -0.367653
vn 0.870057 -0.422165 -0.254515
vn 0.781740 -0.570490 0.251840
vn 0.679437 -0.733150 0.029276
vn 0.662434 -0.706179 0.249986
vn -0.189319 0.355048 0.915477
vn 0.893307 -0.141631 0.426547
vn 0.911102 -0.259927 0.319893
vn 0.914758 -0.166968 0.367885
vn -0.253251 0.132574 0.958273
vn -0.259377 0.192409 0.946416
vn 0.588421 -0.807332 0.044456
vn 0.609046 -0.791578 0.049662
vn 0.878429 -0.477832 0.006311
vn 0.762666 0.083075 0.641435
vn 0.524908 0.197216 0.827996
vn 0.473798 0.304063 0.826476
vn 0.166658 0.247560 0.954431
vn -0.142943 0.979144 -0.144375
vn -0.192272 0.215513 0.957385
vn -0.467932 0.009375 0.883715
vn -0.496819 0.272103 0.824094
vn 0.380141 0.260084 0.887609
vn -0.025788 0.154841 0.987603
vn -0.314628 0.174793 0.932983
vn -0.105594 0.476402 0.872864
vn 0.220193 0.122613 0.967720
vn -0.262971 0.479340 0.837305
vn 0.923623 0.383175 -0.009878
vn 0.747691 0.536857 -0.390823
vn -0.254027 0.208680 -0.944417
vn 0.561667 -0.501196 -0.658280
vn -0.026772 -0.398877 -0.916614
vn 0.419600 0.218723 0.880963
vn 0.652604 0.184766 0.734826
vn -0.179980 0.120941 -0.976207
vn -0.093698 -0.105552 -0.989990
vn -0.164266 -0.192383 -0.967474
vn 0.540335 -0.144428 0.828962
vn 0.708073 0.037837 0.705125
vn 0.932153 -0.034335 0.360433
vn 0.312929 0.934694 -0.168590
vn 0.905776 0.282528 0.315830
vn 0.925030 -0.164009 -0.342666
vn 0.921248 -0.108832 -0.373441
vn 0.841456 -0.106979 -0.529630
vn 0.918512 -0.368346 0.143726
vn 0.893277 -0.429419 0.132875
vn 0.917381 -0.376039 0.130406
vn 0.636969 0.086208 -0.766054
vn 0.901700 0.135327 -0.410638
vn 0.892917 0.221978 -0.391695
vn 0.899600 0.103189 -0.424349
vn 0.449571 0.001640 -0.893243
vn 0.505920 0.134356 -0.852052
vn 0.086269 -0.996257 0.005474
vn 0.442622 -0.041436 -0.895750
vn 0.602890 0.269295 -0.751002
vn 0.294825 -0.938824 0.178008
vn 0.458733 0.217489 -0.861546
vn 0.680032 0.556893 -0.476893
vn 0.052445 0.995853 -0.074342
vn 0.603773 0.776772 -0.179117
vn 0.545525 0.823441 -0.156039
vn 0.420912 0.907060 -0.008725
vn 0.343820 0.924873 -0.162472
vn 0.510199 0.859341 0.035077
vn -0.151541 0.104747 0.982885
vn -0.083794 -0.560010 0.824237
vn -0.434167 -0.239552 0.868397
vn 0.034013 -0.327849 0.944118
vn 0.903430 0.054815 0.425217
vn 0.740336 0.032270 0.671462
vn 0.568026 0.186267 0.801655
vn 0.593816 0.236743 0.768984
vn 0.579158 0.141085 0.802914
vn 0.598995 0.196398 0.776294
vn 0.324029 -0.414293 0.850510
vn 0.412586 -0.099466 0.905472
vn 0.195667 0.964580 0.176920
vn 0.585332 0.803593 0.107816
vn 0.735678 0.675735 0.046475
vn 0.637270 0.753385 -0.162169
vn 0.615441 0.784396 0.077170
vn 0.762850 0.095859 0.639430
vn 0.545610 0.171470 0.820309
vn 0.564805 0.216002 0.796453
vn 0.807247 0.123426 0.577163
vn 0.626227 0.419931 0.656885
vn 0.469183 0.479581 0.741532
vn 0.279515 0.521689 0.806047
vn 0.814852 -0.577929 -0.044876
vn 0.695301 -0.718619 0.011965
vn 0.754814 -0.653377 0.057914
vn 0.837960 -0.522396 0.157880
vn 0.765562 -0.643292 -0.009534
vn 0.629553 -0.776759 0.017583
vn 0.600048 -0.798282 0.051858
vn 0.678336 -0.728347 -0.096801
vn 0.687863 -0.725690 -0.014808
vn 0.598019 -0.800565 -0.038337
vn 0.592433 0.070258 0.802550
vn 0.111726 -0.993711 -0.007417
vn 0.870894 -0.362963 -0.331364
vn 0.038847 -0.147373 -0.988318
vn 0.189009 -0.190169 -0.963385
vn -0.112965 0.208993 -0.971370
vn -0.537915 0.577780 -0.613855
vn 0.353820 0.934787 0.031371
vn 0.693761 0.402771 0.597052
vn 0.412816 0.909074 0.056277
vn 0.551799 0.796715 0.246500
vn -0.309110 -0.506612 -0.804857
vn -0.092522 0.243456 -0.965489
vn -0.048058 0.176776 -0.983077
vn 0.039115 0.171621 -0.984386
vn 0.390056 -0.047635 -0.919558
vn 0.358050 -0.253810 -0.898544
vn 0.263148 -0.365863 -0.892691
vn 0.215444 -0.185151 -0.958803
vn 0.395494 0.062112 -0.916366
vn -0.122247 -0.479323 -0.869083
vn 0.232331 0.230361 -0.944964
vn 0.155746 0.300136 -0.941096
vn 0.283353 0.250301 -0.925776
vn 0.684460 0.719864 0.115369
vn 0.720123 0.428733 0.545538
vn 0.816093 0.577251 0.027807
vn 0.696315 0.716635 0.039732
vn 0.383825 0.918964 -0.090468
vn 0.616334 0.785181 -0.060196
vn 0.698801 0.695273 -0.168142
vn 0.679740 0.730980 -0.060181
vn 0.651155 0.742656 -0.156395
vn 0.536016 0.363677 -0.761857
vn 0.388261 0.201237 -0.899309
vn 0.387549 0.262127 -0.883796
vn 0.333663 0.064696 -0.940470
vn 0.236006 0.050502 -0.970438
vn 0.350672 0.085695 -0.932569
vn 0.218398 0.015018 -0.975744
vn 0.194749 0.083188 -0.977319
vn -0.660005 -0.086208 0.746299
vn 0.344038 0.106544 0.932891
vn -0.252780 0.578944 0.775194
vn -0.117639 0.861119 0.494605
vn 0.422211 0.514492 0.746348
vn 0.495167 0.509408 0.703785
vn 0.448565 0.573573 0.685422
vn 0.395313 0.250727 0.883665
vn 0.961046 -0.201087 0.189619
vn 0.942176 -0.332739 0.039860
vn 0.960342 -0.277269 -0.029399
vn 0.653342 -0.731314 0.195766
vn 0.496825 -0.825458 0.267924
vn 0.378471 -0.900201 0.215400
vn 0.631635 -0.773254 0.055821
vn 0.506521 -0.860915 0.047570
vn 0.641540 -0.755134 0.134903
vn 0.667018 -0.743026 0.054771
vn 0.517961 -0.855169 0.020049
vn 0.630429 -0.029677 -0.775679
vn 0.276522 -0.115496 -0.954042
vn 0.518446 -0.019169 -0.854896
vn 0.338985 -0.087302 -0.936732
vn 0.324085 0.198719 -0.924921
vn 0.656359 -0.705015 0.268601
vn 0.875042 0.156943 -0.457897
vn 0.867014 0.139871 -0.478250
vn 0.914747 0.103512 -0.390542
vn 0.438542 0.897926 0.037552
vn 0.296000 0.951919 -0.078956
vn 0.535257 -0.167372 0.827941
vn 0.557937 -0.030805 0.829311
vn 0.443824 -0.601820 0.663953
vn 0.543827 0.019267 0.838976
vn 0.560161 0.279184 0.779921
vn -0.271580 -0.475259 0.836883
vn 0.125346 0.992034 -0.012541
vn 0.544518 0.459233 0.701859
vn 0.291543 0.881558 -0.371294
vn 0.894522 0.301261 0.330262
vn -0.180633 0.161108 0.970266
vn 0.812543 -0.000095 0.582902
vn 0.356653 0.144294 0.923027
vn 0.875059 -0.218040 0.432124
vn 0.727953 0.489158 0.480426
vn 0.806301 0.291977 0.514420
vn 0.610215 -0.787649 -0.085131
vn 0.639594 -0.762061 -0.100914
vn 0.656599 -0.753740 0.027472
vn 0.717447 -0.647547 0.256813
vn 0.516530 -0.856267 -0.001983
vn 0.642183 -0.766476 -0.010696
vn 0.694177 -0.719471 0.021905
vn 0.401242 -0.915970 -0.001898
vn 0.542352 -0.839729 0.026656
vn 0.750210 -0.248221 0.612839
vn -0.449294 0.549428 -0.704460
vn 0.274294 -0.445362 -0.852300
vn 0.330084 -0.317279 -0.889032
vn 0.520908 0.829268 0.202409
vn 0.491553 0.857513 0.151814
vn 0.479063 0.843974 0.241261
vn 0.527748 0.837290 0.142927
vn 0.673617 0.395943 0.624075
vn 0.012964 -0.527758 -0.849296
vn 0.027986 -0.360874 -0.932195
vn 0.408290 -0.075350 -0.909737
vn 0.496185 -0.015613 -0.868076
vn -0.253984 -0.523811 -0.813089
vn -0.016865 0.371737 -0.928185
vn 0.226321 -0.215931 -0.949817
vn -0.065556 -0.100351 -0.992790
vn 0.098131 0.558316 -0.823804
vn 0.078952 0.499327 -0.862809
vn 0.784625 0.591253 0.186504
vn 0.473462 0.874081 -0.108703
vn 0.356386 0.930808 -0.081146
vn 0.229846 0.104712 -0.967577
vn 0.210414 0.012759 -0.977529
vn 0.302419 0.022646 -0.952906
vn 0.344456 -0.056504 -0.937101
vn 0.429478 0.266736 -0.862786
vn 0.222517 0.189338 -0.956367
vn 0.812950 -0.145648 0.563825
vn 0.407234 -0.239801 0.881281
vn -0.575225 -0.021637 0.817709
vn -0.002157 0.775824 0.630946
vn 0.250392 0.435731 0.864548
vn 0.880539 -0.216469 0.421654
vn 0.925598 0.010409 0.378366
vn 0.475261 0.384516 0.791375
vn 0.884874 -0.038276 0.464256
vn 0.773933 -0.336693 0.536344
vn 0.369867 0.017629 -0.928917
vn 0.301135 -0.200952 -0.932167
vn 0.305343 -0.092968 -0.947693
vn 0.225763 -0.111941 -0.967729
vn 0.696756 0.224367 -0.681315
vn 0.343770 0.178064 -0.922017
vn 0.799392 -0.595315 -0.081073
vn 0.355662 -0.888849 0.288881
vn 0.838089 -0.542567 -0.056815
vn 0.660728 -0.732897 0.162176
vn 0.860737 -0.481224 -0.166000
vn 0.579961 0.080172 -0.810689
vn 0.190393 -0.116492 -0.974772
vn 0.551704 -0.033307 -0.833375
vn -0.143949 -0.033514 0.989017
vn 0.231072 -0.040697 0.972085
vn 0.658287 0.261885 0.705744
vn 0.020486 -0.835330 0.549368
vn 0.629357 0.687019 0.363201
vn 0.644531 0.764559 0.005393
vn 0.379341 0.925256 0.001447
vn 0.003144 -0.320555 0.947225
vn 0.166794 -0.659674 0.732809
vn 0.416673 -0.548504 0.724933
vn 0.851159 -0.120650 0.510854
vn 0.435536 0.217021 0.873619
vn 0.601141 0.197999 0.774226
vn 0.179458 -0.983644 -0.015469
vn 0.787303 -0.616498 -0.009188
vn 0.829225 -0.558640 -0.017513
vn 0.561806 -0.823783 -0.075874
vn 0.727866 -0.684595 -0.039258
vn 0.880070 -0.465454 0.093962
vn 0.714876 0.661250 0.227379
vn 0.997121 0.075319 -0.008730
vn 0.636286 0.761393 0.124183
vn 0.891190 -0.453514 -0.010298
vn 0.994706 0.094714 -0.039877
vn 0.922494 -0.371421 0.105124
vn 0.699164 0.628646 0.340548
vn 0.644646 0.667083 0.373405
vn 0.066133 -0.200937 -0.977369
vn 0.293092 -0.459960 -0.838173
vn 0.259800 -0.477613 -0.839279
vn 0.267314 -0.534844 -0.801552
vn 0.167505 -0.183273 -0.968686
vn -0.317564 -0.567450 -0.759706
vn -0.289558 -0.587780 -0.755428
vn 0.077998 0.633484 -0.769814
vn 0.455226 0.888776 -0.053349
vn 0.693041 0.719527 -0.044437
vn 0.098101 0.440678 -0.892289
vn 0.084695 0.598163 -0.796887
vn 0.117333 0.392480 -0.912246
vn 0.994315 -0.101165 0.033216
vn 0.809534 0.295560 0.507246
vn 0.893776 -0.236705 0.380965
vn 0.619403 0.289055 0.729923
vn 0.431264 -0.878808 0.204226
vn 0.482784 -0.861284 0.158458
vn 0.349481 -0.883057 0.313168
vn 0.544982 0.089046 -0.833706
vn 0.479822 0.013709 -0.877259
vn 0.441450 0.191720 -0.876564
vn 0.779521 -0.590695 0.208391
vn 0.498942 -0.818894 0.283670
vn 0.815522 0.212517 -0.538295
vn 0.249011 -0.110735 -0.962149
vn 0.416183 0.908753 -0.030990
vn -0.706436 0.055947 0.705562
vn 0.608393 -0.517503 0.601705
vn 0.446589 -0.423363 0.788240
vn 0.515060 0.665646 0.540026
vn 0.771640 -0.008325 0.636005
vn 0.632253 -0.532612 0.562656
vn 0.594686 -0.551322 0.585143
vn 0.553732 0.042131 0.831629
vn 0.503980 -0.025731 0.863332
vn 0.561268 0.825791 0.055206
vn 0.709940 0.698009 0.093639
vn 0.149885 0.983644 -0.099895
vn 0.430190 -0.839443 0.332072
vn 0.770759 0.062224 0.634081
vn 0.848797 -0.342973 0.402384
vn 0.674704 0.119242 0.728393
vn 0.615809 -0.787840 0.009329
vn 0.568869 -0.821949 -0.028080
vn 0.742804 -0.667982 0.045185
vn 0.508437 -0.858061 -0.072268
vn 0.689024 -0.724589 0.014724
vn 0.781785 -0.618622 0.078219
vn 0.828300 -0.555045 0.076453
vn 0.912077 -0.404898 0.064607
vn 0.519807 -0.844130 0.131320
vn 0.566135 -0.817408 0.106468
vn 0.913747 -0.403740 0.045387
vn 0.805387 -0.578857 0.127577
vn 0.542219 -0.839032 0.044991
vn 0.687041 -0.718232 0.110079
vn 0.666413 -0.745330 -0.019424
vn 0.688009 0.725585 -0.013050
vn 0.992121 0.043659 -0.117427
vn 0.912774 0.402794 -0.067824
vn 0.748597 -0.549622 -0.370836
vn 0.973961 -0.099623 -0.203656
vn 0.742967 -0.665660 0.069974
vn 0.883799 -0.462254 -0.072252
vn 0.150279 -0.571188 -0.806945
vn -0.135167 -0.323286 -0.936598
vn 0.374505 0.914622 -0.152357
vn 0.650206 0.759650 -0.012816
vn 0.672322 0.739995 -0.019763
vn 0.705700 0.707456 -0.038644
vn 0.624577 0.777812 -0.070086
vn 0.344688 0.918007 -0.196097
vn 0.815030 -0.358013 0.455580
vn 0.170076 -0.090387 0.981277
vn 0.788643 -0.119536 0.603119
vn 0.327048 -0.048335 0.943771
vn 0.940799 -0.335613 0.047548
vn 0.964660 -0.233793 0.121539
vn 0.351923 0.552736 0.755402
vn 0.553856 -0.806741 0.205941
vn 0.732982 -0.659633 0.166197
vn 0.678692 -0.726440 0.107986
vn 0.316844 -0.087031 -0.944476
vn 0.105939 0.960223 -0.258357
vn 0.323613 0.938645 -0.119246
vn 0.460051 0.875712 -0.146564
vn 0.167451 0.931780 -0.322097
vn 0.273135 0.933508 -0.232292
vn 0.529360 0.240604 0.813565
vn 0.658366 -0.203855 0.724567
vn 0.546727 -0.551222 0.630273
vn 0.728361 0.522158 0.443668
vn 0.709965 -0.177980 0.681375
vn 0.956559 -0.141652 0.254814
vn 0.918726 0.078997 0.386912
vn 0.861828 -0.406645 0.303138
vn 0.584413 0.599158 0.547240
vn 0.591849 0.577513 0.562310
vn 0.407642 0.801641 0.437264
vn 0.565129 0.012130 0.824914
vn 0.548111 -0.708692 0.444219
vn 0.893575 -0.343401 0.289137
vn 0.821298 -0.026814 0.569869
vn 0.529619 0.291190 0.796688
vn 0.846203 0.001446 0.532859
vn 0.761253 0.184482 0.621659
vn 0.469669 0.358685 0.806695
vn 0.721875 -0.690944 0.038636
vn 0.677901 -0.735153 -0.000290
vn 0.660415 0.747811 -0.068051
vn 0.525267 0.838999 -0.142038
vn 0.486073 0.865503 -0.120987
vn 0.464074 0.591241 0.659598
vn 0.641917 0.307885 0.702246
vn 0.703705 0.321937 0.633368
vn -0.145204 -0.614207 -0.775671
vn -0.193166 -0.647814 -0.736902
vn 0.155449 0.617865 -0.770765
vn 0.211187 0.352233 -0.911774
vn 0.688943 0.722860 -0.053208
vn 0.772363 0.635103 -0.009925
vn 0.498352 0.866920 -0.009710
vn 0.338147 0.127196 -0.932458
vn 0.130777 0.582882 -0.801964
vn 0.051434 0.329379 -0.942796
vn 0.165796 0.474100 -0.864720
vn 0.402139 0.134238 -0.905684
vn 0.208561 0.348084 -0.913969
vn 0.213005 0.277204 -0.936903
vn 0.997924 -0.064154 0.005712
vn 0.784548 -0.615718 0.073314
vn 0.805469 -0.588220 0.072229
vn 0.843831 -0.534761 0.044500
vn 0.462353 -0.877883 0.124704
vn 0.585600 -0.793828 0.164038
vn 0.550300 -0.817245 0.171114
vn 0.787031 -0.603134 0.129659
vn 0.786055 -0.610951 0.094113
vn 0.882668 -0.468199 0.041067
vn 0.772019 -0.626953 0.104485
vn 0.855261 -0.517961 0.015668
vn 0.948436 -0.316966 -0.001390
vn 0.937443 -0.347626 0.018908
vn 0.943635 -0.330986 -0.000698
vn 0.831010 -0.549816 0.084408
vn 0.882659 -0.468622 0.036151
vn 0.865174 -0.500280 0.034546
vn 0.858836 -0.510131 0.046549
vn 0.661716 -0.727163 0.182661
vn 0.539946 0.006274 -0.841676
vn 0.937377 -0.220377 -0.269737
vn 0.926117 -0.170491 -0.336511
vn 0.708256 -0.039250 -0.704864
vn 0.551061 0.807091 0.211981
vn 0.483526 0.875120 -0.019188
vn 0.611720 0.789034 -0.056769
vn 0.513218 -0.511382 0.689272
vn 0.636479 0.642237 0.427113
vn 0.502933 0.268402 0.821595
vn 0.496539 -0.515580 0.698303
vn 0.339928 0.871707 0.352954
vn 0.735015 0.609203 0.297701
vn 0.540954 0.818539 0.193297
vn 0.553711 0.790244 0.262523
vn 0.336769 0.930160 0.146249
vn 0.856439 -0.407822 0.316532
vn 0.594511 -0.731950 0.332875
vn 0.536467 -0.727067 0.428459
vn 0.969674 -0.232580 -0.075088
vn 0.869634 -0.409704 0.275463
vn 0.884636 -0.390196 0.255276
vn 0.866850 -0.436905 0.240176
vn 0.856824 -0.013849 0.515423
vn 0.333268 0.492211 0.804153
vn 0.450041 0.478677 0.753877
vn 0.511104 0.345063 0.787213
vn 0.704198 0.521163 0.482177
vn 0.832043 0.089525 -0.547439
vn 0.821747 0.268316 -0.502730
vn 0.839655 -0.020275 -0.542742
vn -0.094088 -0.372237 -0.923357
vn -0.048430 -0.111005 -0.992639
vn -0.064297 -0.553070 -0.830650
vn 0.744433 0.667391 -0.020207
vn 0.419952 0.891172 -0.171621
vn 0.425026 0.883858 -0.195313
vn 0.004876 0.999821 0.018288
vn 0.323952 0.944988 -0.045298
vn 0.631771 0.764993 -0.125109
vn 0.414401 0.098541 -0.904744
vn 0.440105 0.079530 -0.894417
vn 0.494600 -0.000346 -0.869120
vn 0.520750 0.169219 -0.836770
vn 0.886959 -0.446311 -0.118785
vn 0.900976 -0.412768 -0.133659
vn 0.636879 0.012660 -0.770860
vn 0.910347 -0.402293 -0.097103
vn 0.899820 -0.403439 -0.166015
vn 0.759888 -0.046283 -0.648404
vn 0.912479 -0.372331 0.169562
vn 0.881315 -0.405555 0.242506
vn 0.541156 0.836226 0.088749
vn 0.060219 0.885675 -0.460384
vn 0.113641 0.914854 -0.387463
vn 0.462235 0.242693 0.852901
vn 0.582908 0.108181 0.805305
vn 0.654209 -0.213286 0.725617
vn 0.449576 0.240491 0.860259
vn 0.778837 0.353121 0.518381
vn 0.537591 0.843153 0.009445
vn 0.723874 0.681532 0.107332
vn 0.843537 -0.445648 0.299740
vn 0.708554 -0.616404 0.343508
vn 0.717075 -0.620705 0.317064
vn 0.846223 0.010538 0.532725
vn 0.797276 0.046668 0.601808
vn 0.832277 0.028773 0.553613
vn 0.887885 -0.075987 0.453747
vn 0.867357 -0.068573 0.492939
vn 0.825541 0.058143 0.561339
vn 0.638091 -0.768391 0.049144
vn 0.615807 -0.733338 -0.288091
vn 0.741644 -0.057409 -0.668332
vn 0.050732 0.147540 -0.987754
vn 0.656398 0.752739 -0.050261
vn 0.523215 0.850024 0.060865
vn 0.399998 0.916395 -0.014909
vn 0.236835 0.262224 -0.935493
vn 0.613037 -0.167386 -0.772119
vn 0.339742 0.025696 -0.940168
vn 0.586962 0.023961 -0.809260
vn 0.699690 -0.016530 -0.714255
vn 0.598041 0.031911 -0.800830
vn 0.808433 -0.065138 -0.584972
vn 0.914956 -0.374694 -0.149868
vn 0.940137 -0.320811 -0.114994
vn 0.923111 -0.373804 -0.090206
vn 0.865963 -0.462188 -0.191022
vn 0.847268 -0.527313 -0.063857
vn 0.939302 -0.313251 -0.139948
vn 0.951921 -0.171650 0.253738
vn 0.446699 0.857856 0.254055
vn 0.537328 0.841636 -0.054104
vn 0.734098 0.675728 0.067021
vn 0.888851 0.439796 0.128544
vn 0.686962 0.718198 -0.110793
vn 0.698978 0.706842 -0.108643
vn 0.622231 -0.169002 0.764374
vn 0.477879 0.500066 0.722195
vn 0.624597 -0.139989 0.768298
vn 0.144956 -0.243772 0.958938
vn 0.441928 -0.301423 0.844893
vn 0.638910 0.538723 0.549155
vn 0.650266 0.671425 0.355447
vn 0.352281 0.680102 0.642930
vn 0.929126 0.077213 0.361612
vn 0.935034 0.326974 0.137107
vn 0.931790 0.234078 0.277445
vn 0.837559 0.006883 0.546303
vn 0.909650 -0.032271 0.414120
vn 0.966960 -0.204415 0.152325
vn 0.621139 -0.338620 0.706769
vn 0.518563 -0.547162 0.657043
vn 0.636137 0.730081 0.249624
vn 0.600537 -0.133975 0.788293
vn 0.532962 -0.501273 0.681673
vn 0.488574 -0.502292 0.713441
vn 0.586231 -0.486342 0.647923
vn 0.667986 -0.437275 0.602151
vn 0.694539 -0.367822 0.618322
vn 0.753614 -0.141570 0.641890
vn 0.576237 -0.463116 0.673405
vn 0.587168 -0.422869 0.690229
vn 0.649307 0.758209 0.059329
vn 0.311256 -0.309085 0.898658
vn 0.860972 0.479867 0.168687
vn 0.928853 0.235784 0.285725
vn 0.871840 -0.036800 0.488406
vn 0.928896 -0.289385 0.231102
vn 0.926222 -0.333366 0.176008
vn 0.931593 -0.315163 0.181125
vn 0.961748 0.068596 -0.265208
vn 0.826787 -0.455293 -0.330351
vn 0.659436 0.457749 -0.596331
vn 0.619769 0.430551 -0.656134
vn 0.527222 0.599012 -0.602679
vn 0.404607 0.038383 -0.913685
vn 0.956480 0.187542 -0.223547
vn 0.773519 -0.359530 -0.521927
vn 0.297954 0.236336 -0.924861
vn 0.135972 -0.202919 -0.969709
vn -0.211043 0.952297 0.220433
vn 0.017719 0.176759 -0.984095
vn 0.731495 -0.003108 -0.681839
vn 0.705609 -0.039351 -0.707508
vn 0.879507 -0.100957 -0.465054
vn 0.917050 -0.386750 -0.097175
vn 0.661860 0.747804 -0.052248
vn 0.916091 -0.105037 0.386968
vn 0.450015 0.007904 0.892986
vn 0.866715 -0.290330 0.405603
vn 0.951563 0.120734 0.282757
vn 0.754325 0.027672 0.655918
vn 0.538425 0.496781 0.680667
vn 0.453419 0.235060 -0.859743
vn 0.372705 0.255009 -0.892223
vn 0.952431 -0.070208 -0.296556
vn 0.950488 -0.043353 -0.307723
vn 0.928587 -0.023342 -0.370380
vn 0.787661 -0.080204 -0.610867
vn 0.659808 -0.184653 -0.728393
vn 0.684595 -0.004212 -0.728912
vn 0.701735 -0.022304 -0.712089
vn 0.789059 -0.068719 -0.610462
vn 0.653419 0.005891 -0.756974
vn 0.882415 0.057453 -0.466951
vn 0.807426 0.564627 0.171052
vn 0.957922 0.196098 0.209597
vn 0.796347 -0.055787 0.602262
vn 0.889225 0.167717 0.425617
vn 0.818974 0.025381 0.573268
vn 0.933029 -0.303455 0.193320
vn 0.889206 -0.108185 0.444532
vn 0.706091 0.187678 0.682798
vn 0.807165 0.131603 0.575470
vn 0.276520 -0.191409 -0.941753
vn 0.608106 0.029444 -0.793310
vn 0.954824 -0.209050 -0.211211
vn 0.953336 -0.272651 -0.129662
vn 0.936245 -0.346004 -0.061051
vn 0.924237 -0.381369 -0.018560
vn 0.915025 -0.402387 -0.028542
vn 0.903454 -0.428176 -0.020907
vn 0.950474 -0.302948 -0.069444
vn 0.957232 -0.261240 -0.124343
vn 0.954853 -0.289501 -0.066671
vn 0.774796 0.200548 0.599560
vn 0.774303 0.147775 0.615319
vn 0.730547 0.153789 0.665320
vn 0.822537 0.153379 0.547638
vn 0.857192 0.215269 0.467847
vn 0.469271 0.864134 -0.181818
vn 0.931846 -0.063183 0.357310
vn 0.798739 0.039871 0.600355
vn 0.878857 -0.039892 0.475414
vn 0.924662 -0.218811 0.311643
vn 0.913442 -0.152060 0.377494
vn 0.909986 -0.124463 0.395517
vn 0.457081 0.431280 0.777865
vn 0.593948 0.208825 0.776928
vn 0.650869 0.241919 0.719615
vn 0.473183 0.259766 -0.841795
vn 0.417835 -0.106625 -0.902244
vn 0.801618 -0.073211 0.593336
vn 0.884439 0.083486 0.459127
vn 0.811627 0.217999 0.541977
vn 0.862274 0.503328 0.056082
vn 0.855782 0.489481 0.167471
vn 0.866191 0.488181 -0.106734
vn 0.790299 0.028727 0.612047
vn 0.915448 -0.156887 0.370596
vn 0.899783 -0.109551 0.422361
vn 0.879605 -0.001876 0.475701
vn 0.709029 0.147653 0.689548
vn 0.462634 0.353306 0.813108
vn 0.415074 0.376321 0.828309
vn 0.855829 0.220792 0.467769
vn 0.836393 0.545912 -0.049258
vn 0.805628 0.592394 -0.005755
vn 0.733537 0.679101 -0.027302
vn 0.252831 0.902713 -0.348118
vn 0.895930 0.112812 0.429632
vn 0.920672 0.115905 0.372733
vn 0.675169 -0.276805 0.683759
vn 0.803491 0.244709 0.542696
vn 0.762083 0.173037 0.623929
vn 0.710880 0.159495 0.684989
vn 0.682772 0.730612 0.005381
vn 0.860377 0.509515 0.012113
vn 0.909968 0.412589 0.041576
vn 0.372597 0.880130 -0.294180
vn 0.736817 0.675545 -0.027189
vn 0.620140 0.778401 -0.097567
vn 0.883683 0.467809 -0.016089
vn 0.898769 0.435424 -0.051186
vn 0.872102 0.489293 0.005489
vn 0.618510 0.761324 -0.194502
vn 0.875384 0.481316 -0.045151
vn 0.777320 0.157174 0.609155
vn 0.486216 0.461985 0.741731
vn 0.650128 -0.068787 0.756704
vn 0.432017 0.555111 0.710783
vn 0.884146 0.215083 0.414759
vn 0.631611 -0.320847 0.705780
vn 0.801136 -0.268408 0.534919
vn 0.824434 0.343638 0.449690
vn 0.886393 0.238848 0.396559
vn 0.249869 0.858193 -0.448408
vn 0.204661 0.882865 -0.422687
vn 0.401069 0.883647 -0.241477
vn 0.224176 0.903291 -0.365802
vn 0.892482 0.440964 0.095005
vn 0.884798 0.450943 0.117399
vn 0.937398 0.347509 -0.022871
vn 0.969250 0.175507 0.172487
vn 0.885873 0.196201 0.420398
vn 0.857676 0.065871 0.509955
vn 0.732279 -0.224572 0.642911
vn 0.798283 -0.175209 0.576234
vn 0.851749 0.018088 0.523638
vn 0.947809 -0.108500 0.299809
vn 0.995479 0.001704 0.094971
vn 0.908858 0.199605 0.366245
vn 0.934737 -0.042311 0.352814
vn 0.962335 0.171919 0.210609
vn 0.916117 0.257184 0.307549
vn 0.995761 -0.073329 0.055515
vn 0.993091 0.025325 0.114581
vn 0.985785 0.008741 0.167782
vn 0.416283 0.013609 -0.909133
vn 0.414392 0.033131 -0.909495
vn 0.495421 0.055004 -0.866910
vn 0.496732 0.006745 -0.867878
vn 0.440112 -0.010931 -0.897876
vn 0.530473 0.148385 -0.834614
vn 0.731219 -0.611779 0.301736
vn 0.665693 -0.745404 0.035025
vn 0.905344 -0.408523 -0.116022
vn 0.896696 -0.243595 0.369591
vn 0.803087 -0.592489 0.063310
vn 0.854090 -0.499173 0.146141
vn 0.899943 -0.386500 0.201792
vn 0.908487 -0.364491 0.204444
vn 0.907850 -0.351249 0.228980
vn 0.924438 -0.275298 0.263866
vn 0.922193 -0.324292 0.210702
vn 0.925752 -0.289844 0.242845
vn 0.881951 -0.420499 0.212938
vn 0.884759 -0.427840 0.184812
vn 0.896605 -0.383690 0.221090
vn 0.892276 -0.375590 0.250551
vn 0.555661 0.829350 0.058468
vn 0.598529 0.529165 0.601454
vn 0.774223 0.120719 0.621293
vn 0.574639 0.053875 0.816631
vn 0.136523 -0.112676 0.984208
vn 0.121215 -0.062082 0.990683
vn 0.456857 0.215944 0.862931
vn 0.390802 0.033139 0.919878
vn 0.167847 -0.048004 0.984644
vn 0.216504 -0.027782 0.975886
vn 0.773268 -0.019322 0.633784
vn 0.537118 0.522883 0.661890
vn 0.847347 -0.137003 0.513062
vn 0.653248 0.028505 0.756607
vn 0.805439 0.250038 0.537353
vn 0.561079 0.124048 0.818415
vn 0.597566 0.434407 0.673948
vn 0.915664 0.126108 0.381650
vn 0.495344 0.058927 0.866696
vn 0.925856 0.020044 0.377345
vn 0.101264 -0.135615 0.985573
vn 0.997170 0.008923 0.074653
vn 0.906076 0.091608 0.413080
vn 0.971930 -0.050446 0.229800
vn 0.982673 0.103813 0.153549
vn 0.995682 -0.017995 -0.091071
vn 0.557270 0.266333 0.786458
vn 0.857273 0.162120 0.488672
vn 0.995318 0.079105 -0.055543
vn 0.426855 0.506742 0.749004
vn 0.630049 0.252773 0.734264
vn 0.334701 0.498932 0.799401
vn 0.859190 0.076365 0.505926
vn 0.864633 0.031354 0.501425
vn 0.442322 0.329926 0.833966
vn 0.394766 0.213100 0.893727
vn 0.721807 0.109396 0.683394
vn 0.537339 0.443985 0.717038
vn 0.462487 0.446850 0.765787
vn 0.486830 0.397998 0.777557
vn 0.857287 0.124526 0.499552
vn 0.873024 0.128619 0.470411
vn 0.834155 -0.127630 0.536560
vn 0.735589 -0.298879 0.607931
vn 0.832183 -0.019544 0.554156
vn 0.407284 0.400166 0.820967
vn 0.752301 0.039814 0.657616
vn 0.889795 -0.028153 0.455490
vn 0.860964 0.219184 0.459020
vn 0.378217 -0.017276 -0.925556
vn 0.512986 -0.114875 -0.850676
vn 0.774396 -0.080500 -0.627559
vn 0.776551 0.317735 -0.544071
vn 0.814905 0.169971 -0.554112
vn 0.786421 0.119577 -0.606006
vn 0.753856 -0.074859 -0.652762
vn 0.834793 -0.173178 -0.522618
vn 0.979032 -0.176590 -0.101550
vn 0.791242 -0.055454 -0.608983
vn 0.812866 -0.114629 -0.571059
vn 0.586341 -0.127796 -0.799920
vn 0.570853 0.090428 -0.816058
vn 0.546362 0.229584 -0.805469
vn 0.805617 -0.038209 -0.591203
vn 0.907366 -0.043549 -0.418079
vn 0.799614 -0.045857 -0.598761
vn 0.911775 -0.069703 -0.404732
vn 0.941488 -0.134628 -0.308992
vn 0.609704 0.069503 -0.789576
vn 0.604691 0.228187 -0.763072
vn 0.581073 0.104898 -0.807063
vn 0.577091 0.272221 -0.769975
vn 0.572601 0.115653 -0.811636
vn 0.560702 -0.020962 -0.827752
vn 0.441561 -0.099501 -0.891697
vn 0.918804 -0.141330 -0.368544
vn 0.899396 -0.185747 -0.395708
vn 0.813451 -0.087044 -0.575083
vn 0.569109 0.097191 -0.816498
vn 0.807829 -0.066621 -0.585639
vn 0.682424 0.037854 -0.729975
vn 0.459252 -0.102603 -0.882361
vn 0.485135 -0.111858 -0.867255
vn 0.829584 -0.077391 -0.552993
vn 0.676497 -0.004249 -0.736433
vn 0.391527 -0.010753 -0.920104
vn 0.471415 0.111365 -0.874852
vn 0.339420 -0.315259 -0.886231
vn 0.291596 -0.510299 -0.809053
vn 0.306241 -0.283478 -0.908766
vn 0.548410 -0.108781 -0.829104
vn 0.622372 0.020997 -0.782440
vn 0.411196 0.136886 -0.901210
vn 0.439852 0.017421 -0.897901
vn 0.376866 -0.235124 -0.895929
vn 0.506417 -0.180365 -0.843214
vn 0.647238 0.015260 -0.762135
vn 0.727087 0.181864 -0.662019
vn 0.823289 0.274743 -0.496701
vn 0.814364 0.149434 -0.560786
vn 0.946629 0.125263 -0.296989
vn 0.909247 0.105689 -0.402616
vn 0.928527 0.157542 -0.336181
vn 0.788314 -0.169983 -0.591327
vn 0.808051 0.017558 -0.588851
vn 0.514542 -0.236074 -0.824327
vn 0.707996 0.089657 -0.700502
vn 0.849779 0.208348 -0.484218
vn 0.856030 0.116182 -0.503701
vn 0.794551 0.036708 -0.606087
vn 0.342741 0.909765 -0.234212
vn 0.291504 0.920658 -0.259645
vn 0.194546 0.980441 0.029793
vn 0.549876 0.833046 -0.060578
vn 0.739992 0.672587 0.006188
vn -0.156713 0.969921 -0.186262
vn 0.501003 0.864910 -0.030436
vn 0.860574 0.462716 -0.212853
vn 0.576144 0.813796 -0.076113
vn 0.358517 0.931605 0.059818
vn 0.349427 0.936963 -0.000380
vn 0.889071 0.445056 -0.107137
vn 0.780174 0.605288 -0.157970
vn 0.276480 0.948858 0.152402
vn 0.842250 0.468633 -0.266454
vn 0.708758 0.329544 -0.623749
vn 0.633696 0.370474 -0.679101
vn 0.840220 -0.100862 -0.532783
vn 0.912477 -0.170488 0.371913
vn 0.650829 -0.343692 -0.676976
vn 0.821893 -0.224949 -0.523345
vn 0.585628 0.351860 -0.730229
vn 0.931492 0.362441 0.030958
vn 0.927137 0.373620 0.028710
vn 0.975601 0.034315 0.216855
vn 0.990445 0.037937 0.132589
vn 0.961264 0.008076 0.275510
vn 0.982787 -0.054112 -0.176641
vn 0.995593 -0.057322 -0.074228
vn 0.987701 -0.086630 -0.130159
vn 0.381445 -0.082701 -0.920685
vn 0.577452 0.280399 -0.766763
vn 0.525400 0.191604 -0.829001
vn 0.427605 -0.147641 -0.891827
vn 0.444696 0.081701 -0.891947
vn 0.568378 0.192249 -0.799992
vn 0.711251 -0.012603 -0.702825
vn 0.503102 -0.019846 -0.863999
vn 0.595297 0.083705 -0.799134
vn 0.903446 -0.139125 -0.405500
vn 0.469880 -0.034341 -0.882062
vn 0.489284 0.217654 -0.844528
vn 0.498774 0.182119 -0.847383
vn 0.692942 0.035277 -0.720130
vn 0.528341 0.223752 -0.819018
vn 0.917189 -0.322588 0.233884
vn 0.915534 -0.276758 0.291896
vn 0.915417 -0.286512 0.282706
vn 0.918762 -0.325729 0.223109
vn 0.483216 0.873464 0.059694
vn 0.879418 0.339550 -0.333662
vn 0.723290 0.305175 -0.619451
vn -0.079408 0.961236 0.264044
vn 0.583463 0.790502 0.186218
vn 0.566693 0.777379 0.273022
vn 0.995972 -0.053295 0.072102
vn 0.578587 0.805528 0.127913
vn 0.747683 0.414087 -0.519135
vn 0.610422 -0.530222 -0.588429
vn 0.563878 -0.705331 -0.429593
vn 0.428563 0.413141 -0.803522
vn 0.549817 0.478207 -0.684850
vn 0.397885 0.392041 -0.829453
vn 0.697330 -0.041475 -0.715549
vn 0.826345 -0.240909 -0.509036
vn 0.954730 0.170199 -0.243973
vn -0.015545 0.999033 -0.041133
vn 0.179491 0.973842 0.139337
vn 0.852559 -0.275524 -0.444105
vn 0.950634 0.209431 -0.228984
vn 0.707863 -0.390135 -0.588833
vn 0.935496 0.330965 -0.123731
vn 0.932237 0.320558 -0.167860
vn 0.876083 0.458239 -0.149982
vn 0.638061 0.363332 -0.678873
vn 0.369720 0.549012 -0.749595
vn 0.620615 0.361014 -0.696065
vn 0.885095 0.235399 -0.401491
vn 0.851920 0.519683 0.064517
vn 0.599770 0.129126 -0.789685
vn 0.984524 0.087338 -0.151934
vn 0.870976 0.482080 -0.094869
vn 0.911413 0.164295 -0.377270
vn 0.932637 0.165414 -0.320666
vn 0.857695 0.181028 -0.481236
vn 0.674745 0.404200 -0.617528
vn 0.792918 0.255878 -0.552999
vn 0.690761 0.223624 -0.687635
vn 0.729782 0.222692 -0.646396
vn 0.550467 0.326710 -0.768275
vn 0.753306 0.365269 -0.546908
vn 0.995432 -0.047247 -0.082969
vn 0.863029 0.097137 -0.495726
vn 0.855780 0.190246 -0.481089
vn 0.907020 0.203254 -0.368785
vn 0.945570 0.170268 -0.277319
vn 0.841190 0.256473 -0.476047
vn 0.830557 0.183722 -0.525757
vn 0.812032 0.255952 -0.524493
vn 0.902678 0.196392 -0.382887
vn 0.824602 0.337925 -0.453694
vn 0.740460 0.254341 -0.622117
vn 0.841477 0.538924 0.038441
vn 0.850873 0.468403 -0.237937
vn 0.961493 0.131398 -0.241383
vn 0.893342 0.022499 -0.448814
vn 0.796420 -0.181899 -0.576738
vn 0.756409 0.057265 -0.651587
vn 0.606777 0.106531 -0.787701
vn 0.775887 0.211420 -0.594392
vn 0.764224 0.132943 -0.631101
vn 0.859506 0.359370 -0.363458
vn 0.896071 0.417103 -0.151928
vn 0.881024 0.241983 -0.406498
vn 0.854082 0.203081 -0.478856
vn 0.664924 0.236265 -0.708558
vn 0.863063 0.227870 -0.450774
vn 0.877517 0.215744 -0.428274
vn 0.182324 -0.141710 0.972973
vn 0.925058 -0.088779 0.369305
vn 0.950836 -0.037545 0.307411
vn 0.710090 0.019779 0.703834
vn 0.982315 -0.187232 0.001312
vn 0.984852 -0.173257 -0.007022
vn 0.984202 -0.176056 0.018740
vn 0.986576 -0.150070 0.064395
vn 0.988234 -0.138169 0.065595
vn 0.984373 -0.131627 0.116981
vn 0.966390 -0.089958 0.240828
vn 0.957786 -0.057931 0.281584
vn 0.943810 -0.020267 0.329867
vn 0.696763 0.148496 0.701762
vn 0.660055 0.233386 0.714044
vn 0.704217 0.133295 0.697360
vn 0.981161 -0.102947 0.163479
vn 0.956472 -0.070800 0.283105
vn 0.964465 -0.137731 -0.225471
vn 0.971758 0.120599 -0.202835
vn 0.963418 0.121989 -0.238631
vn 0.898766 -0.014096 0.438203
vn 0.964413 0.137785 0.225662
vn 0.786998 0.229021 0.572872
vn 0.991300 0.059720 -0.117291
vn 0.986073 0.091055 -0.139175
vn 0.991372 0.068872 -0.111522
vn 0.954141 0.244754 0.172369
vn 0.503163 -0.067390 0.861560
vn 0.927633 -0.245604 0.281383
vn 0.987977 -0.154118 -0.012223
vn 0.988144 -0.150449 0.030619
vn 0.986519 -0.163390 0.009170
vn 0.963816 -0.095422 0.248903
vn 0.912266 -0.152328 0.380219
vn 0.963400 -0.038531 -0.265284
vn 0.972347 -0.049593 -0.228213
vn 0.961672 -0.230828 -0.148006
vn 0.973425 -0.207177 -0.097575
vn 0.969352 -0.231158 -0.083198
vn 0.802148 0.004905 -0.597105
vn 0.901544 -0.090697 -0.423075
vn 0.503396 -0.178674 -0.845380
vn 0.986045 0.080612 -0.145660
vn 0.969895 -0.090089 -0.226246
vn 0.973734 -0.216079 -0.071775
vn 0.918040 0.197937 -0.343545
vn 0.945584 0.158183 -0.284339
vn 0.984406 0.121507 -0.127207
vn 0.984173 0.140917 -0.107452
vn 0.988391 0.107865 -0.107000
vn 0.899034 -0.000934 -0.437877
vn 0.978889 0.116465 -0.167962
vn 0.977279 0.124801 -0.171318
vn 0.967977 0.191559 -0.162249
vn 0.969599 0.150142 -0.193223
vn 0.953464 0.040379 -0.298790
vn 0.987433 0.076024 -0.138553
vn 0.990082 0.017187 -0.139438
vn 0.981552 -0.052392 -0.183880
vn 0.869017 0.014644 0.494565
vn 0.988882 0.094251 -0.115015
vn 0.992652 0.075561 -0.094517
vn 0.994383 0.029235 -0.101727
vn 0.969111 0.127903 -0.210865
vn 0.993027 0.094316 -0.070721
vn 0.994041 0.050554 -0.096576
vn 0.952111 0.299612 -0.060961
vn 0.945224 0.324885 -0.031647
vn 0.982126 0.064645 0.176774
vn 0.962540 -0.016148 0.270657
vn 0.936417 -0.003574 0.350871
vn 0.960771 0.157132 -0.228536
vn 0.980499 0.139498 -0.138430
vn 0.960787 0.205157 -0.186544
vn 0.980278 0.165673 -0.107736
vn 0.972129 0.209362 -0.105512
vn 0.975476 0.187348 -0.115533
vn 0.979814 0.176299 -0.094249
vn 0.984590 0.147534 -0.093899
vn 0.990683 0.105864 -0.085673
vn 0.997920 0.062921 0.014036
vn 0.904264 -0.085766 -0.418270
vn 0.958899 -0.093307 -0.267967
vn 0.882977 -0.039087 -0.467785
vn 0.988210 -0.140450 -0.060953
vn 0.988264 -0.147840 -0.038444
vn 0.986907 -0.152802 -0.051625
vn 0.972351 -0.099943 -0.211056
vn 0.985304 -0.106247 -0.133742
vn 0.971724 -0.106772 -0.210600
vn 0.986555 -0.135942 -0.090719
vn 0.985033 -0.147312 -0.089490
vn 0.979738 -0.135413 -0.147569
vn 0.971554 -0.108202 -0.210654
vn 0.981820 -0.157413 -0.106071
vn 0.992523 -0.089430 -0.083073
vn 0.984281 -0.121215 -0.128445
vn 0.984747 -0.162482 -0.062227
vn 0.990092 -0.108821 -0.088747
vn 0.992154 -0.106088 -0.066147
vn 0.986158 -0.162648 -0.032207
vn 0.979465 -0.200894 -0.017011
vn 0.981867 -0.184783 -0.042343
vn 0.981729 -0.189757 -0.014186
vn 0.989608 -0.123699 -0.073304
vn 0.983110 -0.171320 -0.064372
vn 0.979976 -0.171999 -0.100317
vn 0.948892 -0.139183 -0.283251
vn 0.991931 -0.116193 -0.050717
vn 0.993115 -0.101028 -0.059299
vn 0.991308 -0.129060 -0.025526
vn 0.983714 -0.175574 -0.038470
vn 0.899837 -0.148690 -0.410104
vn 0.969578 -0.163067 -0.182559
vn 0.845010 0.123969 -0.520182
vn 0.990349 -0.128501 -0.051917
vn 0.989888 -0.139375 -0.026389
vn 0.994343 -0.078132 -0.071957
vn 0.990359 -0.136288 0.024775
vn 0.992632 -0.120624 -0.011488
vn 0.989717 -0.143000 -0.003322
vn 0.994041 -0.071967 -0.081878
vn 0.994576 -0.099087 -0.031639
vn 0.932776 -0.289770 0.214386
vn 0.975630 -0.163103 -0.146780
vn 0.977093 -0.190093 -0.095676
vn 0.909772 -0.140366 -0.390656
vn 0.980215 -0.189142 -0.058336
vn 0.969975 -0.182774 -0.160443
vn 0.939161 -0.191455 -0.285170
vn 0.922457 -0.160505 -0.351158
vn 0.927114 -0.156084 -0.340729
vn 0.874833 -0.118077 -0.469815
vn 0.907201 -0.142977 -0.395655
vn 0.947031 -0.228942 -0.225206
vn 0.975733 -0.212946 -0.050975
vn 0.956629 -0.212779 -0.198965
vn 0.963559 -0.253563 -0.085204
vn 0.962588 -0.248035 -0.109101
vn 0.958396 -0.228774 -0.170702
vn 0.961128 -0.227328 -0.156697
vn 0.965769 -0.255889 -0.042553
vn 0.963394 -0.250287 -0.096067
vn 0.868063 -0.105210 -0.485179
vn 0.944506 -0.205742 -0.256085
vn 0.939242 -0.187694 -0.287394
vn 0.989276 -0.122890 0.078937
vn 0.992141 -0.120429 0.033963
vn 0.984624 -0.150419 0.088821
vn 0.984028 -0.169206 0.055308
vn 0.994614 -0.099318 0.029658
vn 0.923440 -0.180823 0.338470
vn 0.821554 -0.099817 0.561325
vn 0.968194 -0.245738 -0.047050
vn 0.955090 -0.230964 -0.185629
vn 0.899584 -0.149882 -0.410225
vn 0.947428 -0.188671 -0.258424
vn 0.953423 -0.209503 -0.217007
vn 0.985866 -0.163628 0.035973
vn 0.973943 -0.218236 0.061717
vn 0.978420 -0.161604 0.128758
vn 0.965833 -0.244810 0.085052
vn 0.991327 -0.104595 0.079569
vn 0.977454 0.078795 0.195895
vn 0.951830 0.267652 0.149607
vn 0.978358 -0.206786 0.007368
vn 0.973527 -0.228048 0.015448
vn 0.976043 -0.217460 -0.007169
vn 0.978395 -0.204321 -0.031553
vn 0.979677 -0.193632 0.052342
vn 0.981589 -0.172622 0.081758
vn 0.997311 -0.067948 -0.027442
vn 0.996634 -0.072618 0.038046
vn 0.975455 -0.116810 0.186660
vn 0.981841 -0.135063 0.133211
vn 0.443854 0.308544 0.841305
vn 0.480381 0.259660 0.837741
vn 0.325258 0.119444 0.938051
vn 0.713378 0.057126 0.698447
vn 0.802345 -0.270871 0.531856
vn 0.986725 -0.115075 0.114596
vn 0.983465 -0.094234 0.154647
vn 0.976981 0.186899 -0.102840
vn 0.974976 -0.102629 0.197203
vn 0.962357 -0.117581 0.245039
vn 0.977895 -0.124433 0.168039
vn 0.982401 -0.163129 0.090984
vn 0.985917 0.031326 0.164278
vn 0.985321 0.045311 0.164586
vn 0.974353 -0.223995 -0.021497
vn 0.907267 0.420289 0.014918
vn 0.947795 0.208223 0.241512
vn 0.965019 0.260342 0.031007
vn 0.968299 0.239980 -0.069333
vn 0.963812 0.257800 -0.067870
vn 0.973594 0.213806 -0.080013
vn 0.927563 0.365524 -0.077578
vn 0.922984 -0.193755 0.332505
vn 0.927009 -0.240903 0.287437
vn 0.932324 -0.257921 0.253473
vn 0.917654 -0.199565 0.343634
vn 0.905167 -0.334891 0.261764
vn 0.937521 -0.333460 0.099294
vn 0.938277 -0.334923 0.086386
vn 0.942125 -0.323369 0.088501
vn 0.932132 -0.346478 0.105278
vn 0.933361 -0.337449 0.122336
vn 0.861062 -0.491138 0.131739
vn 0.877315 -0.460311 0.135765
vn 0.888309 -0.425689 0.172323
vn 0.932053 -0.330524 0.148430
vn 0.938315 -0.312944 0.147072
vn 0.921762 -0.353031 0.160388
vn 0.916967 -0.356252 0.179603
vn 0.762180 0.264903 -0.590685
vn 0.912977 -0.357075 0.197408
vn 0.744998 -0.667016 0.008162
vn 0.927151 -0.345072 0.146002
vn 0.451179 0.554364 -0.699370
vn 0.919045 0.368300 -0.140395
vn 0.925394 0.356764 -0.127930
vn 0.873090 0.404380 -0.272379
vn 0.899458 0.415887 -0.134215
vn 0.257599 -0.094516 0.961618
vn 0.912847 -0.023014 0.407652
vn 0.789292 0.096800 0.606339
vn 0.770867 0.183982 0.609848
vn 0.915706 -0.022876 0.401197
vn 0.954963 0.038468 0.294222
vn 0.924320 0.187752 0.332236
vn 0.944600 0.237901 0.226128
vn 0.998343 0.047681 0.032223
vn 0.996322 0.017386 -0.083907
vn 0.974505 0.073544 0.211968
vn 0.923823 0.087425 0.372702
vn 0.980025 0.174182 -0.095982
vn 0.988789 0.107947 0.103169
vn 0.995932 0.011822 -0.089330
vn 0.990600 0.045974 0.128831
vn 0.994533 -0.040091 -0.096420
vn 0.993951 0.032852 -0.104793
vn 0.994983 -0.003685 -0.099972
vn 0.995980 -0.001517 -0.089560
vn 0.967420 0.248834 -0.046689
vn 0.980976 0.153640 0.118661
vn 0.987095 0.077014 0.140399
vn 0.980267 -0.096814 0.172349
vn 0.995448 -0.050967 -0.080535
vn 0.995985 -0.019469 -0.087372
vn 0.975854 0.200854 -0.085833
vn 0.910342 0.092336 0.403424
vn 0.900741 0.247824 0.356721
vn 0.930203 0.202911 0.305858
vn 0.988645 0.019511 0.148997
vn 0.983612 0.042312 0.175261
vn 0.996308 -0.024329 -0.082331
vn 0.964802 0.261710 -0.025777
vn 0.972765 0.213012 -0.091401
vn 0.872612 0.417437 -0.253563
vn 0.965061 0.254354 -0.062944
vn 0.947301 0.144043 0.286135
vn 0.952183 0.233855 0.196620
vn 0.980003 0.198577 0.012719
vn 0.981048 0.092807 0.170094
vn 0.978079 0.038521 0.204639
vn 0.231971 -0.139452 0.962675
vn 0.512257 0.074268 0.855615
vn 0.351880 -0.169709 0.920532
vn 0.936188 -0.293603 0.193260
vn 0.940045 -0.295482 0.170309
vn 0.814685 -0.260963 0.517867
vn 0.953908 -0.300093 0.001904
vn 0.958218 -0.285258 -0.021138
vn 0.939785 -0.341693 -0.007102
vn 0.958403 -0.230144 -0.168810
vn 0.972269 -0.226141 -0.059605
vn 0.971199 -0.238268 0.000921
vn 0.954323 -0.297982 -0.021776
vn 0.948926 -0.314230 -0.028263
vn 0.959762 -0.263891 -0.096012
vn 0.976364 -0.142349 0.162636
vn 0.938350 -0.143258 0.314605
vn 0.826877 0.044586 0.560613
vn 0.334566 -0.036800 0.941653
vn 0.932387 0.062411 0.356034
vn 0.951346 -0.285942 0.114792
vn 0.936285 -0.277366 0.215497
vn 0.945857 -0.292973 0.139716
vn 0.320352 0.137618 0.937249
vn 0.569890 0.113598 0.813831
vn 0.450702 0.403706 0.796171
vn 0.928476 -0.198992 0.313582
vn 0.971829 -0.233541 -0.031720
vn 0.927031 -0.352375 0.128240
vn 0.939352 -0.325890 0.106836
vn 0.937308 -0.323345 0.130006
vn 0.946402 -0.303091 0.111622
vn 0.938307 -0.250398 0.238496
vn 0.961827 -0.273526 0.008507
vn 0.957008 -0.289484 0.018285
vn 0.940895 -0.311913 0.132007
vn 0.948376 -0.280186 0.148591
vn 0.954090 -0.292029 0.066562
vn 0.953100 -0.298019 0.052780
vn 0.958896 -0.280231 0.044592
vn 0.959745 -0.279241 0.030231
vn 0.930725 -0.354514 0.089842
vn 0.944035 -0.316601 0.092531
vn 0.948426 -0.304549 0.087969
vn 0.948311 -0.308983 0.072361
vn 0.942744 -0.314814 0.110117
vn 0.954771 -0.286902 0.078106
vn 0.981001 -0.193189 0.017764
vn 0.966604 -0.248887 0.061083
vn 0.959819 -0.264374 0.094097
vn 0.954335 -0.268884 0.130180
vn 0.981877 -0.183592 0.047028
vn 0.974922 -0.220561 0.029677
vn 0.973998 -0.222396 0.043217
vn 0.969909 -0.240598 0.037268
vn 0.977947 -0.206673 0.030085
vn 0.960102 -0.274761 0.052065
vn 0.962455 -0.265333 0.057265
vn 0.959505 -0.270750 0.077743
vn 0.966031 -0.255466 0.039001
vn 0.965595 -0.259869 0.009754
vn 0.970628 -0.240266 -0.012368
vn 0.905113 -0.386194 0.177835
vn 0.962654 -0.267953 -0.038722
vn 0.941969 -0.332671 -0.044990
vn 0.947396 -0.307114 -0.090122
vn 0.925356 -0.379070 -0.004632
vn 0.914542 -0.404032 0.019282
vn 0.937707 -0.347427 -0.000807
vn 0.939154 -0.342754 -0.022582
vn 0.923857 -0.378680 0.055589
vn 0.921091 -0.387804 0.034647
vn 0.912349 -0.400162 0.086541
vn 0.925825 -0.374488 0.051063
vn 0.940813 -0.336373 0.041526
vn 0.900739 -0.424044 0.094108
vn 0.944750 -0.327006 0.022672
vn 0.944333 -0.326414 0.041090
vn 0.922447 -0.372352 0.102201
vn 0.960345 -0.272870 -0.057269
vn 0.944000 -0.321949 0.072199
vn 0.946028 -0.320450 0.048398
vn 0.941378 -0.331172 0.064284
vn 0.948329 -0.312490 0.054972
vn 0.807302 -0.585721 0.072071
vn 0.865838 -0.486486 0.116856
vn 0.954453 -0.298078 0.012989
vn 0.949159 -0.313990 0.022538
vn 0.843162 -0.525622 0.113133
vn 0.808073 -0.584360 0.074440
vn 0.955965 -0.289887 -0.045788
vn 0.923715 -0.364768 0.117025
vn 0.910893 -0.381275 0.157809
vn 0.852346 -0.509347 0.118626
vn 0.887229 -0.440847 0.135939
vn 0.824118 -0.560177 0.083849
vn 0.809107 -0.580854 0.089181
vn 0.746112 -0.665084 0.031293
vn 0.851891 -0.513185 0.104514
vn 0.966827 -0.255008 -0.014735
vn 0.953388 -0.299314 0.038249
vn 0.950684 -0.308164 0.035143
vn 0.969876 -0.242584 0.022206
vn 0.964940 -0.261266 0.025119
vn 0.271692 -0.891778 -0.361823
vn -0.446027 -0.533706 -0.718484
vn 0.090626 -0.831139 -0.548630
vn -0.667479 0.244363 0.703391
vn -0.074245 -0.995491 0.059036
vn -0.140893 -0.496564 0.856489
vn -0.696080 -0.003714 0.717954
vn -0.566883 -0.173143 0.805398
vn -0.361282 -0.362706 0.859023
vn -0.638134 -0.179171 -0.748788
vn -0.571719 -0.819201 -0.045244
vn -0.170408 -0.983458 0.061421
vn -0.568488 -0.822531 -0.016277
vn 0.081326 -0.819354 0.567490
vn -0.008388 -0.793861 0.608042
vn 0.333384 -0.878728 0.341602
vn -0.319910 -0.947426 -0.006404
vn 0.252061 -0.794131 0.553010
vn 0.442760 -0.849166 0.287889
vn -0.892131 -0.290992 -0.345581
vn -0.864976 -0.218502 -0.451744
vn -0.874330 -0.199631 -0.442373
vn -0.474618 0.127445 -0.870916
vn -0.506574 0.148821 -0.849255
vn -0.538861 0.077443 -0.838828
vn -0.436283 -0.898515 -0.048256
vn -0.367065 -0.678131 -0.636712
vn -0.690751 0.203553 0.693851
vn -0.382033 -0.086412 0.920100
vn -0.425842 0.205090 0.881247
vn -0.511035 -0.022081 -0.859276
vn -0.196563 -0.020949 -0.980267
vn -0.795283 -0.555430 -0.242944
vn -0.318560 -0.097365 0.942889
vn -0.332789 -0.248585 0.909647
vn -0.106810 -0.341454 0.933810
vn -0.882154 0.363800 0.299090
vn -0.907363 0.342929 0.243090
vn -0.825941 0.477907 0.299042
vn -0.170892 -0.031544 0.984785
vn -0.145349 0.018747 0.989203
vn -0.002873 0.035279 0.999373
vn -0.540235 0.151840 0.827702
vn 0.234464 -0.886151 0.399704
vn -0.810224 -0.172608 -0.560128
vn -0.860839 -0.357194 -0.362448
vn -0.877544 -0.338210 -0.339898
vn -0.548033 0.820910 0.160517
vn -0.803174 0.539128 0.253481
vn -0.039386 -0.814033 -0.579482
vn -0.554859 -0.308523 -0.772623
vn -0.747102 -0.003276 -0.664701
vn -0.007204 0.999842 0.016227
vn -0.759363 0.567567 0.318176
vn -0.639245 0.757026 0.135193
vn -0.716009 0.677822 0.166996
vn -0.952951 0.262580 0.151446
vn -0.483890 -0.272935 0.831479
vn -0.790659 0.445959 0.419498
vn -0.649610 0.621871 0.437360
vn -0.257887 0.964930 0.049027
vn -0.861898 0.470146 0.189986
vn -0.869892 0.433025 0.236170
vn -0.063549 0.995388 -0.071860
vn -0.951163 0.240269 -0.193803
vn -0.951431 0.233576 -0.200554
vn -0.707247 0.699364 -0.103401
vn 0.288461 0.947178 -0.140154
vn -0.714198 -0.438687 -0.545413
vn -0.750462 0.660561 0.021578
vn -0.814520 0.577446 0.055799
vn 0.120927 -0.722608 0.680598
vn -0.086167 -0.752009 0.653497
vn -0.394856 -0.286482 0.872936
vn -0.692271 -0.032679 0.720898
vn -0.635855 0.094533 0.765998
vn 0.093639 -0.567631 0.817940
vn 0.125260 0.991857 0.023010
vn -0.493672 0.065343 -0.867190
vn -0.215061 0.174056 -0.960965
vn -0.561936 0.088956 -0.822384
vn -0.399643 0.101992 0.910979
vn -0.329881 0.164232 0.929627
vn -0.251876 0.110874 0.961387
vn -0.230992 0.776991 0.585600
vn -0.174956 0.781283 0.599155
vn -0.180558 0.825077 0.535393
vn -0.105876 0.994374 -0.003270
vn -0.831956 0.539202 0.130805
vn -0.826320 0.552881 0.107320
vn 0.306381 0.951727 -0.018598
vn 0.412044 0.906244 -0.094563
vn 0.245983 0.967032 -0.065894
vn -0.445396 0.615263 0.650442
vn -0.465541 0.648429 0.602339
vn -0.480108 0.662531 0.574934
vn -0.983776 -0.002555 -0.179386
vn -0.956254 -0.202968 0.210671
vn -0.988007 -0.119819 0.097391
vn -0.903222 0.295571 0.311171
vn -0.429661 0.000302 0.902990
vn -0.526801 0.144434 0.837628
vn -0.383304 0.174293 0.907028
vn -0.364442 0.343724 0.865469
vn -0.306046 0.302329 0.902736
vn -0.349663 0.196168 0.916108
vn -0.884479 0.340682 0.318798
vn -0.285875 -0.310024 0.906731
vn 0.200647 0.970131 -0.136329
vn -0.380863 0.924067 0.032299
vn 0.309811 0.938299 -0.153664
vn -0.377669 0.328616 0.865666
vn -0.443911 0.277179 0.852124
vn -0.388438 0.271267 0.880642
vn -0.952830 -0.144548 0.266870
vn -0.990858 -0.027309 0.132116
vn -0.875658 -0.229281 0.425033
vn -0.017920 -0.659775 0.751249
vn 0.090645 -0.714596 0.693640
vn -0.242140 0.002823 0.970237
vn -0.033286 -0.998979 0.030558
vn -0.540177 -0.840206 0.047561
vn -0.286207 -0.957595 0.033115
vn -0.066885 0.119456 0.990584
vn 0.136357 0.147277 0.979651
vn 0.025097 0.256884 0.966116
vn -0.284610 0.388704 0.876303
vn -0.277970 0.294819 0.914229
vn -0.292826 0.560620 0.774570
vn -0.992315 0.086035 0.088928
vn -0.995144 0.033208 0.092656
vn -0.990651 0.062489 0.121268
vn -0.682155 0.671795 0.288714
vn -0.776492 0.589588 0.222363
vn -0.007016 -0.365174 -0.930913
vn -0.046175 -0.600942 -0.797957
vn -0.034562 -0.062253 -0.997462
vn -0.249816 0.197324 0.947974
vn -0.269291 0.234773 0.934004
vn -0.431991 0.155737 0.888330
vn -0.365378 0.521674 0.770945
vn -0.378336 0.459943 0.803315
vn -0.311752 0.626674 0.714206
vn -0.424305 0.094768 0.900547
vn -0.614079 0.690341 -0.382539
vn -0.707003 0.609634 -0.358458
vn -0.650819 0.594872 -0.471765
vn -0.947349 0.159664 -0.277554
vn -0.893431 0.136205 -0.428054
vn -0.916563 0.062057 -0.395046
vn -0.474455 0.429520 0.768378
vn -0.297101 -0.954516 -0.025117
vn -0.491284 0.315684 0.811778
vn -0.314499 0.340524 0.886078
vn -0.554144 0.235993 0.798268
vn -0.218000 0.385566 0.896557
vn -0.576113 0.371689 -0.727971
vn -0.521818 0.617159 -0.588915
vn -0.536298 0.553412 -0.637275
vn -0.856535 0.008152 0.516024
vn -0.687933 0.113124 0.716904
vn -0.814333 -0.121231 0.567595
vn -0.349330 0.605568 0.715022
vn -0.482633 0.426421 0.765004
vn -0.371880 0.543195 0.752757
vn -0.921190 0.288676 0.260911
vn -0.612050 -0.745827 0.262939
vn -0.559722 -0.339687 0.755859
vn -0.421827 0.091721 0.902025
vn -0.252652 -0.960454 0.117027
vn -0.608204 0.064985 0.791116
vn -0.955793 -0.229111 0.184302
vn -0.941965 -0.268819 0.201092
vn -0.944263 -0.287208 0.160871
vn -0.805624 -0.000768 0.592426
vn -0.652392 0.264699 0.710154
vn -0.815545 0.145765 0.560034
vn -0.281489 0.113043 0.952883
vn -0.763918 -0.601657 0.233320
vn -0.900748 -0.189141 0.390996
vn -0.882036 -0.117920 0.456187
vn -0.930615 -0.242351 0.274266
vn -0.920250 -0.260927 0.291644
vn -0.373612 -0.923762 0.084131
vn -0.936878 -0.311083 0.159645
vn -0.936903 -0.305540 0.169877
vn -0.947744 -0.291275 0.130155
vn -0.903845 -0.289806 0.314766
vn -0.861979 -0.464950 0.202022
vn -0.327614 -0.944798 -0.004977
vn -0.849161 0.526445 0.042206
vn -0.896380 0.409998 -0.168535
vn -0.839101 0.475827 -0.263624
vn -0.690826 -0.721947 0.039402
vn -0.439374 -0.897991 0.023701
vn -0.463018 -0.883734 0.068039
vn -0.608798 0.280495 -0.742083
vn -0.179089 -0.981892 0.061769
vn -0.169824 -0.984871 0.034480
vn -0.777440 0.479415 -0.407121
vn -0.141528 -0.989631 0.024521
vn -0.450782 -0.892123 0.030197
vn -0.593970 -0.803474 0.040360
vn -0.942907 0.320185 0.091696
vn -0.895198 0.440303 0.068947
vn -0.947746 0.272781 0.165432
vn -0.611092 0.766304 -0.198355
vn -0.705815 0.662432 -0.251016
vn -0.456880 -0.888998 0.030716
vn -0.010507 -0.999765 0.018967
vn -0.859627 0.049669 0.508502
vn -0.146896 -0.434528 0.888598
vn -0.832642 -0.553025 0.029506
vn -0.950341 -0.270370 0.154116
vn -0.894379 -0.446075 0.033216
vn -0.296962 0.952341 -0.069714
vn -0.197811 0.978932 -0.050621
vn -0.926521 0.368446 0.076202
vn -0.800269 0.599436 -0.015657
vn -0.948289 0.315150 -0.037796
vn -0.950129 -0.244046 0.194155
vn -0.776979 0.589800 -0.220092
vn -0.944681 0.234303 -0.229521
vn -0.944286 0.240412 -0.224782
vn -0.661721 0.740952 -0.114519
vn -0.743562 0.646617 -0.170298
vn -0.774154 0.564038 -0.287310
vn -0.655161 0.755488 -0.001721
vn -0.681687 0.731382 0.019549
vn -0.610312 0.791104 0.040910
vn -0.610832 0.788438 -0.072452
vn -0.879089 -0.429740 0.206218
vn -0.588072 0.789323 -0.176467
vn -0.573460 0.808845 -0.130054
vn -0.661058 0.682892 -0.310903
vn -0.429277 0.088018 -0.898874
vn -0.503514 0.850536 -0.151861
vn -0.483069 0.871804 -0.081258
vn 0.404410 -0.907649 -0.112365
vn 0.473715 -0.876201 0.088689
vn 0.411707 -0.911086 0.020494
vn -0.002764 0.449745 -0.893153
vn 0.114753 0.398907 -0.909783
vn 0.071962 0.500473 -0.862756
vn -0.250369 0.147920 -0.956784
vn -0.188359 0.392756 -0.900146
vn -0.151124 0.522909 -0.838885
vn -0.789858 0.612129 -0.037706
vn -0.722452 0.690304 -0.039280
vn -0.811955 0.583346 -0.020882
vn -0.063422 -0.835328 -0.546081
vn -0.506096 0.641973 0.575967
vn -0.513714 0.750109 0.416454
vn -0.890452 0.336722 -0.306125
vn 0.295647 0.953375 0.060575
vn -0.817257 0.563338 0.121413
vn -0.891091 0.452577 0.033622
vn -0.806819 0.572858 0.144484
vn -0.201640 -0.311938 -0.928459
vn -0.546917 0.498765 -0.672395
vn -0.235714 -0.244214 -0.940637
vn -0.516732 0.320552 -0.793873
vn -0.163612 -0.255613 -0.952834
vn -0.685699 0.130863 0.716025
vn -0.867610 -0.221171 0.445350
vn -0.780554 -0.005458 0.625064
vn 0.100020 -0.720761 0.685930
vn -0.876101 0.425295 0.227092
vn -0.920850 0.340655 0.189710
vn -0.027113 -0.575634 -0.817257
vn 0.174834 0.499250 -0.848635
vn -0.061234 0.490894 -0.869065
vn -0.063201 0.285819 -0.956197
vn -0.034430 -0.003080 -0.999402
vn -0.122364 0.504665 -0.854599
vn -0.137703 0.479749 -0.866533
vn -0.078894 0.158298 -0.984234
vn -0.131846 0.296139 -0.946001
vn -0.054097 0.316018 -0.947210
vn -0.276554 0.227634 -0.933649
vn 0.019755 -0.678998 -0.733875
vn 0.074445 -0.540779 -0.837864
vn -0.044277 -0.545181 -0.837148
vn -0.514634 -0.272208 0.813053
vn -0.572734 -0.204306 0.793874
vn -0.094060 -0.774011 0.626146
vn -0.007118 -0.728813 -0.684676
vn -0.650981 0.505083 -0.566670
vn -0.608141 0.530607 -0.590441
vn 0.044873 0.219050 -0.974681
vn -0.741883 -0.669859 -0.029984
vn -0.688215 -0.723902 -0.048232
vn -0.457127 -0.522335 -0.719862
vn -0.688138 -0.197735 -0.698117
vn -0.646690 -0.762395 0.023378
vn -0.611978 -0.790818 0.009450
vn -0.724650 -0.689116 -0.000835
vn -0.577928 -0.815433 -0.032696
vn -0.340218 -0.940259 0.012847
vn -0.190955 0.225675 -0.955305
vn -0.298221 0.245624 -0.922352
vn -0.916526 0.385594 0.106293
vn -0.967545 0.252688 -0.002474
vn 0.129781 0.194838 -0.972211
vn 0.114946 0.193250 -0.974393
vn 0.263642 0.126432 -0.956299
vn -0.265655 -0.963695 0.026818
vn -0.730879 -0.674859 -0.101887
vn -0.681092 -0.730394 -0.051362
vn -0.642093 -0.761450 -0.088942
vn -0.868043 0.483542 0.112640
vn -0.801007 0.479356 0.358617
vn -0.518858 -0.854834 -0.006723
vn -0.740541 -0.668050 -0.072850
vn -0.433556 -0.900026 -0.044528
vn 0.441566 0.200546 -0.874529
vn -0.506877 -0.861627 0.025964
vn -0.843770 -0.112211 -0.524844
vn -0.879686 -0.221684 -0.420725
vn -0.833456 -0.110802 -0.541363
vn -0.389761 -0.920463 -0.028874
vn -0.353556 -0.935413 0.000884
vn -0.617368 -0.777966 -0.116727
vn -0.666058 -0.107120 -0.738168
vn -0.670410 -0.050510 -0.740269
vn -0.697856 -0.077772 -0.712003
vn 0.077633 0.229089 -0.970305
vn 0.313054 0.272626 -0.909765
vn 0.087190 -0.996064 0.015944
vn -0.001162 0.203842 -0.979003
vn -0.385099 0.183225 -0.904504
vn -0.311296 0.224452 -0.923426
vn 0.289645 0.136448 -0.947358
vn -0.453758 0.086383 -0.886928
vn -0.305851 0.127103 -0.943557
vn 0.346545 0.192689 -0.918029
vn 0.196327 0.098576 -0.975571
vn 0.271926 0.258327 -0.926997
vn -0.639470 0.632954 0.436403
vn -0.640034 0.581880 0.501770
vn 0.153707 0.277734 -0.948282
vn -0.833708 -0.384418 -0.396426
vn -0.670709 -0.123932 -0.731293
vn -0.552311 -0.833188 -0.027402
vn -0.749452 -0.649606 -0.127802
vn -0.664445 -0.738201 -0.116499
vn -0.829639 -0.529348 -0.177453
vn -0.751488 -0.652605 -0.096815
vn 0.224527 -0.843325 0.488252
vn 0.057267 -0.814730 0.577005
vn 0.107176 -0.721340 0.684239
vn -0.305462 0.062298 -0.950164
vn -0.551959 0.044626 -0.832676
vn -0.268315 0.096444 -0.958491
vn -0.825103 -0.127826 -0.550333
vn -0.304445 0.206236 0.929936
vn -0.762996 -0.065629 0.643063
vn -0.769876 -0.204842 0.604427
vn -0.853278 -0.294483 0.430344
vn -0.500327 0.858526 -0.112278
vn -0.255755 0.730484 0.633232
vn -0.328450 0.610044 0.721088
vn 0.198578 0.198238 -0.959827
vn 0.257003 0.184953 -0.948547
vn -0.146123 0.254331 -0.956014
vn -0.146410 0.394594 -0.907116
vn -0.789688 -0.604859 0.102658
vn -0.528569 -0.847757 0.043855
vn -0.842774 -0.520332 0.137795
vn -0.641648 -0.766549 0.026279
vn -0.956352 -0.226184 0.185018
vn -0.880720 -0.449557 -0.149098
vn -0.870585 -0.475857 -0.125066
vn -0.894190 -0.422599 -0.147763
vn -0.561346 -0.013615 0.827469
vn -0.536445 -0.039630 0.843004
vn -0.497552 0.001090 0.867434
vn -0.806941 0.053996 0.588159
vn -0.631505 0.210883 0.746143
vn -0.642497 0.209520 0.737088
vn -0.732599 -0.671645 0.110415
vn -0.893686 0.004292 0.448672
vn -0.826393 0.499043 -0.260827
vn -0.879864 0.377097 -0.289201
vn -0.904784 0.335161 -0.262739
vn -0.869395 0.458806 -0.183437
vn 0.259146 -0.878556 -0.401226
vn 0.366427 -0.851507 -0.375057
vn 0.514471 -0.780143 -0.355945
vn -0.720924 0.469335 -0.509895
vn -0.658302 0.715897 -0.232659
vn -0.658485 0.752577 -0.005058
vn -0.589465 0.805188 0.064831
vn -0.811499 0.543537 -0.214561
vn 0.120185 -0.823590 -0.554306
vn -0.613283 0.047667 -0.788424
vn -0.298980 0.157561 -0.941162
vn -0.683807 -0.016115 -0.729485
vn -0.699730 0.047420 -0.712832
vn -0.723903 0.022668 -0.689529
vn -0.601966 0.101508 -0.792044
vn -0.869981 -0.208115 -0.447013
vn -0.796856 -0.086429 -0.597956
vn -0.812809 -0.143128 -0.564674
vn -0.443825 0.190317 -0.875671
vn -0.429378 0.183686 -0.884248
vn 0.053113 -0.993295 0.102683
vn -0.755658 -0.648814 -0.089562
vn -0.839944 -0.536996 -0.078289
vn -0.842751 -0.526220 -0.113412
vn -0.003053 -0.998972 0.045228
vn -0.883699 -0.433125 -0.177424
vn -0.918301 -0.364417 -0.154674
vn -0.914572 -0.371980 -0.158710
vn -0.481761 0.052303 -0.874740
vn -0.743770 -0.663305 -0.082659
vn -0.142133 -0.163309 0.976283
vn -0.199332 0.121363 0.972388
vn 0.020547 -0.814814 0.579358
vn 0.288595 -0.866075 0.408199
vn -0.761762 0.619425 0.189818
vn -0.687148 0.711009 0.149308
vn -0.730972 0.663046 0.161401
vn -0.826446 0.511854 0.234505
vn -0.119123 -0.531780 0.838462
vn -0.340618 0.430358 0.835926
vn -0.380015 0.425043 0.821540
vn -0.310296 0.436158 0.844679
vn -0.745802 -0.107135 0.657497
vn -0.788397 -0.118061 0.603732
vn -0.667201 -0.100642 0.738047
vn -0.402167 -0.233049 0.885409
vn -0.290246 -0.349868 0.890702
vn -0.440730 -0.138548 0.886883
vn -0.258716 0.664776 0.700813
vn -0.300935 0.338622 0.891501
vn -0.231468 0.755296 0.613148
vn -0.243685 0.968825 -0.044685
vn 0.326361 0.941086 0.088578
vn -0.835110 0.534484 -0.130070
vn -0.403677 0.896966 -0.180268
vn -0.773190 0.575503 -0.266408
vn -0.294116 -0.117673 -0.948498
vn -0.046433 -0.524019 -0.850440
vn -0.147451 -0.516881 -0.843263
vn 0.155071 -0.425656 -0.891499
vn 0.005763 -0.690037 -0.723751
vn 0.009506 -0.536456 -0.843874
vn -0.023202 -0.265868 -0.963730
vn -0.234659 -0.240460 -0.941867
vn 0.089448 0.490653 -0.866752
vn 0.013978 0.485078 -0.874359
vn -0.003529 0.531738 -0.846902
vn -0.610796 -0.011295 0.791707
vn -0.529688 -0.022783 0.847886
vn -0.387530 0.475271 0.789897
vn -0.439922 0.237023 0.866192
vn -0.321475 0.117466 0.939604
vn -0.309605 0.358071 0.880869
vn -0.410369 -0.046447 0.910736
vn 0.027200 0.457462 -0.888813
vn 0.007735 0.376810 -0.926258
vn -0.062436 0.334239 -0.940418
vn -0.263350 -0.963770 -0.042370
vn -0.919417 -0.356239 0.166636
vn -0.877720 -0.465238 0.114722
vn -0.784806 -0.617138 0.056743
vn -0.729903 -0.681219 0.056409
vn -0.775325 -0.630891 -0.029125
vn -0.759773 -0.649923 0.018571
vn -0.817028 -0.575921 -0.027935
vn -0.764977 -0.641688 -0.055191
vn -0.788621 -0.611156 -0.067568
vn -0.376592 -0.043324 0.925366
vn -0.483088 0.269550 0.833048
vn -0.399084 0.374709 0.836854
vn -0.544671 0.038019 0.837787
vn -0.679160 0.119493 0.724198
vn -0.463383 0.478050 0.746153
vn -0.803086 -0.575774 0.153415
vn -0.749746 0.650022 -0.123905
vn -0.540481 0.829145 -0.142825
vn -0.615965 0.777533 -0.126607
vn -0.900295 0.350032 -0.258739
vn -0.697433 0.698267 -0.161277
vn -0.734098 0.634455 -0.242006
vn -0.622959 0.781056 -0.043292
vn -0.060800 -0.506740 -0.859953
vn -0.417539 0.237289 -0.877129
vn -0.729182 0.281137 -0.623903
vn -0.766430 0.287415 -0.574437
vn -0.541277 0.181296 -0.821067
vn 0.497963 -0.866438 0.036293
vn 0.514589 -0.853322 0.083905
vn 0.477613 -0.877052 0.051626
vn 0.458544 -0.888606 0.010819
vn 0.480675 -0.873956 0.071777
vn 0.116373 -0.808141 -0.577378
vn 0.005009 -0.847203 -0.531246
vn -0.647873 -0.113247 -0.753283
vn -0.626960 0.746544 -0.222696
vn 0.226415 0.191964 -0.954927
vn -0.831464 -0.137690 -0.538246
vn -0.582837 -0.074889 -0.809131
vn -0.541343 0.078996 -0.837083
vn -0.524248 0.048201 -0.850200
vn -0.273148 0.225176 -0.935246
vn -0.726359 -0.684008 -0.067345
vn -0.622025 -0.782227 -0.034721
vn -0.619402 -0.783850 -0.043822
vn -0.735232 -0.668889 -0.109637
vn -0.776704 -0.627831 -0.050581
vn -0.806786 -0.588897 -0.047937
vn -0.817716 -0.575009 -0.026555
vn -0.180699 -0.982826 0.037430
vn -0.646697 -0.762715 0.006943
vn -0.767765 -0.639825 -0.034076
vn -0.471574 0.062612 -0.879601
vn 0.186017 -0.716199 0.672649
vn -0.017232 -0.430820 0.902273
vn -0.309603 -0.004071 0.950857
vn -0.777569 0.579042 0.245147
vn -0.595246 0.771517 0.224598
vn -0.505224 0.812909 0.289703
vn -0.611455 0.782443 0.117921
vn -0.914947 0.350014 0.200902
vn -0.354504 -0.215890 0.909790
vn -0.378356 -0.086513 0.921609
vn -0.383849 -0.174582 0.906742
vn -0.215302 -0.401181 0.890336
vn 0.153485 -0.667156 0.728935
vn -0.314857 0.394388 0.863321
vn -0.292025 0.240433 0.925696
vn -0.220159 0.821781 0.525553
vn -0.032333 0.998629 -0.041158
vn -0.902832 0.398890 0.160565
vn -0.653107 0.749642 -0.107185
vn -0.146265 0.988799 -0.029709
vn -0.096782 0.994639 -0.036426
vn -0.558342 0.264352 -0.786367
vn -0.691046 0.516100 -0.506060
vn -0.792794 0.379496 -0.476929
vn -0.697212 0.389936 -0.601536
vn 0.018560 -0.114529 -0.993246
vn -0.495838 0.230231 -0.837340
vn -0.020149 -0.694567 -0.719145
vn 0.060469 0.356808 -0.932219
vn -0.331728 0.336820 0.881197
vn -0.257566 0.750496 0.608617
vn 0.109059 -0.638352 0.761980
vn 0.111721 -0.671202 0.732807
vn 0.042453 -0.731801 0.680195
vn -0.147010 -0.476661 0.866708
vn -0.089814 -0.609250 0.787876
vn 0.091425 -0.787613 0.609350
vn -0.469557 0.112058 -0.875762
vn -0.420103 0.197319 -0.885765
vn -0.217872 -0.975960 0.005773
vn -0.468637 -0.883379 0.004533
vn -0.453084 0.148244 0.879056
vn -0.292112 0.106441 0.950443
vn -0.547898 0.836472 -0.011090
vn -0.540686 0.822193 -0.177923
vn -0.818170 0.237893 -0.523455
vn 0.152513 -0.819000 -0.553153
vn -0.699594 0.013195 -0.714419
vn -0.703267 0.703671 -0.101306
vn -0.723635 -0.024174 -0.689760
vn -0.695532 0.072260 -0.714852
vn -0.566359 0.112760 -0.816408
vn -0.572956 -0.003210 -0.819580
vn -0.406448 0.177733 -0.896221
vn 0.199218 0.193694 -0.960622
vn -0.113856 0.202564 -0.972628
vn 0.164558 -0.985945 0.028854
vn 0.152749 -0.982444 0.107102
vn -0.509548 -0.860190 -0.020833
vn -0.747636 -0.662284 -0.049196
vn -0.116177 -0.991181 0.063737
vn 0.128776 -0.987065 0.095495
vn -0.622722 0.770278 0.137437
vn -0.685579 0.686382 0.242611
vn -0.575776 0.790611 0.208365
vn -0.718129 0.125288 0.684539
vn -0.037816 -0.423426 0.905141
vn -0.257231 -0.647304 0.717516
vn -0.892498 0.418087 0.169266
vn -0.709684 0.679417 0.186390
vn -0.354760 0.276400 0.893168
vn -0.581429 -0.106263 0.806628
vn -0.550130 -0.103759 0.828608
vn 0.084752 -0.712380 0.696657
vn -0.031935 -0.593299 0.804348
vn -0.104400 -0.557060 0.823884
vn 0.217427 -0.604103 0.766671
vn 0.212712 -0.628764 0.747937
vn -0.213123 -0.379024 0.900511
vn -0.057777 0.998279 0.010038
vn -0.895904 0.443128 -0.031508
vn -0.068173 -0.630309 -0.773346
vn -0.043269 0.289573 -0.956177
vn -0.249837 0.253208 -0.934595
vn -0.306438 0.190758 -0.932581
vn -0.855569 0.023488 0.517155
vn -0.959519 -0.029312 0.280113
vn -0.827350 -0.547477 0.125539
vn -0.891014 -0.412841 0.188829
vn -0.731751 -0.681526 0.007930
vn -0.702007 -0.711913 -0.019126
vn -0.726870 -0.686428 -0.021842
vn -0.738082 0.149583 -0.657920
vn -0.568499 -0.043169 -0.821551
vn -0.238838 -0.257731 -0.936232
vn -0.772866 0.552017 -0.312979
vn -0.747640 0.073619 -0.660011
vn -0.041206 -0.791650 -0.609583
vn -0.676997 0.004178 -0.735974
vn -0.326600 0.170174 -0.929717
vn -0.808034 -0.141933 -0.571783
vn -0.365079 0.137420 -0.920778
vn -0.334689 0.149055 -0.930465
vn -0.572425 0.135081 -0.808754
vn -0.691790 0.205692 -0.692184
vn -0.597294 0.223102 -0.770367
vn -0.474600 0.127809 -0.870873
vn -0.766059 -0.641997 -0.031518
vn -0.785433 -0.615725 -0.063066
vn -0.805953 -0.586453 -0.080703
vn -0.751377 -0.659826 0.007837
vn -0.792118 -0.604702 -0.082969
vn -0.895702 -0.443986 0.024362
vn -0.831773 -0.553158 -0.046573
vn -0.902507 -0.426062 0.062869
vn -0.801277 -0.594248 -0.069465
vn -0.724544 -0.687913 0.042565
vn -0.473274 -0.880465 0.028170
vn -0.938160 -0.309163 0.155804
vn -0.733515 -0.676775 0.062704
vn -0.798716 -0.595316 -0.087474
vn -0.672519 0.732245 0.107406
vn -0.716540 0.695887 0.048081
vn -0.690588 0.717291 0.092638
vn -0.401579 -0.452613 0.796163
vn -0.711421 0.438842 0.548905
vn -0.718377 0.667699 0.195223
vn -0.688999 0.460308 0.559819
vn -0.344516 0.068832 0.936253
vn 0.029272 -0.662004 0.748929
vn -0.787816 0.614928 0.034770
vn -0.949826 0.222641 -0.219683
vn -0.947358 0.251042 -0.198721
vn -0.834571 0.510416 -0.207282
vn -0.816691 0.560985 -0.135319
vn 0.046433 -0.695659 -0.716870
vn -0.065487 -0.705186 -0.705992
vn -0.232125 -0.354939 -0.905614
vn -0.399818 -0.071725 -0.913784
vn -0.024573 -0.686857 -0.726377
vn -0.653764 0.573787 -0.493317
vn -0.594561 0.643150 -0.482550
vn -0.670656 0.548578 -0.499282
vn -0.197946 -0.625185 -0.754958
vn -0.483989 -0.701890 -0.522595
vn -0.681693 0.601150 -0.417028
vn -0.738105 0.404195 -0.540210
vn -0.785810 0.191341 -0.588125
vn -0.126910 0.349919 -0.928144
vn -0.041197 0.516340 -0.855392
vn -0.070417 0.538097 -0.839936
vn -0.422752 0.329150 0.844358
vn -0.565876 0.117089 0.816134
vn -0.597933 0.161727 0.785061
vn -0.941819 -0.291332 0.167636
vn -0.851995 -0.514891 0.094824
vn -0.909979 -0.397254 0.118857
vn -0.912382 -0.389182 0.126871
vn -0.708910 0.688469 -0.153156
vn -0.573454 0.813953 -0.092907
vn -0.591326 0.800551 -0.097218
vn -0.499353 0.862067 -0.086528
vn -0.742763 0.668075 -0.044479
vn -0.667388 0.743893 0.034870
vn -0.896030 -0.319841 -0.307949
vn -0.755263 0.029073 -0.654776
vn -0.643510 0.068210 -0.762392
vn -0.772681 -0.633730 -0.036741
vn -0.713229 0.697967 -0.064387
vn -0.676977 0.731901 0.077608
vn -0.840414 0.526385 0.128929
vn -0.697443 0.703170 0.138294
vn -0.663554 0.743210 0.085649
vn -0.616875 0.771165 0.157386
vn -0.294337 0.029698 0.955240
vn -0.804823 0.591831 -0.044685
vn -0.306194 -0.046097 -0.950852
vn -0.339358 0.018673 -0.940472
vn -0.285787 0.296799 -0.911173
vn 0.006059 0.156206 -0.987706
vn -0.390907 0.416894 0.820604
vn -0.644586 0.165496 -0.746405
vn -0.632200 -0.008063 -0.774764
vn -0.581789 -0.023640 -0.812996
vn -0.945016 -0.253170 0.207001
vn -0.924414 -0.187376 0.332188
vn -0.896252 -0.056901 0.439879
vn -0.954204 -0.192624 0.228888
vn -0.951619 -0.194478 0.237907
vn -0.942164 -0.172626 0.287276
vn -0.953435 -0.190946 0.233454
vn -0.943679 -0.245582 0.221718
vn -0.940767 -0.273227 0.200758
vn -0.975636 -0.175044 0.132263
vn -0.961071 -0.211910 0.177304
vn -0.820105 -0.572039 -0.014114
vn -0.842835 -0.535506 0.053495
vn -0.791834 -0.606599 0.070968
vn -0.944528 -0.286679 0.160256
vn -0.959080 -0.247551 0.137416
vn -0.974869 -0.169804 0.144213
vn -0.986478 -0.073357 0.146562
vn -0.977358 -0.091864 0.190611
vn -0.962597 -0.064619 0.263119
vn -0.788763 0.613931 0.030694
vn -0.889772 0.387598 -0.240986
vn -0.888846 -0.282837 -0.360495
vn -0.864342 -0.446762 -0.230902
vn -0.801297 -0.580541 -0.144550
vn -0.828664 -0.525837 -0.191862
vn -0.885247 -0.412179 -0.215514
vn -0.884408 -0.418857 -0.205869
vn -0.857288 -0.496076 -0.137716
vn -0.776807 -0.002273 -0.629734
vn -0.833585 -0.186139 -0.520085
vn -0.866114 -0.199784 -0.458185
vn -0.872690 -0.280831 -0.399433
vn -0.647689 0.167542 -0.743255
vn -0.689668 0.160571 -0.706098
vn -0.628753 0.098060 -0.771397
vn -0.687135 0.716508 0.120257
vn -0.867529 0.388505 -0.310577
vn -0.811821 0.558289 -0.171057
vn -0.751861 0.636456 -0.172131
vn -0.837868 0.544999 -0.030876
vn -0.856056 0.516881 -0.001004
vn -0.789802 0.600396 -0.125451
vn 0.104096 -0.224258 -0.968954
vn -0.932764 -0.280756 0.226112
vn -0.948273 -0.196954 0.248974
vn -0.898300 -0.159764 0.409307
vn -0.995439 -0.072460 0.062055
vn -0.984967 -0.155606 0.075007
vn -0.993401 -0.044184 0.105836
vn -0.934282 -0.177929 0.308964
vn -0.981474 -0.148476 0.121097
vn -0.932236 0.361661 0.011671
vn -0.874689 0.483866 0.028153
vn -0.860513 0.369119 -0.351097
vn -0.862659 0.492475 -0.115273
vn -0.788660 0.539417 -0.295032
vn -0.853492 -0.147696 -0.499738
vn -0.875720 -0.417316 -0.242822
vn -0.844035 -0.512636 -0.157513
vn -0.823872 -0.551747 -0.129655
vn -0.583459 0.003769 -0.812134
vn -0.646146 0.027275 -0.762727
vn -0.610651 -0.074227 -0.788414
vn -0.622232 -0.036423 -0.781985
vn -0.655354 0.038346 0.754348
vn -0.736649 0.670860 0.085411
vn -0.216815 0.291528 0.931667
vn -0.048629 -0.437280 0.898010
vn -0.736893 0.675846 0.014871
vn -0.792605 0.606696 0.060814
vn -0.938330 0.337658 0.074321
vn -0.904733 0.337891 -0.259400
vn -0.898668 0.319280 -0.300760
vn -0.913000 0.354172 -0.202466
vn -0.761199 0.629997 0.153885
vn -0.841856 -0.079245 -0.533852
vn -0.796306 -0.005952 -0.604865
vn -0.762656 -0.079795 -0.641863
vn -0.647138 -0.105591 -0.755026
vn -0.913221 -0.151490 -0.378257
vn -0.795580 -0.098571 -0.597776
vn -0.899586 -0.097776 -0.425658
vn -0.208543 0.148957 0.966603
vn 0.016023 0.217094 0.976019
vn -0.539596 0.012825 0.841826
vn -0.688665 -0.087792 0.719745
vn -0.621173 -0.042362 0.782528
vn -0.806614 -0.066620 0.587312
vn -0.261718 0.356677 0.896820
vn -0.552243 0.058261 0.831645
vn 0.075875 -0.788941 0.609766
vn -0.846604 0.532100 0.011494
vn -0.817362 -0.088160 -0.569339
vn -0.720548 -0.091556 -0.687334
vn -0.697756 -0.063062 -0.713554
vn -0.632035 -0.033193 -0.774229
vn -0.753375 -0.058224 -0.655009
vn -0.891038 0.452753 0.032630
vn -0.576793 0.698511 0.423546
vn -0.898363 0.426766 0.103997
vn -0.921706 0.356145 0.153681
vn -0.868003 0.356838 -0.345308
vn -0.876655 0.355618 -0.324055
vn -0.912662 0.326397 -0.245993
vn -0.958856 0.266843 -0.096905
vn -0.921736 0.326990 -0.208518
vn -0.882905 0.466671 -0.051925
vn -0.879277 0.467659 -0.090373
vn -0.874169 0.481127 -0.065919
vn -0.954521 0.270046 0.126354
vn -0.992428 0.122824 -0.000583
vn -0.984187 0.171786 0.043187
vn -0.982423 0.186594 -0.005237
vn -0.979768 0.199741 0.012567
vn -0.983443 0.171260 0.059247
vn -0.722299 0.025136 -0.691124
vn -0.654133 -0.057031 -0.754227
vn -0.700635 0.045251 -0.712083
vn -0.812900 -0.123726 -0.569110
vn -0.817371 -0.084436 -0.569890
vn -0.735098 0.061375 -0.675177
vn -0.886607 -0.256814 -0.384675
vn -0.879735 -0.232077 -0.414978
vn -0.917285 -0.304334 -0.256844
vn -0.778974 -0.120842 -0.615302
vn -0.524904 0.850305 0.038184
vn -0.778002 0.627584 -0.029178
vn -0.861869 0.499653 -0.086763
vn -0.891267 0.310984 -0.330048
vn -0.926057 0.336091 -0.171643
vn -0.889692 0.323343 -0.322333
vn -0.954751 -0.291747 -0.057737
vn -0.977268 -0.193154 -0.087397
vn -0.956312 -0.275646 -0.097405
vn -0.913739 -0.256728 -0.314915
vn -0.876838 -0.147421 -0.457627
vn -0.807918 0.583064 -0.085473
vn -0.919786 0.323559 0.222042
vn -0.922130 0.326497 -0.207547
vn -0.831263 0.382810 -0.403061
vn -0.848075 0.378821 -0.370491
vn -0.743709 0.650712 -0.153206
vn -0.750087 0.661257 -0.010442
vn -0.771942 0.590851 -0.234523
vn -0.627212 0.675692 0.387357
vn -0.576918 0.719699 0.386263
vn -0.800957 0.591943 0.089844
vn -0.549857 0.533872 -0.642369
vn -0.442184 0.510565 -0.737426
vn -0.366031 0.610984 -0.701940
vn -0.718850 0.117817 -0.685109
vn -0.758492 0.043987 -0.650196
vn -0.315499 0.890851 0.326870
vn -0.316555 0.852879 0.415199
vn -0.641070 0.655452 0.399264
vn -0.909238 0.415307 -0.028412
vn -0.957556 0.285270 -0.041325
vn -0.269133 0.758947 0.592930
vn -0.955975 0.275033 -0.102318
vn -0.748724 0.368015 0.551341
vn -0.948587 0.284584 0.138545
vn -0.898063 0.210512 0.386223
vn -0.871390 0.490198 -0.019634
vn -0.602364 0.626732 0.494332
vn -0.517386 0.544743 0.659974
vn -0.741971 0.600198 0.298733
vn -0.862914 0.404395 0.303056
vn -0.786365 0.589050 0.186145
vn -0.897384 0.372306 0.236834
vn -0.367334 0.637115 0.677607
vn -0.848597 0.387922 -0.359722
vn -0.884401 0.341244 -0.318414
vn -0.900235 0.370735 -0.228323
vn -0.894175 0.283634 -0.346414
vn -0.867144 -0.246835 -0.432589
vn -0.921512 -0.271427 -0.277746
vn -0.785604 0.585787 -0.199200
vn -0.622140 0.770759 -0.137378
vn -0.735130 0.113625 -0.668336
vn 0.088005 -0.909494 -0.406295
vn -0.396790 -0.610167 -0.685751
vn -0.857357 -0.070098 -0.509926
vn -0.875172 0.355584 -0.328077
vn -0.883983 0.382441 -0.268909
vn -0.890233 0.424004 -0.166449
vn -0.946092 -0.301663 -0.117936
vn -0.953044 -0.271808 -0.133519
vn -0.941134 -0.292475 -0.169487
vn -0.980015 -0.198900 0.003103
vn -0.965437 -0.244289 -0.090849
vn -0.987500 -0.153054 0.037651
vn 0.324146 -0.587484 -0.741479
vn 0.432507 -0.703652 -0.563748
vn -0.622604 0.373437 -0.687684
vn -0.581722 0.609810 -0.538267
vn -0.081474 -0.427741 -0.900222
vn -0.875206 0.429006 -0.223537
vn -0.864807 0.433092 -0.254046
vn -0.852630 0.460934 -0.246091
vn -0.907448 0.405612 -0.109620
vn -0.899676 0.398384 -0.178532
vn -0.852950 0.398422 -0.337249
vn -0.089522 -0.250448 -0.963982
vn -0.863405 -0.122485 -0.489418
vn -0.787563 -0.090458 -0.609558
vn -0.858958 -0.090156 -0.504047
vn -0.376832 -0.058590 -0.924427
vn -0.323350 0.033885 -0.945672
vn -0.387310 0.111010 -0.915242
vn -0.437659 0.169685 -0.882985
vn -0.349541 -0.015520 -0.936793
vn -0.489176 -0.049308 -0.870790
vn -0.909812 -0.093639 -0.404318
vn -0.899643 -0.132441 -0.416054
vn -0.395655 0.052306 -0.916908
vn -0.620042 -0.055711 -0.782588
vn -0.299193 0.082943 -0.950581
vn -0.485741 -0.027198 -0.873679
vn -0.479794 0.158726 -0.862904
vn -0.914911 -0.105345 -0.389668
vn -0.944880 -0.060305 -0.321816
vn -0.887049 -0.094094 -0.451985
vn -0.470519 0.222254 -0.853941
vn -0.412097 0.078762 -0.907730
vn -0.578208 0.010241 -0.815825
vn -0.581935 0.058306 -0.811143
vn -0.540987 0.140745 -0.829170
vn -0.878643 -0.034562 -0.476226
vn -0.917138 -0.060037 -0.394023
vn -0.996777 0.080138 -0.003666
vn -0.995467 -0.061466 -0.072571
vn -0.995766 -0.089812 -0.019596
vn -0.690260 -0.074866 -0.719678
vn -0.946884 -0.052964 -0.317183
vn -0.960346 -0.027060 -0.277494
vn -0.542453 -0.012859 -0.839988
vn -0.735946 -0.059036 -0.674461
vn -0.839123 -0.149976 -0.522856
vn -0.552264 0.085173 0.829307
vn -0.603304 0.162580 0.780764
vn -0.764983 0.024034 0.643602
vn -0.881455 -0.039256 0.470633
vn -0.745037 0.151681 0.649548
vn -0.785721 -0.607450 -0.116824
vn -0.810356 -0.583413 -0.054346
vn -0.204037 0.787140 0.582047
vn -0.142804 0.782205 0.606434
vn -0.572096 0.329252 0.751199
vn -0.679605 0.142939 0.719517
vn -0.452555 0.401916 0.796026
vn -0.500204 0.314209 0.806889
vn -0.454826 0.347346 0.820051
vn -0.769336 0.063556 0.635675
vn -0.419634 0.538240 0.730893
vn -0.626035 0.241618 0.741419
vn -0.794981 -0.180632 0.579117
vn -0.277251 0.687314 0.671366
vn -0.897166 -0.210435 0.388342
vn -0.843682 0.046127 0.534858
vn -0.830817 0.028004 0.555840
vn -0.499464 0.501279 0.706580
vn -0.977636 -0.078914 0.194938
vn -0.932870 0.055065 0.355981
vn -0.640643 -0.037357 0.766929
vn -0.350384 0.657647 0.666882
vn -0.432613 0.601922 0.671220
vn -0.645414 0.235960 0.726474
vn -0.537837 0.444056 0.716621
vn -0.725958 -0.129038 0.675525
vn -0.839181 -0.171329 0.516161
vn -0.872929 -0.106268 0.476132
vn -0.698347 -0.365801 0.615225
vn -0.362599 0.164784 0.917261
vn -0.275620 -0.223685 0.934879
vn -0.321692 0.450576 0.832764
vn -0.228539 0.593974 0.771340
vn -0.277851 0.383514 0.880747
vn -0.145641 0.729547 0.668244
vn -0.196841 -0.443567 0.874358
vn 0.074406 -0.761022 0.644445
vn -0.135378 -0.572486 0.808661
vn -0.184382 -0.510834 0.839674
vn -0.565339 0.040689 -0.823855
vn -0.677704 0.231657 -0.697891
vn -0.817948 -0.567798 -0.092552
vn -0.832259 -0.544267 -0.105443
vn -0.891623 -0.435094 -0.125302
vn -0.897006 -0.396804 -0.194749
vn -0.892413 -0.287408 -0.347846
vn -0.904080 -0.351672 -0.242831
vn -0.881684 -0.375596 -0.285588
vn -0.835489 -0.531909 -0.137955
vn -0.881662 -0.439297 -0.172308
vn -0.857658 -0.495155 -0.138723
vn -0.654430 0.752028 0.078586
vn -0.705543 0.704218 0.079279
vn -0.725493 0.680879 0.100319
vn -0.401968 -0.101285 0.910035
vn -0.448061 -0.122665 0.885548
vn -0.989981 0.008031 0.140975
vn -0.984123 0.177466 0.002825
vn -0.987822 -0.076439 0.135519
vn -0.717822 -0.109123 0.687622
vn -0.747386 -0.123535 0.652804
vn -0.737276 -0.012858 0.675470
vn -0.408780 -0.254347 0.876474
vn -0.053448 -0.625939 0.778039
vn -0.155508 -0.493034 0.855999
vn -0.492372 0.610165 -0.620700
vn -0.561890 0.704820 -0.433021
vn -0.763011 0.329356 0.556182
vn 0.078829 -0.373396 -0.924317
vn -0.419815 0.663001 -0.619826
vn -0.572581 0.518581 -0.634999
vn -0.365887 -0.140946 -0.919925
vn -0.611229 0.010028 -0.791391
vn -0.415328 0.212714 -0.884452
vn -0.466070 0.142520 -0.873193
vn -0.711818 -0.036407 -0.701419
vn -0.899809 -0.116033 0.420570
vn -0.840956 0.028573 0.540348
vn -0.927534 -0.081803 0.364677
vn -0.986513 -0.076861 0.144512
vn -0.995656 -0.005233 0.092959
vn -0.950904 -0.242542 0.192236
vn -0.974744 -0.186196 0.123309
vn -0.970977 -0.150696 0.185728
vn -0.978173 -0.123252 0.167293
vn -0.956627 -0.186191 0.224050
vn -0.985191 -0.142773 0.094943
vn -0.959134 -0.240823 0.148544
vn -0.040759 0.291592 0.955674
vn -0.195414 0.286445 0.937957
vn -0.051352 0.271600 0.961039
vn -0.495169 -0.123157 0.860023
vn -0.395033 -0.052924 0.917141
vn -0.515326 -0.109548 0.849964
vn -0.923896 -0.165433 -0.345033
vn -0.965516 -0.098079 -0.241162
vn -0.944026 -0.080839 -0.319813
vn -0.813269 -0.135243 -0.565954
vn -0.769750 -0.147541 -0.621061
vn -0.767571 -0.120119 -0.629608
vn -0.820898 -0.186648 -0.539712
vn -0.905926 -0.323685 -0.272997
vn -0.425871 0.146094 -0.892912
vn -0.934269 -0.327216 -0.141673
vn -0.940305 -0.311048 -0.138117
vn -0.872012 -0.317030 0.372944
vn -0.864311 -0.368889 0.341887
vn -0.872551 -0.334912 0.355653
vn -0.088429 -0.513514 -0.853512
vn -0.366319 -0.275820 -0.888670
vn -0.535619 -0.227078 -0.813356
vn -0.473186 -0.394840 -0.787525
vn -0.486084 0.349035 -0.801185
vn -0.466076 0.696122 -0.546065
vn -0.817683 0.384059 -0.428827
vn -0.953475 0.270345 -0.133414
vn -0.774804 0.341703 -0.531900
vn -0.627494 0.478475 -0.614259
vn 0.120169 -0.479869 -0.869072
vn -0.681462 0.226278 -0.695995
vn -0.793098 0.382016 -0.474404
vn -0.885551 0.197505 -0.420465
vn -0.939306 0.326024 -0.106831
vn -0.538998 0.402280 -0.740035
vn -0.411898 -0.029894 -0.910739
vn -0.128545 -0.545906 -0.827927
vn -0.914667 0.373077 0.155557
vn -0.063048 -0.348162 -0.935312
vn -0.551582 0.006669 -0.834094
vn -0.771480 0.247227 -0.586257
vn -0.832691 0.195215 -0.518185
vn -0.687503 0.451039 0.569125
vn -0.945662 0.242851 0.216208
vn -0.906059 0.412958 0.092319
vn -0.848872 0.497100 -0.179746
vn -0.760047 0.527298 0.379850
vn -0.676277 0.553254 -0.486373
vn -0.725560 0.510160 -0.461844
vn -0.742800 0.491699 -0.454400
vn -0.790350 0.485276 -0.373971
vn -0.793668 0.513505 -0.326197
vn -0.801213 0.426213 -0.420001
vn -0.826797 0.419048 -0.375241
vn -0.802124 0.423123 -0.421384
vn -0.779344 0.433195 -0.452730
vn -0.847014 0.480421 -0.227514
vn -0.832872 0.462781 -0.303577
vn -0.857715 0.391242 0.333548
vn -0.938775 0.234587 -0.252331
vn -0.771032 0.636354 -0.023737
vn -0.728922 0.684090 -0.026319
vn -0.751903 0.625239 -0.209089
vn -0.781284 0.561407 -0.272794
vn -0.898067 0.439372 -0.020673
vn -0.737032 0.672354 -0.068732
vn -0.784573 0.515686 0.344257
vn -0.874876 0.122997 -0.468469
vn -0.624012 0.043717 -0.780191
vn -0.221175 -0.171616 -0.960015
vn -0.723915 0.125781 -0.678326
vn -0.716158 0.075919 -0.693797
vn -0.975516 -0.071787 -0.207881
vn -0.958255 -0.078651 -0.274883
vn -0.963848 -0.068226 -0.257571
vn -0.876717 0.046179 -0.478784
vn -0.910991 -0.011896 -0.412256
vn -0.255160 -0.155745 -0.954273
vn -0.673984 -0.119800 -0.728967
vn -0.965981 0.251435 -0.060503
vn -0.982469 0.047195 -0.180353
vn -0.989326 -0.085865 -0.117734
vn 0.163838 -0.224598 -0.960579
vn -0.985184 -0.078012 -0.152729
vn -0.994545 -0.071340 -0.076100
vn -0.980587 -0.071670 -0.182519
vn -0.884193 0.463985 -0.054045
vn -0.457048 -0.043863 -0.888360
vn -0.524299 0.071632 -0.848516
vn -0.876178 -0.075189 -0.476088
vn -0.960760 -0.147011 0.235221
vn -0.973755 -0.075401 0.214746
vn -0.878887 -0.055854 0.473748
vn -0.975646 -0.127523 0.178475
vn -0.961795 -0.167197 0.216786
vn -0.947053 -0.153278 0.282129
vn -0.915098 -0.302382 0.266759
vn -0.915024 -0.281284 0.289156
vn -0.919043 -0.293208 0.263416
vn -0.994509 -0.073067 -0.074926
vn -0.985594 -0.168700 0.012039
vn -0.993189 0.096644 -0.065086
vn -0.853296 -0.209531 0.477476
vn -0.792932 -0.268843 0.546793
vn -0.876817 -0.160497 0.453248
vn -0.716743 -0.387280 0.579908
vn -0.394538 0.196361 0.897654
vn -0.378789 0.256336 0.889275
vn -0.881221 -0.390694 -0.266097
vn -0.900328 -0.341428 -0.269882
vn -0.879370 -0.360505 -0.311039
vn -0.584341 0.795094 0.162394
vn -0.861115 0.506872 -0.039518
vn -0.836337 0.548051 -0.013412
vn -0.861945 0.506477 -0.023044
vn -0.772551 0.627588 0.096427
vn -0.706653 0.693606 0.139830
vn -0.623570 0.781237 0.028795
vn -0.786397 0.615322 0.054391
vn -0.759080 0.642372 0.105626
vn -0.830082 0.557056 0.025549
vn -0.738990 0.673074 0.029434
vn -0.788222 0.615362 -0.006009
vn -0.132943 0.076608 0.988159
vn -0.266480 -0.016944 0.963691
vn -0.747983 0.016096 0.663522
vn -0.817947 0.573200 0.049033
vn -0.857294 0.514821 -0.002513
vn -0.803652 0.577875 0.142141
vn -0.945947 0.257473 0.197211
vn -0.838549 0.543685 -0.035243
vn -0.862208 0.505695 -0.029482
vn -0.900507 0.062215 0.430368
vn -0.809458 -0.038794 0.585894
vn -0.869107 0.491859 -0.052236
vn -0.873836 0.485828 -0.019543
vn -0.941570 0.115279 0.316474
vn -0.904832 0.005500 0.425732
vn -0.882459 -0.034254 0.469140
vn -0.884963 0.245603 0.395626
vn -0.926923 0.369651 0.064588
vn -0.890809 0.453758 -0.023733
vn -0.897698 0.430196 -0.095236
vn -0.883401 0.447738 -0.138321
vn -0.877040 0.478580 -0.041981
vn -0.891552 0.451638 -0.034027
vn -0.937120 0.327805 0.119795
vn -0.940130 0.335675 0.058966
vn -0.899643 0.436591 -0.005483
vn -0.899087 0.437005 -0.025879
vn -0.863464 0.504247 -0.012848
vn -0.869618 0.484645 -0.094258
vn -0.880941 0.470432 -0.051350
vn -0.891172 0.440147 -0.109926
vn -0.865474 0.475420 -0.157896
vn -0.941586 0.308561 0.134929
vn -0.870752 -0.053866 0.488764
vn -0.572987 -0.068275 0.816715
vn -0.497485 0.018104 0.867284
vn -0.876740 0.471616 -0.094373
vn -0.946122 0.148100 0.287956
vn -0.925262 0.379304 -0.004371
vn -0.962131 0.246198 0.117004
vn -0.955701 0.280305 0.089803
vn -0.806850 -0.090625 0.583764
vn -0.247867 0.136852 0.959080
vn -0.813147 0.457621 -0.359687
vn -0.836372 0.481892 -0.261270
vn -0.872317 0.468751 -0.139051
vn -0.842757 0.486692 -0.229980
vn -0.870277 0.468272 -0.152773
vn -0.912332 0.408968 -0.019876
vn -0.892035 0.450167 -0.040289
vn -0.942564 0.329002 0.057716
vn -0.807957 -0.143868 -0.571409
vn -0.954236 -0.170609 -0.245615
vn -0.900306 -0.101467 -0.423266
vn -0.931424 -0.167451 -0.323125
vn -0.864836 -0.135764 -0.483349
vn -0.868507 -0.108950 -0.483555
vn -0.963639 -0.217879 -0.154692
vn -0.928723 -0.187888 -0.319644
vn -0.970567 -0.237482 -0.040026
vn -0.963934 -0.156674 -0.215139
vn -0.971741 -0.224858 -0.071822
vn -0.937981 -0.084717 -0.336177
vn -0.924793 -0.250405 0.286454
vn -0.925147 -0.168503 0.340161
vn -0.891287 -0.203099 0.405410
vn -0.971425 -0.229285 0.061330
vn -0.958086 -0.088324 -0.272526
vn -0.953658 -0.221100 -0.204087
vn -0.982780 0.000689 -0.184781
vn -0.969873 -0.031071 -0.241620
vn -0.972666 -0.224836 -0.058049
vn -0.961128 -0.248589 0.120153
vn -0.953211 -0.246197 0.175431
vn -0.956253 -0.272116 0.107397
vn -0.984840 0.167233 0.046075
vn -0.991105 0.028664 -0.129958
vn -0.980192 0.037793 -0.194408
vn -0.987240 -0.087789 0.132857
vn -0.991730 -0.073478 -0.105231
vn -0.930661 -0.239839 0.276312
vn -0.915371 -0.362485 -0.175215
vn -0.924062 -0.356684 -0.137427
vn -0.911975 -0.377727 -0.160076
vn -0.924739 -0.376252 -0.057373
vn -0.918964 -0.394253 -0.008291
vn -0.932555 -0.345664 0.104204
vn -0.940013 -0.337467 -0.049918
vn -0.999115 -0.038176 -0.017676
vn -0.979645 -0.157831 0.124034
vn -0.990915 -0.041091 -0.128059
vn -0.990266 -0.110250 -0.084957
vn -0.984243 -0.047648 0.170281
vn -0.960209 -0.124762 0.249865
vn -0.989961 -0.035413 0.136834
vn -0.997668 -0.014703 0.066654
vn -0.988304 -0.095826 0.118626
vn -0.943774 -0.096928 0.316062
vn -0.968543 -0.058119 0.241965
vn -0.940299 -0.338777 0.032675
vn -0.933991 -0.164836 0.317000
vn -0.918905 -0.211852 0.332765
vn -0.951747 -0.115920 0.284149
vn -0.968191 -0.250178 -0.004257
vn -0.911861 -0.244224 0.329945
vn -0.997705 0.045260 0.050363
vn -0.997978 0.060667 0.018962
vn -0.984954 -0.108997 0.134110
vn -0.755136 -0.374688 0.537939
vn -0.884679 -0.239939 0.399716
vn -0.729362 -0.407791 0.549306
vn -0.929214 -0.369540 -0.001108
vn -0.935169 -0.345707 0.077108
vn -0.979955 -0.104672 0.169508
vn -0.989751 -0.063888 0.127718
vn -0.912859 -0.303570 -0.273009
vn -0.883635 -0.220647 -0.412923
vn -0.882306 -0.193460 -0.429080
vn -0.892182 -0.392984 -0.222655
vn -0.828661 -0.548507 -0.111631
vn -0.917430 -0.336504 -0.212338
vn -0.849665 -0.526236 -0.033857
vn -0.860946 -0.503086 -0.075337
vn -0.811151 -0.582646 -0.050570
vn -0.920489 -0.358717 -0.154994
vn -0.902513 -0.401080 -0.156861
vn -0.897426 -0.286493 -0.335481
vn -0.893386 -0.433744 -0.117162
vn -0.793973 0.601712 -0.086889
vn -0.845785 0.476216 -0.240552
vn -0.893970 0.427263 -0.135145
vn -0.962416 -0.165938 0.214987
vn -0.958109 -0.183490 0.219906
vn -0.941383 -0.212634 0.261886
vn -0.869325 0.457760 -0.186363
vn -0.672986 0.588206 -0.448446
vn -0.991931 -0.116520 0.049962
vn -0.991291 -0.087298 0.098595
vn -0.993413 -0.109327 -0.034330
vn -0.994500 -0.080471 -0.067041
vn -0.022713 -0.688181 0.725184
vn -0.992926 -0.113573 0.034632
vn -0.996365 -0.082542 0.021070
vn 0.080999 -0.810546 0.580047
vn -0.983960 -0.128321 0.123918
vn -0.759194 -0.343218 0.553016
vn -0.691227 -0.294649 0.659839
vn -0.817858 -0.265324 0.510600
vn -0.745038 -0.402973 0.531536
vn -0.818727 -0.345124 0.458885
vn -0.786688 -0.377827 0.488230
vn -0.693984 -0.363151 0.621698
vn 0.084987 -0.779225 0.620956
vn 0.055163 -0.767719 0.638408
vn -0.011337 -0.672056 0.740413
vn -0.938640 0.341841 -0.045819
vn -0.679489 0.071300 0.730213
vn -0.460253 -0.205999 0.863557
vn -0.493616 0.612379 0.617523
vn 0.189822 -0.717931 0.669733
vn 0.123518 -0.680208 0.722538
vn -0.845784 -0.052961 0.530890
vn -0.821292 -0.042739 0.568905
vn -0.824316 -0.100131 0.557205
vn -0.921993 0.385108 -0.040251
vn -0.739750 0.051364 0.670918
vn -0.807380 -0.104686 0.580670
vn -0.631028 -0.114747 0.767227
vn -0.294381 0.176740 0.939203
vn -0.371238 0.052806 0.927035
vn -0.774265 -0.104614 0.624155
vn -0.953822 -0.197731 0.226112
vn -0.957225 -0.214685 0.193987
vn -0.901673 -0.295951 0.315275
vn -0.976199 -0.179421 0.121837
vn -0.203810 -0.644345 0.737076
vn -0.849594 -0.112669 0.515263
vn -0.806469 -0.193663 0.558662
vn -0.680568 0.075543 0.728780
vn -0.938788 -0.164759 0.302542
vn -0.995628 0.085203 -0.038274
vn -0.970889 0.156570 0.181276
vn -0.959546 -0.245685 0.137515
vn -0.933398 -0.257115 0.250322
vn -0.985834 -0.113448 -0.123538
vn -0.986472 -0.149920 -0.066311
vn -0.951266 -0.298694 0.076644
vn -0.947108 -0.309700 0.084100
vn -0.979586 -0.200483 -0.014732
vn -0.973719 -0.227088 0.017381
vn -0.977441 -0.180473 -0.109721
vn -0.946949 -0.303344 0.106158
vn -0.961561 0.216547 -0.168844
vn -0.987403 0.155906 0.027011
vn -0.869156 -0.350304 0.349078
vn -0.942724 -0.280585 0.180400
vn -0.984554 -0.148264 -0.093122
vn -0.993275 0.063217 0.096993
vn -0.982256 0.057183 0.178614
vn -0.932985 -0.330043 -0.143563
vn -0.932799 -0.360208 0.011683
vn -0.942008 -0.324473 -0.085659
vn -0.933609 -0.256321 0.250346
vn -0.972842 -0.170234 0.156838
vn -0.983230 -0.180345 0.027092
vn -0.857598 -0.369287 0.357984
vn -0.908646 -0.313121 0.276256
vn -0.856557 -0.300954 0.419210
vn -0.864292 -0.315432 0.391794
vn -0.917455 -0.236813 0.319680
vn -0.895895 -0.407681 -0.176545
vn -0.905620 -0.395325 -0.153525
vn -0.835365 -0.369987 0.406540
vn -0.863036 -0.352524 0.361795
vn -0.824827 -0.400816 0.398756
vn -0.827836 -0.402983 0.390246
vn -0.822139 -0.453102 0.344653
vn -0.976279 -0.062784 0.207213
vn -0.993071 0.019000 0.115972
vn -0.913294 -0.276384 0.299174
vn -0.891244 -0.360667 0.274960
vn -0.904241 -0.288008 0.315277
vn -0.860174 -0.346785 0.373954
vn -0.892277 -0.342601 0.294051
vn -0.957574 -0.128888 0.257759
vn -0.971544 0.007526 0.236740
vn -0.963409 -0.079043 0.256115
vn -0.955283 -0.195126 0.222170
vn -0.874574 -0.376342 0.305757
vn -0.820146 -0.454375 0.347712
vn -0.928967 0.258664 -0.264789
vn -0.981281 0.182210 -0.062344
vn -0.850255 -0.381088 0.363095
vn -0.837530 -0.377713 0.394811
vn -0.877701 -0.342935 0.334720
vn -0.997182 0.012040 0.074052
vn -0.903669 -0.286631 0.318158
vn -0.828908 -0.399181 0.391875
vn -0.972542 0.022581 0.231631
vn -0.986260 -0.009842 0.164910
vn -0.859709 -0.397532 0.320731
vn -0.871164 -0.402033 0.281857
vn -0.877143 -0.358559 0.319460
vn -0.879075 -0.455874 -0.139304
vn -0.912422 -0.377692 -0.157591
vn -0.826744 -0.554855 -0.092905
vn -0.861085 -0.505932 -0.050653
vn -0.900066 -0.430681 -0.066292
vn -0.876625 -0.447484 -0.176883
vn -0.720793 0.548195 -0.424193
vn -0.740195 0.007927 0.672345
vn -0.824903 0.506994 -0.249986
vn -0.945108 0.324773 -0.035952
vn -0.937119 0.341568 -0.071683
vn -0.969053 0.090161 0.229799
vn -0.973513 0.138222 0.182118
vn -0.960682 0.268021 0.072493
vn -0.975055 0.149026 0.164496
vn -0.906006 -0.274173 0.322462
vn -0.946991 -0.138622 0.289815
vn -0.908403 0.027179 0.417211
vn -0.895841 0.037230 0.442813
vn -0.952011 0.087809 0.293198
vn -0.952194 0.152905 0.264475
vn -0.887891 0.025230 0.459362
vn -0.974160 0.125550 0.187751
vn -0.972350 0.073632 0.221618
vn -0.976936 0.061636 0.204443
vn -0.978843 0.178957 0.099198
vn -0.976193 -0.006964 0.216793
vn -0.981577 0.172143 0.082902
vn -0.869398 0.473683 -0.140612
vn -0.957874 -0.131337 0.255397
vn -0.969574 -0.106013 0.220654
vn -0.934607 -0.228487 0.272585
vn -0.903498 -0.284467 0.320579
vn -0.940914 -0.208451 0.266888
vn -0.908151 -0.268252 0.321407
vn -0.978084 -0.156379 0.137471
vn -0.962920 0.169398 0.209975
vn -0.942143 -0.188333 0.277302
vn -0.854755 -0.347352 0.385670
vn -0.962851 0.064445 0.262232
vn -0.946339 -0.008573 0.323062
vn -0.964997 0.008084 0.262135
vn -0.870407 -0.011771 0.492192
vn -0.820127 0.013519 0.572022
vn -0.867773 -0.049096 0.494529
vn -0.722703 -0.096538 0.684383
vn -0.713552 -0.120334 0.690190
vn -0.778070 -0.039588 0.626928
vn -0.971741 -0.157234 0.176059
vn -0.884892 -0.298791 0.357337
vn -0.862122 0.013282 0.506527
vn -0.939778 -0.054144 0.337471
vn -0.817135 -0.383152 0.430679
vn -0.805777 -0.371965 0.460830
vn -0.944012 -0.213998 0.251090
vn -0.875103 -0.264865 0.405019
vn -0.992392 -0.084596 0.089454
vn -0.794493 -0.209049 0.570158
vn 0.047438 -0.627708 0.777002
vn -0.995522 0.083011 0.045234
vn -0.987901 -0.025745 0.152936
vn -0.976776 -0.091906 0.193552
vn -0.682911 0.000034 0.730501
vn -0.906945 -0.399824 -0.132637
vn -0.899849 -0.394725 -0.185643
vn -0.854203 -0.412626 0.316350
vn -0.880125 -0.345284 0.325820
vn -0.846594 -0.387215 0.365163
vn -0.860805 -0.332974 0.384893
vn -0.920744 -0.348003 0.176423
vn -0.938502 -0.303998 0.163702
vn -0.948508 -0.286870 0.134310
vn -0.913736 -0.303060 0.270632
vn -0.900826 -0.346085 0.262180
vn -0.930135 -0.338853 0.141517
vn -0.914354 -0.385482 0.123934
vn -0.913967 -0.354031 0.198306
vn -0.909049 -0.339493 0.241608
vn -0.997099 0.023220 -0.072487
vn -0.948017 -0.284743 0.142076
vn -0.959335 -0.268705 0.086456
vn -0.930942 -0.295128 0.215048
vn -0.976240 -0.197718 0.088673
vn -0.861552 -0.404030 0.307389
vn -0.904174 -0.323376 0.279102
vn -0.849278 -0.433305 0.301620
vn -0.965890 -0.200806 0.163502
vn -0.997761 -0.021889 -0.063193
vn -0.839901 -0.326714 0.433388
vn -0.811891 -0.365313 0.455390
vn -0.916389 -0.309505 0.253847
vn -0.897591 -0.334618 0.286987
vn -0.892119 -0.322556 0.316356
vn -0.920735 -0.390118 0.007406
vn -0.946416 -0.192005 0.259674
vn -0.952384 -0.190649 0.237944
vn -0.813468 -0.344243 0.468793
vn -0.888381 -0.322789 0.326477
vn -0.911309 -0.402865 -0.084950
vn -0.919982 -0.391941 -0.003902
vn -0.918654 -0.395058 -0.002078
vn -0.947247 -0.320187 -0.014253
vn -0.842288 -0.386867 0.375346
vn -0.857614 -0.395889 0.328283
vn -0.828425 -0.425435 0.364304
vn -0.809006 -0.389533 0.440196
vn -0.858875 -0.340122 0.382951
vn -0.951053 -0.301500 0.067799
vn -0.819907 -0.372535 0.434707
vn -0.803993 -0.283584 0.522661
vn -0.794557 -0.327854 0.511068
vn -0.943749 -0.168745 0.284364
vn -0.844663 -0.273023 0.460437
vn -0.683797 -0.406342 0.606059
vn -0.716951 -0.397168 0.572921
vn -0.814088 -0.570759 -0.107213
vn -0.864715 -0.484357 -0.132911
vn -0.862222 -0.490641 -0.125872
vn -0.845612 -0.528223 -0.076941
vn -0.885509 -0.455886 -0.089677
vn -0.927586 -0.373473 -0.010102
vn -0.822442 -0.562836 -0.082493
vn -0.816707 -0.574517 -0.054037
vn -0.830001 -0.553401 -0.069618
vn -0.814048 -0.578163 -0.055257
vn -0.809838 -0.580431 -0.085216
vn -0.791178 -0.606352 -0.079843
vn -0.882637 -0.456403 -0.112466
vn -0.943383 -0.103773 0.315056
vn -0.946609 -0.215333 0.239922
vn -0.794353 0.039033 0.606201
vn -0.935035 -0.183461 0.303399
vn -0.945414 -0.160291 0.283724
vn -0.902394 -0.259609 0.343930
vn -0.850093 -0.338030 0.403828
vn -0.944976 0.237497 -0.224977
vn -0.965417 -0.118232 0.232362
vn -0.999881 0.001678 0.015330
vn -0.805934 -0.366752 0.464719
vn -0.353821 -0.550639 0.756047
vn -0.932987 -0.359489 0.017391
vn -0.807205 -0.391459 0.441792
vn -0.860550 -0.359856 0.360496
vn -0.904882 0.219938 -0.364438
vn -0.840302 0.452836 -0.298049
vn -0.953412 -0.261914 0.149691
vn -0.868871 -0.397635 0.294873
vn -0.970564 0.240721 0.007673
vn -0.994457 0.101830 0.026183
vn -0.810443 -0.407058 0.421291
vn -0.780837 -0.375137 0.499566
vn -0.799670 -0.372567 0.470873
vn -0.733738 -0.326423 0.595883
vn -0.760176 -0.317061 0.567102
vn -0.984491 0.067459 0.161945
vn -0.970167 0.043833 0.238440
vn -0.719876 -0.398501 0.568309
vn -0.873272 -0.229712 0.429683
vn -0.992559 0.060960 0.105404
vn -0.990732 0.023966 0.133702
vn -0.989331 0.015581 0.144851
vn -0.837559 -0.272505 0.473535
vn -0.970250 -0.098333 0.221239
vn -0.994858 0.061646 0.080356
vn -0.993697 0.079898 0.078636
vn -0.986011 0.081691 0.145292
vn -0.899089 0.038893 0.436035
vn -0.896558 0.212352 0.388704
vn -0.921676 -0.286513 0.261579
vn -0.903895 -0.307791 0.297049
vn -0.845099 -0.300612 0.442085
vn -0.795742 -0.328176 0.509013
vn -0.824097 -0.185266 0.535295
vn -0.978115 -0.179507 0.105209
vn -0.777911 -0.229700 0.584886
vn -0.805717 -0.308339 0.505715
vn -0.807386 -0.243607 0.537386
vn -0.405503 0.180314 0.896133
vn -0.883299 0.300741 -0.359635
vn -0.996635 0.026034 -0.077722
vn -0.985441 0.063308 -0.157793
vn -0.745446 -0.293631 0.598407
vn -0.863395 -0.281669 0.418583
vn -0.997043 0.049361 0.058890
vn -0.828698 -0.557096 -0.053886
vn -0.809071 -0.419983 0.411118
vn -0.675696 -0.389236 0.626044
vn -0.664443 -0.414034 0.622167
vn -0.989561 -0.006734 0.143958
vn -0.869778 0.391834 -0.299920
vn -0.724909 0.666149 -0.175362
vn -0.784278 -0.353718 0.509698
vn -0.818991 -0.281451 0.500038
vn -0.962783 -0.078441 0.258643
vn -0.995391 0.031378 0.090621
vn -0.951885 -0.108844 0.286474
vn -0.996087 0.080382 0.036740
vn -0.690542 -0.336196 0.640410
vn -0.994721 0.070760 0.074314
vn -0.985615 -0.020492 0.167761
vn -0.993036 0.087930 0.078402
vn -0.986479 0.061703 0.151827
vn -0.891799 0.123615 0.435216
vn -0.897352 0.200439 0.393172
vn -0.734858 0.115862 0.668252
vn -0.911450 0.212812 -0.352093
vn -0.973344 -0.126307 0.191435
vn -0.963336 -0.203522 0.174820
vn -0.993552 0.051736 0.100885
vn -0.884738 0.256222 -0.389345
vn -0.902374 0.323202 -0.285065
vn -0.944045 0.269013 -0.190818
vn -0.851337 0.321829 -0.414308
vn -0.943093 0.221307 -0.248192
vn -0.913341 -0.365485 0.179525
vn -0.919087 -0.370665 0.133736
vn -0.822713 -0.430837 0.370841
vn -0.873826 -0.408934 0.263062
vn -0.902635 -0.408089 0.136797
vn -0.834448 0.297948 -0.463598
vn -0.818111 0.247920 -0.518874
vn -0.967025 0.252166 -0.035708
vn -0.772215 0.606697 -0.188686
vn -0.973508 -0.214644 0.078805
vn -0.955456 0.135527 -0.262174
vn -0.940892 0.202864 -0.271233
vn -0.898656 0.338587 -0.278884
vn -0.988774 0.077943 -0.127476
vn -0.984332 -0.150940 0.091151
vn -0.481478 0.720414 -0.499182
vn 0.605368 0.792997 0.068458
vn 0.614842 0.764674 0.192985
vn 0.308884 0.688598 -0.656067
vn 0.615278 0.784728 0.075063
vn 0.621023 0.755609 0.208291
vn 0.805659 0.590066 0.052303
vn 0.899240 0.422319 0.114077
vn 0.707384 0.702124 -0.081420
vn 0.900064 0.435730 0.004881
vn 0.547851 0.822655 0.151979
vn 0.606246 0.788677 -0.102244
vn 0.847897 0.530093 0.008486
vn 0.651237 0.758402 0.026784
vn -0.310328 -0.207868 -0.927624
vn 0.752043 0.657331 0.048448
vn 0.705416 0.683272 0.188489
vn 0.536471 0.330605 -0.776466
vn 0.797226 0.603627 -0.008120
vn 0.633890 0.762098 0.131871
vn 0.513901 0.856132 0.054254
vn 0.695130 0.705093 0.140136
vn 0.505683 0.859285 0.076898
vn 0.396337 0.916777 -0.049365
vn 0.321089 0.933026 -0.162368
vn 0.420225 0.905686 -0.056067
vn 0.333283 0.941528 -0.049465
vn 0.350607 0.919546 -0.177510
vn 0.532861 0.834438 -0.140613
vn 0.613169 0.781650 -0.114222
vn 0.480385 0.872811 -0.086207
vn 0.392555 0.894961 -0.212003
vn 0.545116 0.838067 0.022186
vn 0.446638 0.883478 -0.141357
vn 0.665893 0.746041 0.003029
vn 0.604779 0.796368 -0.006439
vn 0.532966 0.843757 -0.063414
vn 0.658431 0.752609 -0.006979
vn 0.630877 0.770728 -0.089292
vn 0.632338 0.773138 0.049048
vn 0.348850 0.926076 -0.143829
vn 0.395235 0.917912 0.035038
vn 0.525073 0.830849 -0.184359
vn 0.307782 0.949504 -0.060926
vn 0.158979 0.986890 -0.027825
vn 0.602663 0.797599 -0.025164
vn -0.055934 0.995777 0.072799
vn 0.361475 0.915158 -0.178388
vn 0.274731 0.961507 0.005189
vn 0.616545 0.785374 0.055311
vn 0.451451 0.870414 -0.196396
vn 0.656813 0.739098 -0.149439
vn 0.566712 0.819347 -0.086641
vn 0.629835 0.776729 0.000293
vn 0.691586 0.716786 -0.089027
vn 0.762974 0.646059 -0.021866
vn 0.598566 0.800821 -0.020120
vn 0.692609 0.719366 -0.052973
vn 0.738318 0.670218 0.075468
vn 0.784529 0.612056 0.099511
vn 0.945182 0.326449 -0.007887
vn 0.954940 0.292549 0.050049
vn 0.961552 -0.225833 0.156262
vn 0.869427 0.480640 0.114374
vn 0.927575 0.373632 0.001891
vn 0.485330 0.873919 -0.026825
vn 0.703668 0.702825 -0.104347
vn 0.043514 -0.036527 -0.998385
vn 0.804334 0.593027 -0.036967
vn 0.593635 0.802778 0.056069
vn 0.861482 0.499091 -0.093579
vn 0.262131 -0.011496 -0.964964
vn 0.499808 0.865530 -0.032390
vn 0.387681 0.920449 -0.049770
vn 0.620056 0.784400 0.015720
vn 0.370220 0.926762 -0.063629
vn 0.360593 0.930587 -0.063087
vn 0.531545 0.842066 -0.091569
vn 0.534415 0.844123 -0.043099
vn 0.488061 0.871496 -0.047855
vn 0.593536 0.803958 -0.036969
vn 0.769457 0.638656 -0.007320
vn 0.995375 -0.032632 0.090359
vn 0.996710 -0.014572 0.079728
vn 0.624712 0.780237 -0.031075
vn 0.997225 -0.063049 -0.039584
vn 0.143707 -0.277303 -0.949974
vn 0.996800 -0.053351 0.059526
vn 0.997980 -0.004944 0.063338
vn -0.316298 -0.940772 -0.122078
vn 0.554380 -0.503944 -0.662347
vn 0.507671 -0.855982 0.097805
vn 0.366833 -0.922382 0.121014
vn 0.997214 -0.011472 0.073701
vn 0.213451 -0.974600 0.067778
vn 0.186301 -0.979087 0.081739
vn 0.298221 -0.946814 0.120862
vn 0.257073 -0.960172 0.109468
vn 0.986573 -0.101892 0.127636
vn 0.532256 0.846566 -0.005509
vn 0.895758 0.439073 0.069508
vn 0.769530 0.637570 0.036437
vn 0.744929 0.665245 0.050302
vn 0.832955 0.540187 0.119934
vn 0.797228 0.598522 0.078733
vn 0.953287 0.116537 0.278680
vn 0.962127 0.029349 0.271017
vn 0.931599 -0.356159 0.072630
vn 0.996464 -0.081433 -0.020714
vn 0.931442 0.145822 0.333395
vn 0.942898 -0.141487 0.301538
vn 0.926138 -0.314996 0.207472
vn 0.884525 -0.453549 -0.109123
vn 0.921276 -0.379148 -0.086585
vn 0.889298 0.088094 0.448763
vn 0.403820 -0.903085 -0.146171
vn 0.967054 -0.203354 0.153146
vn 0.513495 -0.844322 0.153114
vn 0.459388 -0.872163 0.168206
vn 0.948395 -0.263751 0.176017
vn 0.362963 -0.929435 0.066395
vn 0.959163 -0.179949 0.218233
vn 0.927206 0.038533 0.372564
vn 0.286340 -0.950565 0.120147
vn 0.805787 -0.390883 0.444880
vn 0.305911 -0.934914 0.179874
vn 0.429258 -0.899672 0.079543
vn 0.967225 -0.249814 -0.045477
vn 0.715204 0.698460 0.025220
vn 0.511296 0.859128 0.021810
vn 0.963856 0.262662 0.044606
vn 0.600244 0.797168 0.065047
vn 0.881793 0.468438 0.054835
vn 0.967941 0.204399 0.145982
vn 0.728409 0.676642 0.107592
vn 0.837302 0.543257 0.061626
vn 0.673220 0.721733 0.160865
vn 0.972276 0.233744 -0.006526
vn 0.757530 0.652790 0.003495
vn 0.752887 0.658095 0.008542
vn 0.659406 0.751579 -0.017665
vn 0.762695 0.641816 0.079809
vn 0.695806 0.717560 0.031006
vn 0.987327 -0.158621 -0.004925
vn 0.990642 0.068576 0.118010
vn 0.985214 -0.048385 0.164356
vn 0.965419 -0.218652 0.141978
vn 0.970082 -0.225428 0.090126
vn 0.985182 -0.118636 0.123863
vn 0.995437 -0.075446 -0.058423
vn 0.994970 -0.052881 0.085076
vn 0.999657 0.020556 -0.016256
vn 0.879226 0.476252 -0.012078
vn 0.989964 0.046043 0.133607
vn 0.982748 -0.184409 0.014108
vn 0.973692 0.226014 -0.029018
vn 0.907024 -0.410777 0.092574
vn 0.976954 -0.184909 0.106631
vn 0.557710 -0.828209 0.055039
vn 0.933506 -0.358421 -0.010040
vn 0.744055 0.664961 0.064874
vn 0.324940 -0.945433 -0.023900
vn 0.648882 0.760679 -0.017880
vn 0.985520 0.168997 -0.013837
vn 0.583002 0.802143 -0.129131
vn 0.987538 -0.157245 0.006529
vn 0.991041 0.117448 0.063590
vn 0.540716 0.841204 -0.001639
vn 0.898477 0.428077 -0.097408
vn 0.952633 -0.292920 -0.081780
vn 0.714898 0.694399 -0.082042
vn 0.877246 0.450434 -0.165975
vn 0.140059 0.059641 0.988345
vn 0.760414 0.648692 0.031125
vn -0.643639 0.385392 0.661213
vn 0.990860 -0.134893 0.000889
vn 0.986590 0.162945 0.009451
vn 0.962068 0.068868 -0.263974
vn 0.968586 0.134789 -0.208980
vn 0.522515 -0.852559 0.011028
vn 0.997708 -0.067074 0.008955
vn 0.796290 -0.604616 -0.019006
vn 0.742068 -0.668722 0.046333
vn 0.956826 0.192557 -0.217728
vn 0.940903 0.295641 -0.165219
vn 0.934875 0.354977 -0.000037
vn 0.533130 0.272308 0.801012
vn 0.949546 0.310048 0.047255
vn -0.449573 -0.139900 0.882220
vn 0.971272 0.237161 -0.019638
vn 0.932177 0.179691 -0.314256
vn 0.986237 -0.022593 -0.163784
vn 0.206796 0.008094 0.978351
vn 0.934070 -0.357031 -0.006478
vn 0.998346 0.053831 0.020210
vn 0.912015 -0.391616 0.121928
vn 0.951047 -0.306326 0.040904
vn 0.734658 -0.667746 0.119970
vn 0.995521 -0.017332 0.092938
vn 0.811143 -0.572174 0.121096
vn 0.856143 -0.511738 0.071717
vn 0.866886 -0.488871 0.097539
vn 0.703860 -0.710330 -0.003350
vn 0.799232 -0.587713 0.125781
vn 0.983593 -0.169712 0.061186
vn 0.990974 -0.119645 0.060457
vn 0.961758 -0.273573 -0.013431
vn 0.999312 0.014831 0.034007
vn 0.822947 -0.567397 -0.028624
vn 0.910116 -0.413876 0.019871
vn 0.578395 -0.812962 -0.067471
vn 0.587400 -0.806489 0.067354
vn 0.586403 -0.809284 0.034496
vn -0.232672 -0.965461 -0.117253
vn -0.100766 -0.994537 -0.027230
vn 0.164684 -0.983439 -0.075671
vn 0.559152 -0.826202 -0.068846
vn 0.536217 -0.844005 -0.011315
vn 0.027566 -0.998662 -0.043743
vn 0.668147 -0.743763 -0.019902
vn 0.996944 0.017830 -0.076052
vn 0.979984 0.149404 -0.131565
vn 0.895545 0.422091 -0.140847
vn 0.856011 0.468641 -0.218220
vn 0.896387 0.322908 -0.303679
vn 0.956846 0.160878 -0.242000
vn 0.972428 -0.075533 -0.220630
vn 0.961179 0.174037 -0.214117
vn 0.970914 0.239423 -0.001890
vn -0.002869 -0.096357 0.995343
vn 0.992327 0.109095 -0.058180
vn 0.777981 0.124998 0.615728
vn 0.188174 -0.539482 0.820701
vn 0.985606 -0.149104 -0.079682
vn 0.957839 -0.212396 -0.193474
vn 0.991521 0.053335 -0.118499
vn 0.976045 -0.023124 -0.216337
vn 0.682467 -0.720222 -0.124577
vn 0.786209 -0.614912 -0.061306
vn 0.529721 -0.841218 -0.108382
vn 0.366077 -0.925842 -0.093829
vn 0.592183 -0.805694 -0.013305
vn 0.444723 -0.865143 0.231837
vn 0.580839 0.142156 0.801509
vn -0.971958 0.160606 0.171765
vn -0.973906 0.185730 0.130429
vn -0.979374 0.115106 0.166061
vn -0.870320 0.472086 0.140281
vn -0.925605 -0.264768 0.270468
vn -0.977814 0.209468 -0.001683
vn -0.918061 0.389840 0.072031
vn -0.906920 0.417997 -0.052679
vn -0.971894 0.203112 0.119030
vn -0.988467 0.150145 0.019743
vn -0.988466 0.144634 0.044890
vn -0.959007 0.280430 -0.040788
vn -0.993863 0.108809 -0.019936
vn -0.979961 -0.089584 0.177905
vn -0.934595 -0.233430 0.268406
vn -0.935058 -0.302980 0.184038
vn -0.994413 -0.008976 0.105180
vn -0.935710 -0.305182 0.176951
vn -0.920132 -0.271670 0.282051
vn -0.970550 -0.147945 0.190117
vn -0.968203 -0.180868 0.172829
vn -0.956620 0.290864 -0.016638
vn -0.896264 0.441644 -0.040768
vn -0.892658 0.449992 0.025881
vn -0.998231 0.023168 0.054760
vn -0.988159 0.153431 0.000084
vn -0.998868 -0.003885 -0.047414
vn -0.996515 -0.082196 -0.014192
vn -0.940458 0.339000 0.024848
vn -0.979683 -0.160177 0.120682
vn -0.981674 0.190569 0.000281
vn -0.958499 0.285092 -0.001416
vn -0.986380 0.148356 -0.071025
vn -0.976596 0.187731 -0.104962
vn -0.989675 0.092314 -0.109643
vn -0.990274 0.110598 -0.084415
vn -0.982908 0.183706 -0.012024
vn -0.998745 -0.033645 -0.037108
vn -0.996480 0.068777 -0.047921
vn -0.906183 0.417727 0.065847
vn -0.997253 -0.072706 -0.014171
vn -0.998662 -0.050746 -0.009959
vn -0.712214 0.691917 -0.118328
vn -0.549747 0.834950 -0.025240
vn -0.992956 0.076761 -0.090261
vn -0.999525 0.021081 -0.022474
vn -0.957028 0.280674 -0.072928
vn -0.776310 0.615622 0.135471
vn -0.839510 0.535366 0.092768
vn -0.991638 -0.101519 -0.079671
vn -0.938356 0.345664 -0.002066
vn -0.611018 0.781901 0.123643
vn -0.682965 0.729301 0.040977
vn -0.691941 0.716760 0.086445
vn -0.539579 0.833185 -0.121069
vn -0.512955 0.843636 -0.158604
vn -0.522348 0.829399 0.198115
vn -0.746150 0.665740 0.007078
vn -0.685134 0.718366 -0.120591
vn -0.638390 0.758121 -0.133081
vn -0.875143 0.464396 0.135870
vn -0.934597 -0.345151 -0.086016
vn -0.953990 -0.298437 -0.028965
vn -0.899546 -0.330130 0.286061
vn -0.943691 -0.270878 0.189929
vn -0.887494 -0.343113 0.307615
vn -0.953257 -0.236059 0.188618
vn -0.949836 -0.247883 0.190696
vn -0.950253 -0.240354 0.198115
vn -0.985127 -0.141087 0.098078
vn -0.971957 0.234538 0.017101
vn -0.885877 0.463769 0.011868
vn -0.982572 -0.166548 0.082551
vn -0.952220 -0.265532 0.150898
vn -0.991275 0.126650 0.036506
vn -0.979903 0.195043 0.041823
vn -0.526559 -0.849454 0.034120
vn -0.537828 -0.843038 -0.005347
vn -0.667428 -0.709682 0.225592
vn -0.598419 -0.786480 0.152789
vn -0.562240 -0.817765 0.123074
vn -0.515376 -0.852872 0.083649
vn -0.802165 0.593152 0.068569
vn -0.993622 -0.043554 -0.104010
vn -0.832881 0.551338 0.048331
vn -0.998104 0.058332 0.019618
vn -0.830141 0.550733 0.086944
vn -0.929667 -0.321051 -0.180679
vn -0.994851 -0.098605 -0.023403
vn -0.674522 -0.738206 -0.008472
vn -0.990535 -0.134925 -0.025205
vn -0.983933 0.119559 -0.132592
vn -0.486450 0.867752 -0.101846
vn -0.811643 -0.584121 0.006272
vn -0.875713 -0.469201 -0.113913
vn -0.852876 -0.519525 0.051928
vn -0.959898 -0.208441 -0.187479
vn -0.521956 -0.852462 0.029510
vn -0.819397 -0.562106 -0.112361
vn -0.851901 -0.507842 -0.127913
vn -0.570869 -0.820382 -0.032898
vn -0.614722 -0.787058 -0.051535
vn -0.538233 -0.833830 -0.122603
vn -0.585897 -0.796571 -0.148991
vn 0.098298 -0.972361 0.211781
vn -0.936828 -0.294195 -0.189213
vn -0.819939 -0.571253 -0.037028
vn -0.854635 -0.516846 -0.049691
vn -0.892564 -0.446713 0.061451
vn -0.689269 -0.701331 0.181778
vn -0.743285 0.652593 -0.147141
vn -0.973097 -0.215668 -0.081051
vn -0.993875 -0.103340 -0.039160
vn -0.969201 -0.245424 0.020411
vn -0.889802 -0.455085 0.033905
vn -0.822097 -0.568927 -0.021881
vn -0.867842 -0.493644 0.056267
vn -0.831966 -0.544759 0.105213
vn -0.992509 0.120443 -0.020462
vn -0.982923 -0.184009 0.001700
vn -0.563613 0.815095 -0.134019
vn -0.823075 0.476235 -0.309431
vn -0.979529 0.103948 -0.172388
vn -0.972573 -0.083109 -0.217243
vn -0.942130 -0.145122 -0.302208
vn -0.836471 -0.491889 -0.241581
vn -0.930289 -0.357014 -0.084285
vn -0.936270 -0.343299 -0.074456
vn -0.693474 -0.718459 0.053950
vn -0.931061 -0.355485 -0.082196
vn -0.884005 0.306511 -0.352969
vn -0.516423 -0.833835 0.195002
vn -0.781160 -0.620734 -0.066927
vn -0.389137 -0.913141 0.121434
vn -0.663870 -0.741723 0.095514
vn -0.836589 -0.541039 0.085993
vn -0.687336 -0.718300 0.107775
vn -0.729078 -0.668048 -0.148851
vn -0.977243 0.190485 -0.093331
vn -0.902340 -0.430878 -0.011227
vn -0.948152 0.304554 -0.090860
vn -0.378100 -0.922641 0.075992
vn -0.880277 -0.468140 -0.077185
vn -0.953326 0.279754 -0.113610
vn -0.460804 -0.887478 -0.006533
vn -0.964831 0.189953 -0.181711
vn -0.973742 -0.058243 -0.220080
vn -0.860248 -0.491154 -0.136894
vn -0.875721 -0.462693 -0.137941
vn -0.904544 -0.325712 -0.275158
vn -0.565593 -0.822775 -0.056090
vn -0.451317 -0.888931 0.078198
vn -0.529508 -0.848226 -0.011596
vn -0.432158 -0.901422 0.026037
vn -0.763853 -0.645341 0.008008
vn -0.416019 -0.904784 0.091071
vn -0.492419 -0.870312 0.008973
vn -0.597513 -0.799911 0.055855
vn -0.706497 -0.702865 -0.082719
vn -0.794583 -0.565799 -0.220248
vn -0.685000 -0.727461 -0.039705
vn -0.806474 -0.525258 -0.271484
vn -0.753131 -0.640569 -0.149884
vn -0.578539 -0.814546 0.042513
vn -0.503921 -0.863638 -0.013876
vn -0.643263 -0.763675 -0.054888
vn -0.942768 -0.217989 -0.252328
vn -0.940551 -0.339032 -0.020526
vn -0.670446 -0.735597 -0.096948
vn -0.799041 -0.599744 -0.042896
vn -0.933354 -0.324154 -0.154193
vn -0.790996 -0.536896 -0.293373
vn -0.659115 -0.750657 -0.045609
vn -0.429204 -0.902054 -0.045629
vn -0.731240 -0.679138 -0.063720
vn -0.611411 -0.780264 -0.131773
vn -0.507152 -0.861297 0.031066
vn -0.616696 -0.779178 -0.112105
vn -0.386527 -0.921754 0.031074
vn -0.642876 -0.765935 0.007395
vn -0.438307 -0.897386 -0.050851
vn -0.441631 -0.881089 -0.169247
vn -0.602766 -0.788671 -0.121125
vn -0.370359 -0.920772 0.122530
vn -0.430390 -0.900356 0.064211
vn -0.233944 -0.970903 0.051163
vn -0.336152 -0.940769 0.044213
vn -0.550836 -0.834020 0.031463
vn -0.643377 -0.765015 0.028617
vn -0.728779 -0.684353 0.023266
vn -0.718397 -0.692575 0.065157
vn -0.564896 -0.824868 0.022036
vn -0.709121 -0.703562 0.046338
vn -0.784385 -0.593183 -0.181312
vn -0.756460 -0.646719 -0.097584
vn -0.690847 -0.722787 -0.017606
vn -0.600031 -0.797455 0.063468
vn -0.634975 -0.771638 0.037177
vn -0.640899 -0.766721 0.037240
vn -0.636261 -0.770062 0.046650
vn 0.210720 -0.972017 0.103830
vn -0.230012 0.970508 0.072179
vn 0.669562 0.564968 0.482180
vn 0.232501 0.971722 0.041226
vn 0.854298 0.403721 -0.327391
vn 0.426207 0.861798 -0.275050
vn 0.733152 0.549026 -0.401322
vn -0.474232 0.844045 0.250385
vn 0.721915 -0.404353 0.561548
vn -0.511112 0.847542 0.142959
vn 0.266238 0.077183 0.960812
vn 0.746284 0.614128 -0.256724
vn 0.748360 0.652566 -0.118807
vn 0.786847 0.613243 -0.069315
vn 0.339674 0.938947 -0.054767
vn 0.820773 0.533602 -0.203964
vn 0.973060 0.132539 -0.188647
vn -0.004820 0.995702 -0.092491
vn -0.025980 0.998400 -0.050228
vn -0.111640 0.992953 -0.039766
vn -0.531548 0.845838 -0.044891
vn -0.168890 0.978683 -0.116862
vn 0.827416 0.522320 -0.206311
vn -0.553115 0.787954 0.270543
vn 0.192821 0.174669 0.965562
vn -0.687719 0.703256 0.180205
vn -0.716271 0.644116 0.268459
vn -0.496372 0.558985 0.664192
vn -0.951189 0.201417 0.233816
vn -0.935500 0.252085 0.247572
vn -0.972149 0.151387 0.178911
vn -0.725006 0.677337 0.124825
vn -0.512391 0.856039 -0.068211
vn -0.434226 0.892816 -0.119699
vn -0.799508 0.596316 0.072072
vn -0.962444 0.026258 0.270209
vn -0.799526 0.597268 0.063477
vn -0.639185 0.758155 -0.129009
vn -0.851765 0.516451 0.088172
vn -0.806503 0.590750 0.023814
vn -0.709485 0.695818 0.111661
vn -0.958410 -0.114113 0.261588
vn 0.087941 0.978590 -0.186086
vn 0.640009 0.658731 -0.395554
vn 0.442720 0.812396 -0.379488
vn 0.629797 0.701786 -0.332944
vn 0.145142 0.960414 -0.237779
vn -0.467232 0.883679 0.028386
vn -0.792999 0.579995 0.186435
vn 0.725705 0.657219 -0.203506
vn -0.688422 0.716363 0.113579
vn 0.447703 0.867280 -0.217688
vn 0.082069 0.963413 0.255149
vn -0.153687 0.980511 0.122391
vn 0.544071 0.837644 0.048365
vn 0.595998 0.802927 -0.009707
vn -0.557851 0.805414 0.200278
vn 0.332064 0.940834 -0.067570
vn -0.885974 0.427628 0.179401
vn -0.449198 0.893182 0.021123
vn 0.508079 0.860966 0.024372
vn -0.698190 0.710645 -0.086685
vn -0.762832 0.645341 0.040273
vn -0.707312 0.702139 -0.081922
vn -0.410602 0.909384 -0.066537
vn -0.947730 0.197170 0.250861
vn 0.011555 0.983162 -0.182373
vn -0.842016 0.539376 0.009066
vn -0.892710 0.413472 0.179193
vn -0.962412 0.155782 0.222475
vn -0.978403 0.120947 0.167631
vn -0.964848 -0.055709 0.256835
vn -0.714442 0.671026 -0.198234
vn -0.661077 0.749860 0.026205
vn -0.495790 0.867192 -0.046577
vn -0.769946 0.604577 0.204132
vn -0.727535 0.676012 0.117047
vn -0.729104 0.664872 0.162337
vn -0.782178 0.621384 0.045609
vn -0.196915 0.980191 -0.021202
vn -0.802289 0.584935 -0.119092
vn -0.724676 0.679661 -0.113607
vn -0.550144 0.821817 -0.148184
vn -0.811733 0.566502 0.142004
vn -0.762689 0.622528 0.175398
vn -0.853000 0.512213 0.100144
vn -0.745530 0.634328 0.204486
vn 0.000093 0.094278 0.995546
vn -0.527723 0.848876 0.030292
vn -0.914671 0.346287 0.208477
vn -0.610840 0.790881 0.037168
vn -0.959797 -0.008402 0.280569
vn -0.964405 0.193922 0.179768
vn -0.616069 0.775747 -0.136657
vn -0.966359 0.100067 0.236933
vn -0.717049 0.691118 0.090537
vn -0.945719 0.314695 0.081130
vn -0.658680 0.745957 -0.098434
vn -0.983031 0.069932 0.169587
vn -0.962761 -0.199710 0.182231
vn -0.837779 0.545039 0.032534
vn -0.953510 0.145403 0.263965
vn -0.485355 -0.337712 0.806462
vn -0.921955 0.359568 0.143907
vn -0.936656 0.313433 0.156318
vn -0.604548 -0.470826 0.642529
vn -0.958393 0.259623 0.118651
vn -0.983618 -0.134781 0.119709
vn -0.970000 0.027288 0.241568
vn -0.975561 0.213609 0.051502
vn -0.976684 -0.056942 0.206994
vn -0.926424 0.347866 0.143970
vn -0.917524 -0.357534 0.174123
vn -0.981817 -0.044720 0.184485
vn -0.754528 0.653985 -0.054683
vn -0.975034 0.201186 0.093979
vn -0.608122 0.793413 0.026146
vn -0.996176 0.083323 0.026267
vn -0.988908 0.145929 0.027656
vn -0.986862 -0.158745 0.030071
vn -0.997977 -0.036378 -0.052139
vn -0.971971 -0.230696 -0.045293
vn -0.828202 -0.560225 -0.015150
vn -0.940534 -0.333634 -0.063902
vn -0.939932 -0.339936 0.031175
vn -0.675888 0.736679 -0.021910
vn -0.996001 -0.006396 0.089115
vn -0.954389 -0.268832 0.129891
vn -0.892477 -0.441191 0.093995
vn -0.785382 -0.614292 0.076287
vn 0.035816 0.994270 -0.100716
vn -0.657682 0.752307 -0.038574
vn 0.115440 0.987091 -0.111020
vn -0.319541 0.946715 -0.040290
vn -0.340517 0.935756 -0.091703
vn -0.320053 0.946925 -0.029999
vn -0.057733 0.995963 -0.068732
vn 0.375750 0.919490 -0.115545
vn 0.484837 0.871745 0.070671
vn -0.008945 0.997622 -0.068341
vn -0.069775 0.993562 -0.089257
vn -0.236384 0.969958 -0.057486
vn -0.325425 0.943038 -0.069123
vn -0.273607 0.959689 0.064306
vn -0.384483 0.902401 -0.194540
vn -0.547072 0.837081 0.002889
vn -0.415713 0.900801 -0.125461
vn -0.324273 0.930075 -0.172649
vn -0.198551 0.979959 -0.016087
vn -0.095607 0.994687 -0.038163
vn -0.487460 0.871232 -0.057771
vn -0.402898 0.911041 -0.087623
vn -0.609651 0.791951 -0.033762
vn -0.934933 0.354801 0.004090
vn -0.940148 0.340689 0.007268
vn -0.931458 0.363677 -0.011192
vn -0.323372 0.933204 -0.156718
vn -0.439337 0.888680 -0.131266
vn -0.134026 0.990502 -0.030714
vn -0.869277 0.489872 -0.066201
vn -0.234731 0.968733 -0.080358
vn -0.401713 0.914479 -0.048536
vn -0.407843 0.909808 -0.076898
vn -0.602879 0.784747 -0.143905
vn -0.784486 0.610907 -0.106649
vn -0.339889 0.940449 0.005468
vn -0.797344 0.592491 -0.114880
vn -0.081576 0.996658 0.004304
vn -0.937495 -0.345452 0.042030
vn -0.058225 0.998193 0.014819
vn -0.636169 0.771116 -0.025855
vn 0.236597 0.971360 -0.021959
vn -0.194248 0.980871 -0.012631
vn 0.281044 0.957857 0.059358
vn -0.742715 0.663955 -0.086820
vn -0.669042 0.735599 -0.106192
vn -0.466732 0.877766 -0.108114
vn -0.802538 0.588893 -0.095595
vn 0.274135 0.961069 0.034597
vn -0.251849 0.967670 0.013648
vn -0.709423 0.701315 -0.069828
vn -0.022026 0.999210 -0.033072
vn 0.711868 0.681054 -0.171492
vn -0.561360 0.553158 -0.615542
vn -0.837877 0.533080 -0.117421
vn -0.613950 0.779260 -0.125771
vn 0.522672 0.330846 -0.785719
vn -0.876174 0.440856 -0.194845
vn -0.660470 0.738594 -0.135123
vn -0.829828 0.546240 -0.114050
vn -0.844815 0.509340 -0.163891
vn -0.899881 0.391208 -0.192796
vn -0.779983 0.604603 -0.161498
vn -0.653388 0.747935 -0.116948
vn -0.965386 0.163356 -0.203332
vn -0.882488 0.443261 -0.157274
vn -0.963800 0.173834 -0.202166
vn -0.922571 0.349517 -0.163404
vn -0.961188 0.074820 -0.265554
vn -0.491753 0.032006 -0.870146
vn -0.957114 0.078487 -0.278877
vn 0.038429 -0.012742 -0.999180
vn 0.037891 -0.038162 -0.998553
vn -0.950332 0.120437 -0.286992
vn -0.967642 0.123050 -0.220288
vn -0.787619 0.599442 -0.142570
vn -0.875150 -0.483476 0.019088
vn -0.750428 -0.660777 0.015184
vn -0.651148 -0.757540 0.046256
vn -0.507020 -0.861041 -0.039240
vn -0.173002 -0.984855 -0.011468
vn 0.086937 -0.994586 0.056923
vn -0.819633 -0.572729 0.013543
vn -0.778062 -0.627997 0.015453
vn 0.131677 -0.982330 0.132996
vn -0.900340 -0.433865 -0.033909
vn -0.433910 -0.900945 0.004616
vn -0.136402 -0.982737 0.124990
vn -0.519244 -0.854547 0.011591
vn -0.923418 -0.375168 -0.080922
vn -0.125280 -0.981726 0.143247
vn -0.128382 -0.982570 0.134440
vn -0.328712 -0.940608 0.084879
vn -0.891242 -0.450417 -0.053033
vn -0.833226 -0.542508 -0.106864
vn -0.645554 -0.759515 -0.079981
vn -0.946540 -0.312124 -0.081483
vn -0.982148 -0.077104 -0.171583
vn -0.679065 -0.733688 0.023916
vn -0.390041 -0.916141 0.092483
vn -0.955318 -0.257670 -0.144820
vn -0.977097 -0.064345 -0.202834
vn -0.545004 -0.838012 0.026602
vn -0.980435 -0.028450 -0.194774
vn -0.959624 0.013854 -0.280944
vn 0.493116 -0.264073 -0.828916
vn -0.979053 -0.054226 -0.196252
vn -0.965464 -0.064634 -0.252392
vn -0.541985 -0.050737 -0.838855
vn -0.846773 -0.505600 -0.165360
vn 0.054383 -0.631595 -0.773389
vn -0.665707 -0.746058 -0.015238
vn -0.367251 -0.927974 0.063170
vn -0.332568 -0.935564 0.118819
vn -0.063244 -0.985390 -0.158137
vn 0.950915 0.304482 -0.055234
vn 0.867742 0.493414 0.059713
vn 0.990513 0.131633 -0.039455
vn 0.932154 0.359221 0.045261
vn 0.980531 0.126394 -0.150280
vn 0.652586 0.756480 0.043251
vn 0.059716 0.994383 -0.087390
vn 0.285866 0.956445 -0.059102
vn 0.821872 0.569356 0.018972
vn 0.817079 0.568524 0.095722
vn 0.275957 0.953281 -0.122892
vn 0.472564 0.879907 -0.049455
vn 0.474972 0.878548 -0.050547
vn 0.912773 0.407935 -0.020854
vn 0.990103 -0.072017 -0.120456
vn 0.975297 -0.220897 -0.001157
vn 0.971717 -0.235423 0.018526
vn 0.819187 -0.571934 0.042709
vn 0.776853 0.629392 -0.019098
vn 0.722570 0.689855 -0.044639
vn 0.889786 0.454955 -0.036013
vn 0.955320 -0.292913 0.039568
vn 0.828028 -0.541456 0.145586
vn 0.974493 -0.209197 0.081235
vn 0.506210 -0.852039 0.133345
vn 0.496688 -0.865455 0.065487
vn 0.543067 -0.836017 0.078445
vn 0.086693 0.995830 -0.028406
vn 0.665474 0.741077 0.089158
vn 0.498947 0.856846 0.129873
vn 0.456991 0.883451 0.103315
vn 0.391504 0.920162 -0.005193
vn 0.364189 0.929694 -0.055090
vn 0.982291 0.167567 0.083818
vn 0.659185 0.751128 -0.035814
vn 0.921388 0.362518 0.140087
vn 0.795991 0.604733 0.026389
vn 0.366622 0.923424 -0.113470
vn 0.975251 0.166805 0.145126
vn 0.999535 -0.018651 0.024120
vn 0.947654 -0.229839 0.221643
vn 0.975134 -0.203965 0.086671
vn 0.934733 0.344559 0.086915
vn 0.992338 -0.098933 0.074014
vn 0.379723 -0.925076 -0.006734
vn 0.618363 -0.785893 0.000187
vn 0.548792 -0.827218 0.120574
vn 0.503656 -0.862451 0.050094
vn 0.852318 -0.510064 0.115710
vn 0.131130 -0.986590 -0.097186
vn -0.032457 -0.995994 -0.083326
vn 0.973577 -0.160884 0.162059
vn 0.952964 -0.197117 0.230226
vn 0.993411 -0.101782 0.052688
vn 0.831472 -0.507880 0.225195
vn 0.919362 -0.364863 0.147137
vn 0.931490 -0.284309 0.226923
vn 0.945745 -0.218838 0.240158
vn 0.927527 -0.304689 -0.216466
vn 0.852964 -0.511008 0.106410
vn 0.976187 0.156439 -0.150287
vn 0.568547 -0.805770 0.165801
vn 0.955634 -0.280243 -0.090709
vn 0.836601 -0.530785 0.135520
vn 0.917310 -0.397094 -0.029326
vn 0.980299 -0.197490 -0.003285
vn 0.889078 -0.416159 0.190665
vn 0.388513 -0.914744 0.110910
vn 0.872686 -0.463331 0.154089
vn 0.143624 -0.989246 0.027655
vn 0.446661 -0.883686 0.139975
vn 0.507008 -0.844670 0.171684
vn -0.001680 -0.999182 0.040392
vn 0.414374 -0.902418 0.118046
vn 0.509378 -0.842860 0.173551
vn 0.493051 -0.863259 0.108096
vn 0.582643 -0.803221 0.123949
vn 0.291697 -0.952041 0.092363
vn 0.808384 -0.574567 0.128016
vn 0.666694 -0.721168 0.188243
vn 0.672094 -0.722756 0.160978
vn 0.793945 -0.573464 0.201965
vn 0.500308 -0.865845 -0.002134
vn 0.310722 -0.947609 -0.074094
vn 0.207950 -0.974946 -0.078969
vn -0.062401 -0.996555 -0.054620
vn 0.246253 -0.969186 0.006254
vn 0.192997 -0.976056 -0.100336
vn 0.128728 -0.988332 -0.081421
vn 0.901468 -0.353184 0.250234
vn 0.869119 -0.467757 0.160733
vn 0.935787 -0.298029 0.188364
vn 0.986479 -0.161999 0.024817
vn 0.976024 -0.006012 0.217580
vn 0.208869 -0.975325 -0.071512
vn 0.936745 -0.317924 0.146399
vn 0.991210 0.112433 0.069722
vn -0.054101 -0.996490 -0.063885
vn -0.090643 -0.990050 -0.107631
vn 0.872797 -0.485245 0.052552
vn 0.430990 -0.895803 0.108557
vn 0.386522 -0.919941 0.065643
vn -0.098924 -0.986467 -0.130757
vn -0.046227 -0.991458 -0.121959
vn 0.306156 -0.951294 0.036175
vn 0.930933 0.351889 -0.097662
vn 0.780585 0.619285 0.084699
vn 0.955826 0.242077 -0.166723
vn 0.777261 0.627796 0.041696
vn 0.958817 -0.155185 -0.237881
vn 0.571617 0.819951 -0.030573
vn 0.965667 -0.131728 -0.223907
vn 0.766857 0.550758 -0.329539
vn 0.940101 -0.329502 -0.087402
vn 0.970738 0.220296 -0.095589
vn 0.571905 0.815851 -0.085514
vn 0.928752 0.338060 -0.152106
vn 0.992373 -0.093945 0.079812
vn 0.969020 0.210428 -0.129310
vn 0.927706 -0.318787 -0.194261
vn 0.876217 -0.382514 -0.293134
vn 0.766167 -0.623471 -0.155794
vn 0.980311 0.006625 -0.197349
vn 0.837126 -0.509906 -0.198030
vn 0.425850 -0.901686 -0.074926
vn 0.985697 0.131636 -0.105234
vn 0.972097 -0.231716 0.036541
vn 0.775452 -0.591099 0.221984
vn 0.598205 -0.798030 0.072799
vn 0.334403 -0.917465 0.215484
vn 0.727300 -0.672545 0.136813
vn 0.888370 -0.423388 -0.177599
vn 0.396019 -0.901283 0.175668
vn 0.416342 -0.907779 0.050956
vn 0.941889 -0.289762 -0.169952
vn 0.735399 -0.674500 0.065103
vn 0.958031 0.051938 -0.281922
vn 0.962398 0.247112 -0.112810
vn 0.954156 -0.057400 -0.293754
vn 0.864990 -0.355754 -0.353881
vn 0.934609 0.281194 -0.217799
vn 0.629270 0.730840 -0.264371
vn 0.958207 -0.202668 -0.201904
vn 0.982454 0.037711 -0.182652
vn 0.924811 0.266822 -0.271167
vn 0.652126 0.691564 -0.310598
vn 0.956563 -0.251950 -0.146655
vn 0.777976 -0.627107 0.038600
vn 0.793853 -0.607937 -0.014487
vn 0.950613 -0.263072 -0.164708
vn 0.851701 -0.420173 -0.313147
vn 0.547817 -0.836575 0.006175
vn 0.690898 -0.717174 -0.091220
vn 0.811257 -0.558805 -0.172043
vn 0.951817 -0.163184 -0.259646
vn 0.114007 -0.988757 0.096757
vn 0.515823 -0.855030 0.053390
vn 0.731989 -0.667818 0.134945
vn 0.675903 -0.724500 0.135109
vn 0.655977 -0.743381 0.130689
vn 0.651663 -0.757518 0.038756
vn 0.353609 -0.935146 0.021515
vn 0.970601 -0.106038 -0.216078
vn -0.436217 0.475983 0.763646
vn 0.896892 -0.395411 -0.198079
vn 0.990292 -0.137596 -0.019723
vn 0.772382 -0.632313 -0.060056
vn 0.512535 -0.857307 -0.048295
vn 0.429498 -0.902173 -0.040182
vn 0.543586 -0.839333 0.005797
vn 0.486996 -0.873378 0.006725
vn 0.844193 -0.527807 -0.093583
vn 0.482784 -0.871229 0.088765
vn 0.704134 -0.701621 0.109196
vn 0.973292 -0.206075 -0.101173
vn 0.684872 -0.726833 0.051618
vn 0.724804 -0.687176 -0.049482
vn 0.467862 -0.883217 0.032154
vn -0.009679 -0.994452 0.104747
vn 0.002449 -0.998668 0.051543
vn 0.118497 -0.986542 0.112666
vn 0.473604 -0.879864 0.039237
vn 0.210184 -0.977247 0.028486
vn 0.119435 -0.992294 0.032992
vn -0.070929 -0.981056 0.180270
vn 0.451465 -0.891936 0.025099
vn 0.171097 -0.981880 0.081467
vn 0.163660 -0.971833 0.169574
vn -0.001311 -0.985277 0.170961
vn 0.907636 -0.385682 -0.165671
vn 0.177634 -0.978138 0.108134
vn 0.006479 -0.981959 0.188984
vn -0.015276 -0.998342 0.055491
vn 0.131136 -0.990432 0.042979
vn 0.372980 -0.916551 0.144291
vn 0.106474 -0.991229 0.078282
vn 0.391655 -0.920112 0.000312
vn 0.637484 -0.761054 -0.120043
vn -0.063318 -0.981448 0.180970
vn 0.083945 -0.989272 0.119557
vn 0.294148 -0.954064 0.056906
f 1/1/1 2/2/2 3/3/3
f 4/4/4 5/5/5 6/6/6
f 7/7/7 8/8/8 9/9/9
f 10/10/10 11/11/11 12/12/12
f 6/6/6 11/11/11 13/13/13
f 14/14/14 15/15/15 16/16/16
f 17/17/17 18/18/18 19/19/19
f 20/20/20 21/21/21 22/22/22
f 23/23/23 24/24/24 25/25/25
f 26/26/26 27/27/27 28/28/28
f 27/27/27 29/29/29 30/30/30
f 31/31/31 32/32/32 33/33/33
f 34/34/34 35/35/35 10/10/10
f 36/36/36 37/37/37 38/38/38
f 39/39/39 40/40/40 41/41/41
f 42/42/42 43/43/43 44/44/44
f 35/35/35 4/4/4 13/13/13
f 42/42/42 45/45/45 46/46/46
f 43/43/43 46/46/46 26/26/26
f 47/47/47 6/6/6 48/48/48
f 49/49/49 50/50/50 51/51/51
f 52/52/52 53/53/53 54/54/54
f 55/55/55 56/56/56 57/57/57
f 58/58/58 52/52/52 54/54/54
f 59/59/59 58/58/58 60/60/60
f 61/61/61 56/56/56 55/55/55
f 45/45/45 62/62/62 63/63/63
f 64/64/64 41/41/41 65/65/65
f 22/22/22 66/66/66 28/28/28
f 67/67/67 68/68/68 69/69/69
f 70/70/70 71/71/71 72/72/72
f 73/73/73 74/74/74 75/75/75
f 76/76/76 77/77/77 78/78/78
f 79/79/79 80/80/80 81/81/81
f 82/82/82 83/83/83 84/84/84
f 40/40/40 85/85/85 86/86/86
f 87/87/87 88/88/88 89/89/89
f 90/90/90 91/91/91 3/3/3
f 92/92/92 93/93/93 94/94/94
f 95/95/95 96/96/96 97/97/97
f 98/98/98 99/99/99 100/100/100
f 101/101/101 102/102/102 103/103/103
f 104/104/104 105/105/105 106/106/106
f 20/20/20 22/22/22 30/30/30
f 107/107/107 108/108/108 109/109/109
f 110/110/110 111/111/111 112/112/112
f 113/113/113 114/114/114 115/115/115
f 116/116/116 24/24/24 117/117/117
f 118/118/118 119/119/119 120/120/120
f 121/121/121 122/122/122 123/123/123
f 124/124/124 125/125/125 126/126/126
f 127/127/127 128/128/128 129/129/129
f 130/130/130 112/112/112 111/111/111
f 131/131/131 132/132/132 133/133/133
f 134/134/134 135/135/135 136/136/136
f 137/137/137 138/138/138 139/139/139
f 140/140/140 141/141/141 142/142/142
f 118/118/118 143/143/143 110/110/110
f 144/144/144 55/55/55 57/57/57
f 11/11/11 47/47/47 145/145/145
f 146/146/146 147/147/147 148/148/148
f 149/149/149 61/61/61 150/150/150
f 151/151/151 152/152/152 153/153/153
f 154/154/154 155/155/155 156/156/156
f 157/157/157 158/158/158 159/159/159
f 160/160/160 161/161/161 162/162/162
f 163/163/163 164/164/164 165/165/165
f 166/166/166 167/167/167 168/168/168
f 156/156/156 164/164/164 169/169/169
f 170/170/170 171/171/171 172/172/172
f 173/173/173 174/174/174 175/175/175
f 176/176/176 177/177/177 178/178/178
f 18/18/18 176/176/176 178/178/178
f 178/178/178 179/179/179 18/18/18
f 180/180/180 181/181/181 182/182/182
f 183/183/183 184/184/184 185/185/185
f 93/93/93 186/186/186 94/94/94
f 187/187/187 188/188/188 189/189/189
f 190/190/190 191/191/191 192/192/192
f 158/158/158 193/193/193 73/73/73
f 186/186/186 85/85/85 78/78/78
f 194/194/194 195/195/195 196/196/196
f 5/5/5 48/48/48 6/6/6
f 183/183/183 197/197/197 198/198/198
f 199/199/199 192/192/192 191/191/191
f 200/200/200 191/191/191 190/190/190
f 184/184/184 201/201/201 202/202/202
f 47/47/47 48/48/48 70/70/70
f 203/203/203 204/204/204 205/205/205
f 206/206/206 207/207/207 208/208/208
f 209/209/209 201/201/201 210/210/210
f 211/211/211 212/212/212 213/213/213
f 214/214/214 166/166/166 215/215/215
f 91/91/91 168/168/168 3/3/3
f 216/216/216 217/217/217 218/218/218
f 2/2/2 90/90/90 3/3/3
f 91/91/91 215/215/215 168/168/168
f 219/219/219 220/220/220 221/221/221
f 222/222/222 223/223/223 224/224/224
f 167/167/167 1/1/1 3/3/3
f 225/225/225 226/226/226 227/227/227
f 166/166/166 158/158/158 73/73/73
f 228/228/228 229/229/229 230/230/230
f 212/212/212 231/231/231 232/232/232
f 233/233/233 234/234/234 229/229/229
f 235/235/235 236/236/236 237/237/237
f 238/238/238 239/239/239 240/240/240
f 233/233/233 229/229/229 241/241/241
f 213/213/213 242/242/242 243/243/243
f 244/244/244 245/245/245 241/241/241
f 246/246/246 247/247/247 248/248/248
f 249/249/249 218/218/218 250/250/250
f 232/232/232 251/251/251 252/252/252
f 253/253/253 254/254/254 255/255/255
f 256/256/256 257/257/257 258/258/258
f 259/259/259 260/260/260 261/261/261
f 262/262/262 254/254/254 263/263/263
f 264/264/264 265/265/265 106/106/106
f 266/266/266 253/253/253 255/255/255
f 267/267/267 268/268/268 269/269/269
f 270/270/270 271/271/271 260/260/260
f 272/272/272 273/273/273 274/274/274
f 275/275/275 276/276/276 120/120/120
f 277/277/277 82/82/82 84/84/84
f 278/278/278 279/279/279 140/140/140
f 262/262/262 280/280/280 260/260/260
f 281/281/281 282/282/282 283/283/283
f 56/56/56 51/51/51 50/50/50
f 284/284/284 285/285/285 286/286/286
f 287/287/287 288/288/288 289/289/289
f 290/290/290 291/291/291 50/50/50
f 292/292/292 293/293/293 294/294/294
f 295/295/295 296/296/296 297/297/297
f 47/47/47 11/11/11 6/6/6
f 217/217/217 298/298/298 218/218/218
f 299/299/299 41/41/41 300/300/300
f 145/145/145 64/64/64 88/88/88
f 301/301/301 297/297/297 296/296/296
f 12/12/12 87/87/87 20/20/20
f 293/293/293 295/295/295 302/302/302
f 250/250/250 303/303/303 304/304/304
f 305/305/305 85/85/85 186/186/186
f 113/113/113 306/306/306 242/242/242
f 307/307/307 308/308/308 309/309/309
f 310/310/310 311/311/311 312/312/312
f 268/268/268 313/313/313 250/250/250
f 314/314/314 315/315/315 316/316/316
f 115/115/115 106/106/106 105/105/105
f 317/317/317 318/318/318 319/319/319
f 320/320/320 245/245/245 244/244/244
f 212/212/212 232/232/232 113/113/113
f 264/264/264 106/106/106 114/114/114
f 321/321/321 322/322/322 323/323/323
f 250/250/250 298/298/298 303/303/303
f 130/130/130 324/324/324 54/54/54
f 227/227/227 325/325/325 225/225/225
f 104/104/104 106/106/106 265/265/265
f 326/326/326 327/327/327 328/328/328
f 159/159/159 214/214/214 329/329/329
f 330/330/330 331/331/331 332/332/332
f 333/333/333 274/274/274 334/334/334
f 115/115/115 105/105/105 306/306/306
f 256/256/256 258/258/258 335/335/335
f 336/336/336 337/337/337 338/338/338
f 256/256/256 339/339/339 340/340/340
f 341/341/341 342/342/342 343/343/343
f 344/344/344 345/345/345 346/346/346
f 347/347/347 286/286/286 348/348/348
f 349/349/349 116/116/116 350/350/350
f 351/351/351 257/257/257 211/211/211
f 352/352/352 353/353/353 347/347/347
f 354/354/354 124/124/124 355/355/355
f 317/317/317 356/356/356 357/357/357
f 137/137/137 101/101/101 141/141/141
f 358/358/358 359/359/359 92/92/92
f 360/360/360 244/244/244 229/229/229
f 361/361/361 362/362/362 363/363/363
f 364/364/364 365/365/365 366/366/366
f 367/367/367 368/368/368 369/369/369
f 69/69/69 370/370/370 371/371/371
f 372/372/372 373/373/373 374/374/374
f 375/375/375 332/332/332 376/376/376
f 112/112/112 54/54/54 377/377/377
f 378/378/378 379/379/379 380/380/380
f 381/381/381 382/382/382 235/235/235
f 225/225/225 383/383/383 384/384/384
f 385/385/385 230/230/230 386/386/386
f 387/387/387 388/388/388 389/389/389
f 390/390/390 391/391/391 392/392/392
f 109/109/109 393/393/393 394/394/394
f 395/395/395 396/396/396 397/397/397
f 398/398/398 399/399/399 172/172/172
f 400/400/400 401/401/401 397/397/397
f 402/402/402 403/403/403 404/404/404
f 389/389/389 9/9/9 387/387/387
f 186/186/186 77/77/77 405/405/405
f 406/406/406 407/407/407 408/408/408
f 71/71/71 39/39/39 72/72/72
f 86/86/86 300/300/300 41/41/41
f 409/409/409 410/410/410 411/411/411
f 412/412/412 413/413/413 376/376/376
f 397/397/397 401/401/401 121/121/121
f 414/414/414 415/415/415 290/290/290
f 416/416/416 417/417/417 108/108/108
f 418/418/418 419/419/419 420/420/420
f 421/421/421 108/108/108 107/107/107
f 422/422/422 423/423/423 424/424/424
f 136/136/136 135/135/135 425/425/425
f 426/426/426 149/149/149 427/427/427
f 150/150/150 428/428/428 427/427/427
f 429/429/429 430/430/430 49/49/49
f 431/431/431 56/56/56 61/61/61
f 51/51/51 56/56/56 431/431/431
f 432/432/432 423/423/423 422/422/422
f 433/433/433 434/434/434 419/419/419
f 435/435/435 133/133/133 132/132/132
f 389/389/389 436/436/436 9/9/9
f 437/437/437 438/438/438 439/439/439
f 162/162/162 440/440/440 441/441/441
f 41/41/41 64/64/64 39/39/39
f 442/442/442 443/443/443 444/444/444
f 64/64/64 145/145/145 39/39/39
f 12/12/12 11/11/11 145/145/145
f 445/445/445 403/403/403 402/402/402
f 446/446/446 447/447/447 448/448/448
f 71/71/71 70/70/70 449/449/449
f 450/450/450 451/451/451 452/452/452
f 70/70/70 72/72/72 47/47/47
f 47/47/47 72/72/72 145/145/145
f 453/453/453 454/454/454 450/450/450
f 145/145/145 72/72/72 39/39/39
f 455/455/455 451/451/451 454/454/454
f 392/392/392 456/456/456 390/390/390
f 6/6/6 13/13/13 4/4/4
f 457/457/457 458/458/458 415/415/415
f 10/10/10 35/35/35 13/13/13
f 20/20/20 10/10/10 12/12/12
f 458/458/458 457/457/457 456/456/456
f 291/291/291 57/57/57 50/50/50
f 29/29/29 34/34/34 20/20/20
f 291/291/291 144/144/144 57/57/57
f 459/459/459 373/373/373 460/460/460
f 461/461/461 462/462/462 463/463/463
f 50/50/50 57/57/57 56/56/56
f 22/22/22 21/21/21 66/66/66
f 49/49/49 414/414/414 50/50/50
f 10/10/10 13/13/13 11/11/11
f 464/464/464 465/465/465 453/453/453
f 64/64/64 65/65/65 88/88/88
f 457/457/457 49/49/49 430/430/430
f 85/85/85 305/305/305 86/86/86
f 466/466/466 467/467/467 468/468/468
f 469/469/469 470/470/470 471/471/471
f 472/472/472 95/95/95 473/473/473
f 474/474/474 475/475/475 476/476/476
f 477/477/477 478/478/478 479/479/479
f 183/183/183 480/480/480 197/197/197
f 481/481/481 482/482/482 483/483/483
f 484/484/484 185/185/185 184/184/184
f 202/202/202 201/201/201 485/485/485
f 234/234/234 233/233/233 486/486/486
f 229/229/229 228/228/228 360/360/360
f 2/2/2 1/1/1 486/486/486
f 75/75/75 167/167/167 73/73/73
f 487/487/487 83/83/83 488/488/488
f 245/245/245 320/320/320 489/489/489
f 166/166/166 214/214/214 159/159/159
f 167/167/167 166/166/166 73/73/73
f 157/157/157 329/329/329 490/490/490
f 74/74/74 193/193/193 491/491/491
f 166/166/166 168/168/168 215/215/215
f 3/3/3 168/168/168 167/167/167
f 385/385/385 75/75/75 491/491/491
f 75/75/75 385/385/385 386/386/386
f 386/386/386 167/167/167 75/75/75
f 234/234/234 1/1/1 230/230/230
f 492/492/492 493/493/493 494/494/494
f 495/495/495 496/496/496 497/497/497
f 256/256/256 498/498/498 339/339/339
f 499/499/499 500/500/500 501/501/501
f 502/502/502 503/503/503 504/504/504
f 505/505/505 506/506/506 507/507/507
f 508/508/508 384/384/384 509/509/509
f 175/175/175 226/226/226 384/384/384
f 304/304/304 303/303/303 510/510/510
f 250/250/250 313/313/313 249/249/249
f 265/265/265 264/264/264 510/510/510
f 252/252/252 114/114/114 232/232/232
f 96/96/96 511/511/511 512/512/512
f 217/217/217 216/216/216 513/513/513
f 113/113/113 242/242/242 213/213/213
f 114/114/114 113/113/113 232/232/232
f 211/211/211 243/243/243 351/351/351
f 251/251/251 231/231/231 514/514/514
f 113/113/113 115/115/115 306/306/306
f 106/106/106 115/115/115 114/114/114
f 267/267/267 252/252/252 514/514/514
f 252/252/252 267/267/267 269/269/269
f 269/269/269 114/114/114 252/252/252
f 304/304/304 264/264/264 268/268/268
f 425/425/425 515/515/515 516/516/516
f 517/517/517 446/446/446 404/404/404
f 402/402/402 404/404/404 518/518/518
f 519/519/519 520/520/520 521/521/521
f 121/121/121 522/522/522 122/122/122
f 523/523/523 524/524/524 525/525/525
f 526/526/526 527/527/527 528/528/528
f 529/529/529 530/530/530 531/531/531
f 457/457/457 415/415/415 414/414/414
f 390/390/390 456/456/456 532/532/532
f 433/433/433 428/428/428 533/533/533
f 427/427/427 424/424/424 423/423/423
f 149/149/149 431/431/431 61/61/61
f 431/431/431 426/426/426 534/534/534
f 427/427/427 149/149/149 150/150/150
f 431/431/431 149/149/149 426/426/426
f 50/50/50 414/414/414 290/290/290
f 457/457/457 414/414/414 49/49/49
f 535/535/535 536/536/536 44/44/44
f 42/42/42 62/62/62 45/45/45
f 20/20/20 30/30/30 29/29/29
f 28/28/28 30/30/30 22/22/22
f 10/10/10 20/20/20 34/34/34
f 12/12/12 88/88/88 87/87/87
f 537/537/537 374/374/374 373/373/373
f 461/461/461 538/538/538 537/537/537
f 449/449/449 76/76/76 40/40/40
f 40/40/40 76/76/76 78/78/78
f 359/359/359 539/539/539 93/93/93
f 358/358/358 540/540/540 541/541/541
f 186/186/186 78/78/78 77/77/77
f 40/40/40 78/78/78 85/85/85
f 405/405/405 370/370/370 94/94/94
f 305/305/305 542/542/542 86/86/86
f 300/300/300 86/86/86 542/542/542
f 40/40/40 86/86/86 41/41/41
f 67/67/67 371/371/371 102/102/102
f 358/358/358 92/92/92 68/68/68
f 60/60/60 54/54/54 324/324/324
f 377/377/377 54/54/54 543/543/543
f 544/544/544 545/545/545 546/546/546
f 547/547/547 548/548/548 549/549/549
f 550/550/550 551/551/551 552/552/552
f 553/553/553 554/554/554 555/555/555
f 142/142/142 103/103/103 556/556/556
f 557/557/557 67/67/67 101/101/101
f 558/558/558 559/559/559 126/126/126
f 195/195/195 560/560/560 196/196/196
f 561/561/561 355/355/355 562/562/562
f 563/563/563 562/562/562 564/564/564
f 18/18/18 341/341/341 19/19/19
f 565/565/565 566/566/566 567/567/567
f 365/365/365 568/568/568 569/569/569
f 570/570/570 571/571/571 572/572/572
f 573/573/573 369/369/369 380/380/380
f 175/175/175 174/174/174 574/574/574
f 331/331/331 575/575/575 576/576/576
f 577/577/577 578/578/578 579/579/579
f 9/9/9 580/580/580 7/7/7
f 581/581/581 582/582/582 583/583/583
f 489/489/489 320/320/320 148/148/148
f 260/260/260 254/254/254 262/262/262
f 584/584/584 585/585/585 586/586/586
f 587/587/587 588/588/588 589/589/589
f 271/271/271 590/590/590 261/261/261
f 591/591/591 531/531/531 396/396/396
f 200/200/200 197/197/197 480/480/480
f 157/157/157 192/192/192 482/482/482
f 592/592/592 593/593/593 594/594/594
f 595/595/595 199/199/199 189/189/189
f 210/210/210 205/205/205 596/596/596
f 596/596/596 567/567/567 566/566/566
f 1/1/1 234/234/234 486/486/486
f 229/229/229 234/234/234 230/230/230
f 229/229/229 244/244/244 241/241/241
f 320/320/320 244/244/244 360/360/360
f 320/320/320 360/360/360 597/597/597
f 253/253/253 266/266/266 147/147/147
f 157/157/157 159/159/159 329/329/329
f 166/166/166 159/159/159 158/158/158
f 490/490/490 190/190/190 192/192/192
f 481/481/481 157/157/157 482/482/482
f 481/481/481 193/193/193 158/158/158
f 598/598/598 487/487/487 599/599/599
f 600/600/600 385/385/385 491/491/491
f 228/228/228 230/230/230 385/385/385
f 230/230/230 1/1/1 386/386/386
f 167/167/167 386/386/386 1/1/1
f 513/513/513 216/216/216 494/494/494
f 563/563/563 295/295/295 293/293/293
f 292/292/292 601/601/601 293/293/293
f 602/602/602 495/495/495 497/497/497
f 339/339/339 498/498/498 507/507/507
f 211/211/211 257/257/257 500/500/500
f 603/603/603 319/319/319 285/285/285
f 340/340/340 604/604/604 605/605/605
f 606/606/606 285/285/285 318/318/318
f 284/284/284 286/286/286 347/347/347
f 173/173/173 384/384/384 508/508/508
f 368/368/368 607/607/607 608/608/608
f 264/264/264 304/304/304 510/510/510
f 250/250/250 304/304/304 268/268/268
f 250/250/250 218/218/218 298/298/298
f 216/216/216 218/218/218 249/249/249
f 216/216/216 249/249/249 609/609/609
f 297/297/297 301/301/301 493/493/493
f 211/211/211 213/213/213 243/243/243
f 113/113/113 213/213/213 212/212/212
f 351/351/351 258/258/258 257/257/257
f 499/499/499 211/211/211 500/500/500
f 499/499/499 231/231/231 212/212/212
f 610/610/610 96/96/96 611/611/611
f 612/612/612 267/267/267 514/514/514
f 313/313/313 268/268/268 267/267/267
f 268/268/268 264/264/264 269/269/269
f 114/114/114 269/269/269 264/264/264
f 613/613/613 452/452/452 391/391/391
f 464/464/464 453/453/453 450/450/450
f 532/532/532 614/614/614 615/615/615
f 136/136/136 425/425/425 616/616/616
f 455/455/455 454/454/454 448/448/448
f 326/326/326 617/617/617 618/618/618
f 417/417/417 122/122/122 522/522/522
f 107/107/107 619/619/619 620/620/620
f 621/621/621 523/523/523 622/622/622
f 424/424/424 418/418/418 422/422/422
f 393/393/393 623/623/623 624/624/624
f 394/394/394 107/107/107 109/109/109
f 444/444/444 625/625/625 442/442/442
f 591/591/591 626/626/626 627/627/627
f 429/429/429 49/49/49 51/51/51
f 628/628/628 430/430/430 131/131/131
f 432/432/432 534/534/534 423/423/423
f 426/426/426 427/427/427 423/423/423
f 43/43/43 42/42/42 46/46/46
f 62/62/62 42/42/42 44/44/44
f 43/43/43 26/26/26 28/28/28
f 535/535/535 43/43/43 629/629/629
f 630/630/630 535/535/535 463/463/463
f 59/59/59 289/289/289 631/631/631
f 299/299/299 460/460/460 89/89/89
f 21/21/21 374/374/374 66/66/66
f 20/20/20 87/87/87 21/21/21
f 372/372/372 21/21/21 87/87/87
f 537/537/537 66/66/66 374/374/374
f 28/28/28 66/66/66 538/538/538
f 28/28/28 27/27/27 30/30/30
f 28/28/28 538/538/538 629/629/629
f 449/449/449 40/40/40 71/71/71
f 39/39/39 71/71/71 40/40/40
f 632/632/632 633/633/633 542/542/542
f 299/299/299 300/300/300 634/634/634
f 299/299/299 634/634/634 460/460/460
f 41/41/41 299/299/299 65/65/65
f 460/460/460 634/634/634 459/459/459
f 372/372/372 460/460/460 373/373/373
f 186/186/186 93/93/93 305/305/305
f 93/93/93 539/539/539 632/632/632
f 405/405/405 94/94/94 186/186/186
f 539/539/539 541/541/541 635/635/635
f 67/67/67 69/69/69 371/371/371
f 94/94/94 69/69/69 68/68/68
f 101/101/101 67/67/67 102/102/102
f 557/557/557 139/139/139 636/636/636
f 60/60/60 324/324/324 637/637/637
f 53/53/53 543/543/543 54/54/54
f 59/59/59 637/637/637 468/468/468
f 638/638/638 639/639/639 640/640/640
f 638/638/638 641/641/641 543/543/543
f 111/111/111 110/110/110 143/143/143
f 642/642/642 287/287/287 544/544/544
f 62/62/62 44/44/44 643/643/643
f 119/119/119 644/644/644 645/645/645
f 164/164/164 163/163/163 646/646/646
f 101/101/101 103/103/103 142/142/142
f 101/101/101 647/647/647 557/557/557
f 140/140/140 556/556/556 559/559/559
f 138/138/138 648/648/648 139/139/139
f 124/124/124 354/354/354 125/125/125
f 497/497/497 282/282/282 602/602/602
f 601/601/601 561/561/561 563/563/563
f 649/649/649 602/602/602 125/125/125
f 341/341/341 179/179/179 650/650/650
f 651/651/651 176/176/176 17/17/17
f 342/342/342 650/650/650 154/154/154
f 572/572/572 343/343/343 342/342/342
f 652/652/652 653/653/653 651/651/651
f 210/210/210 201/201/201 205/205/205
f 341/341/341 18/18/18 179/179/179
f 571/571/571 19/19/19 343/343/343
f 17/17/17 176/176/176 18/18/18
f 177/177/177 176/176/176 654/654/654
f 165/165/165 156/156/156 155/155/155
f 553/553/553 655/655/655 169/169/169
f 573/573/573 379/379/379 361/361/361
f 608/608/608 174/174/174 369/369/369
f 656/656/656 657/657/657 658/658/658
f 367/367/367 369/369/369 573/573/573
f 659/659/659 388/388/388 660/660/660
f 661/661/661 581/581/581 659/659/659
f 580/580/580 436/436/436 327/327/327
f 387/387/387 9/9/9 662/662/662
f 161/161/161 328/328/328 440/440/440
f 663/663/663 160/160/160 447/447/447
f 664/664/664 582/582/582 661/661/661
f 581/581/581 331/331/331 659/659/659
f 580/580/580 9/9/9 436/436/436
f 617/617/617 519/519/519 618/618/618
f 662/662/662 9/9/9 8/8/8
f 387/387/387 665/665/665 660/660/660
f 254/254/254 260/260/260 259/259/259
f 260/260/260 280/280/280 270/270/270
f 590/590/590 271/271/271 170/170/170
f 172/172/172 399/399/399 625/625/625
f 203/203/203 666/666/666 667/667/667
f 668/668/668 183/183/183 185/185/185
f 198/198/198 667/667/667 183/183/183
f 205/205/205 184/184/184 666/666/666
f 668/668/668 185/185/185 669/669/669
f 670/670/670 191/191/191 200/200/200
f 203/203/203 667/667/667 198/198/198
f 184/184/184 183/183/183 667/667/667
f 183/183/183 668/668/668 480/480/480
f 480/480/480 668/668/668 670/670/670
f 596/596/596 204/204/204 671/671/671
f 184/184/184 205/205/205 201/201/201
f 567/567/567 671/671/671 177/177/177
f 654/654/654 176/176/176 651/651/651
f 667/667/667 666/666/666 184/184/184
f 203/203/203 205/205/205 666/666/666
f 596/596/596 205/205/205 204/204/204
f 209/209/209 210/210/210 566/566/566
f 488/488/488 600/600/600 491/491/491
f 491/491/491 193/193/193 599/599/599
f 672/672/672 673/673/673 597/597/597
f 674/674/674 675/675/675 676/676/676
f 191/191/191 189/189/189 199/199/199
f 490/490/490 192/192/192 157/157/157
f 481/481/481 483/483/483 598/598/598
f 158/158/158 157/157/157 481/481/481
f 75/75/75 74/74/74 491/491/491
f 73/73/73 193/193/193 74/74/74
f 677/677/677 678/678/678 679/679/679
f 228/228/228 385/385/385 600/600/600
f 295/295/295 563/563/563 564/564/564
f 563/563/563 293/293/293 601/601/601
f 680/680/680 352/352/352 348/348/348
f 348/348/348 286/286/286 505/505/505
f 681/681/681 353/353/353 151/151/151
f 505/505/505 606/606/606 682/682/682
f 681/681/681 347/347/347 353/353/353
f 284/284/284 681/681/681 153/153/153
f 507/507/507 498/498/498 680/680/680
f 352/352/352 347/347/347 348/348/348
f 152/152/152 509/509/509 383/383/383
f 284/284/284 153/153/153 603/603/603
f 603/603/603 153/153/153 225/225/225
f 153/153/153 152/152/152 383/383/383
f 173/173/173 508/508/508 683/683/683
f 225/225/225 384/384/384 226/226/226
f 683/683/683 378/378/378 174/174/174
f 574/574/574 607/607/607 684/684/684
f 512/512/512 612/612/612 514/514/514
f 514/514/514 231/231/231 611/611/611
f 492/492/492 216/216/216 609/609/609
f 685/685/685 686/686/686 238/238/238
f 256/256/256 340/340/340 687/687/687
f 500/500/500 257/257/257 688/688/688
f 499/499/499 501/501/501 610/610/610
f 212/212/212 211/211/211 499/499/499
f 252/252/252 251/251/251 514/514/514
f 232/232/232 231/231/231 251/251/251
f 689/689/689 690/690/690 97/97/97
f 313/313/313 267/267/267 612/612/612
f 446/446/446 691/691/691 692/692/692
f 447/447/447 162/162/162 448/448/448
f 450/450/450 613/613/613 464/464/464
f 613/613/613 390/390/390 615/615/615
f 392/392/392 458/458/458 456/456/456
f 390/390/390 532/532/532 615/615/615
f 448/448/448 162/162/162 441/441/441
f 162/162/162 447/447/447 160/160/160
f 455/455/455 448/448/448 441/441/441
f 448/448/448 691/691/691 446/446/446
f 447/447/447 517/517/517 663/663/663
f 326/326/326 618/618/618 580/580/580
f 427/427/427 433/433/433 424/424/424
f 434/434/434 533/533/533 693/693/693
f 421/421/421 621/621/621 434/434/434
f 416/416/416 421/421/421 693/693/693
f 527/527/527 694/694/694 695/695/695
f 696/696/696 121/121/121 401/401/401
f 123/123/123 695/695/695 121/121/121
f 526/526/526 397/397/397 694/694/694
f 401/401/401 623/623/623 696/696/696
f 697/697/697 108/108/108 417/417/417
f 527/527/527 695/695/695 123/123/123
f 397/397/397 121/121/121 695/695/695
f 121/121/121 696/696/696 522/522/522
f 522/522/522 696/696/696 697/697/697
f 442/442/442 625/625/625 698/698/698
f 397/397/397 526/526/526 395/395/395
f 395/395/395 526/526/526 625/625/625
f 698/698/698 526/526/526 528/528/528
f 695/695/695 694/694/694 397/397/397
f 527/527/527 526/526/526 694/694/694
f 442/442/442 698/698/698 528/528/528
f 625/625/625 526/526/526 698/698/698
f 535/535/535 629/629/629 463/463/463
f 28/28/28 629/629/629 43/43/43
f 630/630/630 536/536/536 535/535/535
f 44/44/44 43/43/43 535/535/535
f 88/88/88 12/12/12 145/145/145
f 89/89/89 88/88/88 65/65/65
f 299/299/299 89/89/89 65/65/65
f 372/372/372 89/89/89 460/460/460
f 699/699/699 700/700/700 701/701/701
f 702/702/702 703/703/703 704/704/704
f 21/21/21 372/372/372 374/374/374
f 89/89/89 372/372/372 87/87/87
f 69/69/69 94/94/94 370/370/370
f 92/92/92 94/94/94 68/68/68
f 358/358/358 636/636/636 705/705/705
f 68/68/68 67/67/67 706/706/706
f 59/59/59 60/60/60 637/637/637
f 54/54/54 60/60/60 58/58/58
f 467/467/467 59/59/59 468/468/468
f 289/289/289 59/59/59 707/707/707
f 639/639/639 52/52/52 631/631/631
f 708/708/708 709/709/709 710/710/710
f 54/54/54 112/112/112 130/130/130
f 110/110/110 112/112/112 377/377/377
f 711/711/711 552/552/552 551/551/551
f 712/712/712 641/641/641 713/713/713
f 377/377/377 712/712/712 110/110/110
f 645/645/645 120/120/120 119/119/119
f 467/467/467 466/466/466 544/544/544
f 59/59/59 467/467/467 707/707/707
f 118/118/118 120/120/120 276/276/276
f 714/714/714 163/163/163 120/120/120
f 140/140/140 142/142/142 556/556/556
f 101/101/101 142/142/142 141/141/141
f 558/558/558 140/140/140 559/559/559
f 278/278/278 140/140/140 715/715/715
f 138/138/138 137/137/137 279/279/279
f 716/716/716 194/194/194 196/196/196
f 125/125/125 558/558/558 126/126/126
f 140/140/140 558/558/558 715/715/715
f 561/561/561 354/354/354 355/355/355
f 125/125/125 354/354/354 649/649/649
f 649/649/649 495/495/495 602/602/602
f 558/558/558 125/125/125 715/715/715
f 342/342/342 341/341/341 650/650/650
f 19/19/19 341/341/341 343/343/343
f 156/156/156 342/342/342 154/154/154
f 342/342/342 169/169/169 655/655/655
f 165/165/165 155/155/155 717/717/717
f 342/342/342 156/156/156 169/169/169
f 717/717/717 275/275/275 163/163/163
f 646/646/646 718/718/718 719/719/719
f 573/573/573 380/380/380 379/379/379
f 174/174/174 380/380/380 369/369/369
f 363/363/363 573/573/573 361/361/361
f 657/657/657 367/367/367 658/658/658
f 362/362/362 575/575/575 330/330/330
f 363/363/363 413/413/413 658/658/658
f 658/658/658 413/413/413 412/412/412
f 330/330/330 413/413/413 363/363/363
f 412/412/412 656/656/656 658/658/658
f 573/573/573 363/363/363 658/658/658
f 376/376/376 720/720/720 412/412/412
f 721/721/721 607/607/607 722/722/722
f 330/330/330 363/363/363 362/362/362
f 376/376/376 413/413/413 375/375/375
f 659/659/659 331/331/331 576/576/576
f 332/332/332 331/331/331 581/581/581
f 388/388/388 659/659/659 576/576/576
f 660/660/660 661/661/661 659/659/659
f 376/376/376 332/332/332 581/581/581
f 332/332/332 375/375/375 330/330/330
f 326/326/326 580/580/580 327/327/327
f 7/7/7 580/580/580 618/618/618
f 161/161/161 326/326/326 328/328/328
f 160/160/160 663/663/663 723/723/723
f 255/255/255 254/254/254 259/259/259
f 246/246/246 253/253/253 247/247/247
f 724/724/724 725/725/725 726/726/726
f 590/590/590 170/170/170 443/443/443
f 170/170/170 444/444/444 443/443/443
f 625/625/625 444/444/444 172/172/172
f 202/202/202 727/727/727 728/728/728
f 594/594/594 593/593/593 188/188/188
f 670/670/670 189/189/189 191/191/191
f 189/189/189 668/668/668 669/669/669
f 480/480/480 670/670/670 200/200/200
f 189/189/189 670/670/670 668/668/668
f 567/567/567 596/596/596 671/671/671
f 210/210/210 596/596/596 566/566/566
f 177/177/177 654/654/654 567/567/567
f 654/654/654 651/651/651 729/729/729
f 228/228/228 600/600/600 730/730/730
f 674/674/674 731/731/731 675/675/675
f 147/147/147 247/247/247 253/253/253
f 731/731/731 247/247/247 146/146/146
f 489/489/489 147/147/147 266/266/266
f 247/247/247 147/147/147 146/146/146
f 732/732/732 595/595/595 733/733/733
f 732/732/732 482/482/482 192/192/192
f 595/595/595 593/593/593 733/733/733
f 679/679/679 487/487/487 598/598/598
f 732/732/732 192/192/192 199/199/199
f 482/482/482 732/732/732 677/677/677
f 598/598/598 599/599/599 193/193/193
f 488/488/488 599/599/599 487/487/487
f 481/481/481 598/598/598 193/193/193
f 677/677/677 679/679/679 483/483/483
f 296/296/296 295/295/295 564/564/564
f 315/315/315 297/297/297 316/316/316
f 601/601/601 496/496/496 734/734/734
f 649/649/649 354/354/354 561/561/561
f 498/498/498 256/256/256 335/335/335
f 339/339/339 507/507/507 506/506/506
f 335/335/335 735/735/735 498/498/498
f 680/680/680 498/498/498 735/735/735
f 352/352/352 680/680/680 735/735/735
f 507/507/507 680/680/680 348/348/348
f 319/319/319 325/325/325 736/736/736
f 736/736/736 317/317/317 319/319/319
f 153/153/153 681/681/681 151/151/151
f 347/347/347 681/681/681 284/284/284
f 307/307/307 737/737/737 605/605/605
f 348/348/348 505/505/505 507/507/507
f 226/226/226 738/738/738 739/739/739
f 325/325/325 227/227/227 740/740/740
f 325/325/325 740/740/740 736/736/736
f 225/225/225 325/325/325 603/603/603
f 741/741/741 736/736/736 740/740/740
f 357/357/357 742/742/742 743/743/743
f 384/384/384 383/383/383 509/509/509
f 153/153/153 383/383/383 225/225/225
f 174/174/174 173/173/173 683/683/683
f 384/384/384 173/173/173 175/175/175
f 380/380/380 174/174/174 378/378/378
f 608/608/608 369/369/369 368/368/368
f 313/313/313 612/612/612 744/744/744
f 238/238/238 745/745/745 685/685/685
f 493/493/493 316/316/316 297/297/297
f 316/316/316 492/492/492 746/746/746
f 513/513/513 493/493/493 301/301/301
f 316/316/316 493/493/493 492/492/492
f 340/340/340 747/747/747 688/688/688
f 257/257/257 256/256/256 687/687/687
f 340/340/340 605/605/605 747/747/747
f 97/97/97 96/96/96 610/610/610
f 688/688/688 257/257/257 687/687/687
f 500/500/500 688/688/688 689/689/689
f 610/610/610 611/611/611 231/231/231
f 512/512/512 611/611/611 96/96/96
f 499/499/499 610/610/610 231/231/231
f 689/689/689 97/97/97 501/501/501
f 450/450/450 454/454/454 451/451/451
f 448/448/448 454/454/454 691/691/691
f 465/465/465 748/748/748 692/692/692
f 454/454/454 453/453/453 691/691/691
f 613/613/613 450/450/450 452/452/452
f 515/515/515 464/464/464 516/516/516
f 390/390/390 613/613/613 391/391/391
f 464/464/464 613/613/613 516/516/516
f 430/430/430 628/628/628 457/457/457
f 749/749/749 532/532/532 628/628/628
f 615/615/615 614/614/614 425/425/425
f 613/613/613 615/615/615 516/516/516
f 453/453/453 692/692/692 691/691/691
f 446/446/446 750/750/750 404/404/404
f 162/162/162 161/161/161 440/440/440
f 326/326/326 161/161/161 160/160/160
f 433/433/433 427/427/427 428/428/428
f 418/418/418 424/424/424 419/419/419
f 434/434/434 433/433/433 533/533/533
f 424/424/424 433/433/433 419/419/419
f 434/434/434 693/693/693 421/421/421
f 420/420/420 434/434/434 621/621/621
f 107/107/107 394/394/394 619/619/619
f 107/107/107 620/620/620 421/421/421
f 421/421/421 416/416/416 108/108/108
f 421/421/421 620/620/620 621/621/621
f 396/396/396 395/395/395 591/591/591
f 396/396/396 751/751/751 752/752/752
f 401/401/401 400/400/400 752/752/752
f 624/624/624 753/753/753 393/393/393
f 697/697/697 109/109/109 108/108/108
f 393/393/393 109/109/109 696/696/696
f 522/522/522 697/697/697 417/417/417
f 109/109/109 697/697/697 696/696/696
f 399/399/399 754/754/754 627/627/627
f 625/625/625 399/399/399 626/626/626
f 627/627/627 587/587/587 755/755/755
f 756/756/756 757/757/757 758/758/758
f 587/587/587 627/627/627 754/754/754
f 591/591/591 627/627/627 755/755/755
f 759/759/759 760/760/760 725/725/725
f 761/761/761 757/757/757 762/762/762
f 591/591/591 755/755/755 531/531/531
f 395/395/395 625/625/625 626/626/626
f 398/398/398 171/171/171 763/763/763
f 587/587/587 589/589/589 764/764/764
f 764/764/764 765/765/765 529/529/529
f 396/396/396 531/531/531 751/751/751
f 627/627/627 626/626/626 399/399/399
f 395/395/395 626/626/626 591/591/591
f 766/766/766 767/767/767 768/768/768
f 769/769/769 373/373/373 770/770/770
f 68/68/68 706/706/706 358/358/358
f 93/93/93 92/92/92 359/359/359
f 636/636/636 139/139/139 705/705/705
f 771/771/771 772/772/772 700/700/700
f 139/139/139 557/557/557 647/647/647
f 706/706/706 557/557/557 636/636/636
f 139/139/139 647/647/647 137/137/137
f 705/705/705 139/139/139 648/648/648
f 557/557/557 706/706/706 67/67/67
f 358/358/358 706/706/706 636/636/636
f 289/289/289 707/707/707 287/287/287
f 631/631/631 289/289/289 773/773/773
f 631/631/631 773/773/773 709/709/709
f 58/58/58 59/59/59 631/631/631
f 631/631/631 52/52/52 58/58/58
f 638/638/638 52/52/52 639/639/639
f 638/638/638 543/543/543 53/53/53
f 712/712/712 543/543/543 641/641/641
f 712/712/712 377/377/377 543/543/543
f 774/774/774 712/712/712 713/713/713
f 143/143/143 118/118/118 276/276/276
f 118/118/118 110/110/110 774/774/774
f 602/602/602 282/282/282 281/281/281
f 279/279/279 278/278/278 195/195/195
f 279/279/279 195/195/195 775/775/775
f 141/141/141 140/140/140 279/279/279
f 101/101/101 137/137/137 647/647/647
f 279/279/279 137/137/137 141/141/141
f 497/497/497 776/776/776 282/282/282
f 125/125/125 602/602/602 281/281/281
f 777/777/777 283/283/283 778/778/778
f 560/560/560 195/195/195 278/278/278
f 715/715/715 560/560/560 278/278/278
f 779/779/779 777/777/777 778/778/778
f 496/496/496 780/780/780 497/497/497
f 281/281/281 283/283/283 560/560/560
f 560/560/560 715/715/715 281/281/281
f 125/125/125 281/281/281 715/715/715
f 163/163/163 165/165/165 717/717/717
f 156/156/156 165/165/165 164/164/164
f 275/275/275 120/120/120 163/163/163
f 714/714/714 120/120/120 645/645/645
f 658/658/658 367/367/367 573/573/573
f 781/781/781 367/367/367 657/657/657
f 330/330/330 575/575/575 331/331/331
f 413/413/413 330/330/330 375/375/375
f 782/782/782 783/783/783 784/784/784
f 785/785/785 781/781/781 786/786/786
f 367/367/367 781/781/781 368/368/368
f 657/657/657 656/656/656 786/786/786
f 387/387/387 660/660/660 388/388/388
f 661/661/661 660/660/660 665/665/665
f 664/664/664 665/665/665 662/662/662
f 787/787/787 577/577/577 579/579/579
f 248/248/248 586/586/586 263/263/263
f 254/254/254 253/253/253 246/246/246
f 248/248/248 788/788/788 586/586/586
f 789/789/789 790/790/790 585/585/585
f 263/263/263 254/254/254 246/246/246
f 280/280/280 262/262/262 263/263/263
f 260/260/260 271/271/271 261/261/261
f 170/170/170 271/271/271 760/760/760
f 725/725/725 724/724/724 759/759/759
f 271/271/271 270/270/270 760/760/760
f 171/171/171 170/170/170 760/760/760
f 444/444/444 170/170/170 172/172/172
f 728/728/728 669/669/669 185/185/185
f 189/189/189 669/669/669 187/187/187
f 597/597/597 360/360/360 730/730/730
f 672/672/672 675/675/675 673/673/673
f 148/148/148 320/320/320 673/673/673
f 147/147/147 489/489/489 148/148/148
f 188/188/188 593/593/593 595/595/595
f 791/791/791 678/678/678 677/677/677
f 791/791/791 733/733/733 593/593/593
f 791/791/791 277/277/277 678/678/678
f 595/595/595 732/732/732 199/199/199
f 732/732/732 733/733/733 677/677/677
f 314/314/314 792/792/792 302/302/302
f 295/295/295 297/297/297 315/315/315
f 314/314/314 793/793/793 792/792/792
f 794/794/794 795/795/795 796/796/796
f 302/302/302 295/295/295 315/315/315
f 293/293/293 302/302/302 294/294/294
f 496/496/496 601/601/601 292/292/292
f 561/561/561 601/601/601 734/734/734
f 563/563/563 561/561/561 562/562/562
f 649/649/649 561/561/561 734/734/734
f 603/603/603 285/285/285 284/284/284
f 318/318/318 743/743/743 606/606/606
f 682/682/682 606/606/606 797/797/797
f 286/286/286 285/285/285 606/606/606
f 606/606/606 505/505/505 286/286/286
f 505/505/505 682/682/682 506/506/506
f 285/285/285 319/319/319 318/318/318
f 325/325/325 319/319/319 603/603/603
f 739/739/739 798/798/798 799/799/799
f 800/800/800 798/798/798 739/739/739
f 736/736/736 741/741/741 356/356/356
f 801/801/801 802/802/802 803/803/803
f 804/804/804 805/805/805 721/721/721
f 174/174/174 608/608/608 574/574/574
f 805/805/805 806/806/806 807/807/807
f 227/227/227 226/226/226 739/739/739
f 722/722/722 607/607/607 368/368/368
f 607/607/607 807/807/807 684/684/684
f 609/609/609 249/249/249 744/744/744
f 492/492/492 609/609/609 686/686/686
f 492/492/492 494/494/494 216/216/216
f 493/493/493 513/513/513 494/494/494
f 808/808/808 604/604/604 339/339/339
f 809/809/809 690/690/690 689/689/689
f 809/809/809 747/747/747 605/605/605
f 809/809/809 473/473/473 690/690/690
f 340/340/340 688/688/688 687/687/687
f 688/688/688 747/747/747 689/689/689
f 628/628/628 131/131/131 749/749/749
f 456/456/456 457/457/457 628/628/628
f 131/131/131 133/133/133 749/749/749
f 810/810/810 135/135/135 134/134/134
f 628/628/628 532/532/532 456/456/456
f 616/616/616 532/532/532 749/749/749
f 811/811/811 750/750/750 748/748/748
f 518/518/518 404/404/404 750/750/750
f 465/465/465 692/692/692 453/453/453
f 446/446/446 692/692/692 750/750/750
f 663/663/663 517/517/517 812/812/812
f 447/447/447 446/446/446 517/517/517
f 811/811/811 813/813/813 518/518/518
f 403/403/403 517/517/517 404/404/404
f 445/445/445 814/814/814 403/403/403
f 723/723/723 617/617/617 326/326/326
f 812/812/812 517/517/517 403/403/403
f 663/663/663 815/815/815 723/723/723
f 523/523/523 621/621/621 620/620/620
f 420/420/420 621/621/621 622/622/622
f 418/418/418 420/420/420 622/622/622
f 419/419/419 434/434/434 420/420/420
f 530/530/530 816/816/816 751/751/751
f 696/696/696 623/623/623 393/393/393
f 401/401/401 752/752/752 623/623/623
f 752/752/752 751/751/751 817/817/817
f 397/397/397 396/396/396 400/400/400
f 752/752/752 400/400/400 396/396/396
f 634/634/634 633/633/633 701/701/701
f 459/459/459 770/770/770 373/373/373
f 769/769/769 770/770/770 772/772/772
f 538/538/538 66/66/66 537/537/537
f 818/818/818 819/819/819 820/820/820
f 821/821/821 822/822/822 823/823/823
f 712/712/712 774/774/774 110/110/110
f 774/774/774 713/713/713 644/644/644
f 552/552/552 824/824/824 825/825/825
f 718/718/718 826/826/826 827/827/827
f 118/118/118 774/774/774 119/119/119
f 644/644/644 119/119/119 774/774/774
f 828/828/828 829/829/829 830/830/830
f 138/138/138 194/194/194 820/820/820
f 714/714/714 645/645/645 718/718/718
f 163/163/163 714/714/714 646/646/646
f 718/718/718 336/336/336 826/826/826
f 831/831/831 555/555/555 827/827/827
f 826/826/826 336/336/336 338/338/338
f 718/718/718 827/827/827 719/719/719
f 713/713/713 825/825/825 644/644/644
f 338/338/338 832/832/832 826/826/826
f 555/555/555 719/719/719 827/827/827
f 169/169/169 164/164/164 554/554/554
f 718/718/718 646/646/646 714/714/714
f 164/164/164 646/646/646 719/719/719
f 336/336/336 718/718/718 645/645/645
f 833/833/833 834/834/834 832/832/832
f 645/645/645 644/644/644 336/336/336
f 644/644/644 825/825/825 337/337/337
f 555/555/555 831/831/831 835/835/835
f 826/826/826 836/836/836 837/837/837
f 720/720/720 656/656/656 412/412/412
f 786/786/786 656/656/656 838/838/838
f 786/786/786 781/781/781 657/657/657
f 722/722/722 781/781/781 785/785/785
f 664/664/664 661/661/661 665/665/665
f 581/581/581 661/661/661 582/582/582
f 674/674/674 839/839/839 731/731/731
f 840/840/840 789/789/789 584/584/584
f 789/789/789 840/840/840 841/841/841
f 323/323/323 842/842/842 321/321/321
f 248/248/248 263/263/263 246/246/246
f 280/280/280 263/263/263 586/586/586
f 725/725/725 760/760/760 270/270/270
f 171/171/171 759/759/759 763/763/763
f 724/724/724 843/843/843 321/321/321
f 588/588/588 754/754/754 763/763/763
f 270/270/270 280/280/280 725/725/725
f 844/844/844 843/843/843 726/726/726
f 754/754/754 588/588/588 587/587/587
f 845/845/845 321/321/321 843/843/843
f 399/399/399 398/398/398 754/754/754
f 172/172/172 171/171/171 398/398/398
f 763/763/763 724/724/724 588/588/588
f 760/760/760 759/759/759 171/171/171
f 585/585/585 726/726/726 280/280/280
f 586/586/586 585/585/585 280/280/280
f 280/280/280 726/726/726 725/725/725
f 844/844/844 790/790/790 843/843/843
f 846/846/846 845/845/845 843/843/843
f 724/724/724 726/726/726 843/843/843
f 847/847/847 848/848/848 849/849/849
f 850/850/850 851/851/851 852/852/852
f 853/853/853 846/846/846 854/854/854
f 321/321/321 845/845/845 322/322/322
f 855/855/855 322/322/322 856/856/856
f 724/724/724 321/321/321 588/588/588
f 857/857/857 323/323/323 762/762/762
f 588/588/588 842/842/842 589/589/589
f 189/189/189 188/188/188 595/595/595
f 188/188/188 187/187/187 594/594/594
f 187/187/187 858/858/858 594/594/594
f 181/181/181 859/859/859 860/860/860
f 483/483/483 679/679/679 598/598/598
f 84/84/84 679/679/679 678/678/678
f 677/677/677 483/483/483 482/482/482
f 791/791/791 677/677/677 733/733/733
f 593/593/593 592/592/592 791/791/791
f 861/861/861 277/277/277 791/791/791
f 861/861/861 592/592/592 182/182/182
f 674/674/674 220/220/220 219/219/219
f 861/861/861 791/791/791 592/592/592
f 277/277/277 14/14/14 82/82/82
f 745/745/745 862/862/862 863/863/863
f 796/796/796 795/795/795 294/294/294
f 794/794/794 222/222/222 864/864/864
f 864/864/864 235/235/235 382/382/382
f 314/314/314 302/302/302 315/315/315
f 302/302/302 792/792/792 294/294/294
f 799/799/799 741/741/741 740/740/740
f 356/356/356 741/741/741 865/865/865
f 356/356/356 317/317/317 736/736/736
f 743/743/743 317/317/317 357/357/357
f 781/781/781 722/722/722 368/368/368
f 785/785/785 409/409/409 804/804/804
f 227/227/227 739/739/739 740/740/740
f 226/226/226 175/175/175 738/738/738
f 607/607/607 574/574/574 608/608/608
f 574/574/574 866/866/866 738/738/738
f 866/866/866 800/800/800 739/739/739
f 800/800/800 807/807/807 806/806/806
f 867/867/867 682/682/682 797/797/797
f 604/604/604 307/307/307 605/605/605
f 501/501/501 97/97/97 610/610/610
f 95/95/95 97/97/97 690/690/690
f 689/689/689 501/501/501 500/500/500
f 809/809/809 689/689/689 747/747/747
f 605/605/605 737/737/737 809/809/809
f 868/868/868 473/473/473 809/809/809
f 869/869/869 870/870/870 871/871/871
f 745/745/745 238/238/238 872/872/872
f 868/868/868 809/809/809 737/737/737
f 473/473/473 873/873/873 472/472/472
f 132/132/132 430/430/430 429/429/429
f 874/874/874 133/133/133 875/875/875
f 51/51/51 431/431/431 534/534/534
f 422/422/422 876/876/876 435/435/435
f 430/430/430 132/132/132 131/131/131
f 132/132/132 877/877/877 435/435/435
f 810/810/810 134/134/134 878/878/878
f 879/879/879 878/878/878 880/880/880
f 881/881/881 437/437/437 439/439/439
f 882/882/882 787/787/787 883/883/883
f 884/884/884 812/812/812 814/814/814
f 519/519/519 883/883/883 8/8/8
f 769/769/769 704/704/704 462/462/462
f 538/538/538 461/461/461 629/629/629
f 373/373/373 769/769/769 537/537/537
f 537/537/537 769/769/769 462/462/462
f 819/819/819 705/705/705 648/648/648
f 358/358/358 705/705/705 885/885/885
f 886/886/886 887/887/887 888/888/888
f 889/889/889 890/890/890 891/891/891
f 777/777/777 560/560/560 283/283/283
f 892/892/892 716/716/716 196/196/196
f 892/892/892 196/196/196 777/777/777
f 560/560/560 777/777/777 196/196/196
f 282/282/282 776/776/776 283/283/283
f 893/893/893 894/894/894 779/779/779
f 830/830/830 895/895/895 896/896/896
f 828/828/828 818/818/818 820/820/820
f 820/820/820 194/194/194 828/828/828
f 138/138/138 775/775/775 194/194/194
f 829/829/829 716/716/716 897/897/897
f 194/194/194 716/716/716 828/828/828
f 831/831/831 827/827/827 837/837/837
f 553/553/553 555/555/555 835/835/835
f 569/569/569 836/836/836 834/834/834
f 831/831/831 836/836/836 569/569/569
f 655/655/655 553/553/553 898/898/898
f 553/553/553 169/169/169 554/554/554
f 899/899/899 831/831/831 568/568/568
f 900/900/900 901/901/901 570/570/570
f 898/898/898 553/553/553 835/835/835
f 655/655/655 570/570/570 572/572/572
f 164/164/164 719/719/719 554/554/554
f 554/554/554 719/719/719 555/555/555
f 840/840/840 788/788/788 839/839/839
f 788/788/788 248/248/248 731/731/731
f 398/398/398 763/763/763 754/754/754
f 724/724/724 763/763/763 759/759/759
f 586/586/586 788/788/788 584/584/584
f 726/726/726 585/585/585 844/844/844
f 840/840/840 902/902/902 903/903/903
f 843/843/843 790/790/790 846/846/846
f 321/321/321 842/842/842 588/588/588
f 323/323/323 589/589/589 842/842/842
f 187/187/187 669/669/669 728/728/728
f 345/345/345 859/859/859 181/181/181
f 858/858/858 904/904/904 594/594/594
f 277/277/277 861/861/861 15/15/15
f 905/905/905 903/903/903 906/906/906
f 15/15/15 182/182/182 860/860/860
f 907/907/907 181/181/181 180/180/180
f 181/181/181 860/860/860 182/182/182
f 14/14/14 221/221/221 82/82/82
f 220/220/220 908/908/908 909/909/909
f 910/910/910 793/793/793 862/862/862
f 793/793/793 314/314/314 863/863/863
f 792/792/792 793/793/793 796/796/796
f 911/911/911 912/912/912 381/381/381
f 800/800/800 684/684/684 807/807/807
f 574/574/574 684/684/684 866/866/866
f 574/574/574 738/738/738 175/175/175
f 739/739/739 738/738/738 866/866/866
f 684/684/684 800/800/800 866/866/866
f 806/806/806 798/798/798 800/800/800
f 806/806/806 334/334/334 274/274/274
f 799/799/799 273/273/273 865/865/865
f 273/273/273 798/798/798 274/274/274
f 865/865/865 741/741/741 799/799/799
f 739/739/739 799/799/799 740/740/740
f 799/799/799 798/798/798 273/273/273
f 339/339/339 604/604/604 340/340/340
f 307/307/307 604/604/604 808/808/808
f 913/913/913 914/914/914 867/867/867
f 307/307/307 808/808/808 308/308/308
f 913/913/913 504/504/504 503/503/503
f 801/801/801 803/803/803 915/915/915
f 808/808/808 506/506/506 914/914/914
f 913/913/913 916/916/916 309/309/309
f 868/868/868 737/737/737 915/915/915
f 473/473/473 868/868/868 917/917/917
f 918/918/918 472/472/472 240/240/240
f 238/238/238 919/919/919 239/239/239
f 749/749/749 133/133/133 874/874/874
f 437/437/437 135/135/135 438/438/438
f 874/874/874 875/875/875 920/920/920
f 874/874/874 136/136/136 616/616/616
f 875/875/875 876/876/876 921/921/921
f 880/880/880 921/921/921 922/922/922
f 136/136/136 874/874/874 134/134/134
f 134/134/134 874/874/874 920/920/920
f 921/921/921 920/920/920 875/875/875
f 134/134/134 920/920/920 878/878/878
f 923/923/923 924/924/924 445/445/445
f 402/402/402 813/813/813 925/925/925
f 811/811/811 518/518/518 750/750/750
f 402/402/402 518/518/518 813/813/813
f 750/750/750 692/692/692 748/748/748
f 811/811/811 881/881/881 926/926/926
f 927/927/927 928/928/928 515/515/515
f 881/881/881 811/811/811 748/748/748
f 723/723/723 326/326/326 160/160/160
f 519/519/519 617/617/617 520/520/520
f 701/701/701 770/770/770 459/459/459
f 929/929/929 769/769/769 772/772/772
f 771/771/771 767/767/767 930/930/930
f 467/467/467 544/544/544 707/707/707
f 931/931/931 932/932/932 32/32/32
f 44/44/44 536/536/536 643/643/643
f 704/704/704 769/769/769 929/929/929
f 33/33/33 32/32/32 630/630/630
f 552/552/552 713/713/713 641/641/641
f 824/824/824 891/891/891 337/337/337
f 644/644/644 337/337/337 336/336/336
f 824/824/824 711/711/711 891/891/891
f 933/933/933 818/818/818 830/830/830
f 138/138/138 820/820/820 648/648/648
f 896/896/896 934/934/934 933/933/933
f 819/819/819 885/885/885 705/705/705
f 818/818/818 828/828/828 830/830/830
f 818/818/818 933/933/933 819/819/819
f 829/829/829 828/828/828 716/716/716
f 779/779/779 892/892/892 777/777/777
f 897/897/897 894/894/894 100/100/100
f 100/100/100 935/935/935 897/897/897
f 897/897/897 716/716/716 892/892/892
f 830/830/830 829/829/829 935/935/935
f 279/279/279 775/775/775 138/138/138
f 195/195/195 194/194/194 775/775/775
f 826/826/826 837/837/837 827/827/827
f 836/836/836 831/831/831 837/837/837
f 350/350/350 569/569/569 936/936/936
f 937/937/937 350/350/350 116/116/116
f 655/655/655 572/572/572 342/342/342
f 571/571/571 570/570/570 938/938/938
f 731/731/731 839/839/839 788/788/788
f 902/902/902 839/839/839 674/674/674
f 247/247/247 731/731/731 248/248/248
f 675/675/675 731/731/731 146/146/146
f 840/840/840 584/584/584 788/788/788
f 585/585/585 584/584/584 789/789/789
f 728/728/728 858/858/858 187/187/187
f 904/904/904 858/858/858 939/939/939
f 940/940/940 904/904/904 941/941/941
f 940/940/940 942/942/942 907/907/907
f 943/943/943 944/944/944 945/945/945
f 902/902/902 674/674/674 219/219/219
f 679/679/679 84/84/84 487/487/487
f 277/277/277 84/84/84 678/678/678
f 946/946/946 947/947/947 16/16/16
f 908/908/908 220/220/220 676/676/676
f 947/947/947 221/221/221 14/14/14
f 902/902/902 840/840/840 839/839/839
f 221/221/221 947/947/947 219/219/219
f 902/902/902 219/219/219 946/946/946
f 345/345/345 948/948/948 859/859/859
f 948/948/948 944/944/944 943/943/943
f 16/16/16 947/947/947 14/14/14
f 219/219/219 947/947/947 946/946/946
f 220/220/220 909/909/909 221/221/221
f 360/360/360 228/228/228 730/730/730
f 488/488/488 491/491/491 599/599/599
f 600/600/600 949/949/949 730/730/730
f 487/487/487 84/84/84 83/83/83
f 600/600/600 488/488/488 949/949/949
f 909/909/909 82/82/82 221/221/221
f 949/949/949 488/488/488 83/83/83
f 949/949/949 83/83/83 909/909/909
f 909/909/909 83/83/83 82/82/82
f 908/908/908 672/672/672 597/597/597
f 949/949/949 909/909/909 908/908/908
f 949/949/949 908/908/908 730/730/730
f 730/730/730 908/908/908 597/597/597
f 863/863/863 862/862/862 793/793/793
f 950/950/950 862/862/862 745/745/745
f 746/746/746 314/314/314 316/316/316
f 746/746/746 686/686/686 685/685/685
f 745/745/745 863/863/863 685/685/685
f 746/746/746 685/685/685 863/863/863
f 746/746/746 863/863/863 314/314/314
f 686/686/686 746/746/746 492/492/492
f 796/796/796 294/294/294 792/792/792
f 496/496/496 294/294/294 795/795/795
f 910/910/910 951/951/951 793/793/793
f 795/795/795 794/794/794 382/382/382
f 951/951/951 796/796/796 793/793/793
f 745/745/745 872/872/872 950/950/950
f 952/952/952 953/953/953 954/954/954
f 382/382/382 794/794/794 864/864/864
f 796/796/796 951/951/951 794/794/794
f 953/953/953 955/955/955 954/954/954
f 807/807/807 721/721/721 805/805/805
f 274/274/274 798/798/798 806/806/806
f 956/956/956 957/957/957 958/958/958
f 806/806/806 805/805/805 334/334/334
f 959/959/959 960/960/960 411/411/411
f 961/961/961 962/962/962 963/963/963
f 964/964/964 965/965/965 966/966/966
f 967/967/967 968/968/968 969/969/969
f 957/957/957 961/961/961 963/963/963
f 970/970/970 356/356/356 971/971/971
f 333/333/333 334/334/334 972/972/972
f 333/333/333 973/973/973 974/974/974
f 333/333/333 975/975/975 272/272/272
f 865/865/865 273/273/273 971/971/971
f 976/976/976 958/958/958 977/977/977
f 978/978/978 979/979/979 980/980/980
f 272/272/272 971/971/971 273/273/273
f 975/975/975 980/980/980 981/981/981
f 333/333/333 272/272/272 274/274/274
f 971/971/971 272/272/272 975/975/975
f 473/473/473 95/95/95 690/690/690
f 511/511/511 95/95/95 918/918/918
f 240/240/240 472/472/472 873/873/873
f 95/95/95 472/472/472 918/918/918
f 240/240/240 873/873/873 869/869/869
f 238/238/238 240/240/240 872/872/872
f 873/873/873 473/473/473 917/917/917
f 223/223/223 871/871/871 982/982/982
f 737/737/737 983/983/983 915/915/915
f 870/870/870 984/984/984 871/871/871
f 307/307/307 309/309/309 737/737/737
f 915/915/915 803/803/803 870/870/870
f 869/869/869 872/872/872 240/240/240
f 950/950/950 910/910/910 862/862/862
f 870/870/870 869/869/869 873/873/873
f 872/872/872 869/869/869 871/871/871
f 872/872/872 871/871/871 950/950/950
f 223/223/223 950/950/950 871/871/871
f 870/870/870 873/873/873 917/917/917
f 870/870/870 803/803/803 984/984/984
f 238/238/238 686/686/686 919/919/919
f 249/249/249 313/313/313 744/744/744
f 512/512/512 514/514/514 611/611/611
f 612/612/612 985/985/985 744/744/744
f 96/96/96 95/95/95 511/511/511
f 612/612/612 512/512/512 985/985/985
f 918/918/918 240/240/240 239/239/239
f 985/985/985 512/512/512 511/511/511
f 985/985/985 511/511/511 239/239/239
f 239/239/239 511/511/511 918/918/918
f 919/919/919 686/686/686 609/609/609
f 985/985/985 239/239/239 919/919/919
f 985/985/985 919/919/919 744/744/744
f 744/744/744 919/919/919 609/609/609
f 532/532/532 616/616/616 614/614/614
f 874/874/874 616/616/616 749/749/749
f 881/881/881 748/748/748 928/928/928
f 465/465/465 515/515/515 748/748/748
f 464/464/464 515/515/515 465/465/465
f 516/516/516 615/615/615 425/425/425
f 425/425/425 614/614/614 616/616/616
f 927/927/927 515/515/515 425/425/425
f 924/924/924 923/923/923 986/986/986
f 987/987/987 988/988/988 989/989/989
f 643/643/643 536/536/536 932/932/932
f 62/62/62 643/643/643 546/546/546
f 990/990/990 991/991/991 931/931/931
f 992/992/992 993/993/993 994/994/994
f 536/536/536 32/32/32 932/932/932
f 995/995/995 288/288/288 287/287/287
f 63/63/63 545/545/545 466/466/466
f 62/62/62 545/545/545 63/63/63
f 932/932/932 546/546/546 643/643/643
f 544/544/544 546/546/546 642/642/642
f 629/629/629 461/461/461 463/463/463
f 537/537/537 462/462/462 461/461/461
f 702/702/702 996/996/996 703/703/703
f 33/33/33 997/997/997 704/704/704
f 463/463/463 462/462/462 630/630/630
f 630/630/630 462/462/462 997/997/997
f 552/552/552 825/825/825 713/713/713
f 337/337/337 825/825/825 824/824/824
f 891/891/891 998/998/998 999/999/999
f 833/833/833 832/832/832 890/890/890
f 1000/1000/1000 934/934/934 896/896/896
f 933/933/933 830/830/830 896/896/896
f 1001/1001/1001 834/834/834 833/833/833
f 1002/1002/1002 310/310/310 1003/1003/1003
f 180/180/180 182/182/182 592/592/592
f 345/345/345 181/181/181 1004/1004/1004
f 277/277/277 15/15/15 14/14/14
f 182/182/182 15/15/15 861/861/861
f 1005/1005/1005 860/860/860 859/859/859
f 15/15/15 860/860/860 16/16/16
f 223/223/223 222/222/222 910/910/910
f 222/222/222 224/224/224 1006/1006/1006
f 503/503/503 502/502/502 1007/1007/1007
f 801/801/801 1008/1008/1008 1009/1009/1009
f 913/913/913 309/309/309 308/308/308
f 309/309/309 1008/1008/1008 983/983/983
f 868/868/868 915/915/915 917/917/917
f 870/870/870 917/917/917 915/915/915
f 802/802/802 969/969/969 1010/1010/1010
f 224/224/224 954/954/954 1006/1006/1006
f 438/438/438 135/135/135 810/810/810
f 425/425/425 135/135/135 927/927/927
f 515/515/515 928/928/928 748/748/748
f 437/437/437 928/928/928 927/927/927
f 1011/1011/1011 127/127/127 1012/1012/1012
f 815/815/815 812/812/812 884/884/884
f 546/546/546 545/545/545 62/62/62
f 466/466/466 545/545/545 544/544/544
f 630/630/630 997/997/997 33/33/33
f 462/462/462 704/704/704 997/997/997
f 998/998/998 1013/1013/1013 1014/1014/1014
f 1015/1015/1015 1016/1016/1016 1017/1017/1017
f 936/936/936 834/834/834 1001/1001/1001
f 1018/1018/1018 1019/1019/1019 117/117/117
f 594/594/594 1020/1020/1020 592/592/592
f 1020/1020/1020 904/904/904 907/907/907
f 1021/1021/1021 1022/1022/1022 1023/1023/1023
f 476/476/476 475/475/475 1024/1024/1024
f 910/910/910 222/222/222 951/951/951
f 794/794/794 951/951/951 222/222/222
f 950/950/950 223/223/223 910/910/910
f 982/982/982 871/871/871 1025/1025/1025
f 952/952/952 982/982/982 1025/1025/1025
f 982/982/982 952/952/952 224/224/224
f 1026/1026/1026 952/952/952 1025/1025/1025
f 952/952/952 1026/1026/1026 953/953/953
f 982/982/982 224/224/224 223/223/223
f 954/954/954 224/224/224 952/952/952
f 983/983/983 801/801/801 915/915/915
f 1009/1009/1009 802/802/802 801/801/801
f 1008/1008/1008 503/503/503 1009/1009/1009
f 1027/1027/1027 1028/1028/1028 1029/1029/1029
f 1030/1030/1030 969/969/969 802/802/802
f 968/968/968 953/953/953 1026/1026/1026
f 309/309/309 983/983/983 737/737/737
f 801/801/801 983/983/983 1008/1008/1008
f 984/984/984 803/803/803 1010/1010/1010
f 871/871/871 984/984/984 1025/1025/1025
f 1031/1031/1031 813/813/813 926/926/926
f 1032/1032/1032 924/924/924 1033/1033/1033
f 1034/1034/1034 1013/1013/1013 547/547/547
f 1001/1001/1001 833/833/833 889/889/889
f 350/350/350 1035/1035/1035 349/349/349
f 937/937/937 116/116/116 117/117/117
f 1004/1004/1004 181/181/181 942/942/942
f 346/346/346 1036/1036/1036 344/344/344
f 344/344/344 1037/1037/1037 944/944/944
f 345/345/345 344/344/344 948/948/948
f 1038/1038/1038 1039/1039/1039 1040/1040/1040
f 903/903/903 841/841/841 840/840/840
f 946/946/946 906/906/906 902/902/902
f 903/903/903 945/945/945 1041/1041/1041
f 1042/1042/1042 1043/1043/1043 1044/1044/1044
f 943/943/943 903/903/903 905/905/905
f 1025/1025/1025 984/984/984 1010/1010/1010
f 969/969/969 1026/1026/1026 1010/1010/1010
f 802/802/802 1009/1009/1009 1030/1030/1030
f 968/968/968 1026/1026/1026 969/969/969
f 1010/1010/1010 1026/1026/1026 1025/1025/1025
f 802/802/802 1010/1010/1010 803/803/803
f 1045/1045/1045 1046/1046/1046 1047/1047/1047
f 1048/1048/1048 967/967/967 1030/1030/1030
f 408/408/408 1049/1049/1049 406/406/406
f 381/381/381 235/235/235 1050/1050/1050
f 236/236/236 1006/1006/1006 954/954/954
f 222/222/222 1006/1006/1006 864/864/864
f 309/309/309 916/916/916 1008/1008/1008
f 1030/1030/1030 1009/1009/1009 1051/1051/1051
f 913/913/913 867/867/867 504/504/504
f 502/502/502 504/504/504 1052/1052/1052
f 913/913/913 503/503/503 916/916/916
f 1008/1008/1008 916/916/916 503/503/503
f 1053/1053/1053 925/925/925 1031/1031/1031
f 1054/1054/1054 1055/1055/1055 1056/1056/1056
f 1057/1057/1057 1058/1058/1058 1059/1059/1059
f 521/521/521 882/882/882 883/883/883
f 1060/1060/1060 998/998/998 1014/1014/1014
f 999/999/999 1061/1061/1061 889/889/889
f 906/906/906 946/946/946 1005/1005/1005
f 903/903/903 902/902/902 906/906/906
f 946/946/946 16/16/16 1005/1005/1005
f 1005/1005/1005 859/859/859 948/948/948
f 846/846/846 847/847/847 854/854/854
f 789/789/789 848/848/848 790/790/790
f 1048/1048/1048 1030/1030/1030 1051/1051/1051
f 969/969/969 1030/1030/1030 967/967/967
f 1062/1062/1062 1063/1063/1063 1064/1064/1064
f 1065/1065/1065 1066/1066/1066 1067/1067/1067
f 953/953/953 968/968/968 1049/1049/1049
f 830/830/830 99/99/99 895/895/895
f 797/797/797 742/742/742 504/504/504
f 1068/1068/1068 1052/1052/1052 357/357/357
f 925/925/925 445/445/445 402/402/402
f 986/986/986 923/923/923 1053/1053/1053
f 1053/1053/1053 923/923/923 925/925/925
f 925/925/925 923/923/923 445/445/445
f 1053/1053/1053 1031/1031/1031 1069/1069/1069
f 986/986/986 1070/1070/1070 1071/1071/1071
f 1032/1032/1032 445/445/445 924/924/924
f 814/814/814 1072/1072/1072 884/884/884
f 1072/1072/1072 814/814/814 1032/1032/1032
f 445/445/445 1032/1032/1032 814/814/814
f 1073/1073/1073 884/884/884 1072/1072/1072
f 815/815/815 884/884/884 1074/1074/1074
f 663/663/663 812/812/812 815/815/815
f 403/403/403 814/814/814 812/812/812
f 903/903/903 943/943/943 945/945/945
f 943/943/943 905/905/905 948/948/948
f 1005/1005/1005 16/16/16 860/860/860
f 906/906/906 1005/1005/1005 905/905/905
f 1041/1041/1041 841/841/841 903/903/903
f 789/789/789 841/841/841 849/849/849
f 1041/1041/1041 945/945/945 1040/1040/1040
f 841/841/841 1041/1041/1041 849/849/849
f 1075/1075/1075 1051/1051/1051 1007/1007/1007
f 1076/1076/1076 1077/1077/1077 1078/1078/1078
f 864/864/864 236/236/236 235/235/235
f 893/893/893 1079/1079/1079 894/894/894
f 1080/1080/1080 1081/1081/1081 964/964/964
f 1062/1062/1062 1046/1046/1046 979/979/979
f 743/743/743 742/742/742 797/797/797
f 356/356/356 1082/1082/1082 357/357/357
f 1075/1075/1075 1083/1083/1083 1029/1029/1029
f 1052/1052/1052 504/504/504 742/742/742
f 1075/1075/1075 1048/1048/1048 1051/1051/1051
f 1048/1048/1048 1084/1084/1084 1085/1085/1085
f 864/864/864 1006/1006/1006 236/236/236
f 1050/1050/1050 235/235/235 1086/1086/1086
f 955/955/955 953/953/953 1087/1087/1087
f 1088/1088/1088 1076/1076/1076 1087/1087/1087
f 968/968/968 406/406/406 1049/1049/1049
f 1088/1088/1088 1087/1087/1087 408/408/408
f 1083/1083/1083 502/502/502 1068/1068/1068
f 1009/1009/1009 1007/1007/1007 1051/1051/1051
f 357/357/357 1052/1052/1052 742/742/742
f 1068/1068/1068 502/502/502 1052/1052/1052
f 1029/1029/1029 1083/1083/1083 1068/1068/1068
f 1075/1075/1075 1084/1084/1084 1048/1048/1048
f 503/503/503 1007/1007/1007 1009/1009/1009
f 1007/1007/1007 502/502/502 1083/1083/1083
f 1068/1068/1068 1082/1082/1082 1029/1029/1029
f 1007/1007/1007 1083/1083/1083 1075/1075/1075
f 970/970/970 981/981/981 1027/1027/1027
f 1046/1046/1046 1045/1045/1045 1028/1028/1028
f 955/955/955 236/236/236 954/954/954
f 236/236/236 955/955/955 237/237/237
f 1089/1089/1089 1086/1086/1086 1090/1090/1090
f 1091/1091/1091 893/893/893 778/778/778
f 953/953/953 1049/1049/1049 1087/1087/1087
f 955/955/955 1078/1078/1078 237/237/237
f 1088/1088/1088 965/965/965 1092/1092/1092
f 1078/1078/1078 955/955/955 1087/1087/1087
f 1093/1093/1093 1094/1094/1094 1065/1065/1065
f 1095/1095/1095 1096/1096/1096 1066/1066/1066
f 1088/1088/1088 408/408/408 966/966/966
f 1088/1088/1088 1092/1092/1092 1076/1076/1076
f 406/406/406 968/968/968 967/967/967
f 1087/1087/1087 1049/1049/1049 408/408/408
f 1085/1085/1085 967/967/967 1048/1048/1048
f 967/967/967 1085/1085/1085 406/406/406
f 1084/1084/1084 1045/1045/1045 1097/1097/1097
f 407/407/407 964/964/964 966/966/966
f 406/406/406 1085/1085/1085 407/407/407
f 1097/1097/1097 1085/1085/1085 1084/1084/1084
f 1047/1047/1047 1046/1046/1046 1062/1062/1062
f 407/407/407 1085/1085/1085 1080/1080/1080
f 971/971/971 981/981/981 970/970/970
f 979/979/979 981/981/981 980/980/980
f 975/975/975 981/981/981 971/971/971
f 1027/1027/1027 981/981/981 979/979/979
f 980/980/980 974/974/974 976/976/976
f 977/977/977 978/978/978 976/976/976
f 1046/1046/1046 1027/1027/1027 979/979/979
f 970/970/970 1027/1027/1027 1029/1029/1029
f 979/979/979 978/978/978 1062/1062/1062
f 1097/1097/1097 1045/1045/1045 1047/1047/1047
f 1098/1098/1098 1099/1099/1099 1100/1100/1100
f 1047/1047/1047 1101/1101/1101 1097/1097/1097
f 1084/1084/1084 1075/1075/1075 1045/1045/1045
f 1028/1028/1028 1075/1075/1075 1029/1029/1029
f 1046/1046/1046 1028/1028/1028 1027/1027/1027
f 1075/1075/1075 1028/1028/1028 1045/1045/1045
f 977/977/977 1102/1102/1102 1103/1103/1103
f 1104/1104/1104 1105/1105/1105 1081/1081/1081
f 978/978/978 980/980/980 976/976/976
f 1062/1062/1062 978/978/978 1103/1103/1103
f 974/974/974 980/980/980 975/975/975
f 956/956/956 976/976/976 974/974/974
f 1089/1089/1089 1106/1106/1106 1079/1079/1079
f 1050/1050/1050 1107/1107/1107 381/381/381
f 1107/1107/1107 911/911/911 381/381/381
f 912/912/912 496/496/496 795/795/795
f 1091/1091/1091 1108/1108/1108 1109/1109/1109
f 780/780/780 776/776/776 497/497/497
f 1109/1109/1109 911/911/911 1107/1107/1107
f 780/780/780 912/912/912 911/911/911
f 283/283/283 1091/1091/1091 778/778/778
f 1109/1109/1109 1108/1108/1108 911/911/911
f 1107/1107/1107 1089/1089/1089 1079/1079/1079
f 1091/1091/1091 1109/1109/1109 893/893/893
f 1108/1108/1108 1091/1091/1091 776/776/776
f 776/776/776 1091/1091/1091 283/283/283
f 1088/1088/1088 966/966/966 965/965/965
f 408/408/408 407/407/407 966/966/966
f 958/958/958 1100/1100/1100 1099/1099/1099
f 1110/1110/1110 1111/1111/1111 1112/1112/1112
f 1085/1085/1085 1097/1097/1097 1080/1080/1080
f 1080/1080/1080 1097/1097/1097 1081/1081/1081
f 958/958/958 1099/1099/1099 977/977/977
f 978/978/978 977/977/977 1103/1103/1103
f 1113/1113/1113 208/208/208 1114/1114/1114
f 1115/1115/1115 1116/1116/1116 1117/1117/1117
f 1118/1118/1118 1119/1119/1119 1120/1120/1120
f 1117/1117/1117 1116/1116/1116 1102/1102/1102
f 333/333/333 974/974/974 975/975/975
f 956/956/956 974/974/974 973/973/973
f 333/333/333 972/972/972 961/961/961
f 958/958/958 976/976/976 956/956/956
f 1080/1080/1080 964/964/964 407/407/407
f 964/964/964 1105/1105/1105 1121/1121/1121
f 1047/1047/1047 1062/1062/1062 1064/1064/1064
f 1062/1062/1062 1103/1103/1103 1116/1116/1116
f 1117/1117/1117 1102/1102/1102 1122/1122/1122
f 1123/1123/1123 1124/1124/1124 1063/1063/1063
f 1081/1081/1081 1105/1105/1105 964/964/964
f 1101/1101/1101 1081/1081/1081 1097/1097/1097
f 1064/1064/1064 1101/1101/1101 1047/1047/1047
f 1081/1081/1081 1101/1101/1101 1104/1104/1104
f 1062/1062/1062 1116/1116/1116 1063/1063/1063
f 1101/1101/1101 1064/1064/1064 1104/1104/1104
f 1125/1125/1125 1126/1126/1126 1127/1127/1127
f 1104/1104/1104 1064/1064/1064 1063/1063/1063
f 1102/1102/1102 1116/1116/1116 1103/1103/1103
f 1063/1063/1063 1116/1116/1116 1115/1115/1115
f 1128/1128/1128 1129/1129/1129 1130/1130/1130
f 565/565/565 654/654/654 729/729/729
f 1131/1131/1131 1132/1132/1132 1130/1130/1130
f 565/565/565 209/209/209 566/566/566
f 654/654/654 565/565/565 567/567/567
f 209/209/209 565/565/565 729/729/729
f 485/485/485 209/209/209 1133/1133/1133
f 941/941/941 728/728/728 727/727/727
f 728/728/728 939/939/939 858/858/858
f 484/484/484 728/728/728 185/185/185
f 184/184/184 202/202/202 484/484/484
f 728/728/728 484/484/484 202/202/202
f 622/622/622 523/523/523 1134/1134/1134
f 422/422/422 418/418/418 876/876/876
f 524/524/524 619/619/619 1135/1135/1135
f 619/619/619 524/524/524 523/523/523
f 638/638/638 640/640/640 550/550/550
f 52/52/52 638/638/638 53/53/53
f 581/581/581 583/583/583 1136/1136/1136
f 376/376/376 1137/1137/1137 720/720/720
f 783/783/783 720/720/720 1137/1137/1137
f 720/720/720 838/838/838 656/656/656
f 294/294/294 496/496/496 292/292/292
f 795/795/795 382/382/382 912/912/912
f 649/649/649 734/734/734 495/495/495
f 496/496/496 495/495/495 734/734/734
f 1135/1135/1135 1138/1138/1138 524/524/524
f 394/394/394 393/393/393 1135/1135/1135
f 1139/1139/1139 524/524/524 1138/1138/1138
f 1139/1139/1139 525/525/525 524/524/524
f 1140/1140/1140 1141/1141/1141 1142/1142/1142
f 1143/1143/1143 1144/1144/1144 1145/1145/1145
f 880/880/880 525/525/525 1146/1146/1146
f 1134/1134/1134 922/922/922 418/418/418
f 1146/1146/1146 1147/1147/1147 1148/1148/1148
f 525/525/525 1139/1139/1139 1146/1146/1146
f 619/619/619 523/523/523 620/620/620
f 394/394/394 1135/1135/1135 619/619/619
f 879/879/879 1146/1146/1146 1149/1149/1149
f 921/921/921 880/880/880 878/878/878
f 921/921/921 878/878/878 920/920/920
f 418/418/418 622/622/622 1134/1134/1134
f 523/523/523 525/525/525 1134/1134/1134
f 922/922/922 1134/1134/1134 525/525/525
f 880/880/880 922/922/922 525/525/525
f 418/418/418 922/922/922 921/921/921
f 876/876/876 875/875/875 435/435/435
f 418/418/418 921/921/921 876/876/876
f 435/435/435 875/875/875 133/133/133
f 435/435/435 877/877/877 432/432/432
f 885/885/885 1150/1150/1150 823/823/823
f 819/819/819 933/933/933 1150/1150/1150
f 700/700/700 772/772/772 770/770/770
f 1151/1151/1151 821/821/821 1152/1152/1152
f 1136/1136/1136 1153/1153/1153 1137/1137/1137
f 1154/1154/1154 469/469/469 959/959/959
f 838/838/838 410/410/410 786/786/786
f 785/785/785 786/786/786 409/409/409
f 783/783/783 410/410/410 838/838/838
f 411/411/411 410/410/410 1155/1155/1155
f 720/720/720 783/783/783 838/838/838
f 1153/1153/1153 1156/1156/1156 1157/1157/1157
f 1158/1158/1158 411/411/411 1155/1155/1155
f 960/960/960 804/804/804 409/409/409
f 410/410/410 409/409/409 786/786/786
f 960/960/960 409/409/409 411/411/411
f 1159/1159/1159 1160/1160/1160 470/470/470
f 957/957/957 1161/1161/1161 1100/1100/1100
f 956/956/956 961/961/961 957/957/957
f 1162/1162/1162 1163/1163/1163 206/206/206
f 961/961/961 956/956/956 973/973/973
f 206/206/206 1161/1161/1161 1164/1164/1164
f 334/334/334 805/805/805 972/972/972
f 1165/1165/1165 805/805/805 960/960/960
f 1166/1166/1166 1167/1167/1167 1098/1098/1098
f 958/958/958 957/957/957 1100/1100/1100
f 1161/1161/1161 957/957/957 963/963/963
f 1100/1100/1100 1166/1166/1166 1098/1098/1098
f 1167/1167/1167 1166/1166/1166 1163/1163/1163
f 1168/1168/1168 1098/1098/1098 1169/1169/1169
f 1168/1168/1168 1099/1099/1099 1098/1098/1098
f 1102/1102/1102 977/977/977 1099/1099/1099
f 1170/1170/1170 1159/1159/1159 1155/1155/1155
f 470/470/470 469/469/469 1154/1154/1154
f 333/333/333 961/961/961 973/973/973
f 961/961/961 972/972/972 962/962/962
f 1171/1171/1171 1172/1172/1172 1173/1173/1173
f 1168/1168/1168 1169/1169/1169 1174/1174/1174
f 1174/1174/1174 1175/1175/1175 1122/1122/1122
f 1099/1099/1099 1168/1168/1168 1102/1102/1102
f 1159/1159/1159 1158/1158/1158 1155/1155/1155
f 959/959/959 1158/1158/1158 1154/1154/1154
f 469/469/469 1164/1164/1164 1176/1176/1176
f 1165/1165/1165 972/972/972 805/805/805
f 206/206/206 1163/1163/1163 1166/1166/1166
f 1162/1162/1162 1167/1167/1167 1163/1163/1163
f 1161/1161/1161 206/206/206 1166/1166/1166
f 207/207/207 471/471/471 1177/1177/1177
f 1098/1098/1098 1167/1167/1167 1169/1169/1169
f 1162/1162/1162 1178/1178/1178 1167/1167/1167
f 1164/1164/1164 469/469/469 471/471/471
f 959/959/959 469/469/469 1176/1176/1176
f 959/959/959 411/411/411 1158/1158/1158
f 1165/1165/1165 959/959/959 1176/1176/1176
f 1100/1100/1100 1161/1161/1161 1166/1166/1166
f 1164/1164/1164 1161/1161/1161 963/963/963
f 1164/1164/1164 963/963/963 962/962/962
f 471/471/471 206/206/206 1164/1164/1164
f 883/883/883 664/664/664 662/662/662
f 1179/1179/1179 1180/1180/1180 1181/1181/1181
f 387/387/387 662/662/662 665/665/665
f 883/883/883 662/662/662 8/8/8
f 7/7/7 519/519/519 8/8/8
f 1181/1181/1181 883/883/883 787/787/787
f 1073/1073/1073 520/520/520 1074/1074/1074
f 521/521/521 1073/1073/1073 1057/1057/1057
f 618/618/618 519/519/519 7/7/7
f 883/883/883 519/519/519 521/521/521
f 1033/1033/1033 1058/1058/1058 1072/1072/1072
f 520/520/520 1073/1073/1073 521/521/521
f 1072/1072/1072 1032/1032/1032 1033/1033/1033
f 882/882/882 577/577/577 787/787/787
f 1182/1182/1182 986/986/986 1071/1071/1071
f 1059/1059/1059 1033/1033/1033 1183/1183/1183
f 1074/1074/1074 520/520/520 723/723/723
f 884/884/884 1073/1073/1073 1074/1074/1074
f 1058/1058/1058 1073/1073/1073 1072/1072/1072
f 1057/1057/1057 1059/1059/1059 577/577/577
f 578/578/578 1011/1011/1011 1012/1012/1012
f 577/577/577 1059/1059/1059 578/578/578
f 521/521/521 1057/1057/1057 882/882/882
f 577/577/577 882/882/882 1057/1057/1057
f 1137/1137/1137 784/784/784 783/783/783
f 1180/1180/1180 582/582/582 664/664/664
f 1059/1059/1059 1183/1183/1183 1011/1011/1011
f 578/578/578 1012/1012/1012 579/579/579
f 1184/1184/1184 1185/1185/1185 1156/1156/1156
f 1186/1186/1186 582/582/582 1180/1180/1180
f 1012/1012/1012 1187/1187/1187 1188/1188/1188
f 1189/1189/1189 1179/1179/1179 579/579/579
f 924/924/924 986/986/986 1182/1182/1182
f 79/79/79 1190/1190/1190 1191/1191/1191
f 1059/1059/1059 1011/1011/1011 578/578/578
f 127/127/127 1011/1011/1011 1192/1192/1192
f 1193/1193/1193 1190/1190/1190 1194/1194/1194
f 127/127/127 129/129/129 1187/1187/1187
f 1059/1059/1059 1058/1058/1058 1033/1033/1033
f 1073/1073/1073 1058/1058/1058 1057/1057/1057
f 1181/1181/1181 1180/1180/1180 664/664/664
f 1186/1186/1186 1180/1180/1180 1195/1195/1195
f 883/883/883 1181/1181/1181 664/664/664
f 787/787/787 579/579/579 1179/1179/1179
f 1186/1186/1186 1156/1156/1156 1196/1196/1196
f 1137/1137/1137 376/376/376 1136/1136/1136
f 1156/1156/1156 1186/1186/1186 1195/1195/1195
f 1186/1186/1186 1196/1196/1196 583/583/583
f 924/924/924 1182/1182/1182 1033/1033/1033
f 1011/1011/1011 1183/1183/1183 1192/1192/1192
f 1197/1197/1197 1191/1191/1191 1071/1071/1071
f 1192/1192/1192 1183/1183/1183 1198/1198/1198
f 1033/1033/1033 1198/1198/1198 1183/1183/1183
f 1190/1190/1190 1198/1198/1198 1191/1191/1191
f 1191/1191/1191 1198/1198/1198 1182/1182/1182
f 1033/1033/1033 1182/1182/1182 1198/1198/1198
f 581/581/581 1136/1136/1136 376/376/376
f 1153/1153/1153 1136/1136/1136 1196/1196/1196
f 1071/1071/1071 1070/1070/1070 1197/1197/1197
f 1182/1182/1182 1071/1071/1071 1191/1191/1191
f 606/606/606 743/743/743 797/797/797
f 317/317/317 743/743/743 318/318/318
f 971/971/971 356/356/356 865/865/865
f 1082/1082/1082 356/356/356 970/970/970
f 1029/1029/1029 1082/1082/1082 970/970/970
f 357/357/357 1082/1082/1082 1068/1068/1068
f 338/338/338 337/337/337 890/890/890
f 833/833/833 890/890/890 889/889/889
f 569/569/569 834/834/834 936/936/936
f 832/832/832 834/834/834 836/836/836
f 826/826/826 832/832/832 836/836/836
f 890/890/890 832/832/832 338/338/338
f 337/337/337 891/891/891 890/890/890
f 891/891/891 999/999/999 889/889/889
f 1061/1061/1061 1199/1199/1199 889/889/889
f 1200/1200/1200 1001/1001/1001 1199/1199/1199
f 1201/1201/1201 1199/1199/1199 1061/1061/1061
f 1202/1202/1202 1203/1203/1203 1199/1199/1199
f 1204/1204/1204 1202/1202/1202 1201/1201/1201
f 350/350/350 936/936/936 1035/1035/1035
f 1199/1199/1199 1001/1001/1001 889/889/889
f 1001/1001/1001 1200/1200/1200 1035/1035/1035
f 1205/1205/1205 23/23/23 25/25/25
f 116/116/116 349/349/349 25/25/25
f 1001/1001/1001 1035/1035/1035 936/936/936
f 1206/1206/1206 1035/1035/1035 1200/1200/1200
f 1201/1201/1201 1061/1061/1061 1060/1060/1060
f 1207/1207/1207 1178/1178/1178 1171/1171/1171
f 349/349/349 1035/1035/1035 1206/1206/1206
f 1205/1205/1205 1208/1208/1208 23/23/23
f 25/25/25 349/349/349 1206/1206/1206
f 23/23/23 1209/1209/1209 24/24/24
f 117/117/117 1019/1019/1019 1210/1210/1210
f 116/116/116 25/25/25 24/24/24
f 1211/1211/1211 1212/1212/1212 901/901/901
f 365/365/365 569/569/569 350/350/350
f 1018/1018/1018 1213/1213/1213 1019/1019/1019
f 937/937/937 366/366/366 365/365/365
f 366/366/366 117/117/117 1210/1210/1210
f 568/568/568 365/365/365 364/364/364
f 1206/1206/1206 1203/1203/1203 886/886/886
f 888/888/888 1214/1214/1214 1208/1208/1208
f 1215/1215/1215 1216/1216/1216 1217/1217/1217
f 1218/1218/1218 1002/1002/1002 1219/1219/1219
f 366/366/366 937/937/937 117/117/117
f 350/350/350 937/937/937 365/365/365
f 1220/1220/1220 366/366/366 1210/1210/1210
f 900/900/900 835/835/835 899/899/899
f 1221/1221/1221 1220/1220/1220 1219/1219/1219
f 1003/1003/1003 1222/1222/1222 1219/1219/1219
f 366/366/366 1223/1223/1223 364/364/364
f 364/364/364 1223/1223/1223 1224/1224/1224
f 1219/1219/1219 1220/1220/1220 1210/1210/1210
f 1220/1220/1220 1221/1221/1221 1223/1223/1223
f 1223/1223/1223 366/366/366 1220/1220/1220
f 568/568/568 364/364/364 1224/1224/1224
f 899/899/899 568/568/568 1224/1224/1224
f 568/568/568 831/831/831 569/569/569
f 1218/1218/1218 1210/1210/1210 1019/1019/1019
f 1002/1002/1002 1003/1003/1003 1219/1219/1219
f 1221/1221/1221 1130/1130/1130 1212/1212/1212
f 655/655/655 898/898/898 570/570/570
f 899/899/899 1224/1224/1224 900/900/900
f 831/831/831 899/899/899 835/835/835
f 1223/1223/1223 1211/1211/1211 1224/1224/1224
f 1212/1212/1212 1223/1223/1223 1221/1221/1221
f 1130/1130/1130 1129/1129/1129 1212/1212/1212
f 1129/1129/1129 901/901/901 1212/1212/1212
f 1206/1206/1206 1200/1200/1200 1203/1203/1203
f 25/25/25 1206/1206/1206 1205/1205/1205
f 117/117/117 24/24/24 1018/1018/1018
f 1213/1213/1213 1018/1018/1018 24/24/24
f 24/24/24 1209/1209/1209 1213/1213/1213
f 476/476/476 1024/1024/1024 312/312/312
f 1215/1215/1215 1019/1019/1019 1213/1213/1213
f 1225/1225/1225 1226/1226/1226 1227/1227/1227
f 1228/1228/1228 1229/1229/1229 1230/1230/1230
f 1222/1222/1222 1131/1131/1131 1130/1130/1130
f 835/835/835 900/900/900 898/898/898
f 570/570/570 898/898/898 900/900/900
f 1221/1221/1221 1222/1222/1222 1130/1130/1130
f 1231/1231/1231 1131/1131/1131 1232/1232/1232
f 1219/1219/1219 1222/1222/1222 1221/1221/1221
f 1131/1131/1131 1231/1231/1231 1132/1132/1132
f 652/652/652 938/938/938 1129/1129/1129
f 17/17/17 19/19/19 571/571/571
f 572/572/572 571/571/571 343/343/343
f 571/571/571 938/938/938 652/652/652
f 1224/1224/1224 1211/1211/1211 900/900/900
f 1223/1223/1223 1212/1212/1212 1211/1211/1211
f 1218/1218/1218 1219/1219/1219 1210/1210/1210
f 311/311/311 1002/1002/1002 1227/1227/1227
f 1218/1218/1218 1019/1019/1019 1215/1215/1215
f 1002/1002/1002 1218/1218/1218 1227/1227/1227
f 1233/1233/1233 1003/1003/1003 310/310/310
f 1222/1222/1222 1003/1003/1003 1234/1234/1234
f 1211/1211/1211 901/901/901 900/900/900
f 938/938/938 570/570/570 901/901/901
f 652/652/652 1129/1129/1129 1128/1128/1128
f 901/901/901 1129/1129/1129 938/938/938
f 652/652/652 1128/1128/1128 1235/1235/1235
f 571/571/571 652/652/652 17/17/17
f 682/682/682 867/867/867 914/914/914
f 339/339/339 506/506/506 808/808/808
f 534/534/534 429/429/429 51/51/51
f 429/429/429 877/877/877 132/132/132
f 423/423/423 534/534/534 426/426/426
f 429/429/429 534/534/534 877/877/877
f 435/435/435 432/432/432 422/422/422
f 877/877/877 534/534/534 432/432/432
f 1074/1074/1074 723/723/723 815/815/815
f 617/617/617 723/723/723 520/520/520
f 585/585/585 790/790/790 844/844/844
f 848/848/848 789/789/789 849/849/849
f 1039/1039/1039 854/854/854 847/847/847
f 846/846/846 790/790/790 848/848/848
f 504/504/504 867/867/867 797/797/797
f 914/914/914 913/913/913 308/308/308
f 808/808/808 914/914/914 308/308/308
f 682/682/682 914/914/914 506/506/506
f 641/641/641 550/550/550 552/552/552
f 550/550/550 640/640/640 1236/1236/1236
f 638/638/638 550/550/550 641/641/641
f 1236/1236/1236 551/551/551 550/550/550
f 547/547/547 1236/1236/1236 548/548/548
f 1014/1014/1014 1013/1013/1013 1034/1034/1034
f 547/547/547 1013/1013/1013 551/551/551
f 551/551/551 1013/1013/1013 711/711/711
f 1237/1237/1237 548/548/548 640/640/640
f 547/547/547 551/551/551 1236/1236/1236
f 639/639/639 1237/1237/1237 640/640/640
f 710/710/710 709/709/709 773/773/773
f 640/640/640 548/548/548 1236/1236/1236
f 549/549/549 548/548/548 1238/1238/1238
f 1239/1239/1239 549/549/549 1240/1240/1240
f 711/711/711 1013/1013/1013 998/998/998
f 1241/1241/1241 1242/1242/1242 1243/1243/1243
f 1060/1060/1060 1014/1014/1014 1242/1242/1242
f 1014/1014/1014 1244/1244/1244 1242/1242/1242
f 1060/1060/1060 999/999/999 998/998/998
f 549/549/549 1238/1238/1238 1245/1245/1245
f 1239/1239/1239 1240/1240/1240 1246/1246/1246
f 549/549/549 1034/1034/1034 547/547/547
f 1244/1244/1244 1014/1014/1014 1034/1034/1034
f 1244/1244/1244 1034/1034/1034 1239/1239/1239
f 549/549/549 1239/1239/1239 1034/1034/1034
f 1247/1247/1247 1248/1248/1248 1249/1249/1249
f 1201/1201/1201 1202/1202/1202 1199/1199/1199
f 1250/1250/1250 1251/1251/1251 1252/1252/1252
f 1060/1060/1060 1242/1242/1242 1241/1241/1241
f 1060/1060/1060 1241/1241/1241 1201/1201/1201
f 1060/1060/1060 1061/1061/1061 999/999/999
f 1253/1253/1253 1254/1254/1254 1204/1204/1204
f 1201/1201/1201 1253/1253/1253 1204/1204/1204
f 1243/1243/1243 1255/1255/1255 1256/1256/1256
f 1257/1257/1257 1252/1252/1252 1251/1251/1251
f 1017/1017/1017 1258/1258/1258 1259/1259/1259
f 886/886/886 1203/1203/1203 1204/1204/1204
f 1253/1253/1253 1201/1201/1201 1241/1241/1241
f 886/886/886 1204/1204/1204 1254/1254/1254
f 887/887/887 886/886/886 1254/1254/1254
f 1205/1205/1205 1206/1206/1206 886/886/886
f 1258/1258/1258 887/887/887 1259/1259/1259
f 1016/1016/1016 1214/1214/1214 888/888/888
f 1199/1199/1199 1203/1203/1203 1200/1200/1200
f 1204/1204/1204 1203/1203/1203 1202/1202/1202
f 1259/1259/1259 887/887/887 1254/1254/1254
f 887/887/887 1258/1258/1258 888/888/888
f 819/819/819 648/648/648 820/820/820
f 1150/1150/1150 933/933/933 934/934/934
f 893/893/893 1109/1109/1109 1079/1079/1079
f 1260/1260/1260 1261/1261/1261 1262/1262/1262
f 829/829/829 897/897/897 935/935/935
f 779/779/779 897/897/897 892/892/892
f 893/893/893 779/779/779 778/778/778
f 897/897/897 779/779/779 894/894/894
f 1107/1107/1107 1050/1050/1050 1089/1089/1089
f 1106/1106/1106 1089/1089/1089 1095/1095/1095
f 1107/1107/1107 1079/1079/1079 1109/1109/1109
f 1079/1079/1079 1106/1106/1106 1260/1260/1260
f 1050/1050/1050 1086/1086/1086 1089/1089/1089
f 1089/1089/1089 1090/1090/1090 1095/1095/1095
f 1263/1263/1263 1262/1262/1262 1261/1261/1261
f 1106/1106/1106 1095/1095/1095 1261/1261/1261
f 1264/1264/1264 1095/1095/1095 1066/1066/1066
f 896/896/896 895/895/895 1265/1265/1265
f 237/237/237 1077/1077/1077 1086/1086/1086
f 1095/1095/1095 1090/1090/1090 1096/1096/1096
f 1266/1266/1266 1267/1267/1267 1268/1268/1268
f 1269/1269/1269 1270/1270/1270 1265/1265/1265
f 1260/1260/1260 100/100/100 894/894/894
f 98/98/98 100/100/100 1262/1262/1262
f 1264/1264/1264 1271/1271/1271 1263/1263/1263
f 1260/1260/1260 1262/1262/1262 100/100/100
f 99/99/99 830/830/830 935/935/935
f 1268/1268/1268 1272/1272/1272 1273/1273/1273
f 100/100/100 99/99/99 935/935/935
f 1273/1273/1273 895/895/895 99/99/99
f 1079/1079/1079 1260/1260/1260 894/894/894
f 1261/1261/1261 1260/1260/1260 1106/1106/1106
f 1267/1267/1267 1266/1266/1266 1263/1263/1263
f 99/99/99 98/98/98 1273/1273/1273
f 1066/1066/1066 1096/1096/1096 1067/1067/1067
f 1274/1274/1274 1275/1275/1275 1276/1276/1276
f 1264/1264/1264 1261/1261/1261 1095/1095/1095
f 1267/1267/1267 1263/1263/1263 1271/1271/1271
f 1065/1065/1065 1111/1111/1111 1110/1110/1110
f 1261/1261/1261 1264/1264/1264 1263/1263/1263
f 675/675/675 146/146/146 673/673/673
f 676/676/676 675/675/675 672/672/672
f 148/148/148 673/673/673 146/146/146
f 597/597/597 673/673/673 320/320/320
f 908/908/908 676/676/676 672/672/672
f 674/674/674 676/676/676 220/220/220
f 939/939/939 728/728/728 941/941/941
f 904/904/904 940/940/940 907/907/907
f 727/727/727 202/202/202 485/485/485
f 1234/1234/1234 1003/1003/1003 1233/1233/1233
f 181/181/181 907/907/907 942/942/942
f 1020/1020/1020 907/907/907 180/180/180
f 592/592/592 1020/1020/1020 180/180/180
f 594/594/594 904/904/904 1020/1020/1020
f 941/941/941 904/904/904 939/939/939
f 1021/1021/1021 1277/1277/1277 1022/1022/1022
f 607/607/607 721/721/721 807/807/807
f 722/722/722 785/785/785 804/804/804
f 810/810/810 878/878/878 879/879/879
f 1278/1278/1278 1031/1031/1031 926/926/926
f 33/33/33 704/704/704 703/703/703
f 995/995/995 932/932/932 1279/1279/1279
f 1279/1279/1279 932/932/932 931/931/931
f 546/546/546 932/932/932 642/642/642
f 991/991/991 1279/1279/1279 931/931/931
f 1280/1280/1280 288/288/288 995/995/995
f 288/288/288 1280/1280/1280 1281/1281/1281
f 289/289/289 288/288/288 773/773/773
f 948/948/948 344/344/344 944/944/944
f 1005/1005/1005 948/948/948 905/905/905
f 1077/1077/1077 237/237/237 1078/1078/1078
f 235/235/235 237/237/237 1086/1086/1086
f 1282/1282/1282 1094/1094/1094 1283/1283/1283
f 1284/1284/1284 1285/1285/1285 1286/1286/1286
f 1287/1287/1287 1288/1288/1288 1289/1289/1289
f 1063/1063/1063 1115/1115/1115 1123/1123/1123
f 652/652/652 651/651/651 17/17/17
f 729/729/729 651/651/651 653/653/653
f 653/653/653 1235/1235/1235 1290/1290/1290
f 1291/1291/1291 209/209/209 1292/1292/1292
f 1293/1293/1293 1294/1294/1294 1290/1290/1290
f 1133/1133/1133 1295/1295/1295 727/727/727
f 209/209/209 485/485/485 201/201/201
f 727/727/727 485/485/485 1133/1133/1133
f 1232/1232/1232 1296/1296/1296 1297/1297/1297
f 1298/1298/1298 1023/1023/1023 941/941/941
f 209/209/209 729/729/729 1294/1294/1294
f 1290/1290/1290 1235/1235/1235 1132/1132/1132
f 1222/1222/1222 1234/1234/1234 1131/1131/1131
f 1234/1234/1234 1296/1296/1296 1232/1232/1232
f 1132/1132/1132 1231/1231/1231 1290/1290/1290
f 1130/1130/1130 1132/1132/1132 1128/1128/1128
f 1290/1290/1290 1231/1231/1231 1293/1293/1293
f 653/653/653 1290/1290/1290 1294/1294/1294
f 312/312/312 1233/1233/1233 310/310/310
f 311/311/311 1227/1227/1227 1299/1299/1299
f 652/652/652 1235/1235/1235 653/653/653
f 1132/1132/1132 1235/1235/1235 1128/1128/1128
f 1232/1232/1232 1300/1300/1300 1231/1231/1231
f 1301/1301/1301 1291/1291/1291 1292/1292/1292
f 1234/1234/1234 1232/1232/1232 1131/1131/1131
f 1297/1297/1297 1300/1300/1300 1232/1232/1232
f 1301/1301/1301 1300/1300/1300 1302/1302/1302
f 1293/1293/1293 1300/1300/1300 1292/1292/1292
f 1300/1300/1300 1293/1293/1293 1231/1231/1231
f 1294/1294/1294 1293/1293/1293 1292/1292/1292
f 209/209/209 1294/1294/1294 1292/1292/1292
f 1294/1294/1294 729/729/729 653/653/653
f 1291/1291/1291 1133/1133/1133 209/209/209
f 1303/1303/1303 1302/1302/1302 1297/1297/1297
f 1292/1292/1292 1300/1300/1300 1301/1301/1301
f 727/727/727 1295/1295/1295 1298/1298/1298
f 1228/1228/1228 1230/1230/1230 1304/1304/1304
f 1301/1301/1301 1304/1304/1304 1295/1295/1295
f 1133/1133/1133 1291/1291/1291 1295/1295/1295
f 1301/1301/1301 1295/1295/1295 1291/1291/1291
f 381/381/381 912/912/912 382/382/382
f 780/780/780 911/911/911 1108/1108/1108
f 776/776/776 780/780/780 1108/1108/1108
f 496/496/496 912/912/912 780/780/780
f 1305/1305/1305 1306/1306/1306 1307/1307/1307
f 438/438/438 810/810/810 1308/1308/1308
f 1146/1146/1146 879/879/879 880/880/880
f 810/810/810 879/879/879 1149/1149/1149
f 540/540/540 885/885/885 823/823/823
f 635/635/635 1309/1309/1309 539/539/539
f 1270/1270/1270 1310/1310/1310 1311/1311/1311
f 768/768/768 699/699/699 766/766/766
f 1000/1000/1000 896/896/896 1265/1265/1265
f 819/819/819 1150/1150/1150 885/885/885
f 1312/1312/1312 1313/1313/1313 934/934/934
f 822/822/822 540/540/540 823/823/823
f 1150/1150/1150 1313/1313/1313 823/823/823
f 1313/1313/1313 821/821/821 823/823/823
f 540/540/540 1314/1314/1314 541/541/541
f 885/885/885 540/540/540 358/358/358
f 934/934/934 1313/1313/1313 1150/1150/1150
f 821/821/821 1313/1313/1313 1312/1312/1312
f 1315/1315/1315 1316/1316/1316 1317/1317/1317
f 821/821/821 1151/1151/1151 822/822/822
f 1318/1318/1318 1315/1315/1315 1319/1319/1319
f 1320/1320/1320 1321/1321/1321 1322/1322/1322
f 635/635/635 822/822/822 1151/1151/1151
f 822/822/822 1314/1314/1314 540/540/540
f 1316/1316/1316 821/821/821 1312/1312/1312
f 1315/1315/1315 1318/1318/1318 1152/1152/1152
f 1323/1323/1323 1324/1324/1324 1311/1311/1311
f 703/703/703 1325/1325/1325 33/33/33
f 1000/1000/1000 1326/1326/1326 1312/1312/1312
f 1327/1327/1327 1311/1311/1311 1326/1326/1326
f 930/930/930 1318/1318/1318 1328/1328/1328
f 930/930/930 702/702/702 771/771/771
f 1151/1151/1151 1152/1152/1152 767/767/767
f 767/767/767 1152/1152/1152 1318/1318/1318
f 702/702/702 704/704/704 929/929/929
f 996/996/996 1329/1329/1329 1325/1325/1325
f 771/771/771 702/702/702 929/929/929
f 1328/1328/1328 702/702/702 930/930/930
f 1330/1330/1330 1324/1324/1324 1323/1323/1323
f 991/991/991 1280/1280/1280 1279/1279/1279
f 996/996/996 1325/1325/1325 703/703/703
f 1329/1329/1329 990/990/990 31/31/31
f 1316/1316/1316 1315/1315/1315 1152/1152/1152
f 1324/1324/1324 1315/1315/1315 1317/1317/1317
f 821/821/821 1316/1316/1316 1152/1152/1152
f 1326/1326/1326 1316/1316/1316 1312/1312/1312
f 1269/1269/1269 1265/1265/1265 895/895/895
f 1331/1331/1331 1332/1332/1332 1333/1333/1333
f 1334/1334/1334 1335/1335/1335 1336/1336/1336
f 996/996/996 1328/1328/1328 1337/1337/1337
f 1328/1328/1328 1318/1318/1318 1319/1319/1319
f 767/767/767 1318/1318/1318 930/930/930
f 1319/1319/1319 1324/1324/1324 1330/1330/1330
f 702/702/702 1328/1328/1328 996/996/996
f 772/772/772 771/771/771 929/929/929
f 767/767/767 771/771/771 768/768/768
f 1316/1316/1316 1326/1326/1326 1317/1317/1317
f 1000/1000/1000 1312/1312/1312 934/934/934
f 1270/1270/1270 1000/1000/1000 1265/1265/1265
f 1326/1326/1326 1000/1000/1000 1327/1327/1327
f 98/98/98 1268/1268/1268 1273/1273/1273
f 1338/1338/1338 1310/1310/1310 1270/1270/1270
f 1273/1273/1273 1269/1269/1269 895/895/895
f 1270/1270/1270 1269/1269/1269 1338/1338/1338
f 1339/1339/1339 1310/1310/1310 1274/1274/1274
f 1270/1270/1270 1327/1327/1327 1000/1000/1000
f 1337/1337/1337 1340/1340/1340 996/996/996
f 1327/1327/1327 1270/1270/1270 1311/1311/1311
f 1310/1310/1310 1338/1338/1338 1274/1274/1274
f 1310/1310/1310 1339/1339/1339 1311/1311/1311
f 1338/1338/1338 1272/1272/1272 1341/1341/1341
f 1342/1342/1342 1343/1343/1343 1344/1344/1344
f 1311/1311/1311 1339/1339/1339 1323/1323/1323
f 1311/1311/1311 1317/1317/1317 1326/1326/1326
f 1321/1321/1321 1339/1339/1339 1276/1276/1276
f 1328/1328/1328 1319/1319/1319 1330/1330/1330
f 1339/1339/1339 1321/1321/1321 1323/1323/1323
f 1322/1322/1322 1321/1321/1321 1345/1345/1345
f 1315/1315/1315 1324/1324/1324 1319/1319/1319
f 1311/1311/1311 1324/1324/1324 1317/1317/1317
f 1345/1345/1345 1275/1275/1275 1346/1346/1346
f 1330/1330/1330 1320/1320/1320 1337/1337/1337
f 1320/1320/1320 1330/1330/1330 1323/1323/1323
f 1328/1328/1328 1330/1330/1330 1337/1337/1337
f 1274/1274/1274 1276/1276/1276 1339/1339/1339
f 1275/1275/1275 1321/1321/1321 1276/1276/1276
f 1347/1347/1347 1245/1245/1245 1348/1348/1348
f 1349/1349/1349 1350/1350/1350 1340/1340/1340
f 1323/1323/1323 1321/1321/1321 1320/1320/1320
f 1275/1275/1275 1345/1345/1345 1321/1321/1321
f 991/991/991 990/990/990 1351/1351/1351
f 1320/1320/1320 1322/1322/1322 1349/1349/1349
f 1352/1352/1352 1353/1353/1353 1346/1346/1346
f 1322/1322/1322 1345/1345/1345 1336/1336/1336
f 1354/1354/1354 1355/1355/1355 1252/1252/1252
f 1334/1334/1334 1336/1336/1336 1356/1356/1356
f 1357/1357/1357 1345/1345/1345 1346/1346/1346
f 1336/1336/1336 1357/1357/1357 1356/1356/1356
f 1358/1358/1358 1359/1359/1359 1352/1352/1352
f 1353/1353/1353 1356/1356/1356 1357/1357/1357
f 1353/1353/1353 1360/1360/1360 1356/1356/1356
f 1334/1334/1334 1356/1356/1356 1361/1361/1361
f 1346/1346/1346 1358/1358/1358 1352/1352/1352
f 1362/1362/1362 1341/1341/1341 1363/1363/1363
f 1345/1345/1345 1357/1357/1357 1336/1336/1336
f 1353/1353/1353 1357/1357/1357 1346/1346/1346
f 1355/1355/1355 1364/1364/1364 1252/1252/1252
f 1365/1365/1365 1366/1366/1366 1253/1253/1253
f 1243/1243/1243 1242/1242/1242 1255/1255/1255
f 1244/1244/1244 1239/1239/1239 1246/1246/1246
f 1255/1255/1255 1242/1242/1242 1244/1244/1244
f 1367/1367/1367 1243/1243/1243 1256/1256/1256
f 993/993/993 1348/1348/1348 1368/1368/1368
f 1256/1256/1256 1246/1246/1246 1369/1369/1369
f 1356/1356/1356 1248/1248/1248 1361/1361/1361
f 1246/1246/1246 1240/1240/1240 1370/1370/1370
f 1358/1358/1358 1346/1346/1346 1275/1275/1275
f 1352/1352/1352 1359/1359/1359 1342/1342/1342
f 1274/1274/1274 1371/1371/1371 1275/1275/1275
f 1371/1371/1371 1362/1362/1362 1372/1372/1372
f 1373/1373/1373 1353/1353/1353 1344/1344/1344
f 1257/1257/1257 1369/1369/1369 1374/1374/1374
f 1244/1244/1244 1246/1246/1246 1255/1255/1255
f 1256/1256/1256 1255/1255/1255 1246/1246/1246
f 1369/1369/1369 1246/1246/1246 1370/1370/1370
f 1374/1374/1374 1369/1369/1369 1249/1249/1249
f 1356/1356/1356 1360/1360/1360 1248/1248/1248
f 1375/1375/1375 1361/1361/1361 1247/1247/1247
f 1249/1249/1249 1248/1248/1248 1376/1376/1376
f 1247/1247/1247 1361/1361/1361 1248/1248/1248
f 1249/1249/1249 1376/1376/1376 1377/1377/1377
f 1249/1249/1249 1369/1369/1369 1370/1370/1370
f 1347/1347/1347 1370/1370/1370 1240/1240/1240
f 1370/1370/1370 1247/1247/1247 1249/1249/1249
f 1373/1373/1373 1360/1360/1360 1353/1353/1353
f 1248/1248/1248 1360/1360/1360 1376/1376/1376
f 300/300/300 633/633/633 634/634/634
f 305/305/305 632/632/632 542/542/542
f 634/634/634 701/701/701 459/459/459
f 699/699/699 701/701/701 1309/1309/1309
f 542/542/542 633/633/633 300/300/300
f 701/701/701 633/633/633 1309/1309/1309
f 541/541/541 539/539/539 359/359/359
f 1309/1309/1309 633/633/633 632/632/632
f 93/93/93 632/632/632 305/305/305
f 632/632/632 539/539/539 1309/1309/1309
f 1309/1309/1309 635/635/635 766/766/766
f 700/700/700 699/699/699 768/768/768
f 700/700/700 768/768/768 771/771/771
f 770/770/770 701/701/701 700/700/700
f 541/541/541 359/359/359 358/358/358
f 635/635/635 541/541/541 1314/1314/1314
f 822/822/822 635/635/635 1314/1314/1314
f 766/766/766 635/635/635 1151/1151/1151
f 767/767/767 766/766/766 1151/1151/1151
f 1309/1309/1309 766/766/766 699/699/699
f 959/959/959 1165/1165/1165 960/960/960
f 962/962/962 1165/1165/1165 1176/1176/1176
f 1165/1165/1165 962/962/962 972/972/972
f 1164/1164/1164 962/962/962 1176/1176/1176
f 1180/1180/1180 1179/1179/1179 1195/1195/1195
f 787/787/787 1179/1179/1179 1181/1181/1181
f 1184/1184/1184 1156/1156/1156 1195/1195/1195
f 471/471/471 207/207/207 206/206/206
f 784/784/784 1378/1378/1378 1170/1170/1170
f 410/410/410 782/782/782 1155/1155/1155
f 1379/1379/1379 1380/1380/1380 1381/1381/1381
f 1382/1382/1382 1383/1383/1383 1384/1384/1384
f 783/783/783 782/782/782 410/410/410
f 1170/1170/1170 782/782/782 784/784/784
f 1385/1385/1385 1386/1386/1386 1387/1387/1387
f 1388/1388/1388 1389/1389/1389 1390/1390/1390
f 1154/1154/1154 1158/1158/1158 1159/1159/1159
f 1391/1391/1391 1177/1177/1177 1160/1160/1160
f 471/471/471 470/470/470 1177/1177/1177
f 208/208/208 207/207/207 1392/1392/1392
f 1391/1391/1391 1160/1160/1160 1393/1393/1393
f 1392/1392/1392 207/207/207 1177/1177/1177
f 1389/1389/1389 1394/1394/1394 1395/1395/1395
f 206/206/206 208/208/208 1162/1162/1162
f 1396/1396/1396 1225/1225/1225 1217/1217/1217
f 1397/1397/1397 1398/1398/1398 1250/1250/1250
f 1399/1399/1399 1400/1400/1400 1401/1401/1401
f 1402/1402/1402 1403/1403/1403 1404/1404/1404
f 1401/1401/1401 208/208/208 1392/1392/1392
f 1171/1171/1171 1178/1178/1178 1405/1405/1405
f 1159/1159/1159 470/470/470 1154/1154/1154
f 1177/1177/1177 470/470/470 1160/1160/1160
f 782/782/782 1170/1170/1170 1155/1155/1155
f 1160/1160/1160 1159/1159/1159 1406/1406/1406
f 1186/1186/1186 583/583/583 582/582/582
f 1136/1136/1136 583/583/583 1196/1196/1196
f 1407/1407/1407 1055/1055/1055 1054/1054/1054
f 1408/1408/1408 1409/1409/1409 1410/1410/1410
f 128/128/128 1192/1192/1192 1190/1190/1190
f 1411/1411/1411 1379/1379/1379 1412/1412/1412
f 1413/1413/1413 1015/1015/1015 1414/1414/1414
f 1209/1209/1209 1216/1216/1216 1213/1213/1213
f 1415/1415/1415 1416/1416/1416 1417/1417/1417
f 1418/1418/1418 1024/1024/1024 1419/1419/1419
f 891/891/891 711/711/711 998/998/998
f 552/552/552 711/711/711 824/824/824
f 709/709/709 1237/1237/1237 639/639/639
f 548/548/548 1237/1237/1237 1238/1238/1238
f 631/631/631 709/709/709 639/639/639
f 288/288/288 1420/1420/1420 710/710/710
f 1367/1367/1367 1241/1241/1241 1243/1243/1243
f 1367/1367/1367 1256/1256/1256 1257/1257/1257
f 1256/1256/1256 1369/1369/1369 1257/1257/1257
f 1241/1241/1241 1367/1367/1367 1253/1253/1253
f 1257/1257/1257 1374/1374/1374 1252/1252/1252
f 1257/1257/1257 1251/1251/1251 1367/1367/1367
f 1403/1403/1403 1421/1421/1421 1397/1397/1397
f 1422/1422/1422 1169/1169/1169 1423/1423/1423
f 1424/1424/1424 1355/1355/1355 1354/1354/1354
f 1252/1252/1252 1364/1364/1364 1250/1250/1250
f 1424/1424/1424 1373/1373/1373 1425/1425/1425
f 1426/1426/1426 1427/1427/1427 1428/1428/1428
f 1398/1398/1398 1429/1429/1429 1250/1250/1250
f 1365/1365/1365 1250/1250/1250 1429/1429/1429
f 1354/1354/1354 1252/1252/1252 1374/1374/1374
f 1430/1430/1430 1431/1431/1431 1426/1426/1426
f 1366/1366/1366 1365/1365/1365 1429/1429/1429
f 1253/1253/1253 1367/1367/1367 1251/1251/1251
f 1250/1250/1250 1365/1365/1365 1251/1251/1251
f 1251/1251/1251 1365/1365/1365 1253/1253/1253
f 1377/1377/1377 1374/1374/1374 1249/1249/1249
f 1354/1354/1354 1374/1374/1374 1377/1377/1377
f 1373/1373/1373 1377/1377/1377 1376/1376/1376
f 1355/1355/1355 1424/1424/1424 1425/1425/1425
f 1360/1360/1360 1373/1373/1373 1376/1376/1376
f 1344/1344/1344 1343/1343/1343 1373/1373/1373
f 1354/1354/1354 1377/1377/1377 1424/1424/1424
f 1373/1373/1373 1424/1424/1424 1377/1377/1377
f 1432/1432/1432 1433/1433/1433 1343/1343/1343
f 1425/1425/1425 1373/1373/1373 1343/1343/1343
f 1352/1352/1352 1344/1344/1344 1353/1353/1353
f 1344/1344/1344 1352/1352/1352 1342/1342/1342
f 1366/1366/1366 1259/1259/1259 1254/1254/1254
f 1434/1434/1434 1017/1017/1017 1259/1259/1259
f 1434/1434/1434 1435/1435/1435 1436/1436/1436
f 1402/1402/1402 1421/1421/1421 1403/1403/1403
f 1434/1434/1434 1259/1259/1259 1429/1429/1429
f 1017/1017/1017 1436/1436/1436 1437/1437/1437
f 1364/1364/1364 1397/1397/1397 1250/1250/1250
f 1436/1436/1436 1017/1017/1017 1434/1434/1434
f 1173/1173/1173 1438/1438/1438 1118/1118/1118
f 1439/1439/1439 1428/1428/1428 1440/1440/1440
f 1398/1398/1398 1434/1434/1434 1429/1429/1429
f 1421/1421/1421 1402/1402/1402 1441/1441/1441
f 1421/1421/1421 1435/1435/1435 1398/1398/1398
f 1398/1398/1398 1435/1435/1435 1434/1434/1434
f 1403/1403/1403 1430/1430/1430 1439/1439/1439
f 1421/1421/1421 1398/1398/1398 1397/1397/1397
f 1364/1364/1364 1355/1355/1355 1442/1442/1442
f 1425/1425/1425 1343/1343/1343 1433/1433/1433
f 1442/1442/1442 1430/1430/1430 1364/1364/1364
f 1443/1443/1443 1440/1440/1440 1428/1428/1428
f 1430/1430/1430 1397/1397/1397 1364/1364/1364
f 1444/1444/1444 1404/1404/1404 1440/1440/1440
f 1445/1445/1445 1112/1112/1112 1446/1446/1446
f 1447/1447/1447 1448/1448/1448 1449/1449/1449
f 1442/1442/1442 1355/1355/1355 1450/1450/1450
f 1433/1433/1433 1451/1451/1451 1450/1450/1450
f 1430/1430/1430 1403/1403/1403 1397/1397/1397
f 1426/1426/1426 1431/1431/1431 1451/1451/1451
f 1432/1432/1432 1343/1343/1343 1452/1452/1452
f 1451/1451/1451 1433/1433/1433 1453/1453/1453
f 1450/1450/1450 1355/1355/1355 1425/1425/1425
f 1430/1430/1430 1442/1442/1442 1431/1431/1431
f 1454/1454/1454 1432/1432/1432 1452/1452/1452
f 1433/1433/1433 1432/1432/1432 1455/1455/1455
f 1451/1451/1451 1453/1453/1453 1427/1427/1427
f 1450/1450/1450 1451/1451/1451 1431/1431/1431
f 1456/1456/1456 1457/1457/1457 1427/1427/1427
f 1428/1428/1428 1427/1427/1427 1458/1458/1458
f 1442/1442/1442 1450/1450/1450 1431/1431/1431
f 1433/1433/1433 1450/1450/1450 1425/1425/1425
f 1459/1459/1459 1440/1440/1440 1443/1443/1443
f 1439/1439/1439 1430/1430/1430 1426/1426/1426
f 1427/1427/1427 1426/1426/1426 1451/1451/1451
f 1426/1426/1426 1428/1428/1428 1439/1439/1439
f 1413/1413/1413 1214/1214/1214 1016/1016/1016
f 1208/1208/1208 1214/1214/1214 1460/1460/1460
f 888/888/888 1205/1205/1205 886/886/886
f 1016/1016/1016 888/888/888 1258/1258/1258
f 1017/1017/1017 1016/1016/1016 1258/1258/1258
f 1413/1413/1413 1016/1016/1016 1015/1015/1015
f 1441/1441/1441 1436/1436/1436 1435/1435/1435
f 1461/1461/1461 1462/1462/1462 1460/1460/1460
f 1463/1463/1463 1464/1464/1464 1465/1465/1465
f 1466/1466/1466 1467/1467/1467 1468/1468/1468
f 1017/1017/1017 1437/1437/1437 1015/1015/1015
f 1469/1469/1469 1470/1470/1470 1471/1471/1471
f 1015/1015/1015 1437/1437/1437 1287/1287/1287
f 1289/1289/1289 1467/1467/1467 1466/1466/1466
f 888/888/888 1208/1208/1208 1205/1205/1205
f 1214/1214/1214 1413/1413/1413 1460/1460/1460
f 1462/1462/1462 1461/1461/1461 1216/1216/1216
f 23/23/23 1208/1208/1208 1462/1462/1462
f 1461/1461/1461 1460/1460/1460 1413/1413/1413
f 1208/1208/1208 1460/1460/1460 1462/1462/1462
f 1472/1472/1472 1216/1216/1216 1461/1461/1461
f 1218/1218/1218 1215/1215/1215 1227/1227/1227
f 23/23/23 1462/1462/1462 1209/1209/1209
f 1216/1216/1216 1209/1209/1209 1462/1462/1462
f 1472/1472/1472 1461/1461/1461 1468/1468/1468
f 1473/1473/1473 37/37/37 36/36/36
f 1472/1472/1472 1396/1396/1396 1217/1217/1217
f 1225/1225/1225 1396/1396/1396 38/38/38
f 1466/1466/1466 1461/1461/1461 1413/1413/1413
f 1472/1472/1472 1471/1471/1471 1396/1396/1396
f 1216/1216/1216 1215/1215/1215 1213/1213/1213
f 1215/1215/1215 1225/1225/1225 1227/1227/1227
f 1288/1288/1288 1474/1474/1474 1289/1289/1289
f 1468/1468/1468 1475/1475/1475 1472/1472/1472
f 1413/1413/1413 1414/1414/1414 1466/1466/1466
f 1289/1289/1289 1466/1466/1466 1414/1414/1414
f 36/36/36 1396/1396/1396 1471/1471/1471
f 1396/1396/1396 36/36/36 38/38/38
f 1466/1466/1466 1468/1468/1468 1461/1461/1461
f 1468/1468/1468 1467/1467/1467 1475/1475/1475
f 1215/1215/1215 1217/1217/1217 1225/1225/1225
f 1472/1472/1472 1217/1217/1217 1216/1216/1216
f 1470/1470/1470 36/36/36 1471/1471/1471
f 1473/1473/1473 1470/1470/1470 1476/1476/1476
f 1477/1477/1477 1474/1474/1474 1478/1478/1478
f 1463/1463/1463 1465/1465/1465 1470/1470/1470
f 1476/1476/1476 1465/1465/1465 1479/1479/1479
f 1480/1480/1480 1481/1481/1481 1482/1482/1482
f 1475/1475/1475 1483/1483/1483 1469/1469/1469
f 1476/1476/1476 1470/1470/1470 1465/1465/1465
f 1470/1470/1470 1473/1473/1473 36/36/36
f 1473/1473/1473 1484/1484/1484 1485/1485/1485
f 37/37/37 1486/1486/1486 38/38/38
f 1299/1299/1299 1227/1227/1227 1226/1226/1226
f 1487/1487/1487 1488/1488/1488 1489/1489/1489
f 1469/1469/1469 1463/1463/1463 1470/1470/1470
f 1464/1464/1464 1408/1408/1408 1479/1479/1479
f 1473/1473/1473 1476/1476/1476 1484/1484/1484
f 1484/1484/1484 1490/1490/1490 1481/1481/1481
f 1484/1484/1484 1476/1476/1476 1490/1490/1490
f 1490/1490/1490 1482/1482/1482 1481/1481/1481
f 1299/1299/1299 1486/1486/1486 1491/1491/1491
f 1225/1225/1225 38/38/38 1226/1226/1226
f 38/38/38 1486/1486/1486 1299/1299/1299
f 1299/1299/1299 1491/1491/1491 311/311/311
f 38/38/38 1299/1299/1299 1226/1226/1226
f 312/312/312 311/311/311 476/476/476
f 311/311/311 310/310/310 1002/1002/1002
f 1491/1491/1491 1486/1486/1486 1492/1492/1492
f 475/475/475 1419/1419/1419 1024/1024/1024
f 476/476/476 311/311/311 1491/1491/1491
f 1418/1418/1418 1296/1296/1296 1493/1493/1493
f 1475/1475/1475 1469/1469/1469 1471/1471/1471
f 1469/1469/1469 1483/1483/1483 1463/1463/1463
f 1475/1475/1475 1471/1471/1471 1472/1472/1472
f 1475/1475/1475 1467/1467/1467 1477/1477/1477
f 1487/1487/1487 1494/1494/1494 1478/1478/1478
f 1494/1494/1494 1463/1463/1463 1483/1483/1483
f 1382/1382/1382 1482/1482/1482 1383/1383/1383
f 1464/1464/1464 1494/1494/1494 1495/1495/1495
f 1478/1478/1478 1494/1494/1494 1483/1483/1483
f 1494/1494/1494 1489/1489/1489 1495/1495/1495
f 1477/1477/1477 1478/1478/1478 1483/1483/1483
f 1478/1478/1478 1496/1496/1496 1488/1488/1488
f 1497/1497/1497 1489/1489/1489 1498/1498/1498
f 1499/1499/1499 1495/1495/1495 1489/1489/1489
f 1494/1494/1494 1464/1464/1464 1463/1463/1463
f 1479/1479/1479 1408/1408/1408 1383/1383/1383
f 1475/1475/1475 1477/1477/1477 1483/1483/1483
f 1467/1467/1467 1289/1289/1289 1474/1474/1474
f 1500/1500/1500 1488/1488/1488 1496/1496/1496
f 1488/1488/1488 1500/1500/1500 1501/1501/1501
f 1499/1499/1499 1489/1489/1489 1497/1497/1497
f 1464/1464/1464 1495/1495/1495 1408/1408/1408
f 1502/1502/1502 987/987/987 989/989/989
f 846/846/846 848/848/848 847/847/847
f 1492/1492/1492 1486/1486/1486 1503/1503/1503
f 1485/1485/1485 1504/1504/1504 1503/1503/1503
f 1503/1503/1503 1486/1486/1486 37/37/37
f 474/474/474 476/476/476 1505/1505/1505
f 1485/1485/1485 37/37/37 1473/1473/1473
f 1485/1485/1485 1506/1506/1506 1504/1504/1504
f 1491/1491/1491 1505/1505/1505 476/476/476
f 1415/1415/1415 474/474/474 1507/1507/1507
f 1491/1491/1491 1492/1492/1492 1505/1505/1505
f 1416/1416/1416 1415/1415/1415 1507/1507/1507
f 1419/1419/1419 1508/1508/1508 1509/1509/1509
f 1510/1510/1510 1511/1511/1511 1512/1512/1512
f 1505/1505/1505 1492/1492/1492 1507/1507/1507
f 474/474/474 1513/1513/1513 475/475/475
f 1504/1504/1504 1514/1514/1514 1416/1416/1416
f 1513/1513/1513 474/474/474 1415/1415/1415
f 1515/1515/1515 1508/1508/1508 1513/1513/1513
f 475/475/475 1508/1508/1508 1419/1419/1419
f 1505/1505/1505 1507/1507/1507 474/474/474
f 1416/1416/1416 1507/1507/1507 1492/1492/1492
f 1516/1516/1516 1517/1517/1517 1518/1518/1518
f 1415/1415/1415 1417/1417/1417 1519/1519/1519
f 1513/1513/1513 1415/1415/1415 1519/1519/1519
f 1022/1022/1022 942/942/942 940/940/940
f 1520/1520/1520 1516/1516/1516 1521/1521/1521
f 1513/1513/1513 1519/1519/1519 1515/1515/1515
f 1521/1521/1521 1515/1515/1515 1519/1519/1519
f 1521/1521/1521 1518/1518/1518 1515/1515/1515
f 1521/1521/1521 1519/1519/1519 1417/1417/1417
f 1515/1515/1515 1518/1518/1518 1508/1508/1508
f 1230/1230/1230 1021/1021/1021 1298/1298/1298
f 1303/1303/1303 1297/1297/1297 1418/1418/1418
f 1513/1513/1513 1508/1508/1508 475/475/475
f 1418/1418/1418 1419/1419/1419 1522/1522/1522
f 1518/1518/1518 1523/1523/1523 1508/1508/1508
f 1509/1509/1509 1523/1523/1523 1524/1524/1524
f 1418/1418/1418 1522/1522/1522 1303/1303/1303
f 1233/1233/1233 1493/1493/1493 1296/1296/1296
f 312/312/312 1024/1024/1024 1493/1493/1493
f 1296/1296/1296 1234/1234/1234 1233/1233/1233
f 1479/1479/1479 1383/1383/1383 1490/1490/1490
f 1499/1499/1499 1409/1409/1409 1408/1408/1408
f 1478/1478/1478 1474/1474/1474 1496/1496/1496
f 1467/1467/1467 1474/1474/1474 1477/1477/1477
f 1494/1494/1494 1487/1487/1487 1489/1489/1489
f 1478/1478/1478 1488/1488/1488 1487/1487/1487
f 1525/1525/1525 1497/1497/1497 1526/1526/1526
f 1489/1489/1489 1488/1488/1488 1498/1498/1498
f 1497/1497/1497 1525/1525/1525 1386/1386/1386
f 1385/1385/1385 1527/1527/1527 1528/1528/1528
f 1526/1526/1526 1498/1498/1498 1529/1529/1529
f 1497/1497/1497 1386/1386/1386 1409/1409/1409
f 1530/1530/1530 1531/1531/1531 81/81/81
f 1532/1532/1532 1520/1520/1520 1521/1521/1521
f 1533/1533/1533 1523/1523/1523 1518/1518/1518
f 1509/1509/1509 1524/1524/1524 1534/1534/1534
f 1303/1303/1303 1522/1522/1522 1229/1229/1229
f 1302/1302/1302 1303/1303/1303 1228/1228/1228
f 1277/1277/1277 1229/1229/1229 1534/1534/1534
f 1534/1534/1534 1512/1512/1512 1277/1277/1277
f 1534/1534/1534 1229/1229/1229 1522/1522/1522
f 1230/1230/1230 1229/1229/1229 1277/1277/1277
f 1509/1509/1509 1534/1534/1534 1522/1522/1522
f 1534/1534/1534 1524/1524/1524 1512/1512/1512
f 1021/1021/1021 1230/1230/1230 1277/1277/1277
f 1230/1230/1230 1298/1298/1298 1304/1304/1304
f 1419/1419/1419 1509/1509/1509 1522/1522/1522
f 1523/1523/1523 1509/1509/1509 1508/1508/1508
f 1535/1535/1535 1512/1512/1512 1524/1524/1524
f 1510/1510/1510 1004/1004/1004 1511/1511/1511
f 1277/1277/1277 1511/1511/1511 1022/1022/1022
f 1298/1298/1298 1021/1021/1021 1023/1023/1023
f 1295/1295/1295 1304/1304/1304 1298/1298/1298
f 1228/1228/1228 1301/1301/1301 1302/1302/1302
f 1524/1524/1524 1523/1523/1523 1533/1533/1533
f 1536/1536/1536 1043/1043/1043 1036/1036/1036
f 1277/1277/1277 1512/1512/1512 1511/1511/1511
f 1535/1535/1535 1510/1510/1510 1512/1512/1512
f 1228/1228/1228 1303/1303/1303 1229/1229/1229
f 1301/1301/1301 1228/1228/1228 1304/1304/1304
f 1533/1533/1533 1535/1535/1535 1524/1524/1524
f 1535/1535/1535 1536/1536/1536 1510/1510/1510
f 1036/1036/1036 1510/1510/1510 1536/1536/1536
f 1004/1004/1004 1510/1510/1510 346/346/346
f 1022/1022/1022 1511/1511/1511 1004/1004/1004
f 940/940/940 1023/1023/1023 1022/1022/1022
f 1300/1300/1300 1297/1297/1297 1302/1302/1302
f 1296/1296/1296 1418/1418/1418 1297/1297/1297
f 312/312/312 1493/1493/1493 1233/1233/1233
f 1024/1024/1024 1418/1418/1418 1493/1493/1493
f 1476/1476/1476 1479/1479/1479 1490/1490/1490
f 1464/1464/1464 1479/1479/1479 1465/1465/1465
f 1537/1537/1537 1385/1385/1385 1528/1528/1528
f 1538/1538/1538 1539/1539/1539 1540/1540/1540
f 1541/1541/1541 1525/1525/1525 1526/1526/1526
f 1400/1400/1400 1542/1542/1542 1543/1543/1543
f 1385/1385/1385 1409/1409/1409 1386/1386/1386
f 1384/1384/1384 1410/1410/1410 1537/1537/1537
f 1544/1544/1544 1545/1545/1545 1546/1546/1546
f 1546/1546/1546 1547/1547/1547 1480/1480/1480
f 345/345/345 1004/1004/1004 346/346/346
f 1022/1022/1022 1004/1004/1004 942/942/942
f 1410/1410/1410 1383/1383/1383 1408/1408/1408
f 1538/1538/1538 1548/1548/1548 1549/1549/1549
f 1498/1498/1498 1526/1526/1526 1497/1497/1497
f 1541/1541/1541 1526/1526/1526 1529/1529/1529
f 1550/1550/1550 1551/1551/1551 1501/1501/1501
f 1552/1552/1552 1394/1394/1394 1389/1389/1389
f 1495/1495/1495 1499/1499/1499 1408/1408/1408
f 1497/1497/1497 1409/1409/1409 1499/1499/1499
f 1387/1387/1387 1394/1394/1394 1552/1552/1552
f 1527/1527/1527 1387/1387/1387 1553/1553/1553
f 1554/1554/1554 1555/1555/1555 1556/1556/1556
f 1557/1557/1557 129/129/129 1558/1558/1558
f 1559/1559/1559 1387/1387/1387 1386/1386/1386
f 1388/1388/1388 1380/1380/1380 1411/1411/1411
f 1559/1559/1559 1386/1386/1386 1525/1525/1525
f 1387/1387/1387 1552/1552/1552 1553/1553/1553
f 1560/1560/1560 1394/1394/1394 1559/1559/1559
f 1561/1561/1561 1400/1400/1400 1543/1543/1543
f 1388/1388/1388 1411/1411/1411 1562/1562/1562
f 1563/1563/1563 1564/1564/1564 1411/1411/1411
f 1387/1387/1387 1527/1527/1527 1385/1385/1385
f 1565/1565/1565 1527/1527/1527 1553/1553/1553
f 1409/1409/1409 1385/1385/1385 1537/1537/1537
f 1384/1384/1384 1383/1383/1383 1410/1410/1410
f 1384/1384/1384 1537/1537/1537 1528/1528/1528
f 1409/1409/1409 1537/1537/1537 1410/1410/1410
f 1383/1383/1383 1482/1482/1482 1490/1490/1490
f 1544/1544/1544 1482/1482/1482 1382/1382/1382
f 1506/1506/1506 1514/1514/1514 1504/1504/1504
f 1503/1503/1503 1504/1504/1504 1492/1492/1492
f 1529/1529/1529 1551/1551/1551 1566/1566/1566
f 1560/1560/1560 1541/1541/1541 1567/1567/1567
f 1560/1560/1560 1559/1559/1559 1525/1525/1525
f 1387/1387/1387 1559/1559/1559 1394/1394/1394
f 1547/1547/1547 1481/1481/1481 1480/1480/1480
f 1484/1484/1484 1481/1481/1481 1506/1506/1506
f 1514/1514/1514 1547/1547/1547 1568/1568/1568
f 1481/1481/1481 1547/1547/1547 1506/1506/1506
f 1077/1077/1077 1092/1092/1092 1067/1067/1067
f 1086/1086/1086 1077/1077/1077 1090/1090/1090
f 1076/1076/1076 1078/1078/1078 1087/1087/1087
f 1092/1092/1092 1077/1077/1077 1076/1076/1076
f 1093/1093/1093 1067/1067/1067 1092/1092/1092
f 1067/1067/1067 1093/1093/1093 1065/1065/1065
f 1092/1092/1092 965/965/965 1093/1093/1093
f 1569/1569/1569 1570/1570/1570 1283/1283/1283
f 1111/1111/1111 1065/1065/1065 1094/1094/1094
f 1065/1065/1065 1110/1110/1110 1066/1066/1066
f 1571/1571/1571 1282/1282/1282 1283/1283/1283
f 1572/1572/1572 1573/1573/1573 1574/1574/1574
f 1111/1111/1111 1094/1094/1094 1282/1282/1282
f 1575/1575/1575 1110/1110/1110 1112/1112/1112
f 1271/1271/1271 1264/1264/1264 1110/1110/1110
f 1066/1066/1066 1110/1110/1110 1264/1264/1264
f 1090/1090/1090 1077/1077/1077 1096/1096/1096
f 1067/1067/1067 1096/1096/1096 1077/1077/1077
f 1298/1298/1298 941/941/941 727/727/727
f 940/940/940 941/941/941 1023/1023/1023
f 805/805/805 804/804/804 960/960/960
f 722/722/722 804/804/804 721/721/721
f 928/928/928 437/437/437 881/881/881
f 135/135/135 437/437/437 927/927/927
f 1278/1278/1278 1306/1306/1306 1143/1143/1143
f 1278/1278/1278 1576/1576/1576 1031/1031/1031
f 813/813/813 1031/1031/1031 925/925/925
f 1577/1577/1577 1143/1143/1143 1145/1145/1145
f 811/811/811 926/926/926 813/813/813
f 439/439/439 926/926/926 881/881/881
f 1054/1054/1054 1577/1577/1577 987/987/987
f 1576/1576/1576 1069/1069/1069 1031/1031/1031
f 1576/1576/1576 1278/1278/1278 1143/1143/1143
f 1576/1576/1576 1577/1577/1577 1069/1069/1069
f 1069/1069/1069 1577/1577/1577 1054/1054/1054
f 1053/1053/1053 1069/1069/1069 1056/1056/1056
f 1054/1054/1054 987/987/987 1407/1407/1407
f 1502/1502/1502 1578/1578/1578 1407/1407/1407
f 987/987/987 1577/1577/1577 1145/1145/1145
f 1579/1579/1579 1407/1407/1407 1578/1578/1578
f 1135/1135/1135 393/393/393 753/753/753
f 987/987/987 1144/1144/1144 988/988/988
f 1070/1070/1070 986/986/986 1055/1055/1055
f 986/986/986 1053/1053/1053 1056/1056/1056
f 1054/1054/1054 1056/1056/1056 1069/1069/1069
f 986/986/986 1056/1056/1056 1055/1055/1055
f 1577/1577/1577 1576/1576/1576 1143/1143/1143
f 1144/1144/1144 987/987/987 1145/1145/1145
f 439/439/439 1307/1307/1307 1306/1306/1306
f 1142/1142/1142 1307/1307/1307 1580/1580/1580
f 1581/1581/1581 1582/1582/1582 1583/1583/1583
f 1584/1584/1584 1581/1581/1581 1585/1585/1585
f 1580/1580/1580 438/438/438 1308/1308/1308
f 438/438/438 1580/1580/1580 1307/1307/1307
f 1586/1586/1586 1587/1587/1587 1588/1588/1588
f 1589/1589/1589 1590/1590/1590 989/989/989
f 439/439/439 1306/1306/1306 1278/1278/1278
f 1305/1305/1305 1307/1307/1307 1142/1142/1142
f 1591/1591/1591 988/988/988 1592/1592/1592
f 1589/1589/1589 989/989/989 988/988/988
f 630/630/630 32/32/32 536/536/536
f 31/31/31 33/33/33 1325/1325/1325
f 544/544/544 287/287/287 707/707/707
f 995/995/995 287/287/287 642/642/642
f 932/932/932 995/995/995 642/642/642
f 1280/1280/1280 995/995/995 1279/1279/1279
f 1280/1280/1280 991/991/991 1593/1593/1593
f 709/709/709 708/708/708 1237/1237/1237
f 288/288/288 710/710/710 773/773/773
f 708/708/708 710/710/710 1420/1420/1420
f 708/708/708 1420/1420/1420 1368/1368/1368
f 1237/1237/1237 708/708/708 1238/1238/1238
f 1122/1122/1122 1102/1102/1102 1168/1168/1168
f 1127/1127/1127 1117/1117/1117 1125/1125/1125
f 810/810/810 1149/1149/1149 1308/1308/1308
f 1308/1308/1308 1149/1149/1149 1580/1580/1580
f 1146/1146/1146 1148/1148/1148 1149/1149/1149
f 1144/1144/1144 1143/1143/1143 1305/1305/1305
f 1148/1148/1148 1142/1142/1142 1580/1580/1580
f 1139/1139/1139 1586/1586/1586 1147/1147/1147
f 1580/1580/1580 1149/1149/1149 1148/1148/1148
f 1305/1305/1305 1142/1142/1142 1141/1141/1141
f 1147/1147/1147 1146/1146/1146 1139/1139/1139
f 1142/1142/1142 1148/1148/1148 1140/1140/1140
f 1305/1305/1305 1141/1141/1141 1594/1594/1594
f 1306/1306/1306 1305/1305/1305 1143/1143/1143
f 1595/1595/1595 816/816/816 530/530/530
f 477/477/477 1596/1596/1596 1591/1591/1591
f 1586/1586/1586 1139/1139/1139 1138/1138/1138
f 1147/1147/1147 1588/1588/1588 1140/1140/1140
f 996/996/996 1340/1340/1340 1329/1329/1329
f 1368/1368/1368 1281/1281/1281 994/994/994
f 931/931/931 32/32/32 31/31/31
f 1351/1351/1351 990/990/990 1329/1329/1329
f 1597/1597/1597 1335/1335/1335 1334/1334/1334
f 1597/1597/1597 1334/1334/1334 1375/1375/1375
f 992/992/992 991/991/991 1351/1351/1351
f 1597/1597/1597 993/993/993 992/992/992
f 1329/1329/1329 31/31/31 1325/1325/1325
f 931/931/931 31/31/31 990/990/990
f 1340/1340/1340 1351/1351/1351 1329/1329/1329
f 992/992/992 1351/1351/1351 1350/1350/1350
f 1597/1597/1597 992/992/992 1350/1350/1350
f 992/992/992 994/994/994 1593/1593/1593
f 1335/1335/1335 1597/1597/1597 1350/1350/1350
f 1361/1361/1361 1375/1375/1375 1334/1334/1334
f 1349/1349/1349 1335/1335/1335 1350/1350/1350
f 1335/1335/1335 1322/1322/1322 1336/1336/1336
f 1247/1247/1247 1347/1347/1347 1375/1375/1375
f 1240/1240/1240 1245/1245/1245 1347/1347/1347
f 288/288/288 1281/1281/1281 1420/1420/1420
f 1593/1593/1593 1281/1281/1281 1280/1280/1280
f 992/992/992 1593/1593/1593 991/991/991
f 1281/1281/1281 1593/1593/1593 994/994/994
f 1370/1370/1370 1347/1347/1347 1247/1247/1247
f 1240/1240/1240 549/549/549 1245/1245/1245
f 708/708/708 1245/1245/1245 1238/1238/1238
f 993/993/993 1368/1368/1368 994/994/994
f 1597/1597/1597 1375/1375/1375 993/993/993
f 1348/1348/1348 993/993/993 1375/1375/1375
f 1347/1347/1347 1348/1348/1348 1375/1375/1375
f 1348/1348/1348 1245/1245/1245 1368/1368/1368
f 708/708/708 1368/1368/1368 1245/1245/1245
f 1368/1368/1368 1420/1420/1420 1281/1281/1281
f 1269/1269/1269 1272/1272/1272 1338/1338/1338
f 1598/1598/1598 1445/1445/1445 1599/1599/1599
f 1262/1262/1262 1268/1268/1268 98/98/98
f 1600/1600/1600 1341/1341/1341 1272/1272/1272
f 1273/1273/1273 1272/1272/1272 1269/1269/1269
f 1600/1600/1600 1272/1272/1272 1268/1268/1268
f 1575/1575/1575 1598/1598/1598 1601/1601/1601
f 1268/1268/1268 1267/1267/1267 1600/1600/1600
f 1268/1268/1268 1262/1262/1262 1266/1266/1266
f 1263/1263/1263 1266/1266/1266 1262/1262/1262
f 1349/1349/1349 1340/1340/1340 1337/1337/1337
f 1351/1351/1351 1340/1340/1340 1350/1350/1350
f 1320/1320/1320 1349/1349/1349 1337/1337/1337
f 1349/1349/1349 1322/1322/1322 1335/1335/1335
f 1188/1188/1188 1184/1184/1184 1189/1189/1189
f 1157/1157/1157 1156/1156/1156 1602/1602/1602
f 1187/1187/1187 1012/1012/1012 127/127/127
f 1412/1412/1412 1379/1379/1379 1557/1557/1557
f 1603/1603/1603 1604/1604/1604 1605/1605/1605
f 1567/1567/1567 1542/1542/1542 1560/1560/1560
f 1551/1551/1551 1529/1529/1529 1501/1501/1501
f 1169/1169/1169 1422/1422/1422 1174/1174/1174
f 1207/1207/1207 1169/1169/1169 1167/1167/1167
f 1606/1606/1606 1607/1607/1607 1438/1438/1438
f 1566/1566/1566 1608/1608/1608 1609/1609/1609
f 1498/1498/1498 1488/1488/1488 1501/1501/1501
f 1443/1443/1443 1428/1428/1428 1458/1458/1458
f 1444/1444/1444 1610/1610/1610 1611/1611/1611
f 1443/1443/1443 1458/1458/1458 1612/1612/1612
f 1612/1612/1612 1607/1607/1607 1459/1459/1459
f 1612/1612/1612 1449/1449/1449 1613/1613/1613
f 1173/1173/1173 1423/1423/1423 1171/1171/1171
f 1447/1447/1447 1614/1614/1614 1615/1615/1615
f 1607/1607/1607 1612/1612/1612 1613/1613/1613
f 1616/1616/1616 1617/1617/1617 1618/1618/1618
f 1441/1441/1441 1435/1435/1435 1421/1421/1421
f 1441/1441/1441 1619/1619/1619 1620/1620/1620
f 1436/1436/1436 1441/1441/1441 1621/1621/1621
f 1458/1458/1458 1427/1427/1427 1457/1457/1457
f 1622/1622/1622 1571/1571/1571 1623/1623/1623
f 1438/1438/1438 1607/1607/1607 1613/1613/1613
f 1459/1459/1459 1610/1610/1610 1440/1440/1440
f 1612/1612/1612 1459/1459/1459 1443/1443/1443
f 1610/1610/1610 1459/1459/1459 1607/1607/1607
f 1404/1404/1404 1403/1403/1403 1439/1439/1439
f 1441/1441/1441 1402/1402/1402 1619/1619/1619
f 1624/1624/1624 1612/1612/1612 1458/1458/1458
f 1625/1625/1625 1449/1449/1449 1448/1448/1448
f 1162/1162/1162 1113/1113/1113 1178/1178/1178
f 1561/1561/1561 1405/1405/1405 1113/1113/1113
f 1496/1496/1496 1288/1288/1288 1626/1626/1626
f 1610/1610/1610 1607/1607/1607 1606/1606/1606
f 1119/1119/1119 1613/1613/1613 1449/1449/1449
f 1125/1125/1125 1117/1117/1117 1122/1122/1122
f 1441/1441/1441 1627/1627/1627 1621/1621/1621
f 1627/1627/1627 1618/1618/1618 1626/1626/1626
f 1628/1628/1628 1456/1456/1456 1453/1453/1453
f 1614/1614/1614 1456/1456/1456 1574/1574/1574
f 1118/1118/1118 1438/1438/1438 1613/1613/1613
f 1172/1172/1172 1629/1629/1629 1606/1606/1606
f 1119/1119/1119 1118/1118/1118 1613/1613/1613
f 1120/1120/1120 1422/1422/1422 1173/1173/1173
f 1172/1172/1172 1405/1405/1405 1630/1630/1630
f 1631/1631/1631 1617/1617/1617 1629/1629/1629
f 1172/1172/1172 1606/1606/1606 1438/1438/1438
f 1606/1606/1606 1629/1629/1629 1632/1632/1632
f 1448/1448/1448 1286/1286/1286 1285/1285/1285
f 1625/1625/1625 1125/1125/1125 1175/1175/1175
f 1169/1169/1169 1207/1207/1207 1423/1423/1423
f 1167/1167/1167 1178/1178/1178 1207/1207/1207
f 208/208/208 1113/1113/1113 1162/1162/1162
f 1113/1113/1113 1114/1114/1114 1561/1561/1561
f 1207/1207/1207 1171/1171/1171 1423/1423/1423
f 1113/1113/1113 1405/1405/1405 1178/1178/1178
f 1609/1609/1609 1608/1608/1608 1543/1543/1543
f 1172/1172/1172 1171/1171/1171 1405/1405/1405
f 1626/1626/1626 1500/1500/1500 1496/1496/1496
f 1498/1498/1498 1501/1501/1501 1529/1529/1529
f 1618/1618/1618 1550/1550/1550 1500/1500/1500
f 1617/1617/1617 1633/1633/1633 1550/1550/1550
f 1608/1608/1608 1631/1631/1631 1630/1630/1630
f 1541/1541/1541 1529/1529/1529 1566/1566/1566
f 1501/1501/1501 1500/1500/1500 1550/1550/1550
f 1551/1551/1551 1633/1633/1633 1566/1566/1566
f 1550/1550/1550 1618/1618/1618 1617/1617/1617
f 1633/1633/1633 1551/1551/1551 1550/1550/1550
f 1566/1566/1566 1633/1633/1633 1608/1608/1608
f 1541/1541/1541 1566/1566/1566 1567/1567/1567
f 1616/1616/1616 1620/1620/1620 1611/1611/1611
f 1606/1606/1606 1632/1632/1632 1610/1610/1610
f 1631/1631/1631 1608/1608/1608 1633/1633/1633
f 1405/1405/1405 1543/1543/1543 1608/1608/1608
f 1542/1542/1542 1609/1609/1609 1543/1543/1543
f 1566/1566/1566 1609/1609/1609 1567/1567/1567
f 1617/1617/1617 1631/1631/1631 1633/1633/1633
f 1629/1629/1629 1172/1172/1172 1630/1630/1630
f 1611/1611/1611 1620/1620/1620 1619/1619/1619
f 1618/1618/1618 1500/1500/1500 1626/1626/1626
f 1422/1422/1422 1423/1423/1423 1173/1173/1173
f 1175/1175/1175 1422/1422/1422 1120/1120/1120
f 1449/1449/1449 1625/1625/1625 1119/1119/1119
f 1175/1175/1175 1119/1119/1119 1625/1625/1625
f 1422/1422/1422 1175/1175/1175 1174/1174/1174
f 1175/1175/1175 1120/1120/1120 1119/1119/1119
f 1627/1627/1627 1441/1441/1441 1620/1620/1620
f 1287/1287/1287 1634/1634/1634 1288/1288/1288
f 1436/1436/1436 1621/1621/1621 1437/1437/1437
f 1634/1634/1634 1437/1437/1437 1621/1621/1621
f 1624/1624/1624 1449/1449/1449 1612/1612/1612
f 1447/1447/1447 1624/1624/1624 1457/1457/1457
f 1457/1457/1457 1624/1624/1624 1458/1458/1458
f 1449/1449/1449 1624/1624/1624 1447/1447/1447
f 1456/1456/1456 1427/1427/1427 1453/1453/1453
f 1447/1447/1447 1457/1457/1457 1614/1614/1614
f 1628/1628/1628 1574/1574/1574 1456/1456/1456
f 1614/1614/1614 1457/1457/1457 1456/1456/1456
f 1453/1453/1453 1433/1433/1433 1455/1455/1455
f 1575/1575/1575 1271/1271/1271 1110/1110/1110
f 1635/1635/1635 1573/1573/1573 1446/1446/1446
f 1614/1614/1614 1574/1574/1574 1636/1636/1636
f 1600/1600/1600 1267/1267/1267 1637/1637/1637
f 1454/1454/1454 1572/1572/1572 1628/1628/1628
f 1438/1438/1438 1173/1173/1173 1172/1172/1172
f 1173/1173/1173 1118/1118/1118 1120/1120/1120
f 1561/1561/1561 1114/1114/1114 1400/1400/1400
f 1543/1543/1543 1405/1405/1405 1561/1561/1561
f 1496/1496/1496 1474/1474/1474 1288/1288/1288
f 1627/1627/1627 1626/1626/1626 1634/1634/1634
f 1629/1629/1629 1617/1617/1617 1632/1632/1632
f 1632/1632/1632 1617/1617/1617 1616/1616/1616
f 1608/1608/1608 1630/1630/1630 1405/1405/1405
f 1629/1629/1629 1630/1630/1630 1631/1631/1631
f 1444/1444/1444 1611/1611/1611 1619/1619/1619
f 1611/1611/1611 1610/1610/1610 1632/1632/1632
f 1628/1628/1628 1453/1453/1453 1455/1455/1455
f 1572/1572/1572 1574/1574/1574 1628/1628/1628
f 1446/1446/1446 1111/1111/1111 1282/1282/1282
f 1282/1282/1282 1635/1635/1635 1446/1446/1446
f 1093/1093/1093 1569/1569/1569 1094/1094/1094
f 1571/1571/1571 1635/1635/1635 1282/1282/1282
f 1446/1446/1446 1573/1573/1573 1445/1445/1445
f 1111/1111/1111 1446/1446/1446 1112/1112/1112
f 1638/1638/1638 1572/1572/1572 1454/1454/1454
f 1112/1112/1112 1445/1445/1445 1575/1575/1575
f 964/964/964 1570/1570/1570 965/965/965
f 1639/1639/1639 1121/1121/1121 1124/1124/1124
f 1093/1093/1093 965/965/965 1569/1569/1569
f 965/965/965 1570/1570/1570 1569/1569/1569
f 1573/1573/1573 1635/1635/1635 1622/1622/1622
f 1572/1572/1572 1445/1445/1445 1573/1573/1573
f 1572/1572/1572 1638/1638/1638 1445/1445/1445
f 1637/1637/1637 1601/1601/1601 1598/1598/1598
f 1569/1569/1569 1283/1283/1283 1094/1094/1094
f 1283/1283/1283 1570/1570/1570 1640/1640/1640
f 1105/1105/1105 1104/1104/1104 1124/1124/1124
f 1286/1286/1286 1615/1615/1615 1641/1641/1641
f 1452/1452/1452 1331/1331/1331 1454/1454/1454
f 1331/1331/1331 1599/1599/1599 1638/1638/1638
f 1641/1641/1641 1636/1636/1636 1622/1622/1622
f 1286/1286/1286 1623/1623/1623 1284/1284/1284
f 1432/1432/1432 1454/1454/1454 1455/1455/1455
f 1628/1628/1628 1455/1455/1455 1454/1454/1454
f 1287/1287/1287 1289/1289/1289 1414/1414/1414
f 1634/1634/1634 1626/1626/1626 1288/1288/1288
f 1621/1621/1621 1627/1627/1627 1634/1634/1634
f 1618/1618/1618 1627/1627/1627 1620/1620/1620
f 1619/1619/1619 1402/1402/1402 1404/1404/1404
f 1610/1610/1610 1444/1444/1444 1440/1440/1440
f 1620/1620/1620 1616/1616/1616 1618/1618/1618
f 1632/1632/1632 1616/1616/1616 1611/1611/1611
f 1331/1331/1331 1638/1638/1638 1454/1454/1454
f 1445/1445/1445 1638/1638/1638 1599/1599/1599
f 1332/1332/1332 1452/1452/1452 1342/1342/1342
f 1331/1331/1331 1452/1452/1452 1332/1332/1332
f 1371/1371/1371 1372/1372/1372 1358/1358/1358
f 1637/1637/1637 1333/1333/1333 1363/1363/1363
f 1601/1601/1601 1267/1267/1267 1271/1271/1271
f 1599/1599/1599 1331/1331/1331 1333/1333/1333
f 1332/1332/1332 1372/1372/1372 1333/1333/1333
f 1333/1333/1333 1637/1637/1637 1598/1598/1598
f 1372/1372/1372 1332/1332/1332 1359/1359/1359
f 1362/1362/1362 1274/1274/1274 1341/1341/1341
f 1358/1358/1358 1372/1372/1372 1359/1359/1359
f 1333/1333/1333 1372/1372/1372 1362/1362/1362
f 1447/1447/1447 1615/1615/1615 1448/1448/1448
f 1636/1636/1636 1615/1615/1615 1614/1614/1614
f 1622/1622/1622 1636/1636/1636 1574/1574/1574
f 1615/1615/1615 1636/1636/1636 1641/1641/1641
f 1573/1573/1573 1622/1622/1622 1574/1574/1574
f 1571/1571/1571 1622/1622/1622 1635/1635/1635
f 1642/1642/1642 1639/1639/1639 1124/1124/1124
f 1123/1123/1123 1127/1127/1127 1126/1126/1126
f 1115/1115/1115 1117/1117/1117 1127/1127/1127
f 1639/1639/1639 1642/1642/1642 1643/1643/1643
f 1126/1126/1126 1125/1125/1125 1625/1625/1625
f 1115/1115/1115 1127/1127/1127 1123/1123/1123
f 1285/1285/1285 1625/1625/1625 1448/1448/1448
f 1642/1642/1642 1126/1126/1126 1284/1284/1284
f 1015/1015/1015 1287/1287/1287 1414/1414/1414
f 1634/1634/1634 1287/1287/1287 1437/1437/1437
f 1575/1575/1575 1601/1601/1601 1271/1271/1271
f 1637/1637/1637 1267/1267/1267 1601/1601/1601
f 1445/1445/1445 1598/1598/1598 1575/1575/1575
f 1333/1333/1333 1598/1598/1598 1599/1599/1599
f 1615/1615/1615 1286/1286/1286 1448/1448/1448
f 1623/1623/1623 1286/1286/1286 1641/1641/1641
f 1622/1622/1622 1623/1623/1623 1641/1641/1641
f 1643/1643/1643 1623/1623/1623 1571/1571/1571
f 1640/1640/1640 1639/1639/1639 1643/1643/1643
f 1639/1639/1639 1640/1640/1640 1121/1121/1121
f 1284/1284/1284 1126/1126/1126 1285/1285/1285
f 1625/1625/1625 1285/1285/1285 1126/1126/1126
f 1126/1126/1126 1642/1642/1642 1123/1123/1123
f 1643/1643/1643 1642/1642/1642 1284/1284/1284
f 1623/1623/1623 1643/1643/1643 1284/1284/1284
f 1640/1640/1640 1643/1643/1643 1571/1571/1571
f 1283/1283/1283 1640/1640/1640 1571/1571/1571
f 1121/1121/1121 1640/1640/1640 1570/1570/1570
f 964/964/964 1121/1121/1121 1570/1570/1570
f 1124/1124/1124 1121/1121/1121 1105/1105/1105
f 1063/1063/1063 1124/1124/1124 1104/1104/1104
f 1642/1642/1642 1124/1124/1124 1123/1123/1123
f 1644/1644/1644 1645/1645/1645 1646/1646/1646
f 1406/1406/1406 1170/1170/1170 1646/1646/1646
f 1647/1647/1647 1590/1590/1590 1648/1648/1648
f 1194/1194/1194 1531/1531/1531 1649/1649/1649
f 1259/1259/1259 1366/1366/1366 1429/1429/1429
f 1254/1254/1254 1253/1253/1253 1366/1366/1366
f 1332/1332/1332 1342/1342/1342 1359/1359/1359
f 1343/1343/1343 1342/1342/1342 1452/1452/1452
f 1650/1650/1650 1651/1651/1651 1652/1652/1652
f 1535/1535/1535 1533/1533/1533 1653/1653/1653
f 1521/1521/1521 1417/1417/1417 1532/1532/1532
f 1521/1521/1521 1516/1516/1516 1518/1518/1518
f 1514/1514/1514 1654/1654/1654 1416/1416/1416
f 1655/1655/1655 1568/1568/1568 1546/1546/1546
f 1656/1656/1656 850/850/850 1657/1657/1657
f 1043/1043/1043 1653/1653/1653 1658/1658/1658
f 344/344/344 1036/1036/1036 1037/1037/1037
f 1510/1510/1510 1036/1036/1036 346/346/346
f 1649/1649/1649 1558/1558/1558 1193/1193/1193
f 1659/1659/1659 1563/1563/1563 1660/1660/1660
f 1541/1541/1541 1560/1560/1560 1525/1525/1525
f 1542/1542/1542 1567/1567/1567 1609/1609/1609
f 1395/1395/1395 1399/1399/1399 1603/1603/1603
f 1394/1394/1394 1560/1560/1560 1395/1395/1395
f 1399/1399/1399 1395/1395/1395 1542/1542/1542
f 1542/1542/1542 1395/1395/1395 1560/1560/1560
f 1401/1401/1401 1400/1400/1400 1114/1114/1114
f 1399/1399/1399 1542/1542/1542 1400/1400/1400
f 208/208/208 1401/1401/1401 1114/1114/1114
f 1401/1401/1401 1392/1392/1392 1604/1604/1604
f 1645/1645/1645 1605/1605/1605 1393/1393/1393
f 1381/1381/1381 1661/1661/1661 1662/1662/1662
f 1603/1603/1603 1389/1389/1389 1395/1395/1395
f 1390/1390/1390 1389/1389/1389 1663/1663/1663
f 1603/1603/1603 1399/1399/1399 1604/1604/1604
f 1389/1389/1389 1603/1603/1603 1663/1663/1663
f 1390/1390/1390 1663/1663/1663 1661/1661/1661
f 1388/1388/1388 1390/1390/1390 1380/1380/1380
f 1379/1379/1379 1411/1411/1411 1380/1380/1380
f 1552/1552/1552 1389/1389/1389 1388/1388/1388
f 1563/1563/1563 1411/1411/1411 1412/1412/1412
f 1552/1552/1552 1562/1562/1562 1553/1553/1553
f 1380/1380/1380 1661/1661/1661 1381/1381/1381
f 129/129/129 1193/1193/1193 1558/1558/1558
f 1664/1664/1664 1665/1665/1665 1666/1666/1666
f 1565/1565/1565 1564/1564/1564 1659/1659/1659
f 1646/1646/1646 1645/1645/1645 1393/1393/1393
f 1667/1667/1667 1557/1557/1557 1668/1668/1668
f 1381/1381/1381 1667/1667/1667 1668/1668/1668
f 1557/1557/1557 1667/1667/1667 1669/1669/1669
f 1660/1660/1660 1412/1412/1412 1649/1649/1649
f 1564/1564/1564 1563/1563/1563 1659/1659/1659
f 1565/1565/1565 1659/1659/1659 1549/1549/1549
f 1564/1564/1564 1553/1553/1553 1562/1562/1562
f 1380/1380/1380 1390/1390/1390 1661/1661/1661
f 1381/1381/1381 1662/1662/1662 1667/1667/1667
f 1605/1605/1605 1661/1661/1661 1663/1663/1663
f 1645/1645/1645 1661/1661/1661 1605/1605/1605
f 1556/1556/1556 1667/1667/1667 1662/1662/1662
f 1557/1557/1557 1669/1669/1669 129/129/129
f 1603/1603/1603 1605/1605/1605 1663/1663/1663
f 1605/1605/1605 1604/1604/1604 1391/1391/1391
f 1393/1393/1393 1406/1406/1406 1646/1646/1646
f 1662/1662/1662 1661/1661/1661 1645/1645/1645
f 1170/1170/1170 1602/1602/1602 1646/1646/1646
f 1185/1185/1185 1644/1644/1644 1602/1602/1602
f 1193/1193/1193 1194/1194/1194 1649/1649/1649
f 1412/1412/1412 1557/1557/1557 1558/1558/1558
f 1670/1670/1670 1531/1531/1531 1530/1530/1530
f 1412/1412/1412 1558/1558/1558 1649/1649/1649
f 1412/1412/1412 1660/1660/1660 1563/1563/1563
f 1670/1670/1670 1649/1649/1649 1531/1531/1531
f 1557/1557/1557 1379/1379/1379 1668/1668/1668
f 1381/1381/1381 1668/1668/1668 1379/1379/1379
f 1644/1644/1644 1556/1556/1556 1662/1662/1662
f 1185/1185/1185 1556/1556/1556 1644/1644/1644
f 1667/1667/1667 1555/1555/1555 1669/1669/1669
f 1187/1187/1187 1669/1669/1669 1188/1188/1188
f 1556/1556/1556 1555/1555/1555 1667/1667/1667
f 1555/1555/1555 1554/1554/1554 1188/1188/1188
f 129/129/129 1669/1669/1669 1187/1187/1187
f 1669/1669/1669 1555/1555/1555 1188/1188/1188
f 1184/1184/1184 1188/1188/1188 1554/1554/1554
f 579/579/579 1012/1012/1012 1188/1188/1188
f 1177/1177/1177 1391/1391/1391 1392/1392/1392
f 1393/1393/1393 1605/1605/1605 1391/1391/1391
f 1401/1401/1401 1604/1604/1604 1399/1399/1399
f 1392/1392/1392 1391/1391/1391 1604/1604/1604
f 1645/1645/1645 1644/1644/1644 1662/1662/1662
f 1602/1602/1602 1644/1644/1644 1646/1646/1646
f 1156/1156/1156 1185/1185/1185 1602/1602/1602
f 1554/1554/1554 1556/1556/1556 1185/1185/1185
f 1485/1485/1485 1503/1503/1503 37/37/37
f 1484/1484/1484 1506/1506/1506 1485/1485/1485
f 1547/1547/1547 1514/1514/1514 1506/1506/1506
f 1492/1492/1492 1504/1504/1504 1416/1416/1416
f 1568/1568/1568 1671/1671/1671 1514/1514/1514
f 1514/1514/1514 1671/1671/1671 1654/1654/1654
f 1532/1532/1532 1654/1654/1654 1671/1671/1671
f 1417/1417/1417 1416/1416/1416 1654/1654/1654
f 1307/1307/1307 439/439/439 438/438/438
f 926/926/926 439/439/439 1278/1278/1278
f 1480/1480/1480 1544/1544/1544 1546/1546/1546
f 80/80/80 1070/1070/1070 1579/1579/1579
f 1589/1589/1589 988/988/988 1596/1596/1596
f 1502/1502/1502 989/989/989 1590/1590/1590
f 1585/1585/1585 1596/1596/1596 1672/1672/1672
f 1585/1585/1585 1589/1589/1589 1596/1596/1596
f 1648/1648/1648 1578/1578/1578 1647/1647/1647
f 987/987/987 1502/1502/1502 1407/1407/1407
f 1584/1584/1584 1582/1582/1582 1581/1581/1581
f 1673/1673/1673 1585/1585/1585 1581/1581/1581
f 1589/1589/1589 1674/1674/1674 1590/1590/1590
f 1675/1675/1675 1664/1664/1664 1666/1666/1666
f 80/80/80 79/79/79 1197/1197/1197
f 1055/1055/1055 1579/1579/1579 1070/1070/1070
f 1407/1407/1407 1579/1579/1579 1055/1055/1055
f 1579/1579/1579 1578/1578/1578 80/80/80
f 1578/1578/1578 1676/1676/1676 80/80/80
f 81/81/81 1531/1531/1531 1194/1194/1194
f 1677/1677/1677 1678/1678/1678 1652/1652/1652
f 1665/1665/1665 1676/1676/1676 1648/1648/1648
f 1583/1583/1583 1673/1673/1673 1581/1581/1581
f 1679/1679/1679 1590/1590/1590 1674/1674/1674
f 1197/1197/1197 79/79/79 1191/1191/1191
f 1070/1070/1070 80/80/80 1197/1197/1197
f 1648/1648/1648 1676/1676/1676 1578/1578/1578
f 81/81/81 1676/1676/1676 1665/1665/1665
f 1676/1676/1676 81/81/81 80/80/80
f 1680/1680/1680 1665/1665/1665 1664/1664/1664
f 855/855/855 761/761/761 762/762/762
f 1681/1681/1681 1682/1682/1682 1683/1683/1683
f 1578/1578/1578 1502/1502/1502 1647/1647/1647
f 1590/1590/1590 1647/1647/1647 1502/1502/1502
f 1678/1678/1678 1677/1677/1677 1684/1684/1684
f 1659/1659/1659 1539/1539/1539 1549/1549/1549
f 1582/1582/1582 1584/1584/1584 1685/1685/1685
f 1583/1583/1583 1686/1686/1686 1673/1673/1673
f 1681/1681/1681 1687/1687/1687 1688/1688/1688
f 1679/1679/1679 1689/1689/1689 1675/1675/1675
f 1585/1585/1585 1674/1674/1674 1589/1589/1589
f 1679/1679/1679 1674/1674/1674 1689/1689/1689
f 1689/1689/1689 1674/1674/1674 1673/1673/1673
f 1585/1585/1585 1673/1673/1673 1674/1674/1674
f 1689/1689/1689 1687/1687/1687 1675/1675/1675
f 1590/1590/1590 1679/1679/1679 1648/1648/1648
f 1675/1675/1675 1690/1690/1690 1664/1664/1664
f 1648/1648/1648 1679/1679/1679 1675/1675/1675
f 1691/1691/1691 1382/1382/1382 1384/1384/1384
f 1665/1665/1665 1680/1680/1680 1530/1530/1530
f 1692/1692/1692 1540/1540/1540 1693/1693/1693
f 1660/1660/1660 1649/1649/1649 1670/1670/1670
f 1665/1665/1665 1530/1530/1530 81/81/81
f 1530/1530/1530 1694/1694/1694 1670/1670/1670
f 1670/1670/1670 1694/1694/1694 1540/1540/1540
f 1660/1660/1660 1670/1670/1670 1539/1539/1539
f 1665/1665/1665 1648/1648/1648 1666/1666/1666
f 1675/1675/1675 1666/1666/1666 1648/1648/1648
f 1693/1693/1693 1680/1680/1680 1664/1664/1664
f 1530/1530/1530 1680/1680/1680 1694/1694/1694
f 1694/1694/1694 1693/1693/1693 1540/1540/1540
f 1568/1568/1568 1547/1547/1547 1546/1546/1546
f 1384/1384/1384 1695/1695/1695 1691/1691/1691
f 1696/1696/1696 1697/1697/1697 1698/1698/1698
f 1694/1694/1694 1680/1680/1680 1693/1693/1693
f 1538/1538/1538 1549/1549/1549 1539/1539/1539
f 1695/1695/1695 1384/1384/1384 1528/1528/1528
f 1544/1544/1544 1691/1691/1691 1699/1699/1699
f 1700/1700/1700 1701/1701/1701 1690/1690/1690
f 1682/1682/1682 1684/1684/1684 1683/1683/1683
f 1690/1690/1690 1702/1702/1702 1664/1664/1664
f 1703/1703/1703 1701/1701/1701 1700/1700/1700
f 1548/1548/1548 1697/1697/1697 1699/1699/1699
f 1564/1564/1564 1565/1565/1565 1553/1553/1553
f 1548/1548/1548 1565/1565/1565 1549/1549/1549
f 1527/1527/1527 1565/1565/1565 1528/1528/1528
f 1480/1480/1480 1482/1482/1482 1544/1544/1544
f 1655/1655/1655 1704/1704/1704 1705/1705/1705
f 1691/1691/1691 1544/1544/1544 1382/1382/1382
f 1696/1696/1696 1544/1544/1544 1699/1699/1699
f 1660/1660/1660 1539/1539/1539 1659/1659/1659
f 1540/1540/1540 1539/1539/1539 1670/1670/1670
f 1692/1692/1692 1538/1538/1538 1540/1540/1540
f 1548/1548/1548 1538/1538/1538 1697/1697/1697
f 1699/1699/1699 1695/1695/1695 1548/1548/1548
f 1548/1548/1548 1695/1695/1695 1565/1565/1565
f 1691/1691/1691 1695/1695/1695 1699/1699/1699
f 1565/1565/1565 1695/1695/1695 1528/1528/1528
f 1147/1147/1147 1140/1140/1140 1148/1148/1148
f 1706/1706/1706 1140/1140/1140 1588/1588/1588
f 1341/1341/1341 1600/1600/1600 1363/1363/1363
f 1338/1338/1338 1341/1341/1341 1274/1274/1274
f 1378/1378/1378 1157/1157/1157 1602/1602/1602
f 1153/1153/1153 784/784/784 1137/1137/1137
f 1189/1189/1189 1184/1184/1184 1195/1195/1195
f 1185/1185/1185 1184/1184/1184 1554/1554/1554
f 1179/1179/1179 1189/1189/1189 1195/1195/1195
f 1188/1188/1188 1189/1189/1189 579/579/579
f 1174/1174/1174 1122/1122/1122 1168/1168/1168
f 1125/1125/1125 1122/1122/1122 1175/1175/1175
f 1440/1440/1440 1404/1404/1404 1439/1439/1439
f 1619/1619/1619 1404/1404/1404 1444/1444/1444
f 1275/1275/1275 1371/1371/1371 1358/1358/1358
f 1274/1274/1274 1362/1362/1362 1371/1371/1371
f 1637/1637/1637 1363/1363/1363 1600/1600/1600
f 1333/1333/1333 1362/1362/1362 1363/1363/1363
f 1157/1157/1157 1378/1378/1378 784/784/784
f 1602/1602/1602 1170/1170/1170 1378/1378/1378
f 1160/1160/1160 1406/1406/1406 1393/1393/1393
f 1159/1159/1159 1170/1170/1170 1406/1406/1406
f 1193/1193/1193 128/128/128 1190/1190/1190
f 81/81/81 1194/1194/1194 79/79/79
f 1190/1190/1190 1192/1192/1192 1198/1198/1198
f 79/79/79 1194/1194/1194 1190/1190/1190
f 129/129/129 128/128/128 1193/1193/1193
f 1192/1192/1192 128/128/128 127/127/127
f 1652/1652/1652 1707/1707/1707 1520/1520/1520
f 853/853/853 856/856/856 322/322/322
f 1708/1708/1708 1038/1038/1038 1709/1709/1709
f 1710/1710/1710 1711/1711/1711 854/854/854
f 1712/1712/1712 851/851/851 1711/1711/1711
f 845/845/845 853/853/853 322/322/322
f 1040/1040/1040 849/849/849 1041/1041/1041
f 1039/1039/1039 1713/1713/1713 1710/1710/1710
f 846/846/846 853/853/853 845/845/845
f 1710/1710/1710 1712/1712/1712 1711/1711/1711
f 847/847/847 1040/1040/1040 1039/1039/1039
f 945/945/945 1038/1038/1038 1040/1040/1040
f 761/761/761 1714/1714/1714 758/758/758
f 323/323/323 322/322/322 855/855/855
f 1040/1040/1040 847/847/847 849/849/849
f 1038/1038/1038 945/945/945 944/944/944
f 1037/1037/1037 1709/1709/1709 944/944/944
f 1042/1042/1042 1044/1044/1044 1657/1657/1657
f 1711/1711/1711 853/853/853 854/854/854
f 855/855/855 856/856/856 1715/1715/1715
f 1715/1715/1715 856/856/856 1711/1711/1711
f 1711/1711/1711 856/856/856 853/853/853
f 761/761/761 1716/1716/1716 1717/1717/1717
f 323/323/323 855/855/855 762/762/762
f 1717/1717/1717 1714/1714/1714 761/761/761
f 1717/1717/1717 1718/1718/1718 1714/1714/1714
f 1716/1716/1716 1715/1715/1715 1717/1717/1717
f 1685/1685/1685 1719/1719/1719 758/758/758
f 1657/1657/1657 852/852/852 1712/1712/1712
f 1720/1720/1720 851/851/851 850/850/850
f 1039/1039/1039 1710/1710/1710 854/854/854
f 1712/1712/1712 1710/1710/1710 1713/1713/1713
f 851/851/851 1717/1717/1717 1715/1715/1715
f 1718/1718/1718 1720/1720/1720 1721/1721/1721
f 1722/1722/1722 1719/1719/1719 1685/1685/1685
f 765/765/765 764/764/764 857/857/857
f 1717/1717/1717 851/851/851 1720/1720/1720
f 1711/1711/1711 851/851/851 1715/1715/1715
f 1657/1657/1657 1712/1712/1712 1713/1713/1713
f 851/851/851 1712/1712/1712 852/852/852
f 1042/1042/1042 1657/1657/1657 1713/1713/1713
f 1517/1517/1517 1533/1533/1533 1518/1518/1518
f 761/761/761 855/855/855 1716/1716/1716
f 1715/1715/1715 1716/1716/1716 855/855/855
f 1723/1723/1723 1651/1651/1651 1656/1656/1656
f 1724/1724/1724 1583/1583/1583 1582/1582/1582
f 1685/1685/1685 758/758/758 1714/1714/1714
f 758/758/758 1719/1719/1719 756/756/756
f 1725/1725/1725 1726/1726/1726 1721/1721/1721
f 1685/1685/1685 1584/1584/1584 1722/1722/1722
f 530/530/530 751/751/751 531/531/531
f 323/323/323 857/857/857 589/589/589
f 1726/1726/1726 1685/1685/1685 1714/1714/1714
f 1688/1688/1688 1724/1724/1724 1727/1727/1727
f 756/756/756 1719/1719/1719 1728/1728/1728
f 478/478/478 1729/1729/1729 479/479/479
f 1726/1726/1726 1725/1725/1725 1727/1727/1727
f 1650/1650/1650 1730/1730/1730 1731/1731/1731
f 529/529/529 531/531/531 755/755/755
f 1732/1732/1732 1733/1733/1733 1595/1595/1595
f 1724/1724/1724 1582/1582/1582 1726/1726/1726
f 1688/1688/1688 1727/1727/1727 1682/1682/1682
f 1713/1713/1713 1039/1039/1039 1708/1708/1708
f 1657/1657/1657 1044/1044/1044 1734/1734/1734
f 1709/1709/1709 1042/1042/1042 1708/1708/1708
f 1043/1043/1043 1042/1042/1042 1037/1037/1037
f 1038/1038/1038 1708/1708/1708 1039/1039/1039
f 1042/1042/1042 1713/1713/1713 1708/1708/1708
f 1723/1723/1723 1656/1656/1656 1734/1734/1734
f 1723/1723/1723 1516/1516/1516 1707/1707/1707
f 1720/1720/1720 1718/1718/1718 1717/1717/1717
f 1726/1726/1726 1718/1718/1718 1721/1721/1721
f 1672/1672/1672 1735/1735/1735 1584/1584/1584
f 1722/1722/1722 1584/1584/1584 1735/1735/1735
f 988/988/988 1591/1591/1591 1596/1596/1596
f 1729/1729/1729 1722/1722/1722 1735/1735/1735
f 1672/1672/1672 1584/1584/1584 1585/1585/1585
f 478/478/478 1732/1732/1732 1729/1729/1729
f 1736/1736/1736 1591/1591/1591 1592/1592/1592
f 478/478/478 1737/1737/1737 1732/1732/1732
f 1592/1592/1592 988/988/988 1144/1144/1144
f 477/477/477 1591/1591/1591 1736/1736/1736
f 1144/1144/1144 1594/1594/1594 1592/1592/1592
f 1592/1592/1592 1594/1594/1594 1706/1706/1706
f 1738/1738/1738 478/478/478 1736/1736/1736
f 477/477/477 479/479/479 1672/1672/1672
f 1305/1305/1305 1594/1594/1594 1144/1144/1144
f 1140/1140/1140 1706/1706/1706 1141/1141/1141
f 1738/1738/1738 1737/1737/1737 478/478/478
f 1138/1138/1138 753/753/753 1739/1739/1739
f 1736/1736/1736 478/478/478 477/477/477
f 1733/1733/1733 1737/1737/1737 1740/1740/1740
f 624/624/624 752/752/752 817/817/817
f 1739/1739/1739 1741/1741/1741 1740/1740/1740
f 752/752/752 624/624/624 623/623/623
f 624/624/624 1741/1741/1741 753/753/753
f 1737/1737/1737 1738/1738/1738 1742/1742/1742
f 1135/1135/1135 753/753/753 1138/1138/1138
f 1740/1740/1740 816/816/816 1733/1733/1733
f 816/816/816 1741/1741/1741 817/817/817
f 1706/1706/1706 1738/1738/1738 1736/1736/1736
f 1587/1587/1587 1586/1586/1586 1739/1739/1739
f 1728/1728/1728 1732/1732/1732 1595/1595/1595
f 1729/1729/1729 1719/1719/1719 1722/1722/1722
f 479/479/479 1729/1729/1729 1735/1735/1735
f 1729/1729/1729 1732/1732/1732 1728/1728/1728
f 816/816/816 817/817/817 751/751/751
f 624/624/624 817/817/817 1741/1741/1741
f 1741/1741/1741 1739/1739/1739 753/753/753
f 1588/1588/1588 1587/1587/1587 1706/1706/1706
f 758/758/758 757/757/757 761/761/761
f 857/857/857 757/757/757 756/756/756
f 944/944/944 1709/1709/1709 1038/1038/1038
f 1037/1037/1037 1042/1042/1042 1709/1709/1709
f 1036/1036/1036 1043/1043/1043 1037/1037/1037
f 1653/1653/1653 1043/1043/1043 1536/1536/1536
f 1657/1657/1657 850/850/850 852/852/852
f 1650/1650/1650 850/850/850 1656/1656/1656
f 477/477/477 1672/1672/1672 1596/1596/1596
f 1735/1735/1735 1672/1672/1672 479/479/479
f 1740/1740/1740 1737/1737/1737 1742/1742/1742
f 1741/1741/1741 816/816/816 1740/1740/1740
f 1592/1592/1592 1706/1706/1706 1736/1736/1736
f 1141/1141/1141 1706/1706/1706 1594/1594/1594
f 1595/1595/1595 1733/1733/1733 816/816/816
f 1732/1732/1732 1737/1737/1737 1733/1733/1733
f 1147/1147/1147 1586/1586/1586 1588/1588/1588
f 1138/1138/1138 1739/1739/1739 1586/1586/1586
f 1587/1587/1587 1742/1742/1742 1738/1738/1738
f 1740/1740/1740 1742/1742/1742 1739/1739/1739
f 1535/1535/1535 1653/1653/1653 1536/1536/1536
f 1653/1653/1653 1533/1533/1533 1658/1658/1658
f 1742/1742/1742 1587/1587/1587 1739/1739/1739
f 1738/1738/1738 1706/1706/1706 1587/1587/1587
f 1654/1654/1654 1532/1532/1532 1417/1417/1417
f 1743/1743/1743 1671/1671/1671 1705/1705/1705
f 1723/1723/1723 1517/1517/1517 1516/1516/1516
f 1658/1658/1658 1044/1044/1044 1043/1043/1043
f 1707/1707/1707 1516/1516/1516 1520/1520/1520
f 1656/1656/1656 1657/1657/1657 1734/1734/1734
f 1533/1533/1533 1517/1517/1517 1658/1658/1658
f 1723/1723/1723 1658/1658/1658 1517/1517/1517
f 1044/1044/1044 1658/1658/1658 1734/1734/1734
f 1723/1723/1723 1734/1734/1734 1658/1658/1658
f 1677/1677/1677 1652/1652/1652 1743/1743/1743
f 1723/1723/1723 1707/1707/1707 1651/1651/1651
f 1744/1744/1744 1678/1678/1678 1684/1684/1684
f 1744/1744/1744 1727/1727/1727 1745/1745/1745
f 1743/1743/1743 1532/1532/1532 1671/1671/1671
f 1678/1678/1678 1730/1730/1730 1652/1652/1652
f 1705/1705/1705 1568/1568/1568 1655/1655/1655
f 1746/1746/1746 1698/1698/1698 1703/1703/1703
f 1546/1546/1546 1545/1545/1545 1655/1655/1655
f 1690/1690/1690 1681/1681/1681 1700/1700/1700
f 1652/1652/1652 1730/1730/1730 1650/1650/1650
f 850/850/850 1650/1650/1650 1720/1720/1720
f 1743/1743/1743 1652/1652/1652 1520/1520/1520
f 1684/1684/1684 1677/1677/1677 1704/1704/1704
f 1704/1704/1704 1655/1655/1655 1747/1747/1747
f 1684/1684/1684 1682/1682/1682 1744/1744/1744
f 1652/1652/1652 1651/1651/1651 1707/1707/1707
f 1656/1656/1656 1651/1651/1651 1650/1650/1650
f 1747/1747/1747 1683/1683/1683 1684/1684/1684
f 1746/1746/1746 1545/1545/1545 1698/1698/1698
f 1682/1682/1682 1727/1727/1727 1744/1744/1744
f 1745/1745/1745 1727/1727/1727 1725/1725/1725
f 1747/1747/1747 1684/1684/1684 1704/1704/1704
f 1681/1681/1681 1683/1683/1683 1700/1700/1700
f 1745/1745/1745 1721/1721/1721 1731/1731/1731
f 1678/1678/1678 1744/1744/1744 1745/1745/1745
f 1704/1704/1704 1677/1677/1677 1743/1743/1743
f 1568/1568/1568 1705/1705/1705 1671/1671/1671
f 1746/1746/1746 1747/1747/1747 1655/1655/1655
f 1683/1683/1683 1747/1747/1747 1700/1700/1700
f 1655/1655/1655 1545/1545/1545 1746/1746/1746
f 1696/1696/1696 1698/1698/1698 1545/1545/1545
f 1698/1698/1698 1692/1692/1692 1701/1701/1701
f 1747/1747/1747 1703/1703/1703 1700/1700/1700
f 1746/1746/1746 1703/1703/1703 1747/1747/1747
f 1703/1703/1703 1698/1698/1698 1701/1701/1701
f 1692/1692/1692 1698/1698/1698 1697/1697/1697
f 1702/1702/1702 1701/1701/1701 1692/1692/1692
f 1692/1692/1692 1697/1697/1697 1538/1538/1538
f 1702/1702/1702 1692/1692/1692 1693/1693/1693
f 1664/1664/1664 1702/1702/1702 1693/1693/1693
f 1690/1690/1690 1701/1701/1701 1702/1702/1702
f 1727/1727/1727 1724/1724/1724 1726/1726/1726
f 1721/1721/1721 1745/1745/1745 1725/1725/1725
f 1721/1721/1721 1720/1720/1720 1731/1731/1731
f 1650/1650/1650 1731/1731/1731 1720/1720/1720
f 1678/1678/1678 1745/1745/1745 1730/1730/1730
f 1731/1731/1731 1730/1730/1730 1745/1745/1745
f 1544/1544/1544 1696/1696/1696 1545/1545/1545
f 1697/1697/1697 1696/1696/1696 1699/1699/1699
f 1388/1388/1388 1562/1562/1562 1552/1552/1552
f 1564/1564/1564 1562/1562/1562 1411/1411/1411
f 1156/1156/1156 1153/1153/1153 1196/1196/1196
f 784/784/784 1153/1153/1153 1157/1157/1157
f 757/757/757 857/857/857 762/762/762
f 857/857/857 756/756/756 765/765/765
f 1728/1728/1728 765/765/765 756/756/756
f 1595/1595/1595 530/530/530 529/529/529
f 1728/1728/1728 1719/1719/1719 1729/1729/1729
f 765/765/765 1728/1728/1728 1595/1595/1595
f 1687/1687/1687 1690/1690/1690 1675/1675/1675
f 1686/1686/1686 1688/1688/1688 1687/1687/1687
f 1686/1686/1686 1687/1687/1687 1689/1689/1689
f 1690/1690/1690 1687/1687/1687 1681/1681/1681
f 1673/1673/1673 1686/1686/1686 1689/1689/1689
f 1686/1686/1686 1583/1583/1583 1688/1688/1688
f 1724/1724/1724 1688/1688/1688 1583/1583/1583
f 1681/1681/1681 1688/1688/1688 1682/1682/1682
f 1532/1532/1532 1743/1743/1743 1520/1520/1520
f 1704/1704/1704 1743/1743/1743 1705/1705/1705
f 764/764/764 529/529/529 755/755/755
f 1595/1595/1595 529/529/529 765/765/765
f 587/587/587 764/764/764 755/755/755
f 764/764/764 589/589/589 857/857/857
f 1685/1685/1685 1726/1726/1726 1582/1582/1582
f 1726/1726/1726 1714/1714/1714 1718/1718/1718
f 1748/1748/1748 1749/1749/1749 1750/1750/1750
f 105/1751/105 104/1752/104 1751/1753/1751
f 1752/1754/1752 259/1755/259 261/1756/261
f 1753/1757/1753 1754/1758/1754 1755/1759/1755
f 1751/1753/1751 1754/1758/1754 1756/1760/1756
f 5/1761/5 4/1762/4 1757/1763/1757
f 1758/1764/1758 1759/1765/1759 1760/1766/1760
f 1761/1767/1761 1762/1768/1762 1763/1769/1763
f 1764/1770/1764 486/1771/486 233/1772/233
f 258/1773/258 351/1774/351 1765/1775/1765
f 351/1774/351 243/1776/243 1766/1777/1766
f 1767/1778/1767 1768/1779/1768 1769/1780/1769
f 242/1781/242 306/1782/306 1753/1757/1753
f 1770/1783/1770 1771/1784/1771 1772/1785/1772
f 2/1786/2 1773/1787/1773 1774/1788/1774
f 1775/1789/1775 1776/1790/1776 1777/1791/1777
f 486/1771/486 1773/1787/1773 2/1786/2
f 1775/1789/1775 735/1792/735 335/1793/335
f 1776/1790/1776 335/1793/335 258/1773/258
f 90/1794/90 2/1786/2 1774/1788/1774
f 1778/1795/1778 1779/1796/1779 1780/1797/1780
f 1781/1798/1781 1782/1799/1782 1783/1800/1783
f 1784/1801/1784 1785/1802/1785 1786/1803/1786
f 1787/1804/1787 1781/1798/1781 1783/1800/1783
f 1788/1805/1788 1787/1804/1787 1789/1806/1789
f 215/1807/215 91/1808/91 1779/1796/1779
f 735/1792/735 1790/1809/1790 352/1810/352
f 1773/1787/1773 1780/1797/1780 1779/1796/1779
f 1763/1769/1763 1791/1811/1791 1765/1775/1765
f 1792/1812/1792 1793/1813/1793 1794/1814/1794
f 510/1815/510 1795/1816/1795 1796/1817/1796
f 1797/1818/1797 1798/1819/1798 1799/1820/1799
f 298/1821/298 217/1822/217 1800/1823/1800
f 1801/1824/1801 265/1825/265 510/1815/510
f 104/1752/104 265/1825/265 1751/1753/1751
f 1802/1826/1802 1803/1827/1803 1804/1828/1804
f 1805/1829/1805 1806/1830/1806 1807/1831/1807
f 1808/1832/1808 1803/1827/1803 1800/1823/1800
f 1809/1833/1809 1810/1834/1810 1811/1835/1811
f 1812/1836/1812 1813/1837/1813 1814/1838/1814
f 1810/1834/1810 1808/1832/1808 1811/1835/1811
f 1815/1839/1815 564/1840/564 562/1841/562
f 1816/1842/1816 1817/1843/1817 1818/1844/1818
f 1761/1767/1761 1763/1769/1763 1766/1777/1766
f 306/1782/306 105/1751/105 1756/1760/1756
f 1819/1845/1819 683/1846/683 1820/1847/1820
f 1801/1824/1801 1751/1753/1751 265/1825/265
f 1821/1848/1821 1822/1849/1822 1823/1850/1823
f 378/1851/378 1824/1852/1824 379/1853/379
f 1755/1759/1755 1805/1829/1805 1761/1767/1761
f 559/1854/559 1825/1855/1825 126/1856/126
f 1826/1857/1826 1827/1858/1827 1828/1859/1828
f 508/1860/508 1820/1847/1820 683/1846/683
f 1829/1861/1829 1830/1862/1830 1831/1863/1831
f 1832/1864/1832 1833/1865/1833 1834/1866/1834
f 1835/1867/1835 1836/1868/1836 1837/1869/1837
f 1838/1870/1838 1839/1871/1839 1840/1872/1840
f 1841/1873/1841 1842/1874/1842 1843/1875/1843
f 1844/1876/1844 1845/1877/1845 1846/1878/1846
f 1754/1758/1754 1801/1824/1801 1847/1879/1847
f 1848/1880/1848 1849/1881/1849 1850/1882/1850
f 1851/1883/1851 1852/1884/1852 1853/1885/1853
f 1854/1886/1854 1802/1826/1802 1785/1802/1785
f 1855/1887/1855 361/1888/361 379/1853/379
f 1856/1889/1856 1857/1890/1857 1858/1891/1858
f 1859/1892/1859 1860/1893/1860 1861/1894/1861
f 1862/1895/1862 1863/1896/1863 1864/1897/1864
f 1847/1879/1847 1784/1801/1784 1806/1830/1806
f 1865/1898/1865 1866/1899/1866 1867/1900/1867
f 1868/1901/1868 1869/1902/1869 1870/1903/1870
f 1871/1904/1871 1872/1905/1872 1873/1906/1873
f 1874/1907/1874 1859/1892/1859 1875/1908/1875
f 388/1909/388 1876/1910/1876 389/1911/389
f 508/1860/508 509/1912/509 1783/1800/1783
f 1877/1913/1877 1878/1914/1878 1879/1915/1879
f 1880/1916/1880 1785/1802/1785 1881/1917/1881
f 1882/1918/1882 1883/1919/1883 1884/1920/1884
f 1885/1921/1885 1886/1922/1886 1887/1923/1887
f 1888/1924/1888 1889/1925/1889 1890/1926/1890
f 451/1927/451 1891/1928/1891 452/1929/452
f 1885/1921/1885 440/1930/440 328/1931/328
f 1892/1932/1892 1893/1933/1893 1894/1934/1894
f 1895/1935/1895 1896/1936/1896 1897/1937/1897
f 1891/1928/1891 1850/1882/1850 1898/1938/1898
f 1899/1939/1899 693/1940/693 533/1941/533
f 458/1942/458 1900/1943/1900 415/1944/415
f 1901/1945/1901 1902/1946/1902 1903/1947/1903
f 1904/1948/1904 1905/1949/1905 1906/1950/1906
f 1907/1951/1907 1908/1952/1908 1909/1953/1909
f 1910/1954/1910 1911/1955/1911 1912/1956/1912
f 1886/1922/1886 328/1931/328 327/1957/327
f 1913/1958/1913 1803/1827/1803 1808/1832/1808
f 455/1959/455 441/1960/441 1830/1862/1830
f 1914/1961/1914 1915/1962/1915 1916/1963/1916
f 1917/1964/1917 150/1965/150 61/1966/61
f 55/1967/55 144/1968/144 1915/1962/1915
f 1918/1969/1918 1916/1963/1916 290/1970/290
f 1919/1971/1919 1920/1972/1920 1921/1973/1921
f 1922/1974/1922 1902/1946/1902 1923/1975/1923
f 55/1967/55 1915/1962/1915 1914/1961/1914
f 1924/1976/1924 1925/1977/1925 1900/1943/1900
f 1917/1964/1917 1914/1961/1914 1926/1978/1926
f 1927/1979/1927 1916/1963/1916 1918/1969/1918
f 1928/1980/1928 1929/1981/1929 1930/1982/1930
f 1931/1983/1931 428/1984/428 150/1965/150
f 1932/1985/1932 1933/1986/1933 1934/1987/1934
f 1935/1988/1935 1936/1989/1936 1926/1978/1926
f 1931/1983/1931 1937/1990/1937 428/1984/428
f 1938/1991/1938 1939/1992/1939 1940/1993/1940
f 1941/1994/1941 1942/1995/1942 1943/1996/1943
f 1899/1939/1899 533/1941/533 1937/1990/1937
f 1931/1983/1931 1926/1978/1926 1936/1989/1936
f 63/1997/63 1944/1998/1944 45/1999/45
f 1945/2000/1945 1946/2001/1946 417/2002/417
f 1798/1819/1798 1947/2003/1947 1799/1820/1799
f 122/2004/122 1948/2005/1948 123/2006/123
f 1949/2007/1949 1946/2001/1946 1950/2008/1950
f 1951/2009/1951 1952/2010/1952 1953/2011/1953
f 416/2012/416 1945/2000/1945 417/2002/417
f 1954/2013/1954 371/2014/371 1955/2015/1955
f 1956/2016/1956 1957/2017/1957 1948/2005/1948
f 1958/2018/1958 1907/1951/1907 1909/1953/1909
f 1855/1887/1855 1824/1852/1824 1959/2019/1959
f 1960/2020/1960 1961/2021/1961 1962/2022/1962
f 1838/1870/1838 1963/2023/1963 1964/2024/1964
f 1801/1824/1801 1754/1758/1754 1751/1753/1751
f 1965/2025/1965 1966/2026/1966 1967/2027/1967
f 1850/1882/1850 1891/1928/1891 1848/1880/1848
f 371/2014/371 1954/2013/1954 102/2028/102
f 1925/1977/1925 290/1970/290 415/1944/415
f 1968/2029/1968 1932/1985/1932 1934/1987/1934
f 1969/2030/1969 1970/2031/1970 1971/2032/1971
f 1972/2033/1972 1973/2034/1973 1974/2035/1974
f 1914/1961/1914 1916/1963/1916 1927/1979/1927
f 1975/2036/1975 1976/2037/1976 1977/2038/1977
f 291/2039/291 290/1970/290 1916/1963/1916
f 144/1968/144 291/2039/291 1915/1962/1915
f 77/2040/77 76/2041/76 1978/2042/1978
f 1979/2043/1979 1930/1982/1930 1929/1981/1929
f 1955/2015/1955 371/2014/371 370/2044/370
f 1980/2045/1980 449/2046/449 1981/2047/1981
f 1926/1978/1926 1914/1961/1914 1927/1979/1927
f 1757/1763/1757 1749/1749/1749 1982/2048/1982
f 466/2049/466 468/2050/468 1983/2051/1983
f 61/1966/61 55/1967/55 1914/1961/1914
f 1984/2052/1984 1980/2045/1980 1985/2053/1985
f 48/2054/48 5/1761/5 1757/1763/1757
f 1986/2055/1986 1987/2056/1987 1988/2057/1988
f 4/1762/4 35/2058/35 1750/1750/1750
f 1989/2059/1989 1990/2060/1990 1991/2061/1991
f 1992/2062/1992 1993/2063/1993 1994/2064/1994
f 1750/1750/1750 1757/1763/1757 4/1762/4
f 1995/2065/1995 1996/2066/1996 1997/2067/1997
f 76/2041/76 449/2046/449 1980/2045/1980
f 1915/1962/1915 291/2039/291 1916/1963/1916
f 1748/1748/1748 35/2058/35 34/2068/34
f 1986/2055/1986 1998/2069/1998 1748/1748/1748
f 1999/2070/1999 2000/2071/2000 2001/2072/2001
f 1986/2055/1986 1797/1818/1797 1998/2069/1998
f 2002/2073/2002 559/1854/559 556/2074/556
f 2003/2075/2003 2004/2076/2004 2005/2077/2005
f 2006/2078/2006 27/2079/27 26/2080/26
f 2007/2081/2007 2008/2082/2008 2009/2083/2009
f 1835/1867/1835 1815/1839/1815 1839/1871/1839
f 637/2084/637 2010/2085/2010 468/2050/468
f 2011/2086/2011 2012/2087/2012 2013/2088/2013
f 1820/1847/1820 1783/1800/1783 2014/2089/2014
f 2010/2085/2010 1983/2051/1983 468/2050/468
f 2015/2090/2015 2016/2091/2016 1809/1833/1809
f 46/2092/46 2009/2083/2009 26/2080/26
f 130/2093/130 111/2094/111 2017/2095/2017
f 1858/1891/1858 301/2096/301 296/2097/296
f 275/2098/275 2018/2099/2018 276/2100/276
f 1808/1832/1808 217/1822/217 513/2101/513
f 1803/1827/1803 1913/1958/1913 1804/1828/1804
f 1990/2060/1990 143/2102/143 276/2100/276
f 2019/2103/2019 2020/2104/2020 2021/2105/2021
f 1795/1816/1795 1854/1886/1854 1796/1817/1796
f 2022/2106/2022 2023/2107/2023 2024/2108/2024
f 1785/1802/1785 1784/1801/1784 1854/1886/1854
f 1784/1801/1784 1786/1803/1786 1806/1830/1806
f 2025/2109/2025 2026/2110/2026 2027/2111/2027
f 1804/1828/1804 1881/1917/1881 1785/1802/1785
f 2028/2112/2028 2029/2113/2029 2030/2114/2030
f 2031/2115/2031 2032/2116/2032 2033/2117/2033
f 1883/1919/1883 2034/2118/2034 2017/2095/2017
f 2035/2119/2035 2036/2120/2036 1944/1998/1944
f 2026/2110/2026 154/2121/154 2037/2122/2037
f 1987/2056/1987 34/2068/34 29/2123/29
f 1760/1766/1760 2038/2124/2038 2039/2125/2039
f 1998/2069/1998 2040/2126/2040 2041/2127/2041
f 2042/2128/2042 2043/2129/2043 1870/1903/1870
f 2044/2130/2044 2045/2131/2045 2046/2132/2046
f 1749/1749/1749 1998/2069/1998 2041/2127/2041
f 2037/2122/2037 2047/2133/2047 2048/2134/2048
f 1784/1801/1784 1847/1879/1847 1854/1886/1854
f 2049/2135/2049 2004/2076/2004 2050/2136/2050
f 1795/1816/1795 510/1815/510 303/2137/303
f 1847/1879/1847 1796/1817/1796 1854/1886/1854
f 671/2138/671 2051/2139/2051 2052/2140/2052
f 154/2121/154 650/2141/650 2037/2122/2037
f 2046/2132/2046 2045/2131/2045 1752/1754/1752
f 26/2080/26 2009/2083/2009 2006/2078/2006
f 266/2142/266 255/2143/255 1759/1765/1759
f 2053/2144/2053 190/2145/190 490/2146/490
f 2054/2147/2054 1759/1765/1759 1758/1764/1758
f 2055/2148/2055 2056/2149/2056 2057/2150/2057
f 2058/2151/2058 2059/2152/2059 1953/2011/1953
f 2060/2153/2060 2061/2154/2061 2046/2132/2046
f 233/1772/233 241/2155/241 2062/2156/2062
f 2063/2157/2063 214/2158/214 215/1807/215
f 2064/2159/2064 1773/1787/1773 486/1771/486
f 1780/1797/1780 1773/1787/1773 2064/2159/2064
f 2065/2160/2065 2066/2161/2066 2067/2162/2067
f 2068/2163/2068 2069/2164/2069 2070/2165/2070
f 2071/2166/2071 2072/2167/2072 2073/2168/2073
f 2074/2169/2074 2051/2139/2051 204/2170/204
f 1982/2048/1982 48/2054/48 1757/1763/1757
f 177/2171/177 2075/2172/2075 178/2173/178
f 510/1815/510 1796/1817/1796 1801/1824/1801
f 442/2174/442 528/2175/528 2076/2176/2076
f 1751/1753/1751 1756/1760/1756 105/1751/105
f 1753/1757/1753 1756/1760/1756 1754/1758/1754
f 2077/2177/2077 2078/2178/2078 2079/2179/2079
f 2080/2180/2080 2081/2181/2081 2082/2182/2082
f 1753/1757/1753 306/1782/306 1756/1760/1756
f 2083/2183/2083 197/2184/197 200/2185/200
f 243/1776/243 242/1781/242 1761/1767/1761
f 1763/1769/1763 1762/1768/1762 1791/1811/1791
f 197/2184/197 2083/2183/2083 2080/2180/2080
f 1761/1767/1761 1753/1757/1753 1755/1759/1755
f 203/2186/203 198/2187/198 2084/2188/2084
f 490/2146/490 2085/2189/2085 2053/2144/2053
f 2086/2190/2086 2032/2116/2032 2087/2191/2087
f 2088/2192/2088 329/2193/329 214/2158/214
f 2089/2194/2089 2090/2195/2090 1778/1795/1778
f 2088/2192/2088 1778/1795/1778 2090/2195/2090
f 329/2193/329 2088/2192/2088 2085/2189/2085
f 91/1808/91 1774/1788/1774 1779/1796/1779
f 2091/2196/2091 1764/1770/1764 2062/2156/2062
f 91/1808/91 90/1794/90 1774/1788/1774
f 2092/2197/2092 2070/2165/2070 2093/2198/2093
f 2094/2199/2094 1794/1814/1794 1793/1813/1793
f 1779/1796/1779 1774/1788/1774 1773/1787/1773
f 2095/2200/2095 2056/2149/2056 2055/2148/2055
f 1778/1795/1778 2063/2157/2063 1779/1796/1779
f 2096/2201/2096 2097/2202/2097 2098/2203/2098
f 2099/2204/2099 2100/2205/2100 2101/2206/2101
f 1801/1824/1801 1796/1817/1796 1847/1879/1847
f 1768/1779/1768 2102/2207/2102 1769/1780/1769
f 1755/1759/1755 1754/1758/1754 1847/1879/1847
f 353/2208/353 2103/2209/2103 151/2210/151
f 2104/2211/2104 2105/2212/2105 2106/2213/2106
f 2107/2214/2107 1978/2042/1978 1980/2045/1980
f 575/2215/575 1833/1865/1833 576/2216/576
f 2108/2217/2108 2109/2218/2109 1890/1926/1890
f 2110/2219/2110 2111/2220/2111 2112/2221/2112
f 1994/2064/1994 2113/2222/2113 1992/2062/1992
f 2114/2223/2114 2115/2224/2115 2116/2225/2116
f 1949/2007/1949 2117/2226/2117 1948/2005/1948
f 1962/2022/1962 1961/2021/1961 2118/2227/2118
f 2119/2228/2119 2120/2229/2120 2121/2230/2121
f 2122/2231/2122 2123/2232/2123 2124/2233/2124
f 2125/2234/2125 2126/2235/2126 2127/2236/2127
f 1931/1983/1931 150/1965/150 1917/1964/1917
f 1899/1939/1899 1937/1990/1937 2128/2237/2128
f 1903/1947/1903 458/1942/458 392/2238/392
f 1900/1943/1900 1908/1952/1908 1907/1951/1907
f 1925/1977/1925 1918/1969/1918 290/1970/290
f 1918/1969/1918 1924/1976/1924 2129/2239/2129
f 1900/1943/1900 1925/1977/1925 415/1944/415
f 1918/1969/1918 1925/1977/1925 1924/1976/1924
f 1914/1961/1914 1917/1964/1917 61/1966/61
f 1931/1983/1931 1917/1964/1917 1926/1978/1926
f 1955/2015/1955 1974/2035/1974 2130/2240/2130
f 2131/2241/2131 2132/2242/2132 2133/2243/2133
f 2009/2083/2009 2036/2120/2036 2007/2081/2007
f 2134/2244/2134 2135/2245/2135 2136/2246/2136
f 1981/2047/1981 449/2046/449 70/2247/70
f 1980/2045/1980 1984/2052/1984 2107/2214/2107
f 1982/2048/1982 70/2247/70 48/2054/48
f 1985/2053/1985 2137/2248/2137 2138/2249/2138
f 2139/2250/2139 1975/2036/1975 2140/2251/2140
f 2130/2240/2130 2141/2252/2141 1955/2015/1955
f 1748/1748/1748 34/2068/34 1987/2056/1987
f 1749/1749/1749 1748/1748/1748 1998/2069/1998
f 1988/2057/1988 27/2079/27 2142/2253/2142
f 2040/2126/2040 1797/1818/1797 1799/1820/1799
f 1748/1748/1748 1750/1750/1750 35/2058/35
f 1757/1763/1757 1750/1750/1750 1749/1749/1749
f 2138/2249/2138 2041/2127/2041 1799/1820/1799
f 2041/2127/2041 2138/2249/2138 2137/2248/2137
f 2137/2248/2137 1749/1749/1749 2041/2127/2041
f 1981/2047/1981 1982/2048/1982 1985/2053/1985
f 2143/2254/2143 2144/2255/2144 2145/2256/2145
f 2146/2257/2146 2147/2258/2147 2148/2259/2148
f 2149/2260/2149 2150/2261/2150 2151/2262/2151
f 1771/1784/1771 2152/2263/2152 2153/2264/2153
f 1752/1754/1752 2154/2265/2154 259/1755/259
f 2155/2266/2155 2156/2267/2156 2157/2268/2157
f 2158/2269/2158 590/2270/590 443/2271/443
f 2159/2272/2159 2160/2273/2160 2161/2274/2161
f 2088/2192/2088 214/2158/214 2063/2157/2063
f 2053/2144/2053 2085/2189/2085 2162/2275/2162
f 2068/2163/2068 241/2155/241 245/2276/245
f 2062/2156/2062 2057/2150/2057 2056/2149/2056
f 1764/1770/1764 2064/2159/2064 486/1771/486
f 2064/2159/2064 2091/2196/2091 2163/2277/2163
f 2062/2156/2062 1764/1770/1764 233/1772/233
f 2064/2159/2064 1764/1770/1764 2091/2196/2091
f 1779/1796/1779 2063/2157/2063 215/1807/215
f 2088/2192/2088 2063/2157/2063 1778/1795/1778
f 2164/2278/2164 2165/2279/2165 1777/1791/1777
f 1775/1789/1775 1790/1809/1790 735/1792/735
f 1761/1767/1761 1766/1777/1766 243/1776/243
f 1765/1775/1765 1766/1777/1766 1763/1769/1763
f 1753/1757/1753 1761/1767/1761 242/1781/242
f 1755/1759/1755 1806/1830/1806 1805/1829/1805
f 2166/2280/2166 2033/2117/2033 2032/2116/2032
f 2096/2201/2096 2167/2281/2167 2166/2280/2166
f 303/2137/303 298/1821/298 1802/1826/1802
f 1802/1826/1802 298/1821/298 1800/1823/1800
f 2016/2091/2016 2168/2282/2168 1810/1834/1810
f 2015/2090/2015 2169/2283/2169 2170/2284/2170
f 1808/1832/1808 1800/1823/1800 217/1822/217
f 1802/1826/1802 1800/1823/1800 1803/1827/1803
f 513/2101/513 301/2096/301 1811/1835/1811
f 1913/1958/1913 2171/2285/2171 1804/1828/1804
f 1881/1917/1881 1804/1828/1804 2171/2285/2171
f 1802/1826/1802 1804/1828/1804 1785/1802/1785
f 1856/1889/1856 296/2097/296 564/1840/564
f 2015/2090/2015 1809/1833/1809 1857/1890/1857
f 1789/1806/1789 1783/1800/1783 509/1912/509
f 2014/2089/2014 1783/1800/1783 2172/2286/2172
f 2173/2287/2173 2174/2288/2174 2175/2289/2175
f 2176/2290/2176 2177/2291/2177 2178/2292/2178
f 2179/2293/2179 2180/2294/2180 2181/2295/2181
f 2182/2296/2182 2183/2297/2183 2184/2298/2184
f 1840/1872/1840 562/1841/562 355/2299/355
f 2185/2300/2185 1856/1889/1856 1815/1839/1815
f 2186/2301/2186 124/2302/124 126/1856/126
f 1966/2026/1966 2187/2303/2187 1967/2027/1967
f 2188/2304/2188 103/2305/103 102/2028/102
f 2189/2306/2189 2188/2304/2188 102/2028/102
f 2190/2307/2190 2010/2085/2010 2191/2308/2191
f 2192/2309/2192 2193/2310/2193 2194/2311/2194
f 2029/2113/2029 2195/2312/2195 2196/2313/2196
f 2191/2308/2191 2197/2314/2197 2190/2307/2190
f 717/2315/717 2198/2316/2198 275/2098/275
f 1991/2061/1991 2199/2317/2199 2200/2318/2200
f 1886/1922/1886 1875/1908/1875 1861/1894/1861
f 2201/2319/2201 2122/2231/2122 2202/2320/2202
f 2109/2218/2109 1912/1956/1912 2203/2321/2203
f 1861/1894/1861 2204/2322/2204 1886/1922/1886
f 2205/2323/2205 2183/2297/2183 2206/2324/2206
f 2207/2325/2207 361/1888/361 1855/1887/1855
f 2037/2122/2037 2110/2219/2110 2047/2133/2047
f 2208/2326/2208 2209/2327/2209 2210/2328/2210
f 693/1940/693 1899/1939/1899 2211/2329/2211
f 1948/2005/1948 1946/2001/1946 1949/2007/1949
f 2128/2237/2128 2116/2225/2116 2115/2224/2115
f 1934/1987/1934 1933/1986/1933 2212/2330/2212
f 2213/2331/2213 2214/2332/2214 2215/2333/2215
f 2216/2334/2216 2217/2335/2217 2218/2336/2218
f 1957/2017/1957 527/2337/527 123/2006/123
f 2219/2338/2219 2220/2339/2220 2061/2154/2061
f 2221/2340/2221 451/1927/451 455/1959/455
f 1850/1882/1850 2222/2341/2222 2223/2342/2223
f 2224/2343/2224 2204/2322/2204 2225/2344/2225
f 1848/1880/1848 2122/2231/2122 1849/1881/1849
f 2226/2345/2226 2127/2236/2127 2126/2235/2126
f 1908/1952/1908 1922/1974/1922 1909/1953/1909
f 1935/1988/1935 1926/1978/1926 1927/1979/1927
f 2227/2346/2227 1936/1989/1936 1979/2043/1979
f 2129/2239/2129 1924/1976/1924 1958/2018/1958
f 1924/1976/1924 1900/1943/1900 1907/1951/1907
f 1974/2035/1974 370/2044/370 405/2347/405
f 2141/2252/2141 2189/2306/2189 1954/2013/1954
f 1972/2033/1972 405/2347/405 77/2040/77
f 2228/2348/2228 2229/2349/2229 2230/2350/2230
f 2132/2242/2132 2231/2351/2231 2232/2352/2232
f 2132/2242/2132 2233/2353/2233 2188/2304/2188
f 1974/2035/1974 1955/2015/1955 370/2044/370
f 2130/2240/2130 1973/2034/1973 2234/2354/2234
f 2141/2252/2141 1954/2013/1954 1955/2015/1955
f 102/2028/102 1954/2013/1954 2189/2306/2189
f 2036/2120/2036 46/2092/46 45/1999/45
f 2006/2078/2006 2009/2083/2009 2235/2355/2235
f 2236/2356/2236 1983/2051/1983 2237/2357/2237
f 2238/2358/2238 2239/2359/2239 2035/2119/2035
f 2240/2360/2240 2241/2361/2241 2242/2362/2242
f 2243/2363/2243 1988/2057/1988 2244/2364/2244
f 2036/2120/2036 2009/2083/2009 46/2092/46
f 2239/2359/2239 2007/2081/2007 2035/2119/2035
f 2235/2355/2235 2009/2083/2009 2008/2082/2008
f 2006/2078/2006 2245/2365/2245 2142/2253/2142
f 1982/2048/1982 1981/2047/1981 70/2247/70
f 1980/2045/1980 1981/2047/1981 1985/2053/1985
f 1980/2045/1980 1978/2042/1978 76/2041/76
f 1972/2033/1972 1978/2042/1978 2107/2214/2107
f 1988/2057/1988 1987/2056/1987 29/2123/29
f 1748/1748/1748 1987/2056/1987 1986/2055/1986
f 1986/2055/1986 2243/2363/2243 1797/1818/1797
f 2246/2366/2246 2247/2367/2247 1798/1819/1798
f 2248/2368/2248 1799/1820/1799 1947/2003/1947
f 1984/2052/1984 1985/2053/1985 2138/2249/2138
f 1985/2053/1985 1982/2048/1982 2137/2248/2137
f 1749/1749/1749 2137/2248/2137 1982/2048/1982
f 2249/2369/2249 200/2185/200 190/2145/190
f 2084/2188/2084 2080/2180/2080 2082/2182/2082
f 2162/2275/2162 2145/2256/2145 2144/2255/2144
f 1769/1780/1769 2102/2207/2102 2250/2370/2250
f 2148/2259/2148 2078/2178/2078 2082/2182/2082
f 2051/2139/2051 671/2138/671 204/2170/204
f 2251/2371/2251 2252/2372/2252 2253/2373/2253
f 2153/2264/2153 2112/2221/2112 2254/2374/2254
f 255/2143/255 259/1755/259 2154/2265/2154
f 1758/1764/1758 2255/2375/2255 2256/2376/2256
f 2257/2377/2257 2155/2266/2155 2258/2378/2258
f 2057/2150/2057 2092/2197/2092 2055/2148/2055
f 2259/2379/2259 2260/2380/2260 2261/2381/2261
f 2039/2125/2039 1758/1764/1758 1760/1766/1760
f 2076/2176/2076 2262/2382/2262 442/2174/442
f 2219/2338/2219 2263/2383/2263 2264/2384/2264
f 2089/2194/2089 1778/1795/1778 1780/1797/1780
f 2265/2385/2265 2090/2195/2090 1792/1812/1792
f 2095/2200/2095 2163/2277/2163 2056/2149/2056
f 2091/2196/2091 2062/2156/2062 2056/2149/2056
f 1776/1790/1776 1775/1789/1775 335/1793/335
f 1790/1809/1790 1775/1789/1775 1777/1791/1777
f 1776/1790/1776 258/1773/258 1765/1775/1765
f 2164/2278/2164 1776/1790/1776 2266/2386/2266
f 2267/2387/2267 2164/2278/2164 2098/2203/2098
f 1788/1805/1788 1853/1885/1853 2268/2388/2268
f 1880/1916/1880 2087/2191/2087 1807/1831/1807
f 1762/1768/1762 2033/2117/2033 1791/1811/1791
f 1761/1767/1761 1805/1829/1805 1762/1768/1762
f 2031/2115/2031 1762/1768/1762 1805/1829/1805
f 2166/2280/2166 1791/1811/1791 2033/2117/2033
f 1765/1775/1765 1791/1811/1791 2167/2281/2167
f 1765/1775/1765 351/1774/351 1766/1777/1766
f 1765/1775/1765 2167/2281/2167 2266/2386/2266
f 303/2137/303 1802/1826/1802 1795/1816/1795
f 1854/1886/1854 1795/1816/1795 1802/1826/1802
f 2269/2389/2269 2270/2390/2270 2171/2285/2171
f 1880/1916/1880 1881/1917/1881 2271/2391/2271
f 1880/1916/1880 2271/2391/2271 2087/2191/2087
f 1785/1802/1785 1880/1916/1880 1786/1803/1786
f 2087/2191/2087 2271/2391/2271 2086/2190/2086
f 2031/2115/2031 2087/2191/2087 2032/2116/2032
f 1808/1832/1808 1810/1834/1810 1913/1958/1913
f 1810/1834/1810 2168/2282/2168 2269/2389/2269
f 513/2101/513 1811/1835/1811 1808/1832/1808
f 2168/2282/2168 2170/2284/2170 2272/2392/2272
f 1856/1889/1856 1858/1891/1858 296/2097/296
f 1811/1835/1811 1858/1891/1858 1857/1890/1857
f 1815/1839/1815 1856/1889/1856 564/1840/564
f 2185/2300/2185 1837/1869/1837 2273/2393/2273
f 1789/1806/1789 509/1912/509 152/2394/152
f 1782/1799/1782 2172/2286/2172 1783/1800/1783
f 1788/1805/1788 152/2394/152 151/2210/151
f 2274/2395/2274 2275/2396/2275 2276/2397/2276
f 2274/2395/2274 2277/2398/2277 2172/2286/2172
f 1819/1845/1819 2014/2089/2014 2278/2399/2278
f 2279/2400/2279 1851/1883/1851 2173/2287/2173
f 1790/1809/1790 1777/1791/1777 2280/2401/2280
f 1819/1845/1819 378/1851/378 683/1846/683
f 2281/2402/2281 1834/1866/1834 2182/2296/2182
f 1815/1839/1815 562/1841/562 1840/1872/1840
f 1815/1839/1815 2282/2403/2282 2185/2300/2185
f 1838/1870/1838 355/2299/355 124/2302/124
f 1836/1868/1836 2283/2404/2283 1837/1869/1837
f 559/1854/559 2002/2073/2002 1825/1855/1825
f 1971/2032/1971 1812/1836/1812 2284/2405/2284
f 2188/2304/2188 2233/2353/2233 2285/2406/2285
f 2286/2407/2286 2284/2405/2284 1825/1855/1825
f 2191/2308/2191 637/2084/637 324/2408/324
f 2287/2409/2287 1983/2051/1983 2190/2307/2190
f 2288/2410/2288 2289/2411/2289 2290/2412/2290
f 2035/2119/2035 1944/1998/1944 2238/2358/2238
f 2291/2413/2291 111/2094/111 143/2102/143
f 2190/2307/2190 2197/2314/2197 2292/2414/2292
f 2293/2415/2293 1882/1918/1882 2195/2312/2195
f 1884/1920/1884 1883/1919/1883 2017/2095/2017
f 2294/2416/2294 2209/2327/2209 155/2417/155
f 154/2121/154 2026/2110/2026 155/2417/155
f 1861/1894/1861 1875/1908/1875 1859/1892/1859
f 1886/1922/1886 2204/2322/2204 1887/1923/1887
f 1832/1864/1832 388/1909/388 576/2216/576
f 1889/1925/1889 1874/1907/1874 1876/1910/1876
f 2295/2418/2295 575/2215/575 362/2419/362
f 2296/2420/2296 2108/2217/2108 1834/1866/1834
f 2297/2421/2297 2298/2422/2298 2299/2423/2299
f 2300/2424/2300 2301/2425/2301 2302/2426/2302
f 2110/2219/2110 650/2141/650 179/2427/179
f 2027/2111/2027 2026/2110/2026 2048/2134/2048
f 2111/2220/2111 179/2427/179 178/2173/178
f 2254/2374/2254 2303/2428/2303 2153/2264/2153
f 2152/2263/2152 2304/2429/2304 2048/2134/2048
f 2209/2327/2209 2198/2316/2198 717/2315/717
f 2110/2219/2110 2037/2122/2037 650/2141/650
f 2153/2264/2153 2047/2133/2047 2112/2221/2112
f 2048/2134/2048 2026/2110/2026 2037/2122/2037
f 2026/2110/2026 2025/2109/2025 2294/2416/2294
f 416/2012/416 2305/2430/2305 1945/2000/1945
f 2305/2430/2305 2211/2329/2211 2306/2431/2306
f 533/1941/533 428/1984/428 1937/1990/1937
f 1899/1939/1899 2128/2237/2128 2115/2224/2115
f 1946/2001/1946 1948/2005/1948 122/2004/122
f 1948/2005/1948 2117/2226/2117 1956/2016/1956
f 527/2337/527 1957/2017/1957 1868/1901/1868
f 1870/1903/1870 2043/2129/2043 2262/2382/2262
f 1891/1928/1891 2221/2340/2221 1848/1880/1848
f 2221/2340/2221 1830/1862/1830 2124/2233/2124
f 2307/2432/2307 2308/2433/2308 1885/1921/1885
f 1830/1862/1830 1829/1861/1829 2124/2233/2124
f 1900/1943/1900 1903/1947/1903 1908/1952/1908
f 1901/1945/1901 392/2238/392 391/2434/391
f 1898/1938/1898 2226/2345/2226 1901/1945/1901
f 452/1929/452 1898/1938/1898 391/2434/391
f 1972/2033/1972 1974/2035/1974 405/2347/405
f 2130/2240/2130 1974/2035/1974 1973/2034/1973
f 1978/2042/1978 1972/2033/1972 77/2040/77
f 2309/2435/2309 2107/2214/2107 2310/2436/2310
f 2188/2304/2188 2189/2306/2189 2132/2242/2132
f 2188/2304/2188 2285/2406/2285 103/2305/103
f 1944/1998/1944 2036/2120/2036 45/1999/45
f 2007/2081/2007 2036/2120/2036 2035/2119/2035
f 2237/2357/2237 1983/2051/1983 2290/2412/2290
f 2237/2357/2237 2311/2437/2311 1944/1998/1944
f 27/2079/27 1988/2057/1988 29/2123/29
f 1988/2057/1988 2142/2253/2142 2244/2364/2244
f 2041/2127/2041 2040/2126/2040 1799/1820/1799
f 1998/2069/1998 1797/1818/1797 2040/2126/2040
f 1988/2057/1988 2243/2363/2243 1986/2055/1986
f 2246/2366/2246 2243/2363/2243 2242/2362/2242
f 2134/2244/2134 2312/2438/2312 2313/2439/2313
f 2230/2350/2230 2314/2440/2314 2228/2348/2228
f 2083/2183/2083 2249/2369/2249 2099/2204/2099
f 2249/2369/2249 2053/2144/2053 2144/2255/2144
f 490/2146/490 329/2193/329 2085/2189/2085
f 2053/2144/2053 2162/2275/2162 2144/2255/2144
f 2080/2180/2080 2084/2188/2084 198/2187/198
f 2082/2182/2082 2078/2178/2078 2084/2188/2084
f 2315/2441/2315 2316/2442/2316 2317/2443/2317
f 2318/2444/2318 1826/1857/1826 1828/1859/1828
f 2319/2445/2319 2320/2446/2320 2052/2140/2052
f 2303/2428/2303 2254/2374/2254 2321/2447/2321
f 2062/2156/2062 2068/2163/2068 2057/2150/2057
f 2069/2164/2069 245/2276/245 489/2448/489
f 2054/2147/2054 2257/2377/2257 2069/2164/2069
f 266/2142/266 2054/2147/2054 489/2448/489
f 590/2270/590 2322/2449/2322 2323/2450/2323
f 2324/2451/2324 1752/1754/1752 2045/2131/2045
f 261/1756/261 2323/2450/2323 1752/1754/1752
f 2158/2269/2158 2046/2132/2046 2322/2449/2322
f 2045/2131/2045 2325/2452/2325 2324/2451/2324
f 2326/2453/2326 1759/1765/1759 255/2143/255
f 590/2270/590 2323/2450/2323 261/1756/261
f 2046/2132/2046 1752/1754/1752 2323/2450/2323
f 1752/1754/1752 2324/2451/2324 2154/2265/2154
f 2154/2265/2154 2324/2451/2324 2326/2453/2326
f 442/2174/442 2262/2382/2262 2327/2454/2327
f 2046/2132/2046 2158/2269/2158 2060/2153/2060
f 2060/2153/2060 2158/2269/2158 2262/2382/2262
f 2327/2454/2327 2158/2269/2158 443/2271/443
f 2323/2450/2323 2322/2449/2322 2046/2132/2046
f 590/2270/590 2158/2269/2158 2322/2449/2322
f 442/2174/442 2327/2454/2327 443/2271/443
f 2262/2382/2262 2158/2269/2158 2327/2454/2327
f 2164/2278/2164 2266/2386/2266 2098/2203/2098
f 1765/1775/1765 2266/2386/2266 1776/1790/1776
f 2267/2387/2267 2165/2279/2165 2164/2278/2164
f 1777/1791/1777 1776/1790/1776 2164/2278/2164
f 1806/1830/1806 1755/1759/1755 1847/1879/1847
f 1807/1831/1807 1806/1830/1806 1786/1803/1786
f 1880/1916/1880 1807/1831/1807 1786/1803/1786
f 2031/2115/2031 1807/1831/1807 2087/2191/2087
f 2328/2455/2328 2329/2456/2329 2330/2457/2330
f 2331/2458/2331 2332/2459/2332 2333/2460/2333
f 1762/1768/1762 2031/2115/2031 2033/2117/2033
f 1807/1831/1807 2031/2115/2031 1805/1829/1805
f 1858/1891/1858 1811/1835/1811 301/2096/301
f 1809/1833/1809 1811/1835/1811 1857/1890/1857
f 2015/2090/2015 2273/2393/2273 2334/2461/2334
f 1857/1890/1857 1856/1889/1856 2335/2462/2335
f 1788/1805/1788 1789/1806/1789 152/2394/152
f 1783/1800/1783 1789/1806/1789 1787/1804/1787
f 2103/2209/2103 1788/1805/1788 151/2210/151
f 1853/1885/1853 1788/1805/1788 2336/2463/2336
f 2275/2396/2275 1781/1798/1781 2268/2388/2268
f 2178/2292/2178 2337/2464/2337 2338/2465/2338
f 1783/1800/1783 1820/1847/1820 508/1860/508
f 1819/1845/1819 1820/1847/1820 2014/2089/2014
f 2339/2466/2339 2299/2423/2299 2298/2422/2298
f 2340/2467/2340 2298/2422/2298 2341/2468/2341
f 2014/2089/2014 2172/2286/2172 2278/2399/2278
f 1819/1845/1819 2342/2469/2342 1824/1852/1824
f 2103/2209/2103 353/2208/353 2173/2287/2173
f 1788/1805/1788 2103/2209/2103 2336/2463/2336
f 1819/1845/1819 1824/1852/1824 378/1851/378
f 2343/2470/2343 2297/2421/2297 1824/1852/1824
f 1959/2019/1959 1824/1852/1824 2297/2421/2297
f 2205/2323/2205 2207/2325/2207 2344/2471/2344
f 1838/1870/1838 1840/1872/1840 355/2299/355
f 1815/1839/1815 1840/1872/1840 1839/1871/1839
f 2186/2301/2186 1838/1870/1838 124/2302/124
f 1963/2023/1963 1838/1870/1838 2345/2472/2345
f 1836/1868/1836 1835/1867/1835 1964/2024/1964
f 2346/2473/2346 1965/2025/1965 1967/2027/1967
f 1825/1855/1825 2186/2301/2186 126/1856/126
f 1838/1870/1838 2186/2301/2186 2345/2472/2345
f 2285/2406/2285 2002/2073/2002 556/2074/556
f 1825/1855/1825 2002/2073/2002 2286/2407/2286
f 2286/2407/2286 1969/2030/1969 2284/2405/2284
f 2186/2301/2186 1825/1855/1825 2345/2472/2345
f 2191/2308/2191 2010/2085/2010 637/2084/637
f 1983/2051/1983 2010/2085/2010 2190/2307/2190
f 2034/2118/2034 130/2093/130 2017/2095/2017
f 2347/2474/2347 2197/2314/2197 2191/2308/2191
f 2287/2409/2287 2190/2307/2190 2292/2414/2292
f 2289/2411/2289 2237/2357/2237 2290/2412/2290
f 2017/2095/2017 111/2094/111 2291/2413/2291
f 1883/1919/1883 2293/2415/2293 2034/2118/2034
f 1884/1920/1884 2291/2413/2291 1990/2060/1990
f 1884/1920/1884 1989/2059/1989 2348/2475/2348
f 1990/2060/1990 276/2100/276 2018/2099/2018
f 1884/1920/1884 1990/2060/1990 1989/2059/1989
f 1991/2061/1991 2018/2099/2018 2198/2316/2198
f 2199/2317/2199 1991/2061/1991 2208/2326/2208
f 717/2315/717 155/2417/155 2209/2327/2209
f 1991/2061/1991 2198/2316/2198 2208/2326/2208
f 2349/2476/2349 2350/2477/2350 2210/2328/2210
f 2208/2326/2208 2198/2316/2198 2209/2327/2209
f 436/2478/436 389/1911/389 1874/1907/1874
f 2109/2218/2109 2203/2321/2203 1888/1924/1888
f 2351/2479/2351 2225/2344/2225 2352/2480/2352
f 1829/1861/1829 2202/2320/2202 2124/2233/2124
f 1832/1864/1832 1890/1926/1890 1876/1910/1876
f 2182/2296/2182 1834/1866/1834 1833/1865/1833
f 1833/1865/1833 2295/2418/2295 2182/2296/2182
f 2207/2325/2207 362/2419/362 361/1888/361
f 2111/2220/2111 2110/2219/2110 179/2427/179
f 2047/2133/2047 2110/2219/2110 2112/2221/2112
f 2075/2172/2075 2111/2220/2111 178/2173/178
f 2321/2447/2321 1826/1857/1826 2303/2428/2303
f 2305/2430/2305 1943/1996/1943 1945/2000/1945
f 2353/2481/2353 1943/1996/1943 2306/2431/2306
f 693/1940/693 2305/2430/2305 416/2012/416
f 1943/1996/1943 2305/2430/2305 2306/2431/2306
f 1936/1989/1936 2227/2346/2227 1931/1983/1931
f 2354/2482/2354 2128/2237/2128 2227/2346/2227
f 2114/2223/2114 2116/2225/2116 1933/1986/1933
f 2211/2329/2211 2115/2224/2115 2306/2431/2306
f 417/2002/417 1946/2001/1946 122/2004/122
f 1942/1995/1942 1945/2000/1945 1943/1996/1943
f 2355/2483/2355 2356/2484/2356 2357/2485/2357
f 527/2337/527 1868/1901/1868 528/2175/528
f 1868/1901/1868 2076/2176/2076 528/2175/528
f 2262/2382/2262 2076/2176/2076 1870/1903/1870
f 2221/2340/2221 1891/1928/1891 451/1927/451
f 2122/2231/2122 1848/1880/1848 2123/2232/2123
f 1830/1862/1830 2221/2340/2221 455/1959/455
f 1848/1880/1848 2221/2340/2221 2123/2232/2123
f 2122/2231/2122 2124/2233/2124 2202/2320/2202
f 2221/2340/2221 2124/2233/2124 2123/2232/2123
f 1903/1947/1903 1900/1943/1900 458/1942/458
f 1922/1974/1922 1908/1952/1908 1902/1946/1902
f 1901/1945/1901 1903/1947/1903 392/2238/392
f 1908/1952/1908 1903/1947/1903 1902/1946/1902
f 1901/1945/1901 391/2434/391 1898/1938/1898
f 1923/1975/1923 1901/1945/1901 2226/2345/2226
f 1850/1882/1850 1849/1881/1849 2222/2341/2222
f 1850/1882/1850 2223/2342/2223 1898/1938/1898
f 1898/1938/1898 452/1929/452 1891/1928/1891
f 1898/1938/1898 2223/2342/2223 2226/2345/2226
f 2189/2306/2189 2231/2351/2231 2132/2242/2132
f 2004/2076/2004 2049/2135/2049 2005/2077/2005
f 2358/2486/2358 2359/2487/2359 2360/2488/2360
f 2239/2359/2239 2008/2082/2008 2007/2081/2007
f 2006/2078/2006 2142/2253/2142 27/2079/27
f 2244/2364/2244 2142/2253/2142 2245/2365/2245
f 2244/2364/2244 2245/2365/2245 2240/2360/2240
f 2243/2363/2243 2244/2364/2244 2242/2362/2242
f 1797/1818/1797 2243/2363/2243 2246/2366/2246
f 2361/2489/2361 2247/2367/2247 2362/2490/2362
f 2246/2366/2246 2242/2362/2242 2363/2491/2363
f 1797/1818/1797 2246/2366/2246 1798/1819/1798
f 2249/2369/2249 2083/2183/2083 200/2185/200
f 2364/2492/2364 2099/2204/2099 2365/2493/2365
f 2053/2144/2053 2249/2369/2249 190/2145/190
f 2099/2204/2099 2249/2369/2249 2365/2493/2365
f 2090/2195/2090 2265/2385/2265 2088/2192/2088
f 2366/2494/2366 2162/2275/2162 2265/2385/2265
f 2143/2254/2143 2145/2256/2145 2102/2207/2102
f 2249/2369/2249 2144/2255/2144 2365/2493/2365
f 197/2184/197 2080/2180/2080 198/2187/198
f 2101/2206/2101 2083/2183/2083 2099/2204/2099
f 2084/2188/2084 2077/2177/2077 203/2186/203
f 2051/2139/2051 2367/2495/2367 2368/2496/2368
f 2369/2497/2369 2370/2498/2370 2371/2499/2371
f 2367/2495/2367 2372/2500/2372 2368/2496/2368
f 2320/2446/2320 2075/2172/2075 177/2171/177
f 2075/2172/2075 1827/1858/1827 2321/2447/2321
f 2068/2163/2068 2062/2156/2062 241/2155/241
f 2092/2197/2092 2057/2150/2057 2070/2165/2070
f 2069/2164/2069 2068/2163/2068 245/2276/245
f 2057/2150/2057 2068/2163/2068 2070/2165/2070
f 2069/2164/2069 489/2448/489 2054/2147/2054
f 2093/2198/2093 2069/2164/2069 2257/2377/2257
f 1758/1764/1758 2039/2125/2039 2255/2375/2255
f 1758/1764/1758 2256/2376/2256 2054/2147/2054
f 2054/2147/2054 266/2142/266 1759/1765/1759
f 2054/2147/2054 2256/2376/2256 2257/2377/2257
f 2061/2154/2061 2060/2153/2060 2219/2338/2219
f 2061/2154/2061 2259/2379/2259 2373/2501/2373
f 2045/2131/2045 2044/2130/2044 2373/2501/2373
f 2038/2124/2038 2374/2502/2374 2375/2503/2375
f 2326/2453/2326 1760/1766/1760 1759/1765/1759
f 2038/2124/2038 1760/1766/1760 2324/2451/2324
f 2154/2265/2154 2326/2453/2326 255/2143/255
f 1760/1766/1760 2326/2453/2326 2324/2451/2324
f 2043/2129/2043 2376/2504/2376 2264/2384/2264
f 2262/2382/2262 2043/2129/2043 2263/2383/2263
f 2216/2334/2216 2377/2505/2377 2264/2384/2264
f 2378/2506/2378 2379/2507/2379 2380/2508/2380
f 2216/2334/2216 2264/2384/2264 2376/2504/2376
f 2219/2338/2219 2264/2384/2264 2381/2509/2381
f 2382/2510/2382 2383/2511/2383 2356/2484/2356
f 2378/2506/2378 2380/2508/2380 2384/2512/2384
f 2219/2338/2219 2381/2509/2381 2220/2339/2220
f 2060/2153/2060 2262/2382/2262 2263/2383/2263
f 2042/2128/2042 1869/1902/1869 2385/2513/2385
f 2216/2334/2216 2218/2336/2218 2377/2505/2377
f 2377/2505/2377 2379/2507/2379 2386/2514/2386
f 2061/2154/2061 2220/2339/2220 2259/2379/2259
f 2264/2384/2264 2263/2383/2263 2043/2129/2043
f 2060/2153/2060 2263/2383/2263 2219/2338/2219
f 2387/2515/2387 2388/2516/2388 2389/2517/2389
f 2390/2518/2390 2032/2116/2032 2391/2519/2391
f 1857/1890/1857 2335/2462/2335 2015/2090/2015
f 1810/1834/1810 1809/1833/1809 2016/2091/2016
f 2273/2393/2273 1837/1869/1837 2334/2461/2334
f 2392/2520/2392 2393/2521/2393 2329/2456/2329
f 1837/1869/1837 2185/2300/2185 2282/2403/2282
f 2335/2462/2335 2185/2300/2185 2273/2393/2273
f 1837/1869/1837 2282/2403/2282 1835/1867/1835
f 2334/2461/2334 1837/1869/1837 2283/2404/2283
f 2185/2300/2185 2335/2462/2335 1856/1889/1856
f 2015/2090/2015 2335/2462/2335 2273/2393/2273
f 1853/1885/1853 2336/2463/2336 1851/1883/1851
f 2268/2388/2268 1853/1885/1853 2394/2522/2394
f 2275/2396/2275 2268/2388/2268 2394/2522/2394
f 1787/1804/1787 1788/1805/1788 2268/2388/2268
f 2268/2388/2268 1781/1798/1781 1787/1804/1787
f 2274/2395/2274 1781/1798/1781 2275/2396/2275
f 2274/2395/2274 2172/2286/2172 1782/1799/1782
f 2278/2399/2278 2172/2286/2172 2277/2398/2277
f 2278/2399/2278 2277/2398/2277 2395/2523/2395
f 1824/1852/1824 2342/2469/2342 2343/2470/2343
f 2276/2397/2276 2180/2294/2180 2277/2398/2277
f 2395/2523/2395 2180/2294/2180 2341/2468/2341
f 1819/1845/1819 2278/2399/2278 2342/2469/2342
f 2342/2469/2342 2278/2399/2278 2395/2523/2395
f 2343/2470/2343 2342/2469/2342 2298/2422/2298
f 2298/2422/2298 2342/2469/2342 2395/2523/2395
f 2180/2294/2180 2395/2523/2395 2277/2398/2277
f 2395/2523/2395 2341/2468/2341 2298/2422/2298
f 2299/2423/2299 2339/2466/2339 2302/2426/2302
f 2344/2471/2344 2299/2423/2299 2301/2425/2301
f 1824/1852/1824 1855/1887/1855 379/1853/379
f 2207/2325/2207 1855/1887/1855 1959/2019/1959
f 2344/2471/2344 2207/2325/2207 1959/2019/1959
f 2207/2325/2207 2205/2323/2205 2295/2418/2295
f 2284/2405/2284 1812/1836/1812 1814/1838/1814
f 1964/2024/1964 1963/2023/1963 1966/2026/1966
f 1964/2024/1964 1966/2026/1966 2396/2524/2396
f 1839/1871/1839 1838/1870/1838 1964/2024/1964
f 1815/1839/1815 1835/1867/1835 2282/2403/2282
f 1964/2024/1964 1835/1867/1835 1839/1871/1839
f 1970/2031/1970 2397/2525/2397 1971/2032/1971
f 1825/1855/1825 2284/2405/2284 1814/1838/1814
f 2398/2526/2398 1813/1837/1813 2399/2527/2399
f 2187/2303/2187 1966/2026/1966 1963/2023/1963
f 2345/2472/2345 2187/2303/2187 1963/2023/1963
f 2399/2527/2399 2400/2528/2400 2398/2526/2398
f 1812/1836/1812 1971/2032/1971 2397/2525/2397
f 1814/1838/1814 1813/1837/1813 2187/2303/2187
f 2187/2303/2187 2345/2472/2345 1814/1838/1814
f 1825/1855/1825 1814/1838/1814 2345/2472/2345
f 2401/2529/2401 2191/2308/2191 324/2408/324
f 2402/2530/2402 2403/2531/2403 2347/2474/2347
f 2293/2415/2293 2402/2530/2402 2034/2118/2034
f 1906/1950/1906 2404/2532/2404 1904/1948/1904
f 2034/2118/2034 2402/2530/2402 2347/2474/2347
f 130/2093/130 2034/2118/2034 2401/2529/2401
f 2347/2474/2347 2191/2308/2191 2401/2529/2401
f 2403/2531/2403 2402/2530/2402 2405/2533/2405
f 2292/2414/2292 2406/2534/2406 2288/2410/2288
f 2290/2412/2290 2287/2409/2287 2288/2410/2288
f 2407/2535/2407 2408/2536/2408 2406/2534/2406
f 1816/1842/1816 2409/2537/2409 2410/2538/2410
f 2289/2411/2289 2311/2437/2311 2237/2357/2237
f 1983/2051/1983 2287/2409/2287 2290/2412/2290
f 2292/2414/2292 2288/2410/2288 2287/2409/2287
f 2288/2410/2288 2411/2539/2411 2412/2540/2412
f 63/1997/63 2236/2356/2236 1944/1998/1944
f 466/2049/466 2236/2356/2236 63/1997/63
f 2358/2486/2358 2311/2437/2311 2289/2411/2289
f 2311/2437/2311 2413/2541/2413 2238/2358/2238
f 1990/2060/1990 2291/2413/2291 143/2102/143
f 2017/2095/2017 2291/2413/2291 1884/1920/1884
f 2019/2103/2019 1989/2059/1989 2200/2318/2200
f 2019/2103/2019 2021/2105/2021 2348/2475/2348
f 2198/2316/2198 2018/2099/2018 275/2098/275
f 1990/2060/1990 2018/2099/2018 1991/2061/1991
f 2208/2326/2208 2210/2328/2210 2414/2542/2414
f 2200/2318/2200 2199/2317/2199 2415/2543/2415
f 2200/2318/2200 2415/2543/2415 2019/2103/2019
f 1991/2061/1991 2200/2318/2200 1989/2059/1989
f 2416/2544/2416 2019/2103/2019 2415/2543/2415
f 2022/2106/2022 2019/2103/2019 2416/2544/2416
f 2026/2110/2026 2294/2416/2294 155/2417/155
f 2025/2109/2025 2209/2327/2209 2294/2416/2294
f 1875/1908/1875 1886/1922/1886 327/1957/327
f 1860/1893/1860 1859/1892/1859 2417/2545/2417
f 327/1957/327 436/2478/436 1875/1908/1875
f 1874/1907/1874 1875/1908/1875 436/2478/436
f 389/1911/389 1876/1910/1876 1874/1907/1874
f 1876/1910/1876 1890/1926/1890 1889/1925/1889
f 1886/1922/1886 1885/1921/1885 328/1931/328
f 2308/2433/2308 1829/1861/1829 1831/1863/1831
f 1887/1923/1887 2204/2322/2204 2224/2343/2224
f 1885/1921/1885 1887/1923/1887 2307/2432/2307
f 1831/1863/1831 1830/1862/1830 441/1960/441
f 2418/2546/2418 2419/2547/2419 2307/2432/2307
f 441/1960/441 440/1930/440 1831/1863/1831
f 2308/2433/2308 440/1930/440 1885/1921/1885
f 1829/1861/1829 2308/2433/2308 2307/2432/2307
f 440/1930/440 2308/2433/2308 1831/1863/1831
f 1832/1864/1832 1876/1910/1876 388/1909/388
f 2109/2218/2109 2108/2217/2108 2296/2420/2296
f 1833/1865/1833 1832/1864/1832 576/2216/576
f 1890/1926/1890 1832/1864/1832 2108/2217/2108
f 2296/2420/2296 1834/1866/1834 2281/2402/2281
f 1832/1864/1832 1834/1866/1834 2108/2217/2108
f 2295/2418/2295 1833/1865/1833 575/2215/575
f 2183/2297/2183 2182/2296/2182 2206/2324/2206
f 2207/2325/2207 2295/2418/2295 362/2419/362
f 2182/2296/2182 2295/2418/2295 2206/2324/2206
f 2303/2428/2303 2318/2444/2318 2253/2373/2253
f 2112/2221/2112 2111/2220/2111 2254/2374/2254
f 2211/2329/2211 1899/1939/1899 2115/2224/2115
f 2305/2430/2305 693/1940/693 2211/2329/2211
f 2227/2346/2227 1979/2043/1979 2354/2482/2354
f 1937/1990/1937 1931/1983/1931 2227/2346/2227
f 1979/2043/1979 1929/1981/1929 2354/2482/2354
f 2420/2548/2420 1932/1985/1932 1968/2029/1968
f 2227/2346/2227 2128/2237/2128 1937/1990/1937
f 2212/2330/2212 2128/2237/2128 2354/2482/2354
f 1941/1994/1941 2215/2333/2215 1950/2008/1950
f 1946/2001/1946 1945/2000/1945 1942/1995/1942
f 1941/1994/1941 2421/2549/2421 2215/2333/2215
f 2422/2550/2422 2423/2551/2423 2214/2332/2214
f 1950/2008/1950 1946/2001/1946 1942/1995/1942
f 2117/2226/2117 1949/2007/1949 1950/2008/1950
f 1948/2005/1948 1957/2017/1957 123/2006/123
f 1868/1901/1868 1957/2017/1957 2383/2511/2383
f 2356/2484/2356 2355/2483/2355 2382/2510/2382
f 1957/2017/1957 1956/2016/1956 2383/2511/2383
f 1869/1902/1869 1868/1901/1868 2383/2511/2383
f 2076/2176/2076 1868/1901/1868 1870/1903/1870
f 2127/2236/2127 2226/2345/2226 2223/2342/2223
f 1923/1975/1923 2226/2345/2226 2126/2235/2126
f 1922/1974/1922 1923/1975/1923 2126/2235/2126
f 1902/1946/1902 1901/1945/1901 1923/1975/1923
f 2231/2351/2231 2141/2252/2141 2424/2552/2424
f 1970/2031/1970 2131/2241/2131 2133/2243/2133
f 2425/2553/2425 2141/2252/2141 2426/2554/2426
f 2427/2555/2427 2428/2556/2428 2429/2557/2429
f 1969/2030/1969 2131/2241/2131 1970/2031/1970
f 556/2074/556 103/2305/103 2285/2406/2285
f 2141/2252/2141 2231/2351/2231 2189/2306/2189
f 2231/2351/2231 2424/2552/2424 2232/2352/2232
f 2132/2242/2132 2131/2241/2131 2233/2353/2233
f 2285/2406/2285 2131/2241/2131 1969/2030/1969
f 2311/2437/2311 2238/2358/2238 1944/1998/1944
f 2239/2359/2239 2238/2358/2238 2413/2541/2413
f 2265/2385/2265 1792/1812/1792 2366/2494/2366
f 2085/2189/2085 2088/2192/2088 2265/2385/2265
f 1792/1812/1792 1794/1814/1794 2366/2494/2366
f 2430/2558/2430 1768/1779/1768 1767/1778/1767
f 2265/2385/2265 2162/2275/2162 2085/2189/2085
f 2250/2370/2250 2162/2275/2162 2366/2494/2366
f 2100/2205/2100 2146/2257/2146 2081/2181/2081
f 2080/2180/2080 2083/2183/2083 2101/2206/2101
f 2100/2205/2100 2431/2559/2431 2146/2257/2146
f 2316/2442/2316 2370/2498/2370 2369/2497/2369
f 2081/2181/2081 2080/2180/2080 2101/2206/2101
f 2148/2259/2148 2082/2182/2082 2081/2181/2081
f 2371/2499/2371 2319/2445/2319 2368/2496/2368
f 1827/1858/1827 2075/2172/2075 2320/2446/2320
f 671/2138/671 2320/2446/2320 177/2171/177
f 1827/1858/1827 2320/2446/2320 2319/2445/2319
f 2078/2178/2078 2148/2259/2148 2432/2560/2432
f 2077/2177/2077 2079/2179/2079 2074/2169/2074
f 2074/2169/2074 2367/2495/2367 2051/2139/2051
f 2317/2443/2317 2367/2495/2367 2079/2179/2079
f 203/2186/203 2074/2169/2074 204/2170/204
f 2367/2495/2367 2074/2169/2074 2079/2179/2079
f 2155/2266/2155 2257/2377/2257 2256/2376/2256
f 2093/2198/2093 2257/2377/2257 2258/2378/2258
f 2092/2197/2092 2093/2198/2093 2258/2378/2258
f 2070/2165/2070 2069/2164/2069 2093/2198/2093
f 2374/2502/2374 2325/2452/2325 2433/2561/2433
f 2324/2451/2324 2325/2452/2325 2038/2124/2038
f 2045/2131/2045 2373/2501/2373 2325/2452/2325
f 2259/2379/2259 2433/2561/2433 2373/2501/2373
f 2046/2132/2046 2061/2154/2061 2044/2130/2044
f 2373/2501/2373 2044/2130/2044 2061/2154/2061
f 2271/2391/2271 2270/2390/2270 2330/2457/2330
f 2086/2190/2086 2391/2519/2391 2032/2116/2032
f 2390/2518/2390 2391/2519/2391 2393/2521/2393
f 2167/2281/2167 1791/1811/1791 2166/2280/2166
f 2434/2562/2434 2435/2563/2435 2436/2564/2436
f 2437/2565/2437 2438/2566/2438 2439/2567/2439
f 2344/2471/2344 1959/2019/1959 2297/2421/2297
f 2205/2323/2205 2344/2471/2344 2440/2568/2440
f 2183/2297/2183 2205/2323/2205 2440/2568/2440
f 2295/2418/2295 2205/2323/2205 2206/2324/2206
f 2441/2569/2441 1996/2066/1996 1995/2065/1995
f 1836/1868/1836 1965/2025/1965 2436/2564/2436
f 130/2093/130 2401/2529/2401 324/2408/324
f 2347/2474/2347 2401/2529/2401 2034/2118/2034
f 1983/2051/1983 2236/2356/2236 466/2049/466
f 1944/1998/1944 2236/2356/2236 2237/2357/2237
f 2348/2475/2348 1882/1918/1882 1884/1920/1884
f 2195/2312/2195 1882/1918/1882 2021/2105/2021
f 2019/2103/2019 2348/2475/2348 1989/2059/1989
f 1882/1918/1882 2348/2475/2348 2021/2105/2021
f 2415/2543/2415 2199/2317/2199 2414/2542/2414
f 2442/2570/2442 1992/2062/1992 2443/2571/2443
f 2023/2107/2023 2444/2572/2444 2445/2573/2445
f 2020/2104/2020 2196/2313/2196 2021/2105/2021
f 1888/1924/1888 2203/2321/2203 2446/2574/2446
f 1859/1892/1859 1874/1907/1874 1889/1925/1889
f 2075/2172/2075 2321/2447/2321 2111/2220/2111
f 1826/1857/1826 2321/2447/2321 1827/1858/1827
f 1828/1859/1828 1827/1858/1827 2319/2445/2319
f 2318/2444/2318 2303/2428/2303 1826/1857/1826
f 2318/2444/2318 2447/2575/2447 2448/2576/2448
f 2252/2372/2252 2251/2371/2251 2449/2577/2449
f 2321/2447/2321 2254/2374/2254 2111/2220/2111
f 2303/2428/2303 2253/2373/2253 2153/2264/2153
f 1771/1784/1771 2153/2264/2153 2252/2372/2252
f 2047/2133/2047 2153/2264/2153 2048/2134/2048
f 1930/1982/1930 1936/1989/1936 1935/1988/1935
f 2450/2578/2450 1929/1981/1929 2451/2579/2451
f 1927/1979/1927 1918/1969/1918 2129/2239/2129
f 1958/2018/1958 1928/1980/1928 2452/2580/2452
f 1936/1989/1936 1930/1982/1930 1979/2043/1979
f 1930/1982/1930 2452/2580/2452 1928/1980/1928
f 1968/2029/1968 2453/2581/2453 2454/2582/2454
f 2455/2583/2455 2456/2584/2456 2453/2581/2453
f 2306/2431/2306 2115/2224/2115 2114/2223/2114
f 2457/2585/2457 2213/2331/2213 2458/2586/2458
f 2459/2587/2459 2457/2585/2457 2460/2588/2460
f 1962/2022/1962 2461/2589/2461 1960/2020/1960
f 1941/1994/1941 1950/2008/1950 1942/1995/1942
f 2117/2226/2117 1950/2008/1950 2215/2333/2215
f 2356/2484/2356 2383/2511/2383 1956/2016/1956
f 1869/1902/1869 2382/2510/2382 2385/2513/2385
f 2355/2483/2355 2462/2590/2462 1960/2020/1960
f 2217/2335/2217 2376/2504/2376 2385/2513/2385
f 1956/2016/1956 2117/2226/2117 2356/2484/2356
f 2463/2591/2463 2462/2590/2462 2357/2485/2357
f 2376/2504/2376 2217/2335/2217 2216/2334/2216
f 2464/2592/2464 1960/2020/1960 2462/2590/2462
f 2043/2129/2043 2042/2128/2042 2376/2504/2376
f 1870/1903/1870 1869/1902/1869 2042/2128/2042
f 2385/2513/2385 2355/2483/2355 2217/2335/2217
f 2383/2511/2383 2382/2510/2382 1869/1902/1869
f 2214/2332/2214 2357/2485/2357 2117/2226/2117
f 2215/2333/2215 2214/2332/2214 2117/2226/2117
f 2117/2226/2117 2357/2485/2357 2356/2484/2356
f 2463/2591/2463 2423/2551/2423 2462/2590/2462
f 2465/2593/2465 2464/2592/2464 2462/2590/2462
f 2355/2483/2355 2357/2485/2357 2462/2590/2462
f 2466/2594/2466 2459/2587/2459 2467/2595/2467
f 2464/2592/2464 2468/2596/2468 1961/2021/1961
f 2464/2592/2464 2466/2594/2466 2468/2596/2468
f 1960/2020/1960 2464/2592/2464 1961/2021/1961
f 2118/2227/2118 1961/2021/1961 2469/2597/2469
f 2355/2483/2355 1960/2020/1960 2217/2335/2217
f 2380/2508/2380 2218/2336/2218 1962/2022/1962
f 2217/2335/2217 2461/2589/2461 2218/2336/2218
f 2470/2598/2470 1970/2031/1970 2133/2243/2133
f 2471/2599/2471 1813/1837/1813 1812/1836/1812
f 2284/2405/2284 1969/2030/1969 1971/2032/1971
f 1969/2030/1969 2286/2407/2286 2285/2406/2285
f 2285/2406/2285 2233/2353/2233 2131/2241/2131
f 2002/2073/2002 2285/2406/2285 2286/2407/2286
f 1793/1813/1793 2090/2195/2090 2089/2194/2089
f 2472/2600/2472 1794/1814/1794 2473/2601/2473
f 1780/1797/1780 2064/2159/2064 2163/2277/2163
f 2055/2148/2055 2474/2602/2474 2094/2199/2094
f 2090/2195/2090 1793/1813/1793 1792/1812/1792
f 1793/1813/1793 2475/2603/2475 2094/2199/2094
f 2430/2558/2430 1767/1778/1767 2476/2604/2476
f 2477/2605/2477 2476/2604/2476 2478/2606/2478
f 2365/2493/2365 2144/2255/2144 2143/2254/2143
f 2431/2559/2431 2067/2162/2067 2479/2607/2479
f 2147/2258/2147 2146/2257/2146 2479/2607/2479
f 2480/2608/2480 2481/2609/2481 2482/2610/2482
f 2100/2205/2100 2081/2181/2081 2101/2206/2101
f 2148/2259/2148 2081/2181/2081 2146/2257/2146
f 2368/2496/2368 2372/2500/2372 2371/2499/2371
f 2052/2140/2052 2368/2496/2368 2319/2445/2319
f 2371/2499/2371 2370/2498/2370 2447/2575/2447
f 2483/2611/2483 2484/2612/2484 2485/2613/2485
f 2052/2140/2052 2051/2139/2051 2368/2496/2368
f 2320/2446/2320 671/2138/671 2052/2140/2052
f 2078/2178/2078 2077/2177/2077 2084/2188/2084
f 2074/2169/2074 203/2186/203 2077/2177/2077
f 2390/2518/2390 2333/2460/2333 2097/2202/2097
f 2167/2281/2167 2096/2201/2096 2266/2386/2266
f 2032/2116/2032 2390/2518/2390 2166/2280/2166
f 2166/2280/2166 2390/2518/2390 2097/2202/2097
f 2435/2563/2435 2334/2461/2334 2283/2404/2283
f 2015/2090/2015 2334/2461/2334 2486/2614/2486
f 2398/2526/2398 2187/2303/2187 1813/1837/1813
f 2400/2528/2400 2346/2473/2346 1967/2027/1967
f 2400/2528/2400 1967/2027/1967 2398/2526/2398
f 2187/2303/2187 2398/2526/2398 1967/2027/1967
f 2471/2599/2471 2399/2527/2399 1813/1837/1813
f 2487/2615/2487 2488/2616/2488 2489/2617/2489
f 2490/2618/2490 1995/2065/1995 2491/2619/2491
f 2441/2569/2441 2434/2562/2434 2436/2564/2436
f 2436/2564/2436 1965/2025/1965 2441/2569/2441
f 1836/1868/1836 2396/2524/2396 1965/2025/1965
f 2400/2528/2400 2492/2620/2492 1996/2066/1996
f 1965/2025/1965 2346/2473/2346 2441/2569/2441
f 2113/2222/2113 2416/2544/2416 2415/2543/2415
f 2022/2106/2022 2416/2544/2416 1994/2064/1994
f 2023/2107/2023 2022/2106/2022 1994/2064/1994
f 2022/2106/2022 2024/2108/2024 2020/2104/2020
f 2022/2106/2022 2020/2104/2020 2019/2103/2019
f 2196/2313/2196 2020/2104/2020 2024/2108/2024
f 2493/2621/2493 2023/2107/2023 2445/2573/2445
f 2021/2105/2021 2196/2313/2196 2195/2312/2195
f 2318/2444/2318 2448/2576/2448 2251/2371/2251
f 2153/2264/2153 2253/2373/2253 2252/2372/2252
f 2354/2482/2354 1929/1981/1929 2450/2578/2450
f 2494/2622/2494 1932/1985/1932 1921/1973/1921
f 2450/2578/2450 2451/2579/2451 2495/2623/2495
f 2450/2578/2450 1934/1987/1934 2212/2330/2212
f 2451/2579/2451 1928/1980/1928 2496/2624/2496
f 2497/2625/2497 2498/2626/2498 2499/2627/2499
f 1934/1987/1934 2450/2578/2450 1968/2029/1968
f 1968/2029/1968 2450/2578/2450 2495/2623/2495
f 2500/2628/2500 2451/2579/2451 2496/2624/2496
f 1968/2029/1968 2495/2623/2495 2453/2581/2453
f 2042/2128/2042 2385/2513/2385 2376/2504/2376
f 2355/2483/2355 2385/2513/2385 2382/2510/2382
f 2215/2333/2215 2421/2549/2421 2213/2331/2213
f 2357/2485/2357 2214/2332/2214 2463/2591/2463
f 2501/2629/2501 2459/2587/2459 2460/2588/2460
f 2462/2590/2462 2423/2551/2423 2465/2593/2465
f 1960/2020/1960 2461/2589/2461 2217/2335/2217
f 1962/2022/1962 2218/2336/2218 2461/2589/2461
f 2502/2630/2502 2004/2076/2004 2503/2631/2503
f 1939/1992/1939 2504/2632/2504 1940/1993/1940
f 2397/2525/2397 1970/2031/1970 2505/2633/2505
f 2399/2527/2399 2471/2599/2471 2506/2634/2506
f 2366/2494/2366 1794/1814/1794 2472/2600/2472
f 2507/2635/2507 1768/1779/1768 2066/2161/2066
f 2472/2600/2472 2473/2601/2473 2508/2636/2508
f 2472/2600/2472 1769/1780/1769 2250/2370/2250
f 2473/2601/2473 2474/2602/2474 2509/2637/2509
f 2478/2606/2478 2509/2637/2509 2510/2638/2510
f 1769/1780/1769 2472/2600/2472 1767/1778/1767
f 1767/1778/1767 2472/2600/2472 2508/2636/2508
f 2509/2637/2509 2508/2636/2508 2473/2601/2473
f 1767/1778/1767 2508/2636/2508 2476/2604/2476
f 2146/2257/2146 2431/2559/2431 2479/2607/2479
f 2370/2498/2370 2316/2442/2316 2484/2612/2484
f 2319/2445/2319 2447/2575/2447 1828/1859/1828
f 2318/2444/2318 1828/1859/1828 2447/2575/2447
f 2367/2495/2367 2317/2443/2317 2369/2497/2369
f 2483/2611/2483 2511/2639/2511 2448/2576/2448
f 2512/2640/2512 2072/2167/2072 2513/2641/2513
f 2513/2641/2513 2449/2577/2449 2251/2371/2251
f 2318/2444/2318 2251/2371/2251 2253/2373/2253
f 2513/2641/2513 2514/2642/2514 2449/2577/2449
f 2330/2457/2330 2391/2519/2391 2086/2190/2086
f 2515/2643/2515 2390/2518/2390 2393/2521/2393
f 2392/2520/2392 2388/2516/2388 2516/2644/2516
f 2103/2209/2103 2173/2287/2173 2336/2463/2336
f 1873/1906/1873 2517/2645/2517 1871/1904/1871
f 1777/1791/1777 2165/2279/2165 2280/2401/2280
f 2333/2460/2333 2390/2518/2390 2515/2643/2515
f 2518/2646/2518 1871/1904/1871 2267/2387/2267
f 2519/2647/2519 2434/2562/2434 1995/2065/1995
f 1836/1868/1836 2436/2564/2436 2283/2404/2283
f 2490/2618/2490 2520/2648/2520 2519/2647/2519
f 2435/2563/2435 2486/2614/2486 2334/2461/2334
f 2434/2562/2434 2441/2569/2441 1995/2065/1995
f 2434/2562/2434 2519/2647/2519 2435/2563/2435
f 1996/2066/1996 2441/2569/2441 2346/2473/2346
f 2399/2527/2399 2506/2634/2506 2489/2617/2489
f 1939/1992/1939 1938/1991/1938 2521/2649/2521
f 2522/2650/2522 2523/2651/2523 2524/2652/2524
f 2400/2528/2400 1996/2066/1996 2346/2473/2346
f 1996/2066/1996 2492/2620/2492 1997/2067/1997
f 1964/2024/1964 2396/2524/2396 1836/1868/1836
f 1966/2026/1966 1965/2025/1965 2396/2524/2396
f 2128/2237/2128 2212/2330/2212 2116/2225/2116
f 2450/2578/2450 2212/2330/2212 2354/2482/2354
f 2458/2586/2458 2421/2549/2421 1920/1972/1920
f 1941/1994/1941 2353/2481/2353 2421/2549/2421
f 2458/2586/2458 2213/2331/2213 2421/2549/2421
f 2214/2332/2214 2213/2331/2213 2422/2550/2422
f 2003/2075/2003 2503/2631/2503 2004/2076/2004
f 1938/1991/1938 2505/2633/2505 2525/2653/2525
f 2505/2633/2505 1970/2031/1970 2470/2598/2470
f 1812/1836/1812 2397/2525/2397 2471/2599/2471
f 2162/2275/2162 2250/2370/2250 2145/2256/2145
f 2472/2600/2472 2250/2370/2250 2366/2494/2366
f 2067/2162/2067 2431/2559/2431 2065/2160/2065
f 2100/2205/2100 2364/2492/2364 2431/2559/2431
f 2526/2654/2526 2479/2607/2479 2067/2162/2067
f 2315/2441/2315 2527/2655/2527 2528/2656/2528
f 2371/2499/2371 2447/2575/2447 2319/2445/2319
f 2369/2497/2369 2371/2499/2371 2372/2500/2372
f 2078/2178/2078 2317/2443/2317 2079/2179/2079
f 2147/2258/2147 2432/2560/2432 2148/2259/2148
f 2483/2611/2483 2447/2575/2447 2370/2498/2370
f 2251/2371/2251 2448/2576/2448 2511/2639/2511
f 2447/2575/2447 2483/2611/2483 2448/2576/2448
f 2370/2498/2370 2484/2612/2484 2483/2611/2483
f 2072/2167/2072 2071/2166/2071 2529/2657/2529
f 2530/2658/2530 2531/2659/2531 2532/2660/2532
f 2280/2401/2280 2165/2279/2165 2517/2645/2517
f 1790/1809/1790 2280/2401/2280 2175/2289/2175
f 2533/2661/2533 2534/2662/2534 2535/2663/2535
f 2536/2664/2536 2537/2665/2537 2538/2666/2538
f 2165/2279/2165 1871/1904/1871 2517/2645/2517
f 2539/2667/2539 1852/1884/1852 1851/1883/1851
f 352/1810/352 2174/2288/2174 353/2208/353
f 1790/1809/1790 2174/2288/2174 352/1810/352
f 2517/2645/2517 2175/2289/2175 2280/2401/2280
f 2173/2287/2173 2175/2289/2175 2279/2400/2279
f 2266/2386/2266 2096/2201/2096 2098/2203/2098
f 2166/2280/2166 2097/2202/2097 2096/2201/2096
f 2331/2458/2331 2540/2668/2540 2332/2459/2332
f 2518/2646/2518 2541/2669/2541 2333/2460/2333
f 2098/2203/2098 2097/2202/2097 2267/2387/2267
f 2267/2387/2267 2097/2202/2097 2541/2669/2541
f 2542/2670/2542 2520/2648/2520 2490/2618/2490
f 2519/2647/2519 1995/2065/1995 2490/2618/2490
f 1921/1973/1921 1932/1985/1932 2420/2548/2420
f 1933/1986/1933 1932/1985/1932 2494/2622/2494
f 1933/1986/1933 2494/2622/2494 2353/2481/2353
f 1933/1986/1933 2116/2225/2116 2212/2330/2212
f 2353/2481/2353 2494/2622/2494 1920/1972/1920
f 2353/2481/2353 1941/1994/1941 1943/1996/1943
f 1933/1986/1933 2353/2481/2353 2114/2223/2114
f 2306/2431/2306 2114/2223/2114 2353/2481/2353
f 2353/2481/2353 1920/1972/1920 2421/2549/2421
f 1921/1973/1921 1920/1972/1920 2494/2622/2494
f 2470/2598/2470 2133/2243/2133 2429/2557/2429
f 2505/2633/2505 2470/2598/2470 2525/2653/2525
f 2525/2653/2525 2005/2077/2005 1938/1991/1938
f 2397/2525/2397 2505/2633/2505 2471/2599/2471
f 2049/2135/2049 2521/2649/2521 1938/1991/1938
f 1940/1993/1940 2471/2599/2471 2505/2633/2505
f 2066/2161/2066 1768/1779/1768 2430/2558/2430
f 2102/2207/2102 1768/1779/1768 2507/2635/2507
f 2102/2207/2102 2507/2635/2507 2364/2492/2364
f 2102/2207/2102 2145/2256/2145 2250/2370/2250
f 2364/2492/2364 2507/2635/2507 2065/2160/2065
f 2364/2492/2364 2100/2205/2100 2099/2204/2099
f 2102/2207/2102 2364/2492/2364 2143/2254/2143
f 2365/2493/2365 2143/2254/2143 2364/2492/2364
f 2364/2492/2364 2065/2160/2065 2431/2559/2431
f 2066/2161/2066 2065/2160/2065 2507/2635/2507
f 2147/2258/2147 2479/2607/2479 2527/2655/2527
f 2481/2609/2481 2543/2671/2543 2526/2654/2526
f 2367/2495/2367 2369/2497/2369 2372/2500/2372
f 2316/2442/2316 2369/2497/2369 2317/2443/2317
f 2147/2258/2147 2527/2655/2527 2315/2441/2315
f 2078/2178/2078 2432/2560/2432 2317/2443/2317
f 2315/2441/2315 2317/2443/2317 2432/2560/2432
f 2315/2441/2315 2544/2672/2544 2316/2442/2316
f 2545/2673/2545 2546/2674/2546 2547/2675/2547
f 1772/1785/1772 1771/1784/1771 2252/2372/2252
f 2175/2289/2175 2174/2288/2174 1790/1809/1790
f 353/2208/353 2174/2288/2174 2173/2287/2173
f 2267/2387/2267 2541/2669/2541 2518/2646/2518
f 2097/2202/2097 2333/2460/2333 2541/2669/2541
f 2525/2653/2525 2470/2598/2470 2429/2557/2429
f 2049/2135/2049 1938/1991/1938 2005/2077/2005
f 2548/2676/2548 2503/2631/2503 2428/2556/2428
f 2548/2676/2548 1951/2009/1951 2502/2630/2502
f 2003/2075/2003 2005/2077/2005 2525/2653/2525
f 2428/2556/2428 2503/2631/2503 2429/2557/2429
f 2133/2243/2133 2232/2352/2232 2429/2557/2429
f 2232/2352/2232 2424/2552/2424 2427/2555/2427
f 2549/2677/2549 2550/2678/2550 2551/2679/2551
f 2552/2680/2552 2553/2681/2553 2554/2682/2554
f 2555/2683/2555 2556/2684/2556 2554/2682/2554
f 2557/2685/2557 2558/2686/2558 2559/2687/2559
f 2560/2688/2560 2561/2689/2561 2562/2690/2562
f 2563/2691/2563 2564/2692/2564 2565/2693/2565
f 2513/2641/2513 2251/2371/2251 2511/2639/2511
f 1772/1785/1772 2449/2577/2449 2514/2642/2514
f 2072/2167/2072 2512/2640/2512 2566/2694/2566
f 2567/2695/2567 2529/2657/2529 2071/2166/2071
f 2566/2694/2566 2512/2640/2512 2568/2696/2568
f 2566/2694/2566 2150/2261/2150 2569/2697/2569
f 2514/2642/2514 2513/2641/2513 2529/2657/2529
f 2072/2167/2072 2529/2657/2529 2513/2641/2513
f 2512/2640/2512 2513/2641/2513 2511/2639/2511
f 2072/2167/2072 2566/2694/2566 2073/2168/2073
f 2485/2613/2485 2511/2639/2511 2483/2611/2483
f 2512/2640/2512 2485/2613/2485 2568/2696/2568
f 2566/2694/2566 2568/2696/2568 2150/2261/2150
f 2570/2698/2570 2545/2673/2545 2547/2675/2547
f 2568/2696/2568 2485/2613/2485 2484/2612/2484
f 2511/2639/2511 2485/2613/2485 2512/2640/2512
f 2316/2442/2316 2544/2672/2544 2571/2699/2571
f 2572/2700/2572 2573/2701/2573 2574/2702/2574
f 2569/2697/2569 2073/2168/2073 2566/2694/2566
f 2071/2166/2071 2073/2168/2073 2575/2703/2575
f 2525/2653/2525 2429/2557/2429 2003/2075/2003
f 2503/2631/2503 2003/2075/2003 2429/2557/2429
f 2232/2352/2232 2133/2243/2133 2132/2242/2132
f 2424/2552/2424 2425/2553/2425 2427/2555/2427
f 2427/2555/2427 2229/2349/2229 2428/2556/2428
f 2429/2557/2429 2232/2352/2232 2427/2555/2427
f 2228/2348/2228 2548/2676/2548 2428/2556/2428
f 2228/2348/2228 2428/2556/2428 2229/2349/2229
f 2576/2704/2576 1973/2034/1973 1972/2033/1972
f 2577/2705/2577 2578/2706/2578 2058/2151/2058
f 2058/2151/2058 1953/2011/1953 1952/2010/1952
f 2502/2630/2502 2562/2690/2562 2050/2136/2050
f 2562/2690/2562 2561/2689/2561 2050/2136/2050
f 2579/2707/2579 2580/2708/2580 2581/2709/2581
f 2582/2710/2582 2583/2711/2583 2584/2712/2584
f 2569/2697/2569 2585/2713/2585 2586/2714/2586
f 2230/2350/2230 2229/2349/2229 2426/2554/2426
f 1952/2010/1952 2228/2348/2228 2587/2715/2587
f 2139/2250/2139 2140/2251/2140 2309/2435/2309
f 2587/2715/2587 2228/2348/2228 2314/2440/2314
f 2229/2349/2229 2425/2553/2425 2426/2554/2426
f 1977/2038/1977 1976/2037/1976 2230/2350/2230
f 2588/2716/2588 1953/2011/1953 2059/2152/2059
f 2562/2690/2562 1951/2009/1951 1953/2011/1953
f 2004/2076/2004 2502/2630/2502 2050/2136/2050
f 2503/2631/2503 2548/2676/2548 2502/2630/2502
f 2565/2693/2565 2050/2136/2050 2561/2689/2561
f 2581/2709/2581 2589/2717/2589 2553/2681/2553
f 2562/2690/2562 1953/2011/1953 2588/2716/2588
f 2552/2680/2552 2590/2718/2590 2591/2719/2591
f 2568/2696/2568 2484/2612/2484 2571/2699/2571
f 2575/2703/2575 2073/2168/2073 2569/2697/2569
f 1972/2033/1972 2309/2435/2309 2576/2704/2576
f 1977/2038/1977 2426/2554/2426 2234/2354/2234
f 2234/2354/2234 2141/2252/2141 2130/2240/2130
f 2234/2354/2234 1973/2034/1973 2576/2704/2576
f 1975/2036/1975 2139/2250/2139 2592/2720/2592
f 2593/2721/2593 2594/2722/2594 2577/2705/2577
f 2228/2348/2228 1952/2010/1952 2548/2676/2548
f 2058/2151/2058 1952/2010/1952 2587/2715/2587
f 2577/2705/2577 2587/2715/2587 2314/2440/2314
f 2058/2151/2058 2587/2715/2587 2577/2705/2577
f 2595/2723/2595 2588/2716/2588 2059/2152/2059
f 2588/2716/2588 2596/2724/2596 2560/2688/2560
f 2597/2725/2597 1818/1844/1818 2059/2152/2059
f 2598/2726/2598 2599/2727/2599 2600/2728/2600
f 2563/2691/2563 2561/2689/2561 2551/2679/2551
f 2562/2690/2562 2588/2716/2588 2560/2688/2560
f 2597/2725/2597 2601/2729/2601 2602/2730/2602
f 2560/2688/2560 2596/2724/2596 2551/2679/2551
f 2588/2716/2588 2595/2723/2595 2596/2724/2596
f 2560/2688/2560 2551/2679/2551 2561/2689/2561
f 1818/1844/1818 2595/2723/2595 2059/2152/2059
f 2595/2723/2595 2603/2731/2603 2596/2724/2596
f 2604/2732/2604 2603/2731/2603 1817/1843/1817
f 2549/2677/2549 2605/2733/2605 2550/2678/2550
f 2555/2683/2555 2563/2691/2563 2550/2678/2550
f 2049/2135/2049 2050/2136/2050 2565/2693/2565
f 2555/2683/2555 2550/2678/2550 2606/2734/2606
f 2589/2717/2589 2580/2708/2580 2607/2735/2607
f 2550/2678/2550 2563/2691/2563 2551/2679/2551
f 2564/2692/2564 2563/2691/2563 2555/2683/2555
f 2549/2677/2549 2596/2724/2596 2608/2736/2608
f 2550/2678/2550 2605/2733/2605 2606/2734/2606
f 2564/2692/2564 2555/2683/2555 2609/2737/2609
f 2521/2649/2521 2049/2135/2049 2565/2693/2565
f 2603/2731/2603 2604/2732/2604 2596/2724/2596
f 2610/2738/2610 2611/2739/2611 2612/2740/2612
f 2613/2741/2613 2606/2734/2606 2605/2733/2605
f 2555/2683/2555 2606/2734/2606 2556/2684/2556
f 2563/2691/2563 2565/2693/2565 2561/2689/2561
f 2565/2693/2565 2564/2692/2564 2521/2649/2521
f 2596/2724/2596 2549/2677/2549 2551/2679/2551
f 2605/2733/2605 2549/2677/2549 2608/2736/2608
f 2614/2742/2614 2615/2743/2615 2616/2744/2616
f 2617/2745/2617 2618/2746/2618 2619/2747/2619
f 2614/2742/2614 2605/2733/2605 2620/2748/2620
f 2621/2749/2621 2622/2750/2622 2623/2751/2623
f 2623/2751/2623 2606/2734/2606 2613/2741/2613
f 2554/2682/2554 2556/2684/2556 2622/2750/2622
f 2552/2680/2552 2554/2682/2554 2622/2750/2622
f 2607/2735/2607 2609/2737/2609 2589/2717/2589
f 2502/2630/2502 1951/2009/1951 2562/2690/2562
f 1952/2010/1952 1951/2009/1951 2548/2676/2548
f 2553/2681/2553 2589/2717/2589 2554/2682/2554
f 2624/2752/2624 2487/2615/2487 2579/2707/2579
f 2568/2696/2568 2571/2699/2571 2151/2262/2151
f 2149/2260/2149 2625/2753/2625 2150/2261/2150
f 2626/2754/2626 2625/2753/2625 2572/2700/2572
f 2150/2261/2150 2625/2753/2625 2569/2697/2569
f 2309/2435/2309 1972/2033/1972 2107/2214/2107
f 2234/2354/2234 2576/2704/2576 2140/2251/2140
f 1984/2052/1984 2138/2249/2138 2248/2368/2248
f 2627/2755/2627 2594/2722/2594 2593/2721/2593
f 2247/2367/2247 1947/2003/1947 1798/1819/1798
f 1947/2003/1947 2628/2756/2628 2310/2436/2310
f 2427/2555/2427 2425/2553/2425 2229/2349/2229
f 2141/2252/2141 2425/2553/2425 2424/2552/2424
f 1977/2038/1977 2140/2251/2140 1975/2036/1975
f 2234/2354/2234 2426/2554/2426 2141/2252/2141
f 2627/2755/2627 1975/2036/1975 2592/2720/2592
f 2593/2721/2593 2577/2705/2577 2314/2440/2314
f 2230/2350/2230 1976/2037/1976 2314/2440/2314
f 2593/2721/2593 2314/2440/2314 1976/2037/1976
f 2313/2439/2313 2594/2722/2594 2627/2755/2627
f 2578/2706/2578 2594/2722/2594 2629/2757/2629
f 2363/2491/2363 2242/2362/2242 2241/2361/2241
f 2312/2438/2312 2629/2757/2629 2313/2439/2313
f 1976/2037/1976 1975/2036/1975 2627/2755/2627
f 2594/2722/2594 2313/2439/2313 2629/2757/2629
f 1947/2003/1947 2361/2489/2361 2628/2756/2628
f 2592/2720/2592 2361/2489/2361 2362/2490/2362
f 2601/2729/2601 2312/2438/2312 2630/2758/2630
f 2059/2152/2059 2058/2151/2058 2597/2725/2597
f 1976/2037/1976 2627/2755/2627 2593/2721/2593
f 2627/2755/2627 2592/2720/2592 2362/2490/2362
f 2594/2722/2594 2578/2706/2578 2577/2705/2577
f 2597/2725/2597 2578/2706/2578 2601/2729/2601
f 2363/2491/2363 2134/2244/2134 2362/2490/2362
f 2578/2706/2578 2629/2757/2629 2601/2729/2601
f 2194/2311/2194 2631/2759/2631 2192/2309/2192
f 2601/2729/2601 2629/2757/2629 2312/2438/2312
f 2000/2071/2000 2632/2760/2632 2001/2072/2001
f 2608/2736/2608 2596/2724/2596 2604/2732/2604
f 2521/2649/2521 2564/2692/2564 2607/2735/2607
f 2607/2735/2607 2564/2692/2564 2609/2737/2609
f 2590/2718/2590 2622/2750/2622 2621/2749/2621
f 2553/2681/2553 2552/2680/2552 2591/2719/2591
f 2522/2650/2522 2488/2616/2488 2487/2615/2487
f 2581/2709/2581 2580/2708/2580 2589/2717/2589
f 2555/2683/2555 2554/2682/2554 2609/2737/2609
f 2609/2737/2609 2554/2682/2554 2589/2717/2589
f 2521/2649/2521 2607/2735/2607 2580/2708/2580
f 2504/2632/2504 1939/1992/1939 2579/2707/2579
f 2579/2707/2579 1939/1992/1939 2580/2708/2580
f 2521/2649/2521 2580/2708/2580 1939/1992/1939
f 2487/2615/2487 2504/2632/2504 2579/2707/2579
f 2506/2634/2506 2471/2599/2471 1940/1993/1940
f 2633/2761/2633 2634/2762/2634 2523/2651/2523
f 2579/2707/2579 2581/2709/2581 2624/2752/2624
f 1938/1991/1938 1940/1993/1940 2505/2633/2505
f 2506/2634/2506 1940/1993/1940 2504/2632/2504
f 2633/2761/2633 2523/2651/2523 2581/2709/2581
f 2523/2651/2523 2522/2650/2522 2624/2752/2624
f 2553/2681/2553 2633/2761/2633 2581/2709/2581
f 2487/2615/2487 2624/2752/2624 2522/2650/2522
f 2635/2763/2635 2488/2616/2488 2522/2650/2522
f 2487/2615/2487 2506/2634/2506 2504/2632/2504
f 2492/2620/2492 2400/2528/2400 2488/2616/2488
f 2489/2617/2489 2400/2528/2400 2399/2527/2399
f 2487/2615/2487 2489/2617/2489 2506/2634/2506
f 2400/2528/2400 2489/2617/2489 2488/2616/2488
f 2636/2764/2636 2637/2765/2637 2638/2766/2638
f 2639/2767/2639 2640/2768/2640 2641/2769/2641
f 2140/2251/2140 2576/2704/2576 2309/2435/2309
f 2139/2250/2139 2628/2756/2628 2361/2489/2361
f 2310/2436/2310 2107/2214/2107 1984/2052/1984
f 2628/2756/2628 2139/2250/2139 2309/2435/2309
f 2310/2436/2310 1984/2052/1984 2248/2368/2248
f 2628/2756/2628 2309/2435/2309 2310/2436/2310
f 1799/1820/1799 2248/2368/2248 2138/2249/2138
f 2310/2436/2310 2248/2368/2248 1947/2003/1947
f 2426/2554/2426 1977/2038/1977 2230/2350/2230
f 2140/2251/2140 1977/2038/1977 2234/2354/2234
f 2247/2367/2247 2361/2489/2361 1947/2003/1947
f 2139/2250/2139 2361/2489/2361 2592/2720/2592
f 2578/2706/2578 2597/2725/2597 2058/2151/2058
f 2642/2770/2642 2602/2730/2602 2630/2758/2630
f 2630/2758/2630 2643/2771/2643 2642/2770/2642
f 2644/2772/2644 2408/2536/2408 2645/2773/2645
f 1816/1842/1816 1818/1844/1818 2631/2759/2631
f 2595/2723/2595 1818/1844/1818 2603/2731/2603
f 2244/2364/2244 2240/2360/2240 2242/2362/2242
f 2312/2438/2312 2134/2244/2134 2136/2246/2136
f 2245/2365/2245 2235/2355/2235 2240/2360/2240
f 2239/2359/2239 2646/2774/2646 2008/2082/2008
f 2647/2775/2647 2648/2776/2648 2649/2777/2649
f 2650/2778/2650 2524/2652/2524 2651/2779/2651
f 2581/2709/2581 2523/2651/2523 2624/2752/2624
f 2634/2762/2634 2651/2779/2651 2524/2652/2524
f 2591/2719/2591 2652/2780/2652 2553/2681/2553
f 2633/2761/2633 2553/2681/2553 2652/2780/2652
f 2572/2700/2572 2625/2753/2625 2149/2260/2149
f 2585/2713/2585 2625/2753/2625 2626/2754/2626
f 2630/2758/2630 2312/2438/2312 2643/2771/2643
f 2646/2774/2646 2239/2359/2239 2653/2781/2653
f 2362/2490/2362 2134/2244/2134 2313/2439/2313
f 2134/2244/2134 2241/2361/2241 2135/2245/2135
f 2006/2078/2006 2235/2355/2235 2245/2365/2245
f 2135/2245/2135 2235/2355/2235 2008/2082/2008
f 2241/2361/2241 2240/2360/2240 2135/2245/2135
f 2135/2245/2135 2240/2360/2240 2235/2355/2235
f 2643/2771/2643 2312/2438/2312 2136/2246/2136
f 2602/2730/2602 2642/2770/2642 2192/2309/2192
f 2654/2782/2654 2655/2783/2655 2656/2784/2656
f 2349/2476/2349 2210/2328/2210 2209/2327/2209
f 1994/2064/1994 2416/2544/2416 2113/2222/2113
f 2414/2542/2414 2199/2317/2199 2208/2326/2208
f 2657/2785/2657 2658/2786/2658 2442/2570/2442
f 2415/2543/2415 2414/2542/2414 2113/2222/2113
f 2349/2476/2349 2209/2327/2209 2025/2109/2025
f 2414/2542/2414 2210/2328/2210 2350/2477/2350
f 2443/2571/2443 2659/2787/2659 2660/2788/2660
f 2661/2789/2661 2662/2790/2662 2657/2785/2657
f 2656/2784/2656 2663/2791/2663 2664/2792/2664
f 2665/2793/2665 2666/2794/2666 2444/2572/2444
f 2113/2222/2113 2414/2542/2414 2667/2795/2667
f 1993/2063/1993 2023/2107/2023 1994/2064/1994
f 1992/2062/1992 2113/2222/2113 2667/2795/2667
f 1992/2062/1992 2658/2786/2658 1993/2063/1993
f 2657/2785/2657 2668/2796/2668 2658/2786/2658
f 2658/2786/2658 2668/2796/2668 2665/2793/2665
f 2349/2476/2349 2660/2788/2660 2350/2477/2350
f 2669/2797/2669 2304/2429/2304 1770/1783/1770
f 2655/2783/2655 2668/2796/2668 2662/2790/2662
f 2670/2798/2670 2671/2799/2671 2672/2800/2672
f 2659/2787/2659 2414/2542/2414 2350/2477/2350
f 1992/2062/1992 2667/2795/2667 2443/2571/2443
f 2658/2786/2658 1992/2062/1992 2442/2570/2442
f 2662/2790/2662 2668/2796/2668 2657/2785/2657
f 2660/2788/2660 2673/2801/2673 2674/2802/2674
f 2675/2803/2675 2676/2804/2676 2677/2805/2677
f 2678/2806/2678 2679/2807/2679 2663/2791/2663
f 2680/2808/2680 2681/2809/2681 2682/2810/2682
f 2683/2811/2683 2656/2784/2656 2655/2783/2655
f 2684/2812/2684 2685/2813/2685 1897/1937/1897
f 2686/2814/2686 2687/2815/2687 2683/2811/2683
f 2670/2798/2670 2672/2800/2672 2688/2816/2688
f 1829/1861/1829 2689/2817/2689 2202/2320/2202
f 2690/2818/2690 2122/2231/2122 2691/2819/2691
f 2127/2236/2127 2692/2820/2692 2125/2234/2125
f 1922/1974/1922 2496/2624/2496 1928/1980/1928
f 2693/2821/2693 2222/2341/2222 2690/2818/2690
f 2222/2341/2222 2693/2821/2693 2127/2236/2127
f 2258/2378/2258 2155/2266/2155 2694/2822/2694
f 2055/2148/2055 2092/2197/2092 2474/2602/2474
f 2156/2267/2156 2255/2375/2255 2695/2823/2695
f 2255/2375/2255 2156/2267/2156 2155/2266/2155
f 2277/2398/2277 2274/2395/2274 2276/2397/2276
f 1781/1798/1781 2274/2395/2274 1782/1799/1782
f 2696/2824/2696 2184/2298/2184 2697/2825/2697
f 2296/2420/2296 1910/1954/1910 1912/1956/1912
f 2698/2826/2698 2699/2827/2699 1911/1955/1911
f 2446/2574/2446 1889/1925/1889 1888/1924/1888
f 1890/1926/1890 2109/2218/2109 1888/1924/1888
f 2296/2420/2296 1912/1956/1912 2109/2218/2109
f 2699/2827/2699 2698/2826/2698 2013/2088/2013
f 2204/2322/2204 1861/1894/1861 1860/1893/1860
f 1912/1956/1912 2700/2828/2700 2203/2321/2203
f 2700/2828/2700 2701/2829/2701 2702/2830/2702
f 1860/1893/1860 2702/2830/2702 2701/2829/2701
f 2225/2344/2225 1860/1893/1860 2703/2831/2703
f 2704/2832/2704 2698/2826/2698 1911/1955/1911
f 2203/2321/2203 2700/2828/2700 2702/2830/2702
f 2700/2828/2700 1912/1956/1912 1911/1955/1911
f 2702/2830/2702 2417/2545/2417 2446/2574/2446
f 2699/2827/2699 2705/2833/2705 1911/1955/1911
f 2225/2344/2225 2703/2831/2703 2352/2480/2352
f 2104/2211/2104 2701/2829/2701 2705/2833/2705
f 2699/2827/2699 2013/2088/2013 2706/2834/2706
f 2705/2833/2705 2701/2829/2701 2700/2828/2700
f 2701/2829/2701 2104/2211/2104 2703/2831/2703
f 1911/1955/1911 2705/2833/2705 2700/2828/2700
f 2705/2833/2705 2699/2827/2699 2105/2212/2105
f 2446/2574/2446 1859/1892/1859 1889/1925/1889
f 2702/2830/2702 1860/1893/1860 2417/2545/2417
f 2224/2343/2224 2351/2479/2351 2418/2546/2418
f 2204/2322/2204 1860/1893/1860 2225/2344/2225
f 2296/2420/2296 2184/2298/2184 2696/2824/2696
f 2704/2832/2704 1910/1954/1910 2707/2835/2707
f 2702/2830/2702 2446/2574/2446 2203/2321/2203
f 1859/1892/1859 2446/2574/2446 2417/2545/2417
f 2701/2829/2701 2703/2831/2703 1860/1893/1860
f 2703/2831/2703 2104/2211/2104 2106/2213/2106
f 2352/2480/2352 2106/2213/2106 2708/2836/2708
f 2689/2817/2689 2201/2319/2201 2202/2320/2202
f 2307/2432/2307 2689/2817/2689 1829/1861/1829
f 2709/2837/2709 2710/2838/2710 2201/2319/2201
f 2704/2832/2704 1911/1955/1911 1910/1954/1910
f 2011/2086/2011 2698/2826/2698 2711/2839/2711
f 2689/2817/2689 2419/2547/2419 2709/2837/2709
f 1887/1923/1887 2418/2546/2418 2307/2432/2307
f 2352/2480/2352 2712/2840/2712 2351/2479/2351
f 2713/2841/2713 2691/2819/2691 2714/2842/2714
f 2707/2835/2707 2715/2843/2715 2716/2844/2716
f 2711/2839/2711 2698/2826/2698 2704/2832/2704
f 1843/1875/1843 2717/2845/2717 2718/2846/2718
f 2719/2847/2719 2012/2087/2012 2011/2086/2011
f 2351/2479/2351 2224/2343/2224 2225/2344/2225
f 1887/1923/1887 2224/2343/2224 2418/2546/2418
f 2352/2480/2352 2708/2836/2708 2712/2840/2712
f 2419/2547/2419 2351/2479/2351 2709/2837/2709
f 2307/2432/2307 2419/2547/2419 2689/2817/2689
f 2351/2479/2351 2419/2547/2419 2418/2546/2418
f 2709/2837/2709 2201/2319/2201 2689/2817/2689
f 2201/2319/2201 2710/2838/2710 2714/2842/2714
f 2720/2848/2720 2721/2849/2721 2012/2087/2012
f 2699/2827/2699 2706/2834/2706 2105/2212/2105
f 2011/2086/2011 2013/2088/2013 2698/2826/2698
f 2706/2834/2706 2013/2088/2013 2721/2849/2721
f 2012/2087/2012 2722/2850/2722 2720/2848/2720
f 2013/2088/2013 2012/2087/2012 2721/2849/2721
f 2723/2851/2723 2724/2852/2724 2725/2853/2725
f 1910/1954/1910 2296/2420/2296 2696/2824/2696
f 2697/2825/2697 2184/2298/2184 2726/2854/2726
f 2725/2853/2725 2727/2855/2727 2728/2856/2728
f 2184/2298/2184 2296/2420/2296 2281/2402/2281
f 2707/2835/2707 2696/2824/2696 2697/2825/2697
f 2182/2296/2182 2184/2298/2184 2281/2402/2281
f 2726/2854/2726 2184/2298/2184 2183/2297/2183
f 2341/2468/2341 2180/2294/2180 2729/2857/2729
f 2730/2858/2730 2731/2859/2731 2732/2860/2732
f 2440/2568/2440 2301/2425/2301 2300/2424/2300
f 2727/2855/2727 2715/2843/2715 2728/2856/2728
f 2726/2854/2726 2183/2297/2183 2723/2851/2723
f 2726/2854/2726 2725/2853/2725 2728/2856/2728
f 2413/2541/2413 2733/2861/2733 2239/2359/2239
f 2135/2245/2135 2646/2774/2646 2136/2246/2136
f 2008/2082/2008 2646/2774/2646 2135/2245/2135
f 2653/2781/2653 2239/2359/2239 2733/2861/2733
f 2733/2861/2733 2413/2541/2413 2358/2486/2358
f 2360/2488/2360 2733/2861/2733 2358/2486/2358
f 2413/2541/2413 2311/2437/2311 2358/2486/2358
f 2646/2774/2646 2653/2781/2653 2136/2246/2136
f 2733/2861/2733 2360/2488/2360 2653/2781/2653
f 2193/2310/2193 2643/2771/2643 2653/2781/2653
f 2289/2411/2289 2412/2540/2412 2358/2486/2358
f 2412/2540/2412 2734/2862/2734 2359/2487/2359
f 2136/2246/2136 2653/2781/2653 2643/2771/2643
f 2193/2310/2193 2653/2781/2653 2360/2488/2360
f 2288/2410/2288 2412/2540/2412 2289/2411/2289
f 2408/2536/2408 2407/2535/2407 2645/2773/2645
f 2695/2823/2695 2735/2863/2735 2156/2267/2156
f 2039/2125/2039 2038/2124/2038 2695/2823/2695
f 2736/2864/2736 2156/2267/2156 2735/2863/2735
f 2736/2864/2736 2157/2268/2157 2156/2267/2156
f 2737/2865/2737 2119/2228/2119 2738/2866/2738
f 2739/2867/2739 2740/2868/2740 2741/2869/2741
f 2478/2606/2478 2157/2268/2157 2742/2870/2742
f 2694/2822/2694 2510/2638/2510 2092/2197/2092
f 2737/2865/2737 2743/2871/2743 2744/2872/2744
f 2157/2268/2157 2736/2864/2736 2742/2870/2742
f 2255/2375/2255 2155/2266/2155 2256/2376/2256
f 2039/2125/2039 2695/2823/2695 2255/2375/2255
f 2742/2870/2742 2743/2871/2743 2477/2605/2477
f 2509/2637/2509 2478/2606/2478 2476/2604/2476
f 2509/2637/2509 2476/2604/2476 2508/2636/2508
f 2092/2197/2092 2258/2378/2258 2694/2822/2694
f 2155/2266/2155 2157/2268/2157 2694/2822/2694
f 2510/2638/2510 2694/2822/2694 2157/2268/2157
f 2478/2606/2478 2510/2638/2510 2157/2268/2157
f 2092/2197/2092 2510/2638/2510 2509/2637/2509
f 2474/2602/2474 2473/2601/2473 2094/2199/2094
f 2092/2197/2092 2509/2637/2509 2474/2602/2474
f 2094/2199/2094 2473/2601/2473 1794/1814/1794
f 2094/2199/2094 2475/2603/2475 2095/2200/2095
f 2486/2614/2486 2745/2873/2745 2439/2567/2439
f 2435/2563/2435 2519/2647/2519 2745/2873/2745
f 2329/2456/2329 2393/2521/2393 2391/2519/2391
f 2746/2874/2746 2437/2565/2437 2747/2875/2747
f 2748/2876/2748 2749/2877/2749 2276/2397/2276
f 2180/2294/2180 2276/2397/2276 2181/2295/2181
f 2750/2878/2750 2751/2879/2751 2752/2880/2752
f 2180/2294/2180 2179/2293/2179 2729/2857/2729
f 2181/2295/2181 2276/2397/2276 2749/2877/2749
f 2337/2464/2337 2753/2881/2753 2179/2293/2179
f 2754/2882/2754 2755/2883/2755 2753/2881/2753
f 1867/1900/1867 2727/2855/2727 1865/1898/1865
f 2337/2464/2337 2179/2293/2179 2181/2295/2181
f 2179/2293/2179 2756/2884/2756 2729/2857/2729
f 2757/2885/2757 2758/2886/2758 1821/1848/1821
f 2298/2422/2298 2340/2467/2340 2339/2466/2339
f 2341/2468/2341 2729/2857/2729 2340/2467/2340
f 2758/2886/2758 2729/2857/2729 2756/2884/2756
f 2298/2422/2298 2297/2421/2297 2343/2470/2343
f 2344/2471/2344 2297/2421/2297 2299/2423/2299
f 1882/1918/1882 2293/2415/2293 1883/1919/1883
f 2195/2312/2195 2028/2112/2028 2405/2533/2405
f 2403/2531/2403 2197/2314/2197 2347/2474/2347
f 2759/2887/2759 2645/2773/2645 2760/2888/2760
f 2023/2107/2023 1993/2063/1993 2444/2572/2444
f 2761/2889/2761 2610/2738/2610 2612/2740/2612
f 2196/2313/2196 2762/2890/2762 2029/2113/2029
f 2763/2891/2763 2764/2892/2764 2598/2726/2598
f 2762/2890/2762 2196/2313/2196 2024/2108/2024
f 2030/2114/2030 2765/2893/2765 2404/2532/2404
f 2252/2372/2252 2449/2577/2449 1772/1785/1772
f 2152/2263/2152 1771/1784/1771 1770/1783/1770
f 2514/2642/2514 2766/2894/2766 1772/1785/1772
f 2669/2797/2669 2673/2801/2673 2304/2429/2304
f 2304/2429/2304 2152/2263/2152 1770/1783/1770
f 2153/2264/2153 2152/2263/2152 2048/2134/2048
f 2677/2805/2677 2669/2797/2669 1772/1785/1772
f 2304/2429/2304 2767/2895/2767 2027/2111/2027
f 2673/2801/2673 2768/2896/2768 2674/2802/2674
f 2767/2895/2767 2304/2429/2304 2673/2801/2673
f 2766/2894/2766 2567/2695/2567 2546/2674/2546
f 2769/2897/2769 2676/2804/2676 2545/2673/2545
f 2567/2695/2567 2766/2894/2766 2514/2642/2514
f 1772/1785/1772 2675/2803/2675 2677/2805/2677
f 2529/2657/2529 2567/2695/2567 2514/2642/2514
f 2531/2659/2531 2547/2675/2547 2567/2695/2567
f 2129/2239/2129 1935/1988/1935 1927/1979/1927
f 1935/1988/1935 2452/2580/2452 1930/1982/1930
f 1958/2018/1958 1924/1976/1924 1907/1951/1907
f 1935/1988/1935 2129/2239/2129 2452/2580/2452
f 1928/1980/1928 1958/2018/1958 1909/1953/1909
f 2452/2580/2452 2129/2239/2129 1958/2018/1958
f 1922/1974/1922 1928/1980/1928 1909/1953/1909
f 2451/2579/2451 1929/1981/1929 1928/1980/1928
f 2770/2898/2770 2496/2624/2496 1922/1974/1922
f 2500/2628/2500 2495/2623/2495 2451/2579/2451
f 2163/2277/2163 2089/2194/2089 1780/1797/1780
f 2089/2194/2089 2475/2603/2475 1793/1813/1793
f 2056/2149/2056 2163/2277/2163 2091/2196/2091
f 2089/2194/2089 2163/2277/2163 2475/2603/2475
f 2094/2199/2094 2095/2200/2095 2055/2148/2055
f 2475/2603/2475 2163/2277/2163 2095/2200/2095
f 2771/2899/2771 2772/2900/2772 2693/2821/2693
f 2499/2627/2499 2773/2901/2773 2774/2902/2774
f 1961/2021/1961 2468/2596/2468 2469/2597/2469
f 2459/2587/2459 2465/2593/2465 2423/2551/2423
f 2214/2332/2214 2423/2551/2423 2463/2591/2463
f 2459/2587/2459 2423/2551/2423 2422/2550/2422
f 2435/2563/2435 2283/2404/2283 2436/2564/2436
f 2745/2873/2745 2519/2647/2519 2520/2648/2520
f 2420/2548/2420 2775/2903/2775 1921/1973/1921
f 2776/2904/2776 2777/2905/2777 2778/2906/2778
f 2779/2907/2779 2454/2582/2454 2456/2584/2456
f 2497/2625/2497 2780/2908/2780 2498/2626/2498
f 1920/1972/1920 1919/1971/1919 2458/2586/2458
f 1921/1973/1921 2775/2903/2775 2781/2909/2781
f 2454/2582/2454 2775/2903/2775 2420/2548/2420
f 2781/2909/2781 2775/2903/2775 2779/2907/2779
f 2781/2909/2781 1919/1971/1919 1921/1973/1921
f 2457/2585/2457 1919/1971/1919 2460/2588/2460
f 2430/2558/2430 2476/2604/2476 2477/2605/2477
f 2739/2867/2739 2482/2610/2482 2481/2609/2481
f 2518/2646/2518 2333/2460/2333 2332/2459/2332
f 2539/2667/2539 2517/2645/2517 2782/2910/2782
f 2782/2910/2782 2517/2645/2517 1873/1906/1873
f 2175/2289/2175 2517/2645/2517 2279/2400/2279
f 2782/2910/2782 1873/1906/1873 2534/2662/2534
f 2783/2911/2783 2539/2667/2539 2784/2912/2784
f 2785/2913/2785 2786/2914/2786 2787/2915/2787
f 1853/1885/1853 1852/1884/1852 2394/2522/2394
f 2147/2258/2147 2315/2441/2315 2432/2560/2432
f 2544/2672/2544 2315/2441/2315 2528/2656/2528
f 2788/2916/2788 2575/2703/2575 2586/2714/2586
f 2664/2792/2664 2789/2917/2789 2790/2918/2790
f 2527/2655/2527 2543/2671/2543 2528/2656/2528
f 2151/2262/2151 2150/2261/2150 2568/2696/2568
f 2543/2671/2543 2791/2919/2791 2792/2920/2792
f 2149/2260/2149 2151/2262/2151 2573/2701/2573
f 2151/2262/2151 2793/2921/2793 2794/2922/2794
f 2574/2702/2574 2573/2701/2573 2795/2923/2795
f 2316/2442/2316 2571/2699/2571 2484/2612/2484
f 2151/2262/2151 2571/2699/2571 2793/2921/2793
f 2796/2924/2796 2001/2072/2001 2632/2760/2632
f 2599/2727/2599 2796/2924/2796 2600/2728/2600
f 2363/2491/2363 2362/2490/2362 2247/2367/2247
f 2627/2755/2627 2362/2490/2362 2313/2439/2313
f 2363/2491/2363 2247/2367/2247 2246/2366/2246
f 2134/2244/2134 2363/2491/2363 2241/2361/2241
f 2573/2701/2573 2572/2700/2572 2149/2260/2149
f 2574/2702/2574 2626/2754/2626 2572/2700/2572
f 2574/2702/2574 2797/2925/2797 2798/2926/2798
f 2799/2927/2799 2800/2928/2800 2801/2929/2801
f 1816/1842/1816 2631/2759/2631 2409/2537/2409
f 1817/1843/1817 1816/1842/1816 2632/2760/2632
f 2192/2309/2192 2631/2759/2631 1818/1844/1818
f 2409/2537/2409 2631/2759/2631 2194/2311/2194
f 2802/2930/2802 2409/2537/2409 2194/2311/2194
f 2632/2760/2632 1816/1842/1816 2410/2538/2410
f 2408/2536/2408 2412/2540/2412 2411/2539/2411
f 2802/2930/2802 2803/2931/2803 2409/2537/2409
f 2604/2732/2604 1817/1843/1817 2632/2760/2632
f 1818/1844/1818 1817/1843/1817 2603/2731/2603
f 2193/2310/2193 2802/2930/2802 2194/2311/2194
f 2804/2932/2804 2805/2933/2805 2410/2538/2410
f 2359/2487/2359 2802/2930/2802 2360/2488/2360
f 2802/2930/2802 2359/2487/2359 2803/2931/2803
f 2759/2887/2759 2804/2932/2804 2644/2772/2644
f 2600/2728/2600 2806/2934/2806 2759/2887/2759
f 2804/2932/2804 2410/2538/2410 2409/2537/2409
f 2632/2760/2632 2410/2538/2410 2805/2933/2805
f 2760/2888/2760 2645/2773/2645 2407/2535/2407
f 2644/2772/2644 2645/2773/2645 2759/2887/2759
f 2412/2540/2412 2359/2487/2359 2358/2486/2358
f 2359/2487/2359 2734/2862/2734 2803/2931/2803
f 2644/2772/2644 2803/2931/2803 2734/2862/2734
f 2409/2537/2409 2803/2931/2803 2804/2932/2804
f 2412/2540/2412 2408/2536/2408 2734/2862/2734
f 2408/2536/2408 2411/2539/2411 2406/2534/2406
f 1906/1950/1906 2760/2888/2760 2407/2535/2407
f 2759/2887/2759 2760/2888/2760 2807/2935/2807
f 2600/2728/2600 2759/2887/2759 2763/2891/2763
f 2805/2933/2805 2804/2932/2804 2806/2934/2806
f 2763/2891/2763 2598/2726/2598 2600/2728/2600
f 2611/2739/2611 2808/2936/2808 2809/2937/2809
f 2804/2932/2804 2759/2887/2759 2806/2934/2806
f 2807/2935/2807 2763/2891/2763 2759/2887/2759
f 2808/2936/2808 2810/2938/2810 2599/2727/2599
f 2806/2934/2806 2600/2728/2600 2796/2924/2796
f 2803/2931/2803 2644/2772/2644 2804/2932/2804
f 2408/2536/2408 2644/2772/2644 2734/2862/2734
f 1905/1949/1905 2763/2891/2763 2807/2935/2807
f 2811/2939/2811 2764/2892/2764 1905/1949/1905
f 2807/2935/2807 1906/1950/1906 1905/1949/1905
f 2765/2893/2765 2030/2114/2030 2812/2940/2812
f 1904/1948/1904 2813/2941/2813 2811/2939/2811
f 2814/2942/2814 2815/2943/2815 2816/2944/2816
f 2807/2935/2807 2760/2888/2760 1906/1950/1906
f 2811/2939/2811 1905/1949/1905 1904/1948/1904
f 2817/2945/2817 2292/2414/2292 2403/2531/2403
f 2028/2112/2028 2195/2312/2195 2029/2113/2029
f 2818/2946/2818 1906/1950/1906 2817/2945/2817
f 2293/2415/2293 2195/2312/2195 2405/2533/2405
f 2030/2114/2030 2029/2113/2029 2812/2940/2812
f 2028/2112/2028 2819/2947/2819 2405/2533/2405
f 2405/2533/2405 2819/2947/2819 2403/2531/2403
f 2293/2415/2293 2405/2533/2405 2402/2530/2402
f 2818/2946/2818 2403/2531/2403 2819/2947/2819
f 2292/2414/2292 2197/2314/2197 2403/2531/2403
f 1905/1949/1905 2764/2892/2764 2763/2891/2763
f 2814/2942/2814 2764/2892/2764 2811/2939/2811
f 2001/2072/2001 2820/2948/2820 1999/2070/1999
f 2796/2924/2796 2632/2760/2632 2805/2933/2805
f 2818/2946/2818 2404/2532/2404 1906/1950/1906
f 2030/2114/2030 2404/2532/2404 2819/2947/2819
f 2028/2112/2028 2030/2114/2030 2819/2947/2819
f 2821/2949/2821 2765/2893/2765 2812/2940/2812
f 2813/2941/2813 2765/2893/2765 2822/2950/2822
f 2404/2532/2404 2765/2893/2765 1904/1948/1904
f 2404/2532/2404 2818/2946/2818 2819/2947/2819
f 2817/2945/2817 1906/1950/1906 2407/2535/2407
f 2817/2945/2817 2407/2535/2407 2406/2534/2406
f 2403/2531/2403 2818/2946/2818 2817/2945/2817
f 2808/2936/2808 2599/2727/2599 2598/2726/2598
f 2796/2924/2796 2599/2727/2599 2810/2938/2810
f 2823/2951/2823 2813/2941/2813 2824/2952/2824
f 2810/2938/2810 2808/2936/2808 2611/2739/2611
f 2796/2924/2796 2810/2938/2810 2001/2072/2001
f 2796/2924/2796 2805/2933/2805 2806/2934/2806
f 2764/2892/2764 2814/2942/2814 2598/2726/2598
f 2811/2939/2811 2823/2951/2823 2814/2942/2814
f 2611/2739/2611 2825/2953/2825 2820/2948/2820
f 2604/2732/2604 2000/2071/2000 2608/2736/2608
f 2814/2942/2814 2808/2936/2808 2598/2726/2598
f 2826/2954/2826 2612/2740/2612 2611/2739/2611
f 2816/2944/2816 2827/2955/2827 2826/2954/2826
f 2620/2748/2620 2608/2736/2608 1999/2070/1999
f 2632/2760/2632 2000/2071/2000 2604/2732/2604
f 2810/2938/2810 2820/2948/2820 2001/2072/2001
f 2620/2748/2620 1999/2070/1999 2825/2953/2825
f 2608/2736/2608 2000/2071/2000 1999/2070/1999
f 2816/2944/2816 2809/2937/2809 2814/2942/2814
f 2814/2942/2814 2809/2937/2809 2808/2936/2808
f 2611/2739/2611 2820/2948/2820 2810/2938/2810
f 2825/2953/2825 1999/2070/1999 2820/2948/2820
f 2615/2743/2615 2620/2748/2620 2825/2953/2825
f 2608/2736/2608 2620/2748/2620 2605/2733/2605
f 2615/2743/2615 2825/2953/2825 2610/2738/2610
f 2621/2749/2621 2613/2741/2613 2828/2956/2828
f 2610/2738/2610 2825/2953/2825 2611/2739/2611
f 2615/2743/2615 2829/2957/2829 2616/2744/2616
f 2830/2958/2830 2831/2959/2831 2832/2960/2832
f 2556/2684/2556 2623/2751/2623 2622/2750/2622
f 2606/2734/2606 2623/2751/2623 2556/2684/2556
f 2616/2744/2616 2828/2956/2828 2613/2741/2613
f 2833/2961/2833 2831/2959/2831 2834/2962/2834
f 2590/2718/2590 2835/2963/2835 2836/2964/2836
f 2613/2741/2613 2621/2749/2621 2623/2751/2623
f 2837/2965/2837 2838/2966/2838 2621/2749/2621
f 2832/2960/2832 2831/2959/2831 2838/2966/2838
f 2839/2967/2839 2649/2777/2649 2840/2968/2840
f 2622/2750/2622 2590/2718/2590 2552/2680/2552
f 2838/2966/2838 2590/2718/2590 2621/2749/2621
f 2826/2954/2826 2809/2937/2809 2816/2944/2816
f 2829/2957/2829 2615/2743/2615 2610/2738/2610
f 2828/2956/2828 2616/2744/2616 2829/2957/2829
f 2614/2742/2614 2613/2741/2613 2605/2733/2605
f 2685/2813/2685 1895/1935/1895 1897/1937/1897
f 2829/2957/2829 2610/2738/2610 2761/2889/2761
f 2615/2743/2615 2614/2742/2614 2620/2748/2620
f 2613/2741/2613 2614/2742/2614 2616/2744/2616
f 2826/2954/2826 2611/2739/2611 2809/2937/2809
f 2612/2740/2612 2619/2747/2619 2841/2969/2841
f 2816/2944/2816 2842/2970/2842 2827/2955/2827
f 2619/2747/2619 2612/2740/2612 2826/2954/2826
f 2843/2971/2843 2844/2972/2844 2845/2973/2845
f 2846/2974/2846 2830/2958/2830 2832/2960/2832
f 2618/2746/2618 2847/2975/2847 2848/2976/2848
f 2619/2747/2619 2826/2954/2826 2617/2745/2617
f 2841/2969/2841 2761/2889/2761 2612/2740/2612
f 2829/2957/2829 2761/2889/2761 2849/2977/2849
f 2843/2971/2843 2841/2969/2841 2619/2747/2619
f 2761/2889/2761 2841/2969/2841 2849/2977/2849
f 1895/1935/1895 2827/2955/2827 2842/2970/2842
f 1896/1936/1896 2842/2970/2842 2815/2943/2815
f 2826/2954/2826 2827/2955/2827 2617/2745/2617
f 2845/2973/2845 1893/1933/1893 1892/1932/1892
f 2823/2951/2823 2815/2943/2815 2814/2942/2814
f 2815/2943/2815 2824/2952/2824 1896/1936/1896
f 1897/1937/1897 1896/1936/1896 2850/2978/2850
f 2851/2979/2851 2852/2980/2852 2445/2573/2445
f 2853/2981/2853 2854/2982/2854 2850/2978/2850
f 2655/2783/2655 2666/2794/2666 2668/2796/2668
f 2850/2978/2850 1896/1936/1896 2824/2952/2824
f 2855/2983/2855 2856/2984/2856 2857/2985/2857
f 2823/2951/2823 2811/2939/2811 2813/2941/2813
f 2815/2943/2815 2823/2951/2823 2824/2952/2824
f 2815/2943/2815 2842/2970/2842 2816/2944/2816
f 1895/1935/1895 2842/2970/2842 1896/1936/1896
f 2655/2783/2655 2688/2816/2688 2666/2794/2666
f 1897/1937/1897 2858/2986/2858 2859/2987/2859
f 2665/2793/2665 2444/2572/2444 1993/2063/1993
f 2859/2987/2859 2858/2986/2858 2851/2979/2851
f 2860/2988/2860 2821/2949/2821 2493/2621/2493
f 2861/2989/2861 2672/2800/2672 2851/2979/2851
f 2853/2981/2853 2850/2978/2850 2824/2952/2824
f 2850/2978/2850 2854/2982/2854 2858/2986/2858
f 2813/2941/2813 2853/2981/2853 2824/2952/2824
f 2853/2981/2853 2822/2950/2822 2860/2988/2860
f 2830/2958/2830 2846/2974/2846 1894/1934/1894
f 2681/2809/2681 2862/2990/2862 2863/2991/2863
f 2688/2816/2688 2655/2783/2655 2654/2782/2654
f 2444/2572/2444 2666/2794/2666 2861/2989/2861
f 2658/2786/2658 2665/2793/2665 1993/2063/1993
f 2666/2794/2666 2665/2793/2665 2668/2796/2668
f 2850/2978/2850 2858/2986/2858 1897/1937/1897
f 2858/2986/2858 2854/2982/2854 2851/2979/2851
f 2851/2979/2851 2854/2982/2854 2852/2980/2852
f 2444/2572/2444 2861/2989/2861 2851/2979/2851
f 2684/2812/2684 1897/1937/1897 2859/2987/2859
f 2857/2985/2857 2864/2992/2864 2855/2983/2855
f 2865/2993/2865 2852/2980/2852 2860/2988/2860
f 2023/2107/2023 2493/2621/2493 2024/2108/2024
f 2859/2987/2859 2672/2800/2672 2671/2799/2671
f 2855/2983/2855 2685/2813/2685 2684/2812/2684
f 2866/2994/2866 2867/2995/2867 2681/2809/2681
f 2682/2810/2682 2681/2809/2681 2867/2995/2867
f 2847/2975/2847 2618/2746/2618 2827/2955/2827
f 2847/2975/2847 2827/2955/2827 1895/1935/1895
f 2851/2979/2851 2445/2573/2445 2444/2572/2444
f 2493/2621/2493 2445/2573/2445 2865/2993/2865
f 2860/2988/2860 2852/2980/2852 2854/2982/2854
f 2445/2573/2445 2852/2980/2852 2865/2993/2865
f 2864/2992/2864 2857/2985/2857 2868/2996/2868
f 2680/2808/2680 2869/2997/2869 2862/2990/2862
f 2863/2991/2863 1895/1935/1895 2685/2813/2685
f 2862/2990/2862 2847/2975/2847 2863/2991/2863
f 2618/2746/2618 2848/2976/2848 2844/2972/2844
f 2827/2955/2827 2618/2746/2618 2617/2745/2617
f 2680/2808/2680 2862/2990/2862 2681/2809/2681
f 2848/2976/2848 2847/2975/2847 2862/2990/2862
f 1895/1935/1895 2863/2991/2863 2847/2975/2847
f 2685/2813/2685 2855/2983/2855 2866/2994/2866
f 2681/2809/2681 2863/2991/2863 2866/2994/2866
f 2685/2813/2685 2866/2994/2866 2863/2991/2863
f 1818/1844/1818 2597/2725/2597 2602/2730/2602
f 2193/2310/2193 2192/2309/2192 2642/2770/2642
f 2630/2758/2630 2602/2730/2602 2601/2729/2601
f 1818/1844/1818 2602/2730/2602 2192/2309/2192
f 2304/2429/2304 2027/2111/2027 2048/2134/2048
f 2767/2895/2767 2660/2788/2660 2349/2476/2349
f 2025/2109/2025 2027/2111/2027 2349/2476/2349
f 2767/2895/2767 2349/2476/2349 2027/2111/2027
f 2673/2801/2673 2660/2788/2660 2767/2895/2767
f 2659/2787/2659 2443/2571/2443 2667/2795/2667
f 2414/2542/2414 2659/2787/2659 2667/2795/2667
f 2350/2477/2350 2660/2788/2660 2659/2787/2659
f 2674/2802/2674 2442/2570/2442 2443/2571/2443
f 2657/2785/2657 2442/2570/2442 2661/2789/2661
f 2662/2790/2662 2661/2789/2661 2870/2998/2870
f 2677/2805/2677 2871/2999/2871 2768/2896/2768
f 2687/2815/2687 2769/2897/2769 2872/3000/2872
f 2872/3000/2872 2678/2806/2678 2687/2815/2687
f 2683/2811/2683 2655/2783/2655 2662/2790/2662
f 2872/3000/2872 2679/2807/2679 2678/2806/2678
f 2690/2818/2690 2771/2899/2771 2693/2821/2693
f 1849/1881/1849 2122/2231/2122 2690/2818/2690
f 2873/3001/2873 2772/2900/2772 2874/3002/2874
f 2772/2900/2772 2875/3003/2875 2693/2821/2693
f 2876/3004/2876 2777/2905/2777 2877/3005/2877
f 2500/2628/2500 2770/2898/2770 2455/2583/2455
f 2690/2818/2690 2691/2819/2691 2771/2899/2771
f 2878/3006/2878 2873/3001/2873 2456/2584/2456
f 2222/2341/2222 2127/2236/2127 2223/2342/2223
f 1849/1881/1849 2690/2818/2690 2222/2341/2222
f 2875/3003/2875 2127/2236/2127 2693/2821/2693
f 2495/2623/2495 2500/2628/2500 2453/2581/2453
f 2873/3001/2873 2875/3003/2875 2772/2900/2772
f 2127/2236/2127 2875/3003/2875 2692/2820/2692
f 2125/2234/2125 1922/1974/1922 2126/2235/2126
f 2770/2898/2770 2692/2820/2692 2455/2583/2455
f 2692/2820/2692 2770/2898/2770 2125/2234/2125
f 1922/1974/1922 2125/2234/2125 2770/2898/2770
f 2878/3006/2878 2692/2820/2692 2875/3003/2875
f 2775/2903/2775 2454/2582/2454 2779/2907/2779
f 2878/3006/2878 2456/2584/2456 2455/2583/2455
f 2877/3005/2877 2873/3001/2873 2876/3004/2876
f 1968/2029/1968 2454/2582/2454 2420/2548/2420
f 2453/2581/2453 2456/2584/2456 2454/2582/2454
f 2692/2820/2692 2878/3006/2878 2455/2583/2455
f 2873/3001/2873 2878/3006/2878 2875/3003/2875
f 2779/2907/2779 2456/2584/2456 2877/3005/2877
f 2873/3001/2873 2877/3005/2877 2456/2584/2456
f 2879/3007/2879 2880/3008/2880 2881/3009/2881
f 2882/3010/2882 2883/3011/2883 2884/3012/2884
f 2885/3013/2885 2886/3014/2886 2887/3015/2887
f 2888/3016/2888 2706/2834/2706 2886/3014/2886
f 2339/2466/2339 2340/2467/2340 2757/2885/2757
f 2715/2843/2715 2727/2855/2727 1867/1900/1867
f 1843/1875/1843 2889/3017/2889 2890/3018/2890
f 2716/2844/2716 2704/2832/2704 2707/2835/2707
f 2696/2824/2696 2707/2835/2707 1910/1954/1910
f 2697/2825/2697 2726/2854/2726 2728/2856/2728
f 1841/1873/1841 2716/2844/2716 2715/2843/2715
f 2704/2832/2704 2716/2844/2716 2711/2839/2711
f 2715/2843/2715 2707/2835/2707 2728/2856/2728
f 2728/2856/2728 2707/2835/2707 2697/2825/2697
f 2643/2771/2643 2193/2310/2193 2642/2770/2642
f 2802/2930/2802 2193/2310/2193 2360/2488/2360
f 2739/2867/2739 2741/2869/2741 2482/2610/2482
f 2891/3019/2891 2892/3020/2892 2893/3021/2893
f 2742/2870/2742 2477/2605/2477 2478/2606/2478
f 2430/2558/2430 2477/2605/2477 2891/3019/2891
f 2169/2283/2169 2486/2614/2486 2439/2567/2439
f 2272/2392/2272 2894/3022/2894 2168/2282/2168
f 2895/3023/2895 2896/3024/2896 2897/3025/2897
f 2389/2517/2389 2328/2455/2328 2387/2515/2387
f 2542/2670/2542 2490/2618/2490 2491/2619/2491
f 2435/2563/2435 2745/2873/2745 2486/2614/2486
f 2898/3026/2898 2899/3027/2899 2520/2648/2520
f 2438/2566/2438 2169/2283/2169 2439/2567/2439
f 2745/2873/2745 2899/3027/2899 2439/2567/2439
f 2899/3027/2899 2437/2565/2437 2439/2567/2439
f 2169/2283/2169 2900/3028/2900 2170/2284/2170
f 2486/2614/2486 2169/2283/2169 2015/2090/2015
f 2520/2648/2520 2899/3027/2899 2745/2873/2745
f 2437/2565/2437 2899/3027/2899 2898/3026/2898
f 2901/3029/2901 2902/3030/2902 2903/3031/2903
f 2437/2565/2437 2746/2874/2746 2438/2566/2438
f 2904/3032/2904 2901/3029/2901 2905/3033/2905
f 2906/3034/2906 2907/3035/2907 2908/3036/2908
f 2272/2392/2272 2438/2566/2438 2746/2874/2746
f 2438/2566/2438 2900/3028/2900 2169/2283/2169
f 2902/3030/2902 2437/2565/2437 2898/3026/2898
f 2901/3029/2901 2904/3032/2904 2747/2875/2747
f 2905/3033/2905 2901/3029/2901 2896/3024/2896
f 2332/2459/2332 1872/1905/1872 2518/2646/2518
f 2542/2670/2542 2909/3037/2909 2898/3026/2898
f 2903/3031/2903 2909/3037/2909 2910/3038/2910
f 2516/2644/2516 2904/3032/2904 2911/3039/2911
f 2516/2644/2516 2331/2458/2331 2392/2520/2392
f 2746/2874/2746 2747/2875/2747 2388/2516/2388
f 2388/2516/2388 2747/2875/2747 2904/3032/2904
f 2331/2458/2331 2333/2460/2333 2515/2643/2515
f 1872/1905/1872 2332/2459/2332 2907/3035/2907
f 2392/2520/2392 2331/2458/2331 2515/2643/2515
f 2911/3039/2911 2331/2458/2331 2516/2644/2516
f 2912/3040/2912 2913/3041/2913 2914/3042/2914
f 2535/2663/2535 2915/3043/2915 2916/3044/2916
f 2907/3035/2907 2332/2459/2332 2540/2668/2540
f 1872/1905/1872 2906/3034/2906 2534/2662/2534
f 2902/3030/2902 2901/3029/2901 2747/2875/2747
f 2896/3024/2896 2901/3029/2901 2903/3031/2903
f 2437/2565/2437 2902/3030/2902 2747/2875/2747
f 2909/3037/2909 2902/3030/2902 2898/3026/2898
f 2917/3045/2917 2895/3023/2895 2897/3025/2897
f 2910/3038/2910 2542/2670/2542 2918/3046/2918
f 2919/3047/2919 2920/3048/2920 2921/3049/2921
f 2540/2668/2540 2911/3039/2911 2922/3050/2922
f 2911/3039/2911 2904/3032/2904 2905/3033/2905
f 2388/2516/2388 2904/3032/2904 2516/2644/2516
f 2914/3042/2914 2913/3041/2913 2896/3024/2896
f 2331/2458/2331 2911/3039/2911 2540/2668/2540
f 2393/2521/2393 2392/2520/2392 2515/2643/2515
f 2388/2516/2388 2392/2520/2392 2389/2517/2389
f 2902/3030/2902 2909/3037/2909 2903/3031/2903
f 2542/2670/2542 2898/3026/2898 2520/2648/2520
f 2918/3046/2918 2542/2670/2542 2491/2619/2491
f 2909/3037/2909 2542/2670/2542 2910/3038/2910
f 2903/3031/2903 2897/3025/2897 2896/3024/2896
f 2922/3050/2922 2908/3036/2908 2907/3035/2907
f 2923/3051/2923 2912/3040/2912 2914/3042/2914
f 2912/3040/2912 2915/3043/2915 2908/3036/2908
f 2913/3041/2913 2911/3039/2911 2905/3033/2905
f 2922/3050/2922 2912/3040/2912 2908/3036/2908
f 2919/3047/2919 2921/3049/2921 2915/3043/2915
f 2908/3036/2908 2535/2663/2535 2906/3034/2906
f 2924/3052/2924 2925/3053/2925 2557/2685/2557
f 2926/3054/2926 2558/2686/2558 2925/3053/2925
f 2897/3025/2897 2903/3031/2903 2910/3038/2910
f 2914/3042/2914 2896/3024/2896 2895/3023/2895
f 2918/3046/2918 2897/3025/2897 2910/3038/2910
f 2897/3025/2897 2927/3055/2927 2917/3045/2917
f 2923/3051/2923 2928/3056/2928 2929/3057/2929
f 2912/3040/2912 2922/3050/2922 2913/3041/2913
f 1872/1905/1872 2907/3035/2907 2906/3034/2906
f 2922/3050/2922 2907/3035/2907 2540/2668/2540
f 2930/3058/2930 2931/3059/2931 2932/3060/2932
f 2534/2662/2534 2533/2661/2533 2784/2912/2784
f 2933/3061/2933 2924/3052/2924 2491/2619/2491
f 2557/2685/2557 2917/3045/2917 2927/3055/2927
f 2559/2687/2559 2558/2686/2558 2934/3062/2934
f 2928/3056/2928 2917/3045/2917 2935/3063/2935
f 2911/3039/2911 2913/3041/2913 2922/3050/2922
f 2896/3024/2896 2913/3041/2913 2905/3033/2905
f 2895/3023/2895 2928/3056/2928 2923/3051/2923
f 2537/2665/2537 2535/2663/2535 2916/3044/2916
f 2933/3061/2933 1995/2065/1995 1997/2067/1997
f 2635/2763/2635 2524/2652/2524 2936/3064/2936
f 2634/2762/2634 2524/2652/2524 2523/2651/2523
f 2936/3064/2936 2524/2652/2524 2650/2778/2650
f 2647/2775/2647 2651/2779/2651 2634/2762/2634
f 2924/3052/2924 2557/2685/2557 2918/3046/2918
f 2936/3064/2936 2650/2778/2650 2933/3061/2933
f 2492/2620/2492 2488/2616/2488 2635/2763/2635
f 2648/2776/2648 2647/2775/2647 2634/2762/2634
f 2935/3063/2935 2559/2687/2559 2932/3060/2932
f 2650/2778/2650 2651/2779/2651 2925/3053/2925
f 2651/2779/2651 2647/2775/2647 2926/3054/2926
f 2933/3061/2933 2650/2778/2650 2924/3052/2924
f 2491/2619/2491 1995/2065/1995 2933/3061/2933
f 2492/2620/2492 2936/3064/2936 1997/2067/1997
f 2933/3061/2933 1997/2067/1997 2936/3064/2936
f 2524/2652/2524 2635/2763/2635 2522/2650/2522
f 2492/2620/2492 2635/2763/2635 2936/3064/2936
f 2633/2761/2633 2652/2780/2652 2634/2762/2634
f 2937/3065/2937 2558/2686/2558 2926/3054/2926
f 2924/3052/2924 2918/3046/2918 2491/2619/2491
f 2650/2778/2650 2925/3053/2925 2924/3052/2924
f 2558/2686/2558 2937/3065/2937 2934/3062/2934
f 2557/2685/2557 2925/3053/2925 2558/2686/2558
f 2897/3025/2897 2918/3046/2918 2927/3055/2927
f 2557/2685/2557 2927/3055/2927 2918/3046/2918
f 2929/3057/2929 2928/3056/2928 2931/3059/2931
f 2895/3023/2895 2917/3045/2917 2928/3056/2928
f 2929/3057/2929 2931/3059/2931 2938/3066/2938
f 2923/3051/2923 2915/3043/2915 2912/3040/2912
f 2895/3023/2895 2923/3051/2923 2914/3042/2914
f 2915/3043/2915 2923/3051/2923 2929/3057/2929
f 2921/3049/2921 2920/3048/2920 2939/3067/2939
f 2536/2664/2536 2940/3068/2940 2941/3069/2941
f 2836/2964/2836 2648/2776/2648 2652/2780/2652
f 2836/2964/2836 2840/2968/2840 2648/2776/2648
f 2651/2779/2651 2926/3054/2926 2925/3053/2925
f 2937/3065/2937 2926/3054/2926 2647/2775/2647
f 2934/3062/2934 2937/3065/2937 2942/3070/2942
f 2919/3047/2919 2943/3071/2943 2920/3048/2920
f 2944/3072/2944 2945/3073/2945 2946/3074/2946
f 2939/3067/2939 2947/3075/2947 2538/2666/2538
f 2915/3043/2915 2929/3057/2929 2919/3047/2919
f 2919/3047/2919 2929/3057/2929 2938/3066/2938
f 2915/3043/2915 2535/2663/2535 2908/3036/2908
f 2533/2661/2533 2535/2663/2535 2537/2665/2537
f 2915/3043/2915 2921/3049/2921 2916/3044/2916
f 2538/2666/2538 2921/3049/2921 2939/3067/2939
f 2941/3069/2941 2940/3068/2940 2948/3076/2948
f 2784/2912/2784 2782/2910/2782 2534/2662/2534
f 2836/2964/2836 2652/2780/2652 2591/2719/2591
f 2634/2762/2634 2652/2780/2652 2648/2776/2648
f 2590/2718/2590 2836/2964/2836 2591/2719/2591
f 2840/2968/2840 2836/2964/2836 2949/3077/2949
f 2833/2961/2833 2838/2966/2838 2831/2959/2831
f 2839/2967/2839 2950/3078/2950 2951/3079/2951
f 2949/3077/2949 2836/2964/2836 2835/2963/2835
f 2839/2967/2839 2840/2968/2840 2950/3078/2950
f 2952/3080/2952 2953/3081/2953 2950/3078/2950
f 2937/3065/2937 2647/2775/2647 2649/2777/2649
f 2954/3082/2954 2944/3072/2944 2946/3074/2946
f 2937/3065/2937 2839/2967/2839 2951/3079/2951
f 2942/3070/2942 2937/3065/2937 2951/3079/2951
f 2559/2687/2559 2934/3062/2934 2955/3083/2955
f 2954/3082/2954 2951/3079/2951 2944/3072/2944
f 2955/3083/2955 2934/3062/2934 2942/3070/2942
f 2932/3060/2932 2559/2687/2559 2955/3083/2955
f 2557/2685/2557 2559/2687/2559 2917/3045/2917
f 2930/3058/2930 2938/3066/2938 2931/3059/2931
f 2919/3047/2919 2938/3066/2938 2943/3071/2943
f 2840/2968/2840 2649/2777/2649 2648/2776/2648
f 2937/3065/2937 2649/2777/2649 2839/2967/2839
f 2932/3060/2932 2955/3083/2955 2956/3084/2956
f 2935/3063/2935 2932/3060/2932 2931/3059/2931
f 2928/3056/2928 2935/3063/2935 2931/3059/2931
f 2917/3045/2917 2559/2687/2559 2935/3063/2935
f 1881/1917/1881 2270/2390/2270 2271/2391/2271
f 1913/1958/1913 2269/2389/2269 2171/2285/2171
f 2271/2391/2271 2330/2457/2330 2086/2190/2086
f 2328/2455/2328 2330/2457/2330 2894/3022/2894
f 2171/2285/2171 2270/2390/2270 1881/1917/1881
f 2330/2457/2330 2270/2390/2270 2894/3022/2894
f 2170/2284/2170 2168/2282/2168 2016/2091/2016
f 2894/3022/2894 2270/2390/2270 2269/2389/2269
f 1810/1834/1810 2269/2389/2269 1913/1958/1913
f 2269/2389/2269 2168/2282/2168 2894/3022/2894
f 2894/3022/2894 2272/2392/2272 2387/2515/2387
f 2329/2456/2329 2328/2455/2328 2389/2517/2389
f 2329/2456/2329 2389/2517/2389 2392/2520/2392
f 2391/2519/2391 2330/2457/2330 2329/2456/2329
f 2170/2284/2170 2016/2091/2016 2015/2090/2015
f 2272/2392/2272 2170/2284/2170 2900/3028/2900
f 2438/2566/2438 2272/2392/2272 2900/3028/2900
f 2387/2515/2387 2272/2392/2272 2746/2874/2746
f 2388/2516/2388 2387/2515/2387 2746/2874/2746
f 2894/3022/2894 2387/2515/2387 2328/2455/2328
f 2288/2410/2288 2406/2534/2406 2411/2539/2411
f 2817/2945/2817 2406/2534/2406 2292/2414/2292
f 1772/1785/1772 2766/2894/2766 2675/2803/2675
f 2677/2805/2677 2676/2804/2676 2871/2999/2871
f 2766/2894/2766 2546/2674/2546 2675/2803/2675
f 2676/2804/2676 2686/2814/2686 2871/2999/2871
f 2675/2803/2675 2546/2674/2546 2676/2804/2676
f 2545/2673/2545 2676/2804/2676 2546/2674/2546
f 2870/2998/2870 2871/2999/2871 2686/2814/2686
f 2768/2896/2768 2673/2801/2673 2669/2797/2669
f 2870/2998/2870 2768/2896/2768 2871/2999/2871
f 2674/2802/2674 2768/2896/2768 2661/2789/2661
f 2531/2659/2531 2567/2695/2567 2071/2166/2071
f 2769/2897/2769 2545/2673/2545 2570/2698/2570
f 2957/3085/2957 2531/2659/2531 2071/2166/2071
f 2958/3086/2958 2959/3087/2959 2960/3088/2960
f 2567/2695/2567 2547/2675/2547 2546/2674/2546
f 2547/2675/2547 2961/3089/2961 2962/3090/2962
f 2957/3085/2957 2071/2166/2071 2575/2703/2575
f 2961/3089/2961 2547/2675/2547 2531/2659/2531
f 2575/2703/2575 2569/2697/2569 2586/2714/2586
f 2530/2658/2530 2963/3091/2963 2964/3092/2964
f 2769/2897/2769 2570/2698/2570 2872/3000/2872
f 2686/2814/2686 2676/2804/2676 2769/2897/2769
f 2570/2698/2570 2962/3090/2962 2959/3087/2959
f 2872/3000/2872 2570/2698/2570 2959/3087/2959
f 2585/2713/2585 2626/2754/2626 2640/2768/2640
f 2788/2916/2788 2965/3093/2965 2966/3094/2966
f 2683/2811/2683 2687/2815/2687 2678/2806/2678
f 2769/2897/2769 2687/2815/2687 2686/2814/2686
f 2656/2784/2656 2683/2811/2683 2678/2806/2678
f 2683/2811/2683 2662/2790/2662 2870/2998/2870
f 2960/3088/2960 2967/3095/2967 2958/3086/2958
f 2968/3096/2968 2872/3000/2872 2959/3087/2959
f 2969/3097/2969 2970/3098/2970 2971/3099/2971
f 2972/3100/2972 2968/3096/2968 2958/3086/2958
f 2678/2806/2678 2663/2791/2663 2656/2784/2656
f 2789/2917/2789 2663/2791/2663 2973/3101/2973
f 2569/2697/2569 2625/2753/2625 2585/2713/2585
f 2586/2714/2586 2974/3102/2974 2788/2916/2788
f 2798/2926/2798 2640/2768/2640 2626/2754/2626
f 2974/3102/2974 2586/2714/2586 2585/2713/2585
f 1844/1876/1844 2975/3103/2975 2976/3104/2976
f 2585/2713/2585 2640/2768/2640 2974/3102/2974
f 2798/2926/2798 2626/2754/2626 2574/2702/2574
f 2977/3105/2977 2641/2769/2641 2640/2768/2640
f 2570/2698/2570 2547/2675/2547 2962/3090/2962
f 2968/3096/2968 2959/3087/2959 2958/3086/2958
f 2964/3092/2964 2962/3090/2962 2961/3089/2961
f 2959/3087/2959 2962/3090/2962 2960/3088/2960
f 2967/3095/2967 2978/3106/2978 2958/3086/2958
f 2973/3101/2973 2663/2791/2663 2679/2807/2679
f 2530/2658/2530 2964/3092/2964 2961/3089/2961
f 2964/3092/2964 2963/3091/2963 2967/3095/2967
f 2531/2659/2531 2530/2658/2530 2961/3089/2961
f 2788/2916/2788 2966/3094/2966 2532/2660/2532
f 2963/3091/2963 2979/3107/2979 2967/3095/2967
f 1845/1877/1845 2970/3098/2970 2969/3097/2969
f 2962/3090/2962 2964/3092/2964 2960/3088/2960
f 2967/3095/2967 2960/3088/2960 2964/3092/2964
f 2979/3107/2979 2980/3108/2980 2969/3097/2969
f 2981/3109/2981 2982/3110/2982 2983/3111/2983
f 2980/3108/2980 2963/3091/2963 2966/3094/2966
f 2984/3112/2984 2985/3113/2985 2982/3110/2982
f 2979/3107/2979 2963/3091/2963 2980/3108/2980
f 2969/3097/2969 2971/3099/2971 2986/3114/2986
f 2872/3000/2872 2968/3096/2968 2679/2807/2679
f 2973/3101/2973 2679/2807/2679 2968/3096/2968
f 2574/2702/2574 2987/3115/2987 2797/2925/2797
f 2798/2926/2798 2637/2765/2637 2977/3105/2977
f 2988/3116/2988 2989/3117/2989 2121/2230/2121
f 2990/3118/2990 2991/3119/2991 2992/3120/2992
f 2797/2925/2797 2987/3115/2987 2638/2766/2638
f 2584/2712/2584 2636/2764/2636 2993/3121/2993
f 2987/3115/2987 2574/2702/2574 2795/2923/2795
f 2637/2765/2637 2797/2925/2797 2638/2766/2638
f 2994/3122/2994 1846/1878/1846 2995/3123/2995
f 2966/3094/2966 2963/3091/2963 2530/2658/2530
f 2996/3124/2996 2994/3122/2994 2997/3125/2997
f 2641/2769/2641 2995/3123/2995 2639/2767/2639
f 2442/2570/2442 2674/2802/2674 2661/2789/2661
f 2660/2788/2660 2674/2802/2674 2443/2571/2443
f 2501/2629/2501 2998/3126/2998 2459/2587/2459
f 2457/2585/2457 2459/2587/2459 2422/2550/2422
f 2776/2904/2776 2498/2626/2498 2501/2629/2501
f 2998/3126/2998 2501/2629/2501 2780/2908/2780
f 2999/3127/2999 3000/3128/3000 3001/3129/3001
f 2464/2592/2464 2465/2593/2465 2466/2594/2466
f 3002/3130/3002 3000/3128/3000 2467/2595/2467
f 3003/3131/3003 2469/2597/2469 3004/3132/3004
f 2213/2331/2213 2457/2585/2457 2422/2550/2422
f 2457/2585/2457 2458/2586/2458 1919/1971/1919
f 3002/3130/3002 2998/3126/2998 2780/2908/2780
f 2467/2595/2467 2459/2587/2459 2998/3126/2998
f 3004/3132/3004 2468/2596/2468 3000/3128/3000
f 2993/3121/2993 3005/3133/3005 2582/2710/2582
f 2459/2587/2459 2466/2594/2466 2465/2593/2465
f 2467/2595/2467 2468/2596/2468 2466/2594/2466
f 2467/2595/2467 3000/3128/3000 2468/2596/2468
f 2118/2227/2118 2469/2597/2469 3003/3131/3003
f 3003/3131/3003 3006/3134/3006 3007/3135/3007
f 1962/2022/1962 2118/2227/2118 2380/2508/2380
f 3001/3129/3001 1862/1895/1862 3008/3136/3008
f 3009/3137/3009 2582/2710/2582 3005/3133/3005
f 2468/2596/2468 3004/3132/3004 2469/2597/2469
f 2999/3127/2999 3010/3138/3010 3006/3134/3006
f 2467/2595/2467 2998/3126/2998 3002/3130/3002
f 2999/3127/2999 3004/3132/3004 3000/3128/3000
f 2497/2625/2497 3002/3130/3002 2780/2908/2780
f 3000/3128/3000 3002/3130/3002 3001/3129/3001
f 2501/2629/2501 2460/2588/2460 2776/2904/2776
f 2497/2625/2497 3011/3139/3011 3012/3140/3012
f 2460/2588/2460 1919/1971/1919 2781/2909/2781
f 2773/2901/2773 2499/2627/2499 3013/3141/3013
f 3014/3142/3014 3015/3143/3015 3016/3144/3016
f 3005/3133/3005 3017/3145/3017 3018/3146/3018
f 3002/3130/3002 2497/2625/2497 3001/3129/3001
f 3001/3129/3001 2497/2625/2497 3012/3140/3012
f 2501/2629/2501 2498/2626/2498 2780/2908/2780
f 2499/2627/2499 2498/2626/2498 3013/3141/3013
f 3013/3141/3013 2778/2906/2778 2773/2901/2773
f 2497/2625/2497 2499/2627/2499 3011/3139/3011
f 2873/3001/2873 2874/3002/2874 3019/3147/3019
f 3020/3148/3020 2876/3004/2876 3019/3147/3019
f 1863/1896/1863 3012/3140/3012 3011/3139/3011
f 3001/3129/3001 3012/3140/3012 1862/1895/1862
f 2777/2905/2777 2781/2909/2781 2779/2907/2779
f 2776/2904/2776 2781/2909/2781 2777/2905/2777
f 2877/3005/2877 2777/2905/2777 2779/2907/2779
f 2876/3004/2876 2773/2901/2773 2778/2906/2778
f 2498/2626/2498 2776/2904/2776 3013/3141/3013
f 2460/2588/2460 2781/2909/2781 2776/2904/2776
f 2776/2904/2776 2778/2906/2778 3013/3141/3013
f 2876/3004/2876 2778/2906/2778 2777/2905/2777
f 3021/3149/3021 2482/2610/2482 2741/2869/2741
f 2480/2608/2480 2791/2919/2791 2543/2671/2543
f 2526/2654/2526 2527/2655/2527 2479/2607/2479
f 2480/2608/2480 3022/3150/3022 2791/2919/2791
f 2739/2867/2739 3023/3151/3023 2066/2161/2066
f 2527/2655/2527 2526/2654/2526 2543/2671/2543
f 3023/3151/3023 2526/2654/2526 2067/2162/2067
f 2481/2609/2481 3023/3151/3023 2739/2867/2739
f 2066/2161/2066 2892/3020/2892 2739/2867/2739
f 2892/3020/2892 2740/2868/2740 2739/2867/2739
f 2526/2654/2526 3023/3151/3023 2481/2609/2481
f 2066/2161/2066 3023/3151/3023 2067/2162/2067
f 2893/3021/2893 2892/3020/2892 2066/2161/2066
f 2738/2866/2738 3024/3152/3024 2740/2868/2740
f 2066/2161/2066 2430/2558/2430 2893/3021/2893
f 2891/3019/2891 2893/3021/2893 2430/2558/2430
f 2892/3020/2892 2738/2866/2738 2740/2868/2740
f 2736/2864/2736 3025/3153/3025 2744/2872/2744
f 2738/2866/2738 2892/3020/2892 2891/3019/2891
f 2740/2868/2740 3024/3152/3024 2741/2869/2741
f 2891/3019/2891 2743/2871/2743 2738/2866/2738
f 2744/2872/2744 2742/2870/2742 2736/2864/2736
f 3024/3152/3024 2989/3117/2989 2741/2869/2741
f 2989/3117/2989 3026/3154/3026 3021/3149/3021
f 2735/2863/2735 2695/2823/2695 2375/2503/2375
f 2989/3117/2989 3024/3152/3024 2119/2228/2119
f 2119/2228/2119 2121/2230/2121 2989/3117/2989
f 3026/3154/3026 2989/3117/2989 2988/3116/2988
f 3027/3155/3027 3028/3156/3028 3029/3157/3029
f 2988/3116/2988 2121/2230/2121 3030/3158/3030
f 3031/3159/3031 2988/3116/2988 2160/2273/2160
f 2795/2923/2795 3032/3160/3032 3026/3154/3026
f 3025/3153/3025 2736/2864/2736 2735/2863/2735
f 2737/2865/2737 2744/2872/2744 3033/3161/3033
f 2120/2229/2120 2119/2228/2119 3033/3161/3033
f 2737/2865/2737 2738/2866/2738 2743/2871/2743
f 2989/3117/2989 3021/3149/3021 2741/2869/2741
f 3022/3150/3022 3021/3149/3021 3026/3154/3026
f 2477/2605/2477 2743/2871/2743 2891/3019/2891
f 2743/2871/2743 2742/2870/2742 2744/2872/2744
f 2267/2387/2267 1871/1904/1871 2165/2279/2165
f 1872/1905/1872 1871/1904/1871 2518/2646/2518
f 2173/2287/2173 1851/1883/1851 2336/2463/2336
f 2539/2667/2539 1851/1883/1851 2279/2400/2279
f 2517/2645/2517 2539/2667/2539 2279/2400/2279
f 2784/2912/2784 2539/2667/2539 2782/2910/2782
f 2792/2920/2792 2544/2672/2544 2528/2656/2528
f 2571/2699/2571 2544/2672/2544 2793/2921/2793
f 2765/2893/2765 2813/2941/2813 1904/1948/1904
f 2822/2950/2822 2853/2981/2853 2813/2941/2813
f 2828/2956/2828 2829/2957/2829 2846/2974/2846
f 2621/2749/2621 2828/2956/2828 2837/2965/2837
f 2849/2977/2849 3034/3162/3034 2829/2957/2829
f 1892/1932/1892 3034/3162/3034 2843/2971/2843
f 2837/2965/2837 2828/2956/2828 2832/2960/2832
f 2846/2974/2846 2832/2960/2832 2828/2956/2828
f 3035/3163/3035 3036/3164/3036 2834/2962/2834
f 2949/3077/2949 2950/3078/2950 2840/2968/2840
f 2654/2782/2654 2790/2918/2790 2670/2798/2670
f 2790/2918/2790 2857/2985/2857 2670/2798/2670
f 2851/2979/2851 2672/2800/2672 2859/2987/2859
f 2688/2816/2688 2672/2800/2672 2861/2989/2861
f 2666/2794/2666 2688/2816/2688 2861/2989/2861
f 2654/2782/2654 2670/2798/2670 2688/2816/2688
f 2664/2792/2664 2790/2918/2790 2654/2782/2654
f 2857/2985/2857 2790/2918/2790 2868/2996/2868
f 2656/2784/2656 2664/2792/2664 2654/2782/2654
f 2664/2792/2664 2663/2791/2663 2789/2917/2789
f 2864/2992/2864 2867/2995/2867 2855/2983/2855
f 2855/2983/2855 2684/2812/2684 2856/2984/2856
f 2671/2799/2671 2684/2812/2684 2859/2987/2859
f 2857/2985/2857 2856/2984/2856 2671/2799/2671
f 2857/2985/2857 2671/2799/2671 2670/2798/2670
f 2684/2812/2684 2671/2799/2671 2856/2984/2856
f 2853/2981/2853 2860/2988/2860 2854/2982/2854
f 2822/2950/2822 2765/2893/2765 2821/2949/2821
f 2821/2949/2821 2812/2940/2812 2493/2621/2493
f 2822/2950/2822 2821/2949/2821 2860/2988/2860
f 2493/2621/2493 2865/2993/2865 2860/2988/2860
f 2762/2890/2762 2812/2940/2812 2029/2113/2029
f 2024/2108/2024 2493/2621/2493 2762/2890/2762
f 2812/2940/2812 2762/2890/2762 2493/2621/2493
f 3037/3165/3037 3038/3166/3038 3039/3167/3039
f 2950/3078/2950 2833/2961/2833 2952/3080/2952
f 3034/3162/3034 1894/1934/1894 2846/2974/2846
f 1893/1933/1893 3040/3168/3040 3041/3169/3041
f 2829/2957/2829 3034/3162/3034 2846/2974/2846
f 2843/2971/2843 3034/3162/3034 2849/2977/2849
f 2841/2969/2841 2843/2971/2843 2849/2977/2849
f 2844/2972/2844 2843/2971/2843 2619/2747/2619
f 3034/3162/3034 1892/1932/1892 1894/1934/1894
f 2845/2973/2845 1892/1932/1892 2843/2971/2843
f 2618/2746/2618 2844/2972/2844 2619/2747/2619
f 2844/2972/2844 2848/2976/2848 2845/2973/2845
f 2848/2976/2848 2869/2997/2869 2845/2973/2845
f 3042/3170/3042 3043/3171/3043 2680/2808/2680
f 2862/2990/2862 2869/2997/2869 2848/2976/2848
f 2680/2808/2680 2845/2973/2845 2869/2997/2869
f 3044/3172/3044 2868/2996/2868 3045/3173/3045
f 2730/2858/2730 2732/2860/2732 3046/3174/3046
f 2855/2983/2855 2867/2995/2867 2866/2994/2866
f 2867/2995/2867 3047/3175/3047 3048/3176/3048
f 3044/3172/3044 2864/2992/2864 2868/2996/2868
f 3047/3175/3047 2867/2995/2867 2864/2992/2864
f 2012/2087/2012 2719/2847/2719 2722/2850/2722
f 2730/2858/2730 1866/1899/1866 3049/3177/3049
f 3048/3176/3048 2682/2810/2682 2867/2995/2867
f 2680/2808/2680 2682/2810/2682 3042/3170/3042
f 3048/3176/3048 3047/3175/3047 3050/3178/3050
f 2682/2810/2682 3048/3176/3048 3042/3170/3042
f 2870/2998/2870 2661/2789/2661 2768/2896/2768
f 2683/2811/2683 2870/2998/2870 2686/2814/2686
f 2770/2898/2770 2500/2628/2500 2496/2624/2496
f 2453/2581/2453 2500/2628/2500 2455/2583/2455
f 3051/3179/3051 3052/3180/3052 3053/3181/3053
f 3054/3182/3054 3055/3183/3055 3056/3184/3056
f 2886/3014/2886 2706/2834/2706 2721/2849/2721
f 2105/2212/2105 2706/2834/2706 2888/3016/2888
f 2106/2213/2106 2105/2212/2105 2888/3016/2888
f 2105/2212/2105 2104/2211/2104 2705/2833/2705
f 2888/3016/2888 2886/3014/2886 3057/3185/3057
f 2106/2213/2106 2352/2480/2352 2703/2831/2703
f 3058/3186/3058 2339/2466/2339 2757/2885/2757
f 2302/2426/2302 3059/3187/3059 2300/2424/2300
f 2724/2852/2724 2300/2424/2300 3059/3187/3059
f 2440/2568/2440 2300/2424/2300 2723/2851/2723
f 2344/2471/2344 2301/2425/2301 2440/2568/2440
f 2302/2426/2302 2301/2425/2301 2299/2423/2299
f 2724/2852/2724 3059/3187/3059 1865/1898/1865
f 2725/2853/2725 2726/2854/2726 2723/2851/2723
f 2302/2426/2302 3058/3186/3058 3059/3187/3059
f 1865/1898/1865 3059/3187/3059 3049/3177/3049
f 2725/2853/2725 2724/2852/2724 2727/2855/2727
f 1865/1898/1865 2727/2855/2727 2724/2852/2724
f 2440/2568/2440 2723/2851/2723 2183/2297/2183
f 2300/2424/2300 2724/2852/2724 2723/2851/2723
f 2731/2859/2731 3060/3188/3060 1821/1848/1821
f 3035/3163/3035 3061/3189/3061 3036/3164/3036
f 2340/2467/2340 2729/2857/2729 2758/2886/2758
f 3060/3188/3060 3049/3177/3049 3058/3186/3058
f 1821/1848/1821 3062/3190/3062 3063/3191/3063
f 2890/3018/2890 3064/3192/3064 1843/1875/1843
f 3049/3177/3049 3059/3187/3059 3058/3186/3058
f 3049/3177/3049 3060/3188/3060 2730/2858/2730
f 2758/2886/2758 2756/2884/2756 1821/1848/1821
f 2340/2467/2340 2758/2886/2758 2757/2885/2757
f 2753/2881/2753 2755/2883/2755 1822/1849/1822
f 2756/2884/2756 1822/1849/1822 1821/1848/1821
f 2339/2466/2339 3058/3186/3058 2302/2426/2302
f 3058/3186/3058 2757/2885/2757 3060/3188/3060
f 3049/3177/3049 1866/1899/1866 1865/1898/1865
f 1866/1899/1866 3065/3193/3065 3066/3194/3066
f 1821/1848/1821 3060/3188/3060 2757/2885/2757
f 2730/2858/2730 3060/3188/3060 2731/2859/2731
f 1821/1848/1821 3063/3191/3063 2731/2859/2731
f 1866/1899/1866 2730/2858/2730 3065/3193/3065
f 3067/3195/3067 3068/3196/3068 3069/3197/3069
f 3070/3198/3070 2945/3073/2945 2944/3072/2944
f 2753/2881/2753 1822/1849/1822 2756/2884/2756
f 3071/3199/3071 3062/3190/3062 1823/1850/1823
f 2179/2293/2179 2753/2881/2753 2756/2884/2756
f 2753/2881/2753 2337/2464/2337 2754/2882/2754
f 2178/2292/2178 2754/2882/2754 2337/2464/2337
f 3068/3196/3068 3072/3200/3072 3069/3197/3069
f 2749/2877/2749 2338/2465/2338 2181/2295/2181
f 2338/2465/2338 3073/3201/3073 2178/2292/2178
f 2748/2876/2748 2785/2913/2785 2749/2877/2749
f 3074/3202/3074 1852/1884/1852 2783/2911/2783
f 2181/2295/2181 2338/2465/2338 2337/2464/2337
f 2338/2465/2338 2785/2913/2785 3073/3201/3073
f 2748/2876/2748 2276/2397/2276 2275/2396/2275
f 2338/2465/2338 2749/2877/2749 2785/2913/2785
f 2275/2396/2275 2394/2522/2394 2748/2876/2748
f 2786/2914/2786 3075/3203/3075 2787/2915/2787
f 3072/3200/3072 3076/3204/3076 2177/2291/2177
f 3077/3205/3077 3078/3206/3078 3079/3207/3079
f 3047/3175/3047 3044/3172/3044 3080/3208/3080
f 3081/3209/3081 3066/3194/3066 3046/3174/3046
f 2755/2883/2755 1823/1850/1823 1822/1849/1822
f 2732/2860/2732 3082/3210/3082 3083/3211/3083
f 3084/3212/3084 3071/3199/3071 2755/2883/2755
f 1821/1848/1821 1823/1850/1823 3062/3190/3062
f 3082/3210/3082 3062/3190/3062 3085/3213/3085
f 2732/2860/2732 3063/3191/3063 3082/3210/3082
f 3083/3211/3083 3046/3174/3046 2732/2860/2732
f 2731/2859/2731 3063/3191/3063 2732/2860/2732
f 3062/3190/3062 3082/3210/3082 3063/3191/3063
f 3082/3210/3082 3085/3213/3085 3086/3214/3086
f 2945/3073/2945 3087/3215/3087 2946/3074/2946
f 3070/3198/3070 2944/3072/2944 2953/3081/2953
f 1872/1905/1872 2534/2662/2534 1873/1906/1873
f 2535/2663/2535 2534/2662/2534 2906/3034/2906
f 1772/1785/1772 2669/2797/2669 1770/1783/1770
f 2768/2896/2768 2669/2797/2669 2677/2805/2677
f 2788/2916/2788 2957/3085/2957 2575/2703/2575
f 2531/2659/2531 2957/3085/2957 2532/2660/2532
f 2639/2767/2639 2965/3093/2965 2788/2916/2788
f 2639/2767/2639 3088/3216/3088 2965/3093/2965
f 2532/2660/2532 2966/3094/2966 2530/2658/2530
f 2980/3108/2980 2966/3094/2966 2965/3093/2965
f 2532/2660/2532 2957/3085/2957 2788/2916/2788
f 2639/2767/2639 2788/2916/2788 2974/3102/2974
f 2639/2767/2639 2974/3102/2974 2640/2768/2640
f 3088/3216/3088 2639/2767/2639 2995/3123/2995
f 2995/3123/2995 2641/2769/2641 2994/3122/2994
f 1845/1877/1845 1844/1876/1844 2985/3113/2985
f 3088/3216/3088 2980/3108/2980 2965/3093/2965
f 2980/3108/2980 3089/3217/3089 2969/3097/2969
f 1846/1878/1846 3088/3216/3088 2995/3123/2995
f 2980/3108/2980 3088/3216/3088 3089/3217/3089
f 2975/3103/2975 2996/3124/2996 3090/3218/3090
f 2983/3111/2983 2985/3113/2985 1844/1876/1844
f 2997/3125/2997 2994/3122/2994 2641/2769/2641
f 1846/1878/1846 2994/3122/2994 2975/3103/2975
f 1844/1876/1844 1846/1878/1846 2975/3103/2975
f 1846/1878/1846 3089/3217/3089 3088/3216/3088
f 2976/3104/2976 2983/3111/2983 1844/1876/1844
f 2970/3098/2970 1845/1877/1845 2985/3113/2985
f 2882/3010/2882 2976/3104/2976 3091/3219/3091
f 3092/3220/3092 3005/3133/3005 3093/3221/3093
f 2969/3097/2969 3089/3217/3089 1845/1877/1845
f 1846/1878/1846 1845/1877/1845 3089/3217/3089
f 2882/3010/2882 2884/3012/2884 2983/3111/2983
f 2983/3111/2983 2884/3012/2884 2981/3109/2981
f 3090/3218/3090 2976/3104/2976 2975/3103/2975
f 2882/3010/2882 2983/3111/2983 2976/3104/2976
f 2975/3103/2975 2994/3122/2994 2996/3124/2996
f 3094/3222/3094 3091/3219/3091 3095/3223/3095
f 3096/3224/3096 2996/3124/2996 2997/3125/2997
f 3009/3137/3009 3090/3218/3090 2583/2711/2583
f 2976/3104/2976 3090/3218/3090 3091/3219/3091
f 3092/3220/3092 3097/3225/3097 3095/3223/3095
f 3096/3224/3096 2997/3125/2997 2637/2765/2637
f 2584/2712/2584 2637/2765/2637 2636/2764/2636
f 3090/3218/3090 2996/3124/2996 2583/2711/2583
f 2583/2711/2583 2996/3124/2996 3096/3224/3096
f 2997/3125/2997 2977/3105/2977 2637/2765/2637
f 2583/2711/2583 3096/3224/3096 2584/2712/2584
f 2637/2765/2637 2798/2926/2798 2797/2925/2797
f 2584/2712/2584 3096/3224/3096 2637/2765/2637
f 2882/3010/2882 3094/3222/3094 2883/3011/2883
f 3098/3226/3098 3099/3227/3099 2981/3109/2981
f 3100/3228/3100 2880/3008/2880 2879/3007/2879
f 3101/3229/3101 3102/3230/3102 2972/3100/2972
f 3098/3226/3098 2981/3109/2981 2884/3012/2884
f 2982/3110/2982 2981/3109/2981 3103/3231/3103
f 3103/3231/3103 3099/3227/3099 3104/3232/3104
f 2983/3111/2983 2982/3110/2982 2985/3113/2985
f 2641/2769/2641 2977/3105/2977 2997/3125/2997
f 2798/2926/2798 2977/3105/2977 2640/2768/2640
f 2638/2766/2638 3105/3233/3105 2636/2764/2636
f 3106/3234/3106 2993/3121/2993 3107/3235/3107
f 3108/3236/3108 3080/3208/3080 3109/3237/3109
f 3110/3238/3110 3111/3239/3111 3112/3240/3112
f 3103/3231/3103 2984/3112/2984 2982/3110/2982
f 2971/3099/2971 3113/3241/3113 3114/3242/3114
f 2978/3106/2978 2967/3095/2967 2986/3114/2986
f 3102/3230/3102 2973/3101/2973 2968/3096/2968
f 2986/3114/2986 2967/3095/2967 2979/3107/2979
f 3114/3242/3114 2972/3100/2972 3115/3243/3115
f 2638/2766/2638 2987/3115/2987 3116/3244/3116
f 3107/3235/3107 3105/3233/3105 3117/3245/3117
f 3114/3242/3114 3101/3229/3101 2972/3100/2972
f 2864/2992/2864 3044/3172/3044 3047/3175/3047
f 2972/3100/2972 3102/3230/3102 2968/3096/2968
f 3110/3238/3110 3102/3230/3102 3101/3229/3101
f 2958/3086/2958 2978/3106/2978 2972/3100/2972
f 3115/3243/3115 2972/3100/2972 2978/3106/2978
f 3044/3172/3044 3045/3173/3045 3109/3237/3109
f 2789/2917/2789 2868/2996/2868 2790/2918/2790
f 2789/2917/2789 2973/3101/2973 3110/3238/3110
f 3118/3246/3118 3119/3247/3119 3120/3248/3120
f 3045/3173/3045 2868/2996/2868 2789/2917/2789
f 3044/3172/3044 3109/3237/3109 3080/3208/3080
f 3102/3230/3102 3110/3238/3110 2973/3101/2973
f 3111/3239/3111 3113/3241/3113 3121/3249/3121
f 3119/3247/3119 3122/3250/3122 3120/3248/3120
f 3078/3206/3078 3080/3208/3080 3108/3236/3108
f 3123/3251/3123 3124/3252/3124 3125/3253/3125
f 3126/3254/3126 3127/3255/3127 3128/3256/3128
f 3112/3240/3112 3129/3257/3129 3109/3237/3109
f 3130/3258/3130 3131/3259/3131 3132/3260/3132
f 3109/3237/3109 3110/3238/3110 3112/3240/3112
f 3108/3236/3108 3119/3247/3119 3079/3207/3079
f 2789/2917/2789 3110/3238/3110 3045/3173/3045
f 3109/3237/3109 3045/3173/3045 3110/3238/3110
f 3133/3261/3133 3134/3262/3134 3121/3249/3121
f 3122/3250/3122 3119/3247/3119 3129/3257/3129
f 3111/3239/3111 3110/3238/3110 3101/3229/3101
f 3129/3257/3129 3112/3240/3112 3135/3263/3135
f 3111/3239/3111 3101/3229/3101 3114/3242/3114
f 3135/3263/3135 3112/3240/3112 3111/3239/3111
f 3129/3257/3129 3135/3263/3135 3122/3250/3122
f 3109/3237/3109 3129/3257/3129 3108/3236/3108
f 3133/3261/3133 3121/3249/3121 3113/3241/3113
f 3121/3249/3121 3134/3262/3134 3135/3263/3135
f 3123/3251/3123 3134/3262/3134 3133/3261/3133
f 3135/3263/3135 3111/3239/3111 3121/3249/3121
f 3136/3264/3136 3137/3265/3137 3099/3227/3099
f 3138/3266/3138 3139/3267/3139 3140/3268/3140
f 3125/3253/3125 3134/3262/3134 3123/3251/3123
f 3122/3250/3122 3135/3263/3135 3134/3262/3134
f 3113/3241/3113 2984/3112/2984 3133/3261/3133
f 3141/3269/3141 2984/3112/2984 3103/3231/3103
f 3123/3251/3123 3133/3261/3133 3141/3269/3141
f 2984/3112/2984 3141/3269/3141 3133/3261/3133
f 3079/3207/3079 3119/3247/3119 3118/3246/3118
f 3129/3257/3129 3119/3247/3119 3108/3236/3108
f 3125/3253/3125 3120/3248/3120 3122/3250/3122
f 3141/3269/3141 3104/3232/3104 3123/3251/3123
f 3122/3250/3122 3134/3262/3134 3125/3253/3125
f 3120/3248/3120 3142/3270/3142 3143/3271/3143
f 3123/3251/3123 3104/3232/3104 3124/3252/3124
f 3142/3270/3142 3120/3248/3120 3125/3253/3125
f 2771/2899/2771 2691/2819/2691 3144/3272/3144
f 2351/2479/2351 3145/3273/3145 2709/2837/2709
f 2771/2899/2771 2874/3002/2874 2772/2900/2772
f 3019/3147/3019 2874/3002/2874 1879/1915/1879
f 1879/1915/1879 1878/1914/1878 3020/3148/3020
f 2873/3001/2873 3019/3147/3019 2876/3004/2876
f 3022/3150/3022 2482/2610/2482 3021/3149/3021
f 2573/2701/2573 2151/2262/2151 2794/2922/2794
f 2794/2922/2794 2793/2921/2793 2792/2920/2792
f 2573/2701/2573 2794/2922/2794 3022/3150/3022
f 2544/2672/2544 2792/2920/2792 2793/2921/2793
f 2543/2671/2543 2792/2920/2792 2528/2656/2528
f 3022/3150/3022 2794/2922/2794 2791/2919/2791
f 2792/2920/2792 2791/2919/2791 2794/2922/2794
f 2259/2379/2259 2220/2339/2220 2260/2380/2260
f 3146/3274/3146 3147/3275/3147 3148/3276/3148
f 3030/3158/3030 3149/3277/3149 3150/3278/3150
f 3151/3279/3151 3152/3280/3152 3153/3281/3153
f 3030/3158/3030 2161/2274/2161 2160/2273/2160
f 3117/3245/3117 3105/3233/3105 3116/3244/3116
f 3032/3160/3032 2795/2923/2795 2573/2701/2573
f 3031/3159/3031 2795/2923/2795 3026/3154/3026
f 2573/2701/2573 3022/3150/3022 3032/3160/3032
f 3026/3154/3026 3032/3160/3032 3022/3150/3022
f 2988/3116/2988 3031/3159/3031 3026/3154/3026
f 2159/2272/2159 3116/3244/3116 2987/3115/2987
f 2795/2923/2795 3031/3159/3031 2987/3115/2987
f 2159/2272/2159 2987/3115/2987 3031/3159/3031
f 2159/2272/2159 2161/2274/2161 3154/3282/3154
f 2638/2766/2638 3116/3244/3116 3105/3233/3105
f 2738/2866/2738 2119/2228/2119 3024/3152/3024
f 3033/3161/3033 2119/2228/2119 2737/2865/2737
f 2838/2966/2838 2835/2963/2835 2590/2718/2590
f 2832/2960/2832 2838/2966/2838 2837/2965/2837
f 2838/2966/2838 2833/2961/2833 2835/2963/2835
f 2834/2962/2834 2952/3080/2952 2833/2961/2833
f 2835/2963/2835 2833/2961/2833 2949/3077/2949
f 2950/3078/2950 2949/3077/2949 2833/2961/2833
f 2830/2958/2830 3041/3169/3041 3155/3283/3155
f 3084/3212/3084 3076/3204/3076 3156/3284/3156
f 3070/3198/3070 2952/3080/2952 3036/3164/3036
f 2951/3079/2951 2953/3081/2953 2944/3072/2944
f 3155/3283/3155 3157/3285/3157 3035/3163/3035
f 3036/3164/3036 2952/3080/2952 2834/2962/2834
f 1894/1934/1894 3041/3169/3041 2830/2958/2830
f 3158/3286/3158 3040/3168/3040 1893/1933/1893
f 3155/3283/3155 2834/2962/2834 2831/2959/2831
f 3040/3168/3040 3159/3287/3159 3157/3285/3157
f 2834/2962/2834 3155/3283/3155 3035/3163/3035
f 2831/2959/2831 2830/2958/2830 3155/3283/3155
f 3160/3288/3160 2945/3073/2945 3161/3289/3161
f 3162/3290/3162 3061/3189/3061 3163/3291/3163
f 3157/3285/3157 3041/3169/3041 3040/3168/3040
f 3130/3258/3130 3164/3292/3164 3165/3293/3165
f 3166/3294/3166 3167/3295/3167 3168/3296/3168
f 3169/3297/3169 3167/3295/3167 3170/3298/3170
f 3162/3290/3162 3070/3198/3070 3036/3164/3036
f 3087/3215/3087 2945/3073/2945 3160/3288/3160
f 2950/3078/2950 2953/3081/2953 2951/3079/2951
f 3070/3198/3070 2953/3081/2953 2952/3080/2952
f 1893/1933/1893 3041/3169/3041 1894/1934/1894
f 3155/3283/3155 3041/3169/3041 3157/3285/3157
f 2751/2879/2751 2845/2973/2845 2680/2808/2680
f 3171/3299/3171 3131/3259/3131 3172/3300/3172
f 2751/2879/2751 3043/3171/3043 2752/2880/2752
f 3173/3301/3173 3174/3302/3174 3175/3303/3175
f 3159/3287/3159 3061/3189/3061 3157/3285/3157
f 2750/2878/2750 3176/3304/3176 3158/3286/3158
f 3157/3285/3157 3061/3189/3061 3035/3163/3035
f 3174/3302/3174 3163/3291/3163 3061/3189/3061
f 3177/3305/3177 1893/1933/1893 2845/2973/2845
f 3176/3304/3176 3159/3287/3159 3040/3168/3040
f 3176/3304/3176 3040/3168/3040 3158/3286/3158
f 3061/3189/3061 3159/3287/3159 3174/3302/3174
f 2750/2878/2750 3158/3286/3158 2751/2879/2751
f 3158/3286/3158 1893/1933/1893 3177/3305/3177
f 3178/3306/3178 3175/3303/3175 3179/3307/3179
f 3174/3302/3174 3176/3304/3176 3175/3303/3175
f 3180/3308/3180 3077/3205/3077 3079/3207/3079
f 3181/3309/3181 3182/3310/3182 3183/3311/3183
f 3043/3171/3043 2751/2879/2751 2680/2808/2680
f 3037/3165/3037 2752/2880/2752 3184/3312/3184
f 3087/3215/3087 3168/3296/3168 3185/3313/3185
f 2956/3084/2956 3169/3297/3169 2930/3058/2930
f 2955/3083/2955 2942/3070/2942 2954/3082/2954
f 2956/3084/2956 3185/3313/3185 3169/3297/3169
f 3070/3198/3070 3162/3290/3162 2945/3073/2945
f 3171/3299/3171 3163/3291/3163 3131/3259/3131
f 3061/3189/3061 3162/3290/3162 3036/3164/3036
f 3162/3290/3162 3171/3299/3171 3161/3289/3161
f 2845/2973/2845 2751/2879/2751 3177/3305/3177
f 3158/3286/3158 3177/3305/3177 2751/2879/2751
f 3182/3310/3182 3181/3309/3181 3186/3314/3186
f 3187/3315/3187 3181/3309/3181 3183/3311/3183
f 3174/3302/3174 3173/3301/3173 3163/3291/3163
f 3159/3287/3159 3176/3304/3176 3174/3302/3174
f 3168/3296/3168 3087/3215/3087 3188/3316/3188
f 3087/3215/3087 3185/3313/3185 2946/3074/2946
f 3189/3317/3189 3160/3288/3160 3190/3318/3190
f 3166/3294/3166 3189/3317/3189 3191/3319/3191
f 3185/3313/3185 2956/3084/2956 2946/3074/2946
f 2956/3084/2956 2955/3083/2955 2954/3082/2954
f 2954/3082/2954 2942/3070/2942 2951/3079/2951
f 2956/3084/2956 2954/3082/2954 2946/3074/2946
f 3188/3316/3188 3087/3215/3087 3160/3288/3160
f 3166/3294/3166 3192/3320/3192 3167/3295/3167
f 3170/3298/3170 3167/3295/3167 3067/3195/3067
f 3185/3313/3185 3168/3296/3168 3167/3295/3167
f 3170/3298/3170 3067/3195/3067 3193/3321/3193
f 2943/3071/2943 2930/3058/2930 3169/3297/3169
f 3167/3295/3167 3169/3297/3169 3185/3313/3185
f 3170/3298/3170 2943/3071/2943 3169/3297/3169
f 2930/3058/2930 2943/3071/2943 2938/3066/2938
f 2932/3060/2932 2956/3084/2956 2930/3058/2930
f 3162/3290/3162 3161/3289/3161 2945/3073/2945
f 3161/3289/3161 3171/3299/3171 3172/3300/3172
f 3131/3259/3131 3163/3291/3163 3173/3301/3173
f 3162/3290/3162 3163/3291/3163 3171/3299/3171
f 3179/3307/3179 3176/3304/3176 2750/2878/2750
f 3132/3260/3132 3178/3306/3178 3186/3314/3186
f 3069/3197/3069 3194/3322/3194 3195/3323/3195
f 2916/3044/2916 2538/2666/2538 2537/2665/2537
f 2921/3049/2921 2538/2666/2538 2916/3044/2916
f 2947/3075/2947 3193/3321/3193 3069/3197/3069
f 2178/2292/2178 3073/3201/3073 2176/2290/2176
f 2947/3075/2947 2536/2664/2536 2538/2666/2538
f 2785/2913/2785 2748/2876/2748 2786/2914/2786
f 3194/3322/3194 3073/3201/3073 3195/3323/3195
f 2787/2915/2787 2940/3068/2940 3073/3201/3073
f 3195/3323/3195 3073/3201/3073 2940/3068/2940
f 2943/3071/2943 3170/3298/3170 2920/3048/2920
f 2920/3048/2920 3170/3298/3170 3193/3321/3193
f 3179/3307/3179 3175/3303/3175 3176/3304/3176
f 3132/3260/3132 3175/3303/3175 3178/3306/3178
f 2750/2878/2750 2752/2880/2752 3037/3165/3037
f 3178/3306/3178 3179/3307/3179 3182/3310/3182
f 3037/3165/3037 3179/3307/3179 2750/2878/2750
f 3182/3310/3182 3179/3307/3179 3037/3165/3037
f 3184/3312/3184 3038/3166/3038 3037/3165/3037
f 3039/3167/3039 3182/3310/3182 3037/3165/3037
f 3069/3197/3069 3193/3321/3193 3067/3195/3067
f 2920/3048/2920 3193/3321/3193 2939/3067/2939
f 2948/3076/2948 2783/2911/2783 2784/2912/2784
f 2948/3076/2948 2940/3068/2940 3075/3203/3075
f 2748/2876/2748 2394/2522/2394 2786/2914/2786
f 3074/3202/3074 2786/2914/2786 2394/2522/2394
f 2940/3068/2940 2787/2915/2787 3075/3203/3075
f 2785/2913/2785 2787/2915/2787 3073/3201/3073
f 2783/2911/2783 2948/3076/2948 3075/3203/3075
f 3195/3323/3195 2940/3068/2940 2536/2664/2536
f 2784/2912/2784 2533/2661/2533 2948/3076/2948
f 2537/2665/2537 2941/3069/2941 2533/2661/2533
f 3074/3202/3074 2783/2911/2783 3075/3203/3075
f 2783/2911/2783 1852/1884/1852 2539/2667/2539
f 2786/2914/2786 3074/3202/3074 3075/3203/3075
f 1852/1884/1852 3074/3202/3074 2394/2522/2394
f 3195/3323/3195 2947/3075/2947 3069/3197/3069
f 2176/2290/2176 3073/3201/3073 3194/3322/3194
f 3192/3320/3192 3196/3324/3196 3068/3196/3068
f 2176/2290/2176 3194/3322/3194 3069/3197/3069
f 3197/3325/3197 3038/3166/3038 3184/3312/3184
f 3180/3308/3180 3140/3268/3140 3198/3326/3198
f 2536/2664/2536 2941/3069/2941 2537/2665/2537
f 2948/3076/2948 2533/2661/2533 2941/3069/2941
f 2947/3075/2947 3195/3323/3195 2536/2664/2536
f 3193/3321/3193 2947/3075/2947 2939/3067/2939
f 3189/3317/3189 3166/3294/3166 3188/3316/3188
f 3076/3204/3076 2755/2883/2755 2754/2882/2754
f 2177/2291/2177 3076/3204/3076 2754/2882/2754
f 3199/3327/3199 3191/3319/3191 3200/3328/3200
f 3184/3312/3184 3043/3171/3043 3197/3325/3197
f 3180/3308/3180 3183/3311/3183 3039/3167/3039
f 3042/3170/3042 3048/3176/3048 3050/3178/3050
f 3180/3308/3180 3038/3166/3038 3197/3325/3197
f 3180/3308/3180 3079/3207/3079 3140/3268/3140
f 3139/3267/3139 3201/3329/3201 3202/3330/3202
f 3180/3308/3180 3039/3167/3039 3038/3166/3038
f 3182/3310/3182 3039/3167/3039 3183/3311/3183
f 3192/3320/3192 3068/3196/3068 3067/3195/3067
f 3072/3200/3072 3196/3324/3196 3076/3204/3076
f 3167/3295/3167 3192/3320/3192 3067/3195/3067
f 3192/3320/3192 3166/3294/3166 3191/3319/3191
f 2178/2292/2178 2177/2291/2177 2754/2882/2754
f 3072/3200/3072 2177/2291/2177 2176/2290/2176
f 3203/3331/3203 3204/3332/3204 3205/3333/3205
f 3206/3334/3206 2885/3013/2885 2887/3015/2887
f 2889/3017/2889 3207/3335/3207 2890/3018/2890
f 3208/3336/3208 3209/3337/3209 3210/3338/3210
f 2719/2847/2719 2011/2086/2011 2718/2846/2718
f 3211/3339/3211 3052/3180/3052 2717/2845/2717
f 2718/2846/2718 2011/2086/2011 2711/2839/2711
f 2719/2847/2719 2717/2845/2717 3052/3180/3052
f 2716/2844/2716 1841/1873/1841 2711/2839/2711
f 2717/2845/2717 2719/2847/2719 2718/2846/2718
f 1841/1873/1841 2718/2846/2718 2711/2839/2711
f 1842/1874/1842 1867/1900/1867 2889/3017/2889
f 3066/3194/3066 1867/1900/1867 1866/1899/1866
f 3066/3194/3066 3081/3209/3081 3207/3335/3207
f 3212/3340/3212 3154/3282/3154 3213/3341/3213
f 3010/3138/3010 2801/2929/2801 3007/3135/3007
f 3107/3235/3107 2993/3121/2993 2636/2764/2636
f 2993/3121/2993 3017/3145/3017 3005/3133/3005
f 3105/3233/3105 3107/3235/3107 2636/2764/2636
f 3154/3282/3154 3212/3340/3212 3117/3245/3117
f 3214/3342/3214 3147/3275/3147 3146/3274/3146
f 3093/3221/3093 3005/3133/3005 3018/3146/3018
f 2583/2711/2583 2582/2710/2582 3009/3137/3009
f 2993/3121/2993 2582/2710/2582 2584/2712/2584
f 3215/3343/3215 3216/3344/3216 3217/3345/3217
f 2882/3010/2882 3091/3219/3091 3094/3222/3094
f 3218/3346/3218 3018/3146/3018 2992/3120/2992
f 3219/3347/3219 3097/3225/3097 3220/3348/3220
f 3221/3349/3221 3222/3350/3222 3223/3351/3223
f 3018/3146/3018 3224/3352/3224 3093/3221/3093
f 3220/3348/3220 3225/3353/3225 3226/3354/3226
f 3009/3137/3009 3095/3223/3095 3090/3218/3090
f 3093/3221/3093 3220/3348/3220 3097/3225/3097
f 3227/3355/3227 2884/3012/2884 2883/3011/2883
f 3095/3223/3095 3091/3219/3091 3090/3218/3090
f 3228/3356/3228 2883/3011/2883 3229/3357/3229
f 3092/3220/3092 3095/3223/3095 3009/3137/3009
f 3229/3357/3229 3094/3222/3094 3095/3223/3095
f 3219/3347/3219 3229/3357/3229 3097/3225/3097
f 3230/3358/3230 3231/3359/3231 3228/3356/3228
f 3229/3357/3229 2883/3011/2883 3094/3222/3094
f 2883/3011/2883 3231/3359/3231 3227/3355/3227
f 3005/3133/3005 3092/3220/3092 3009/3137/3009
f 3097/3225/3097 3092/3220/3092 3093/3221/3093
f 3220/3348/3220 3093/3221/3093 3225/3353/3225
f 3229/3357/3229 3095/3223/3095 3097/3225/3097
f 3232/3360/3232 3226/3354/3226 3214/3342/3214
f 3233/3361/3233 3226/3354/3226 3232/3360/3232
f 3146/3274/3146 3234/3362/3234 3214/3342/3214
f 3229/3357/3229 3219/3347/3219 3228/3356/3228
f 3225/3353/3225 3093/3221/3093 3224/3352/3224
f 3219/3347/3219 3220/3348/3220 3226/3354/3226
f 3147/3275/3147 3225/3353/3225 3224/3352/3224
f 3214/3342/3214 3225/3353/3225 3147/3275/3147
f 3235/3363/3235 3236/3364/3236 3231/3359/3231
f 2884/3012/2884 3227/3355/3227 3098/3226/3098
f 3100/3228/3100 3237/3365/3237 3238/3366/3238
f 3228/3356/3228 3231/3359/3231 2883/3011/2883
f 3219/3347/3219 3239/3367/3239 3228/3356/3228
f 3240/3368/3240 3230/3358/3230 3239/3367/3239
f 3222/3350/3222 3241/3369/3241 3148/3276/3148
f 3224/3352/3224 3218/3346/3218 3147/3275/3147
f 3017/3145/3017 3242/3370/3242 2990/3118/2990
f 3243/3371/3243 2380/2508/2380 2118/2227/2118
f 3007/3135/3007 3244/3372/3244 3243/3371/3243
f 3003/3131/3003 3004/3132/3004 3006/3134/3006
f 3224/3352/3224 3018/3146/3018 3218/3346/3218
f 3148/3276/3148 2801/2929/2801 2800/2928/2800
f 3232/3360/3232 3214/3342/3214 3234/3362/3234
f 3226/3354/3226 3225/3353/3225 3214/3342/3214
f 2800/2928/2800 3146/3274/3146 3148/3276/3148
f 3055/3183/3055 3245/3373/3245 3237/3365/3237
f 3216/3344/3216 3215/3343/3215 3232/3360/3232
f 3233/3361/3233 3215/3343/3215 3246/3374/3246
f 3219/3347/3219 3226/3354/3226 3233/3361/3233
f 3239/3367/3239 3246/3374/3246 3240/3368/3240
f 3018/3146/3018 3017/3145/3017 2992/3120/2992
f 3247/3375/3247 3248/3376/3248 3213/3341/3213
f 3147/3275/3147 3222/3350/3222 3148/3276/3148
f 3223/3351/3223 3222/3350/3222 2992/3120/2992
f 3003/3131/3003 3243/3371/3243 2118/2227/2118
f 3249/3377/3249 3250/3378/3250 3153/3281/3153
f 2799/2927/2799 3008/3136/3008 3251/3379/3251
f 3148/3276/3148 3241/3369/3241 2801/2929/2801
f 3008/3136/3008 2799/2927/2799 2999/3127/2999
f 3232/3360/3232 3234/3362/3234 3216/3344/3216
f 2800/2928/2800 3252/3380/3252 3146/3274/3146
f 2799/2927/2799 3253/3381/3253 3252/3380/3252
f 3216/3344/3216 3055/3183/3055 3217/3345/3217
f 3233/3361/3233 3246/3374/3246 3239/3367/3239
f 3216/3344/3216 3253/3381/3253 3056/3184/3056
f 3216/3344/3216 3056/3184/3056 3055/3183/3055
f 3215/3343/3215 3233/3361/3233 3232/3360/3232
f 3219/3347/3219 3233/3361/3233 3239/3367/3239
f 3238/3366/3238 3254/3382/3254 3255/3383/3255
f 3240/3368/3240 3100/3228/3100 2879/3007/2879
f 2992/3120/2992 3222/3350/3222 3218/3346/3218
f 3147/3275/3147 3218/3346/3218 3222/3350/3222
f 3223/3351/3223 3256/3384/3256 3244/3372/3244
f 3241/3369/3241 3222/3350/3222 3221/3349/3221
f 3241/3369/3241 3221/3349/3221 3007/3135/3007
f 3244/3372/3244 3007/3135/3007 3221/3349/3221
f 3007/3135/3007 3243/3371/3243 3003/3131/3003
f 2380/2508/2380 3243/3371/3243 2384/2512/2384
f 2999/3127/2999 3006/3134/3006 3004/3132/3004
f 3007/3135/3007 3006/3134/3006 3010/3138/3010
f 3239/3367/3239 3230/3358/3230 3228/3356/3228
f 2879/3007/2879 2881/3009/2881 3235/3363/3235
f 3100/3228/3100 3246/3374/3246 3237/3365/3237
f 3230/3358/3230 3240/3368/3240 2879/3007/2879
f 3007/3135/3007 2801/2929/2801 3241/3369/3241
f 2799/2927/2799 2801/2929/2801 3010/3138/3010
f 3257/3385/3257 3253/3381/3253 3251/3379/3251
f 3234/3362/3234 3253/3381/3253 3216/3344/3216
f 3252/3380/3252 3253/3381/3253 3234/3362/3234
f 1862/1895/1862 3258/3386/3258 3257/3385/3257
f 3223/3351/3223 3244/3372/3244 3221/3349/3221
f 3243/3371/3243 3244/3372/3244 2384/2512/2384
f 2999/3127/2999 2799/2927/2799 3010/3138/3010
f 3253/3381/3253 2799/2927/2799 3251/3379/3251
f 3146/3274/3146 3252/3380/3252 3234/3362/3234
f 2799/2927/2799 3252/3380/3252 2800/2928/2800
f 1863/1896/1863 1862/1895/1862 3012/3140/3012
f 3259/3387/3259 3260/3388/3260 3261/3389/3261
f 3257/3385/3257 3056/3184/3056 3253/3381/3253
f 3262/3390/3262 3263/3391/3263 3261/3389/3261
f 1862/1895/1862 3257/3385/3257 3251/3379/3251
f 3056/3184/3056 3257/3385/3257 3258/3386/3258
f 2985/3113/2985 2984/3112/2984 2970/3098/2970
f 2971/3099/2971 2970/3098/2970 2984/3112/2984
f 3113/3241/3113 2971/3099/2971 2984/3112/2984
f 2978/3106/2978 2986/3114/2986 3115/3243/3115
f 2969/3097/2969 2986/3114/2986 2979/3107/2979
f 3115/3243/3115 2986/3114/2986 2971/3099/2971
f 2971/3099/2971 3114/3242/3114 3115/3243/3115
f 3111/3239/3111 3114/3242/3114 3113/3241/3113
f 2481/2609/2481 2480/2608/2480 2543/2671/2543
f 2482/2610/2482 3022/3150/3022 2480/2608/2480
f 3264/3392/3264 2735/2863/2735 2375/2503/2375
f 3265/3393/3265 3149/3277/3149 3266/3394/3266
f 3149/3277/3149 3030/3158/3030 2121/2230/2121
f 3030/3158/3030 3150/3278/3150 2161/2274/2161
f 2120/2229/2120 3149/3277/3149 2121/2230/2121
f 3267/3395/3267 3268/3396/3268 3265/3393/3265
f 3213/3341/3213 2161/2274/2161 3150/3278/3150
f 3154/3282/3154 3116/3244/3116 2159/2272/2159
f 3031/3159/3031 2160/2273/2160 2159/2272/2159
f 3030/3158/3030 2160/2273/2160 2988/3116/2988
f 3150/3278/3150 3247/3375/3247 3213/3341/3213
f 3212/3340/3212 3248/3376/3248 3106/3234/3106
f 3116/3244/3116 3154/3282/3154 3117/3245/3117
f 2161/2274/2161 3213/3341/3213 3154/3282/3154
f 3269/3397/3269 3247/3375/3247 3268/3396/3268
f 3153/3281/3153 3268/3396/3268 3270/3398/3270
f 3268/3396/3268 3247/3375/3247 3150/3278/3150
f 3248/3376/3248 3269/3397/3269 3242/3370/3242
f 3265/3393/3265 3150/3278/3150 3149/3277/3149
f 3268/3396/3268 3267/3395/3267 3270/3398/3270
f 3267/3395/3267 3265/3393/3265 3266/3394/3266
f 3150/3278/3150 3265/3393/3265 3268/3396/3268
f 3242/3370/3242 3269/3397/3269 2991/3119/2991
f 2993/3121/2993 3106/3234/3106 3017/3145/3017
f 3269/3397/3269 3248/3376/3248 3247/3375/3247
f 3242/3370/3242 3017/3145/3017 3106/3234/3106
f 2433/2561/2433 3029/3157/3029 2374/2502/2374
f 2378/2506/2378 3249/3377/3249 3152/3280/3152
f 2220/2339/2220 3271/3399/3271 2260/2380/2260
f 3151/3279/3151 3270/3398/3270 3272/3400/3272
f 3271/3399/3271 2220/2339/2220 2381/2509/2381
f 2261/2381/2261 3273/3401/3273 3272/3400/3272
f 3272/3400/3272 3270/3398/3270 3267/3395/3267
f 3153/3281/3153 3270/3398/3270 3151/3279/3151
f 3272/3400/3272 3267/3395/3267 3027/3155/3027
f 3272/3400/3272 3273/3401/3273 3274/3402/3274
f 3153/3281/3153 3152/3280/3152 3249/3377/3249
f 3268/3396/3268 3153/3281/3153 3269/3397/3269
f 3256/3384/3256 3249/3377/3249 2378/2506/2378
f 3223/3351/3223 2991/3119/2991 3250/3378/3250
f 3028/3156/3028 3027/3155/3027 3267/3395/3267
f 2374/2502/2374 2038/2124/2038 2325/2452/2325
f 3273/3401/3273 2261/2381/2261 2260/2380/2260
f 3027/3155/3027 2261/2381/2261 3272/3400/3272
f 2433/2561/2433 2325/2452/2325 2373/2501/2373
f 3264/3392/3264 3275/3403/3275 3028/3156/3028
f 3028/3156/3028 3267/3395/3267 3266/3394/3266
f 2261/2381/2261 3027/3155/3027 3029/3157/3029
f 3266/3394/3266 2120/2229/2120 3276/3404/3276
f 2375/2503/2375 3275/3403/3275 3264/3392/3264
f 2259/2379/2259 2261/2381/2261 2433/2561/2433
f 3029/3157/3029 2433/2561/2433 2261/2381/2261
f 2038/2124/2038 2375/2503/2375 2695/2823/2695
f 2374/2502/2374 3029/3157/3029 3275/3403/3275
f 3276/3404/3276 3028/3156/3028 3266/3394/3266
f 3025/3153/3025 3264/3392/3264 3276/3404/3276
f 2374/2502/2374 3275/3403/3275 2375/2503/2375
f 3028/3156/3028 3275/3403/3275 3029/3157/3029
f 2744/2872/2744 3025/3153/3025 3033/3161/3033
f 2735/2863/2735 3264/3392/3264 3025/3153/3025
f 3197/3325/3197 3043/3171/3043 3042/3170/3042
f 2752/2880/2752 3043/3171/3043 3184/3312/3184
f 3132/3260/3132 3131/3259/3131 3173/3301/3173
f 3190/3318/3190 3131/3259/3131 3165/3293/3165
f 3175/3303/3175 3132/3260/3132 3173/3301/3173
f 3164/3292/3164 3130/3258/3130 3186/3314/3186
f 3165/3293/3165 3277/3405/3277 3190/3318/3190
f 3160/3288/3160 3161/3289/3161 3172/3300/3172
f 3164/3292/3164 3128/3256/3128 3127/3255/3127
f 3076/3204/3076 3084/3212/3084 2755/2883/2755
f 3277/3405/3277 3189/3317/3189 3190/3318/3190
f 3191/3319/3191 3189/3317/3189 3200/3328/3200
f 3131/3259/3131 3190/3318/3190 3172/3300/3172
f 3172/3300/3172 3190/3318/3190 3160/3288/3160
f 3277/3405/3277 3127/3255/3127 3278/3406/3278
f 3189/3317/3189 3277/3405/3277 3200/3328/3200
f 3278/3406/3278 3200/3328/3200 3277/3405/3277
f 3085/3213/3085 3062/3190/3062 3071/3199/3071
f 2755/2883/2755 3071/3199/3071 1823/1850/1823
f 3071/3199/3071 3279/3407/3279 3280/3408/3280
f 3168/3296/3168 3188/3316/3188 3166/3294/3166
f 3160/3288/3160 3189/3317/3189 3188/3316/3188
f 3278/3406/3278 3281/3409/3281 3200/3328/3200
f 3192/3320/3192 3191/3319/3191 3196/3324/3196
f 3156/3284/3156 3076/3204/3076 3196/3324/3196
f 3071/3199/3071 3084/3212/3084 3279/3407/3279
f 3191/3319/3191 3156/3284/3156 3196/3324/3196
f 3279/3407/3279 3084/3212/3084 3156/3284/3156
f 3279/3407/3279 3156/3284/3156 3199/3327/3199
f 3191/3319/3191 3199/3327/3199 3156/3284/3156
f 3118/3246/3118 3143/3271/3143 3138/3266/3138
f 3180/3308/3180 3197/3325/3197 3077/3205/3077
f 3197/3325/3197 3050/3178/3050 3077/3205/3077
f 3078/3206/3078 3047/3175/3047 3080/3208/3080
f 3050/3178/3050 3197/3325/3197 3042/3170/3042
f 3078/3206/3078 3050/3178/3050 3047/3175/3047
f 3118/3246/3118 3120/3248/3120 3143/3271/3143
f 3139/3267/3139 3143/3271/3143 3201/3329/3201
f 3142/3270/3142 3282/3410/3282 3143/3271/3143
f 3143/3271/3143 3282/3410/3282 3201/3329/3201
f 3138/3266/3138 3079/3207/3079 3118/3246/3118
f 3198/3326/3198 3140/3268/3140 3139/3267/3139
f 3139/3267/3139 3202/3330/3202 3283/3411/3283
f 3180/3308/3180 3198/3326/3198 3183/3311/3183
f 3209/3337/3209 3208/3336/3208 3284/3412/3284
f 3201/3329/3201 3282/3410/3282 3285/3413/3285
f 3285/3413/3285 3286/3414/3286 3287/3415/3287
f 3283/3411/3283 3187/3315/3187 3183/3311/3183
f 2890/3018/2890 3207/3335/3207 3288/3416/3288
f 3086/3214/3086 3085/3213/3085 3289/3417/3289
f 3202/3330/3202 3287/3415/3287 3290/3418/3290
f 3164/3292/3164 3181/3309/3181 3291/3419/3291
f 3286/3414/3286 3292/3420/3292 3293/3421/3293
f 3294/3422/3294 3295/3423/3295 3296/3424/3296
f 3287/3415/3287 3202/3330/3202 3201/3329/3201
f 3202/3330/3202 3290/3418/3290 3283/3411/3283
f 3285/3413/3285 3287/3415/3287 3201/3329/3201
f 3297/3425/3297 3298/3426/3298 3286/3414/3286
f 3139/3267/3139 3138/3266/3138 3143/3271/3143
f 3079/3207/3079 3138/3266/3138 3140/3268/3140
f 3069/3197/3069 3072/3200/3072 2176/2290/2176
f 3196/3324/3196 3072/3200/3072 3068/3196/3068
f 3299/3427/3299 3300/3428/3300 3245/3373/3245
f 2888/3016/2888 3057/3185/3057 2708/2836/2708
f 2887/3015/2887 2886/3014/2886 2721/2849/2721
f 2886/3014/2886 3301/3429/3301 3057/3185/3057
f 3302/3430/3302 3301/3429/3301 2885/3013/2885
f 3303/3431/3303 3304/3432/3304 2709/2837/2709
f 3305/3433/3305 3299/3427/3299 3262/3390/3262
f 3145/3273/3145 3303/3431/3303 2709/2837/2709
f 2888/3016/2888 2708/2836/2708 2106/2213/2106
f 2712/2840/2712 2708/2836/2708 3306/3434/3306
f 2351/2479/2351 2712/2840/2712 3145/3273/3145
f 3307/3435/3307 3308/3436/3308 3309/3437/3309
f 3306/3434/3306 3310/3438/3310 3311/3439/3311
f 1877/1913/1877 3312/3440/3312 3313/3441/3313
f 3308/3436/3308 3145/3273/3145 2712/2840/2712
f 3307/3435/3307 3314/3442/3314 3304/3432/3304
f 1842/1874/1842 1841/1873/1841 2715/2843/2715
f 2718/2846/2718 1841/1873/1841 1843/1875/1843
f 1867/1900/1867 1842/1874/1842 2715/2843/2715
f 1843/1875/1843 1842/1874/1842 2889/3017/2889
f 3083/3211/3083 3086/3214/3086 3315/3443/3315
f 3316/3444/3316 3081/3209/3081 3315/3443/3315
f 3237/3365/3237 3245/3373/3245 3238/3366/3238
f 3217/3345/3217 3246/3374/3246 3215/3343/3215
f 3317/3445/3317 3318/3446/3318 3319/3447/3319
f 2881/3009/2881 2880/3008/2880 3318/3446/3318
f 3055/3183/3055 3237/3365/3237 3217/3345/3217
f 3246/3374/3246 3217/3345/3217 3237/3365/3237
f 3254/3382/3254 3245/3373/3245 3300/3428/3300
f 3255/3383/3255 2880/3008/2880 3100/3228/3100
f 3100/3228/3100 3240/3368/3240 3246/3374/3246
f 3255/3383/3255 3100/3228/3100 3238/3366/3238
f 3320/3448/3320 3299/3427/3299 3305/3433/3305
f 2885/3013/2885 3206/3334/3206 3321/3449/3321
f 2880/3008/2880 3255/3383/3255 3318/3446/3318
f 3322/3450/3322 2881/3009/2881 3317/3445/3317
f 3245/3373/3245 3254/3382/3254 3238/3366/3238
f 3323/3451/3323 3324/3452/3324 3325/3453/3325
f 3321/3449/3321 3206/3334/3206 3323/3451/3323
f 3288/3416/3288 3326/3454/3326 2890/3018/2890
f 3325/3453/3325 3324/3452/3324 3300/3428/3300
f 3327/3455/3327 3328/3456/3328 3329/3457/3329
f 3319/3447/3319 3330/3458/3330 3331/3459/3331
f 3322/3450/3322 3317/3445/3317 3328/3456/3328
f 3001/3129/3001 3008/3136/3008 2999/3127/2999
f 1862/1895/1862 3251/3379/3251 3008/3136/3008
f 1878/1914/1878 3332/3460/3332 2774/2902/2774
f 3309/3437/3309 3308/3436/3308 3311/3439/3311
f 3276/3404/3276 2120/2229/2120 3033/3161/3033
f 3149/3277/3149 2120/2229/2120 3266/3394/3266
f 3250/3378/3250 2991/3119/2991 3269/3397/3269
f 2992/3120/2992 2991/3119/2991 3223/3351/3223
f 3153/3281/3153 3250/3378/3250 3269/3397/3269
f 3250/3378/3250 3249/3377/3249 3256/3384/3256
f 3017/3145/3017 2990/3118/2990 2992/3120/2992
f 3242/3370/3242 2991/3119/2991 2990/3118/2990
f 3274/3402/3274 3333/3461/3333 3152/3280/3152
f 3273/3401/3273 2386/2514/2386 3274/3402/3274
f 3244/3372/3244 3256/3384/3256 2384/2512/2384
f 3250/3378/3250 3256/3384/3256 3223/3351/3223
f 3025/3153/3025 3276/3404/3276 3033/3161/3033
f 3028/3156/3028 3276/3404/3276 3264/3392/3264
f 3079/3207/3079 3078/3206/3078 3108/3236/3108
f 3078/3206/3078 3077/3205/3077 3050/3178/3050
f 3283/3411/3283 3183/3311/3183 3198/3326/3198
f 3291/3419/3291 3187/3315/3187 3334/3462/3334
f 3283/3411/3283 3198/3326/3198 3139/3267/3139
f 3290/3418/3290 3187/3315/3187 3283/3411/3283
f 3320/3448/3320 3321/3449/3321 3325/3453/3325
f 2886/3014/2886 2885/3013/2885 3301/3429/3301
f 3057/3185/3057 3301/3429/3301 3335/3463/3335
f 2708/2836/2708 3057/3185/3057 3306/3434/3306
f 3335/3463/3335 3336/3464/3336 3310/3438/3310
f 3015/3143/3015 3337/3465/3337 3260/3388/3260
f 3066/3194/3066 3207/3335/3207 2889/3017/2889
f 3288/3416/3288 3207/3335/3207 3081/3209/3081
f 3066/3194/3066 2889/3017/2889 1867/1900/1867
f 3066/3194/3066 3065/3193/3065 3046/3174/3046
f 3046/3174/3046 3065/3193/3065 2730/2858/2730
f 3315/3443/3315 3046/3174/3046 3083/3211/3083
f 3293/3421/3293 3296/3424/3296 3297/3425/3297
f 3338/3466/3338 3339/3467/3339 3293/3421/3293
f 3300/3428/3300 3299/3427/3299 3320/3448/3320
f 3310/3438/3310 3306/3434/3306 3335/3463/3335
f 3321/3449/3321 3302/3430/3302 2885/3013/2885
f 3302/3430/3302 3305/3433/3305 3336/3464/3336
f 3305/3433/3305 3302/3430/3302 3320/3448/3320
f 3321/3449/3321 3320/3448/3320 3302/3430/3302
f 3263/3391/3263 3340/3468/3340 3016/3144/3016
f 3261/3389/3261 3341/3469/3341 3262/3390/3262
f 3299/3427/3299 3340/3468/3340 3263/3391/3263
f 3342/3470/3342 3343/3471/3343 3309/3437/3309
f 3016/3144/3016 3015/3143/3015 3259/3387/3259
f 3261/3389/3261 3344/3472/3344 3341/3469/3341
f 3310/3438/3310 3341/3469/3341 3342/3470/3342
f 3262/3390/3262 3341/3469/3341 3336/3464/3336
f 3311/3439/3311 3310/3438/3310 3342/3470/3342
f 3306/3434/3306 3057/3185/3057 3335/3463/3335
f 3309/3437/3309 3311/3439/3311 3342/3470/3342
f 3306/3434/3306 3311/3439/3311 2712/2840/2712
f 3342/3470/3342 3344/3472/3344 3343/3471/3343
f 3307/3435/3307 3303/3431/3303 3308/3436/3308
f 3302/3430/3302 3335/3463/3335 3301/3429/3301
f 3336/3464/3336 3305/3433/3305 3262/3390/3262
f 3014/3142/3014 3054/3182/3054 3056/3184/3056
f 1864/1897/1864 3014/3142/3014 3258/3386/3258
f 3262/3390/3262 3299/3427/3299 3263/3391/3263
f 3340/3468/3340 3299/3427/3299 3245/3373/3245
f 3245/3373/3245 3055/3183/3055 3340/3468/3340
f 3054/3182/3054 3340/3468/3340 3055/3183/3055
f 3145/3273/3145 3308/3436/3308 3303/3431/3303
f 3311/3439/3311 3308/3436/3308 2712/2840/2712
f 3310/3438/3310 3336/3464/3336 3341/3469/3341
f 3302/3430/3302 3336/3464/3336 3335/3463/3335
f 3014/3142/3014 3056/3184/3056 3258/3386/3258
f 3340/3468/3340 3054/3182/3054 3016/3144/3016
f 3258/3386/3258 1862/1895/1862 1864/1897/1864
f 3016/3144/3016 3054/3182/3054 3014/3142/3014
f 3332/3460/3332 3345/3473/3345 3011/3139/3011
f 3263/3391/3263 3259/3387/3259 3261/3389/3261
f 1863/1896/1863 3015/3143/3015 1864/1897/1864
f 3014/3142/3014 1864/1897/1864 3015/3143/3015
f 3016/3144/3016 3259/3387/3259 3263/3391/3263
f 1863/1896/1863 3345/3473/3345 3337/3465/3337
f 3206/3334/3206 2887/3015/2887 2720/2848/2720
f 3346/3474/3346 2722/2850/2722 3052/3180/3052
f 3318/3446/3318 3255/3383/3255 3319/3447/3319
f 3324/3452/3324 3255/3383/3255 3254/3382/3254
f 3330/3458/3330 3319/3447/3319 3323/3451/3323
f 3323/3451/3323 3319/3447/3319 3324/3452/3324
f 3206/3334/3206 2720/2848/2720 3346/3474/3346
f 3330/3458/3330 3323/3451/3323 3206/3334/3206
f 3255/3383/3255 3324/3452/3324 3319/3447/3319
f 3300/3428/3300 3324/3452/3324 3254/3382/3254
f 3320/3448/3320 3325/3453/3325 3300/3428/3300
f 3323/3451/3323 3325/3453/3325 3321/3449/3321
f 3347/3475/3347 3343/3471/3343 3313/3441/3313
f 3337/3465/3337 3015/3143/3015 1863/1896/1863
f 3309/3437/3309 3343/3471/3343 3307/3435/3307
f 3344/3472/3344 3348/3476/3348 3343/3471/3343
f 3349/3477/3349 3313/3441/3313 3348/3476/3348
f 3343/3471/3343 3348/3476/3348 3313/3441/3313
f 3349/3477/3349 3348/3476/3348 3337/3465/3337
f 3260/3388/3260 3337/3465/3337 3348/3476/3348
f 3341/3469/3341 3344/3472/3344 3342/3470/3342
f 3261/3389/3261 3348/3476/3348 3344/3472/3344
f 3349/3477/3349 1877/1913/1877 3313/3441/3313
f 3307/3435/3307 3343/3471/3343 3347/3475/3347
f 1878/1914/1878 1877/1913/1877 3349/3477/3349
f 3312/3440/3312 1877/1913/1877 1879/1915/1879
f 3332/3460/3332 1878/1914/1878 3349/3477/3349
f 2774/2902/2774 3020/3148/3020 1878/1914/1878
f 2771/2899/2771 3144/3272/3144 2874/3002/2874
f 3314/3442/3314 3307/3435/3307 3347/3475/3347
f 3349/3477/3349 3337/3465/3337 3345/3473/3345
f 2774/2902/2774 3332/3460/3332 3011/3139/3011
f 2499/2627/2499 2774/2902/2774 3011/3139/3011
f 3020/3148/3020 2774/2902/2774 2773/2901/2773
f 2876/3004/2876 3020/3148/3020 2773/2901/2773
f 1879/1915/1879 3020/3148/3020 3019/3147/3019
f 3144/3272/3144 1879/1915/1879 2874/3002/2874
f 3312/3440/3312 3350/3478/3350 3347/3475/3347
f 3350/3478/3350 3312/3440/3312 3144/3272/3144
f 3144/3272/3144 3312/3440/3312 1879/1915/1879
f 2714/2842/2714 2691/2819/2691 2122/2231/2122
f 3350/3478/3350 3144/3272/3144 2691/2819/2691
f 3312/3440/3312 3347/3475/3347 3313/3441/3313
f 3350/3478/3350 2713/2841/2713 3314/3442/3314
f 3011/3139/3011 3345/3473/3345 1863/1896/1863
f 3349/3477/3349 3345/3473/3345 3332/3460/3332
f 3261/3389/3261 3260/3388/3260 3348/3476/3348
f 3015/3143/3015 3260/3388/3260 3259/3387/3259
f 2201/2319/2201 2714/2842/2714 2122/2231/2122
f 2713/2841/2713 2714/2842/2714 2710/2838/2710
f 3304/3432/3304 3314/3442/3314 2713/2841/2713
f 3350/3478/3350 2691/2819/2691 2713/2841/2713
f 3350/3478/3350 3314/3442/3314 3347/3475/3347
f 3304/3432/3304 2713/2841/2713 2710/2838/2710
f 2709/2837/2709 3304/3432/3304 2710/2838/2710
f 3307/3435/3307 3304/3432/3304 3303/3431/3303
f 2378/2506/2378 2384/2512/2384 3256/3384/3256
f 2379/2507/2379 2378/2506/2378 3333/3461/3333
f 3274/3402/3274 3152/3280/3152 3151/3279/3151
f 2378/2506/2378 3152/3280/3152 3333/3461/3333
f 3272/3400/3272 3274/3402/3274 3151/3279/3151
f 2260/2380/2260 3271/3399/3271 3273/3401/3273
f 2377/2505/2377 2386/2514/2386 2381/2509/2381
f 3333/3461/3333 3274/3402/3274 2386/2514/2386
f 2381/2509/2381 2386/2514/2386 3271/3399/3271
f 3273/3401/3273 3271/3399/3271 2386/2514/2386
f 2377/2505/2377 2381/2509/2381 2264/2384/2264
f 2379/2507/2379 2377/2505/2377 2218/2336/2218
f 2380/2508/2380 2379/2507/2379 2218/2336/2218
f 2386/2514/2386 2379/2507/2379 3333/3461/3333
f 3046/3174/3046 3315/3443/3315 3081/3209/3081
f 3351/3479/3351 3352/3480/3352 3338/3466/3338
f 2722/2850/2722 2719/2847/2719 3052/3180/3052
f 3330/3458/3330 3206/3334/3206 3346/3474/3346
f 3064/3192/3064 3326/3454/3326 3353/3481/3353
f 3211/3339/3211 3053/3181/3053 3052/3180/3052
f 2720/2848/2720 2887/3015/2887 2721/2849/2721
f 2722/2850/2722 3346/3474/3346 2720/2848/2720
f 3352/3480/3352 3339/3467/3339 3338/3466/3338
f 3354/3482/3354 3329/3457/3329 3205/3333/3205
f 3352/3480/3352 3326/3454/3326 3288/3416/3288
f 3064/3192/3064 3353/3481/3353 3211/3339/3211
f 3064/3192/3064 3211/3339/3211 2717/2845/2717
f 3353/3481/3353 3355/3483/3355 3053/3181/3053
f 1843/1875/1843 3064/3192/3064 2717/2845/2717
f 3326/3454/3326 3064/3192/3064 2890/3018/2890
f 3317/3445/3317 3356/3484/3356 3328/3456/3328
f 3357/3485/3357 3285/3413/3285 3282/3410/3282
f 3103/3231/3103 3104/3232/3104 3141/3269/3141
f 3104/3232/3104 3137/3265/3137 3124/3252/3124
f 3327/3455/3327 3329/3457/3329 3358/3486/3358
f 3142/3270/3142 3125/3253/3125 3210/3338/3210
f 3359/3487/3359 3327/3455/3327 3360/3488/3360
f 3351/3479/3351 3353/3481/3353 3326/3454/3326
f 3209/3337/3209 3282/3410/3282 3142/3270/3142
f 3361/3489/3361 3362/3490/3362 3284/3412/3284
f 3125/3253/3125 3124/3252/3124 3210/3338/3210
f 3208/3336/3208 3210/3338/3210 3124/3252/3124
f 3360/3488/3360 3124/3252/3124 3137/3265/3137
f 3209/3337/3209 3284/3412/3284 3357/3485/3357
f 3282/3410/3282 3209/3337/3209 3357/3485/3357
f 3210/3338/3210 3209/3337/3209 3142/3270/3142
f 3107/3235/3107 3117/3245/3117 3212/3340/3212
f 3242/3370/3242 3106/3234/3106 3248/3376/3248
f 3248/3376/3248 3212/3340/3212 3213/3341/3213
f 3107/3235/3107 3212/3340/3212 3106/3234/3106
f 3181/3309/3181 3187/3315/3187 3291/3419/3291
f 3281/3409/3281 3363/3491/3363 3364/3492/3364
f 3287/3415/3287 3286/3414/3286 3298/3426/3298
f 3280/3408/3280 3364/3492/3364 3289/3417/3289
f 3334/3462/3334 3187/3315/3187 3290/3418/3290
f 3291/3419/3291 3365/3493/3365 3128/3256/3128
f 3131/3259/3131 3130/3258/3130 3165/3293/3165
f 3186/3314/3186 3130/3258/3130 3132/3260/3132
f 3182/3310/3182 3186/3314/3186 3178/3306/3178
f 3181/3309/3181 3164/3292/3164 3186/3314/3186
f 3364/3492/3364 3363/3491/3363 3366/3494/3366
f 3277/3405/3277 3165/3293/3165 3127/3255/3127
f 3278/3406/3278 3126/3254/3126 3363/3491/3363
f 3280/3408/3280 3279/3407/3279 3281/3409/3281
f 3164/3292/3164 3127/3255/3127 3165/3293/3165
f 3126/3254/3126 3278/3406/3278 3127/3255/3127
f 3126/3254/3126 3128/3256/3128 3366/3494/3366
f 3367/3495/3367 3364/3492/3364 3366/3494/3366
f 3366/3494/3366 3363/3491/3363 3126/3254/3126
f 3281/3409/3281 3364/3492/3364 3280/3408/3280
f 3291/3419/3291 3128/3256/3128 3164/3292/3164
f 3366/3494/3366 3128/3256/3128 3365/3493/3365
f 3071/3199/3071 3280/3408/3280 3085/3213/3085
f 3279/3407/3279 3199/3327/3199 3281/3409/3281
f 3295/3423/3295 3366/3494/3366 3365/3493/3365
f 3367/3495/3367 3366/3494/3366 3294/3422/3294
f 3295/3423/3295 3334/3462/3334 3298/3426/3298
f 3295/3423/3295 3298/3426/3298 3297/3425/3297
f 3334/3462/3334 3295/3423/3295 3365/3493/3365
f 3290/3418/3290 3287/3415/3287 3298/3426/3298
f 3297/3425/3297 3286/3414/3286 3293/3421/3293
f 3295/3423/3295 3297/3425/3297 3296/3424/3296
f 3292/3420/3292 3285/3413/3285 3362/3490/3362
f 3285/3413/3285 3357/3485/3357 3362/3490/3362
f 3291/3419/3291 3334/3462/3334 3365/3493/3365
f 3290/3418/3290 3298/3426/3298 3334/3462/3334
f 3361/3489/3361 3358/3486/3358 3354/3482/3354
f 3354/3482/3354 3205/3333/3205 3355/3483/3355
f 3284/3412/3284 3362/3490/3362 3357/3485/3357
f 3292/3420/3292 3362/3490/3362 3368/3496/3368
f 3292/3420/3292 3368/3496/3368 3369/3497/3369
f 3285/3413/3285 3292/3420/3292 3286/3414/3286
f 3370/3498/3370 3339/3467/3339 3371/3499/3371
f 3367/3495/3367 3289/3417/3289 3364/3492/3364
f 3294/3422/3294 3366/3494/3366 3295/3423/3295
f 3289/3417/3289 3367/3495/3367 3372/3500/3372
f 3086/3214/3086 3289/3417/3289 3372/3500/3372
f 3289/3417/3289 3085/3213/3085 3280/3408/3280
f 3372/3500/3372 3370/3498/3370 3086/3214/3086
f 3086/3214/3086 3083/3211/3083 3082/3210/3082
f 3371/3499/3371 3086/3214/3086 3370/3498/3370
f 3288/3416/3288 3316/3444/3316 3352/3480/3352
f 3086/3214/3086 3371/3499/3371 3315/3443/3315
f 3315/3443/3315 3371/3499/3371 3316/3444/3316
f 3316/3444/3316 3288/3416/3288 3081/3209/3081
f 3339/3467/3339 3316/3444/3316 3371/3499/3371
f 3370/3498/3370 3294/3422/3294 3296/3424/3296
f 3367/3495/3367 3294/3422/3294 3372/3500/3372
f 3200/3328/3200 3281/3409/3281 3199/3327/3199
f 3363/3491/3363 3281/3409/3281 3278/3406/3278
f 3339/3467/3339 3352/3480/3352 3316/3444/3316
f 3296/3424/3296 3293/3421/3293 3339/3467/3339
f 3373/3501/3373 3338/3466/3338 3369/3497/3369
f 3373/3501/3373 3369/3497/3369 3354/3482/3354
f 3352/3480/3352 3351/3479/3351 3326/3454/3326
f 3355/3483/3355 3351/3479/3351 3373/3501/3373
f 3294/3422/3294 3370/3498/3370 3372/3500/3372
f 3339/3467/3339 3370/3498/3370 3296/3424/3296
f 3369/3497/3369 3338/3466/3338 3293/3421/3293
f 3351/3479/3351 3338/3466/3338 3373/3501/3373
f 3292/3420/3292 3369/3497/3369 3293/3421/3293
f 3369/3497/3369 3368/3496/3368 3354/3482/3354
f 3361/3489/3361 3354/3482/3354 3368/3496/3368
f 3356/3484/3356 3329/3457/3329 3328/3456/3328
f 3362/3490/3362 3361/3489/3361 3368/3496/3368
f 3361/3489/3361 3284/3412/3284 3327/3455/3327
f 3360/3488/3360 3284/3412/3284 3208/3336/3208
f 3374/3502/3374 3375/3503/3375 3136/3264/3136
f 3051/3179/3051 3053/3181/3053 3204/3332/3204
f 3355/3483/3355 3373/3501/3373 3354/3482/3354
f 3353/3481/3353 3053/3181/3053 3211/3339/3211
f 3331/3459/3331 3051/3179/3051 3204/3332/3204
f 3330/3458/3330 3346/3474/3346 3051/3179/3051
f 3052/3180/3052 3051/3179/3051 3346/3474/3346
f 3354/3482/3354 3358/3486/3358 3329/3457/3329
f 3361/3489/3361 3327/3455/3327 3358/3486/3358
f 3328/3456/3328 3359/3487/3359 3376/3504/3376
f 3098/3226/3098 3227/3355/3227 3236/3364/3236
f 3236/3364/3236 3377/3505/3377 3376/3504/3376
f 3235/3363/3235 3231/3359/3231 3230/3358/3230
f 3317/3445/3317 2881/3009/2881 3318/3446/3318
f 2881/3009/2881 3377/3505/3377 3235/3363/3235
f 2879/3007/2879 3235/3363/3235 3230/3358/3230
f 3235/3363/3235 3377/3505/3377 3236/3364/3236
f 3236/3364/3236 3227/3355/3227 3231/3359/3231
f 3322/3450/3322 3376/3504/3376 3377/3505/3377
f 3359/3487/3359 3328/3456/3328 3327/3455/3327
f 3236/3364/3236 3376/3504/3376 3374/3502/3374
f 3203/3331/3203 3329/3457/3329 3356/3484/3356
f 3205/3333/3205 3204/3332/3204 3355/3483/3355
f 3053/3181/3053 3355/3483/3355 3204/3332/3204
f 3351/3479/3351 3355/3483/3355 3353/3481/3353
f 3317/3445/3317 3319/3447/3319 3331/3459/3331
f 3203/3331/3203 3205/3333/3205 3329/3457/3329
f 3376/3504/3376 3322/3450/3322 3328/3456/3328
f 2881/3009/2881 3322/3450/3322 3377/3505/3377
f 3327/3455/3327 3284/3412/3284 3360/3488/3360
f 3359/3487/3359 3360/3488/3360 3375/3503/3375
f 3124/3252/3124 3360/3488/3360 3208/3336/3208
f 3375/3503/3375 3360/3488/3360 3137/3265/3137
f 3136/3264/3136 3375/3503/3375 3137/3265/3137
f 3359/3487/3359 3375/3503/3375 3376/3504/3376
f 3137/3265/3137 3104/3232/3104 3099/3227/3099
f 3374/3502/3374 3098/3226/3098 3236/3364/3236
f 2981/3109/2981 3099/3227/3099 3103/3231/3103
f 3098/3226/3098 3136/3264/3136 3099/3227/3099
f 3331/3459/3331 3330/3458/3330 3051/3179/3051
f 3317/3445/3317 3331/3459/3331 3356/3484/3356
f 3356/3484/3356 3331/3459/3331 3203/3331/3203
f 3204/3332/3204 3203/3331/3203 3331/3459/3331
f 3375/3503/3375 3374/3502/3374 3376/3504/3376
f 3098/3226/3098 3374/3502/3374 3136/3264/3136
f 3378/3506/3378 90/3507/90 2/3508/2
f 3378/3506/3378 2/3508/2 3379/3509/3379
f 3380/3510/3380 2/3508/2 486/3511/486
f 3381/3512/3381 3379/3509/3379 3382/3513/3382
f 3379/3509/3379 3381/3512/3381 3378/3506/3378
f 3383/3514/3383 3382/3513/3382 3380/3510/3380
f 3380/3510/3380 3382/3513/3382 3379/3509/3379
f 3379/3509/3379 2/3508/2 3380/3510/3380
f 3381/3512/3381 3382/3513/3382 3384/3515/3384
f 486/3511/486 3385/3516/3385 3380/3510/3380
f 233/3517/233 241/3518/241 3385/3516/3385
f 245/3519/245 489/3520/489 3386/3521/3386
f 241/3518/241 245/3519/245 3387/3522/3387
f 3388/3523/3388 3380/3510/3380 3385/3516/3385
f 3387/3522/3387 3385/3516/3385 241/3518/241
f 3389/3524/3389 3387/3522/3387 3390/3525/3390
f 3386/3521/3386 3390/3525/3390 245/3519/245
f 3387/3522/3387 245/3519/245 3390/3525/3390
f 3391/3526/3391 3385/3516/3385 3387/3522/3387
f 489/3520/489 266/3527/266 3386/3521/3386
f 233/3517/233 3385/3516/3385 486/3511/486
f 3389/3524/3389 3390/3525/3390 3386/3521/3386
f 3392/3528/3392 3384/3515/3384 3393/3529/3393
f 3392/3528/3392 3381/3512/3381 3384/3515/3384
f 3384/3515/3384 3383/3514/3383 3394/3530/3394
f 3388/3523/3388 3383/3514/3383 3380/3510/3380
f 3382/3513/3382 3383/3514/3383 3384/3515/3384
f 3394/3530/3394 3383/3514/3383 3388/3523/3388
f 3395/3531/3395 3393/3529/3393 3396/3532/3396
f 3395/3531/3395 3392/3528/3392 3393/3529/3393
f 3394/3530/3394 3397/3533/3397 3393/3529/3393
f 3398/3534/3398 3397/3533/3397 3394/3530/3394
f 3384/3515/3384 3394/3530/3394 3393/3529/3393
f 3393/3529/3393 3397/3533/3397 3399/3535/3399
f 3394/3530/3394 3388/3523/3388 3400/3536/3400
f 3400/3536/3400 3391/3526/3391 3401/3537/3401
f 3391/3526/3391 3400/3536/3400 3388/3523/3388
f 3401/3537/3401 3389/3524/3389 3402/3538/3402
f 3389/3524/3389 3401/3537/3401 3391/3526/3391
f 3391/3526/3391 3387/3522/3387 3389/3524/3389
f 3400/3536/3400 3401/3537/3401 3403/3539/3403
f 3398/3534/3398 3403/3539/3403 3404/3540/3404
f 3398/3534/3398 3400/3536/3400 3403/3539/3403
f 3402/3538/3402 3405/3541/3405 3406/3542/3406
f 3405/3541/3405 3402/3538/3402 3389/3524/3389
f 3406/3542/3406 3405/3541/3405 3407/3543/3407
f 3402/3538/3402 3406/3542/3406 3403/3539/3403
f 3401/3537/3401 3402/3538/3402 3403/3539/3403
f 3403/3539/3403 3406/3542/3406 3408/3544/3408
f 3405/3541/3405 3389/3524/3389 3409/3545/3409
f 3400/3536/3400 3398/3534/3398 3394/3530/3394
f 3388/3523/3388 3385/3516/3385 3391/3526/3391
f 3397/3533/3397 3398/3534/3398 3410/3546/3410
f 3389/3524/3389 3386/3521/3386 3409/3545/3409
f 3411/3547/3411 3409/3545/3409 3386/3521/3386
f 3412/3548/3412 3411/3547/3411 266/3527/266
f 3412/3548/3412 266/3527/266 255/3549/255
f 3412/3548/3412 255/3549/255 259/3550/259
f 3409/3545/3409 3413/3551/3413 3414/3552/3414
f 3409/3545/3409 3411/3547/3411 3413/3551/3413
f 3412/3548/3412 3415/3553/3415 3413/3551/3413
f 3416/3554/3416 3415/3553/3415 3412/3548/3412
f 3411/3547/3411 3412/3548/3412 3413/3551/3413
f 3413/3551/3413 3415/3553/3415 3417/3555/3417
f 3412/3548/3412 259/3550/259 3416/3554/3416
f 3411/3547/3411 3386/3521/3386 266/3527/266
f 261/3556/261 590/3557/590 3418/3558/3418
f 443/3559/443 442/3560/442 3419/3561/3419
f 590/3557/590 443/3559/443 3419/3561/3419
f 3415/3553/3415 3416/3554/3416 3420/3562/3420
f 3418/3558/3418 3416/3554/3416 261/3556/261
f 3421/3563/3421 3418/3558/3418 3422/3564/3422
f 3419/3561/3419 3422/3564/3422 590/3557/590
f 3423/3565/3423 3419/3561/3419 442/3560/442
f 3424/3566/3424 3422/3564/3422 3419/3561/3419
f 3418/3558/3418 590/3557/590 3422/3564/3422
f 3425/3567/3425 3416/3554/3416 3418/3558/3418
f 442/3560/442 528/3568/528 3423/3565/3423
f 261/3556/261 3416/3554/3416 259/3550/259
f 3426/3569/3426 3419/3561/3419 3423/3565/3423
f 3414/3552/3414 3417/3555/3417 3427/3570/3427
f 3414/3552/3414 3413/3551/3413 3417/3555/3417
f 3428/3571/3428 3417/3555/3417 3415/3553/3415
f 3428/3571/3428 3420/3562/3420 3429/3572/3429
f 3420/3562/3420 3428/3571/3428 3415/3553/3415
f 3417/3555/3417 3428/3571/3428 3430/3573/3430
f 3407/3543/3407 3427/3570/3427 3431/3574/3431
f 3427/3570/3427 3407/3543/3407 3414/3552/3414
f 3430/3573/3430 3432/3575/3432 3433/3576/3433
f 3432/3575/3432 3430/3573/3430 3428/3571/3428
f 3427/3570/3427 3417/3555/3417 3430/3573/3430
f 3427/3570/3427 3430/3573/3430 3434/3577/3434
f 3428/3571/3428 3429/3572/3429 3432/3575/3432
f 3407/3543/3407 3405/3541/3405 3414/3552/3414
f 3425/3567/3425 3421/3563/3421 3435/3578/3435
f 3421/3563/3421 3425/3567/3425 3418/3558/3418
f 3424/3566/3424 3426/3569/3426 3436/3579/3436
f 3426/3569/3426 3424/3566/3424 3419/3561/3419
f 3421/3563/3421 3422/3564/3422 3424/3566/3424
f 3421/3563/3421 3424/3566/3424 3437/3580/3437
f 3429/3572/3429 3438/3581/3438 3432/3575/3432
f 3438/3581/3438 3429/3572/3429 3435/3578/3435
f 3438/3581/3438 3435/3578/3435 3439/3582/3439
f 3437/3580/3437 3435/3578/3435 3421/3563/3421
f 3436/3579/3436 3437/3580/3437 3424/3566/3424
f 3439/3582/3439 3435/3578/3435 3437/3580/3437
f 3429/3572/3429 3425/3567/3425 3435/3578/3435
f 3440/3583/3440 3437/3580/3437 3436/3579/3436
f 3426/3569/3426 3441/3584/3441 3436/3579/3436
f 3425/3567/3425 3429/3572/3429 3420/3562/3420
f 3420/3562/3420 3416/3554/3416 3425/3567/3425
f 3432/3575/3432 3438/3581/3438 3442/3585/3442
f 3423/3565/3423 3443/3586/3443 3426/3569/3426
f 3414/3552/3414 3405/3541/3405 3409/3545/3409
f 3406/3542/3406 3407/3543/3407 3444/3587/3444
f 3445/3588/3445 3396/3532/3396 3446/3589/3446
f 3445/3588/3445 3395/3531/3395 3396/3532/3396
f 3399/3535/3399 3410/3546/3410 3447/3590/3447
f 3399/3535/3399 3397/3533/3397 3410/3546/3410
f 3393/3529/3393 3399/3535/3399 3396/3532/3396
f 3396/3532/3396 3399/3535/3399 3447/3590/3447
f 3448/3591/3448 3449/3592/3449 3446/3589/3446
f 3446/3589/3446 3449/3592/3449 3445/3588/3445
f 3450/3593/3450 3447/3590/3447 3451/3594/3451
f 3451/3594/3451 3447/3590/3447 3410/3546/3410
f 3446/3589/3446 3396/3532/3396 3447/3590/3447
f 3452/3595/3452 3446/3589/3446 3447/3590/3447
f 3410/3546/3410 3404/3540/3404 3451/3594/3451
f 3404/3540/3404 3453/3596/3453 3451/3594/3451
f 3453/3596/3453 3404/3540/3404 3408/3544/3408
f 3453/3596/3453 3408/3544/3408 3454/3597/3454
f 3408/3544/3408 3406/3542/3406 3444/3587/3444
f 3403/3539/3403 3408/3544/3408 3404/3540/3404
f 3455/3598/3455 3408/3544/3408 3444/3587/3444
f 3453/3596/3453 3456/3599/3456 3457/3600/3457
f 3456/3599/3456 3453/3596/3453 3454/3597/3454
f 3454/3597/3454 3458/3601/3458 3456/3599/3456
f 3458/3601/3458 3454/3597/3454 3455/3598/3455
f 3459/3602/3459 3458/3601/3458 3455/3598/3455
f 3456/3599/3456 3458/3601/3458 3460/3603/3460
f 3454/3597/3454 3408/3544/3408 3455/3598/3455
f 3457/3600/3457 3456/3599/3456 3461/3604/3461
f 3455/3598/3455 3444/3587/3444 3462/3605/3462
f 3453/3596/3453 3457/3600/3457 3451/3594/3451
f 3398/3534/3398 3404/3540/3404 3410/3546/3410
f 3451/3594/3451 3457/3600/3457 3450/3593/3450
f 3463/3606/3463 3464/3607/3464 3448/3591/3448
f 3448/3591/3448 3464/3607/3464 3449/3592/3449
f 3452/3595/3452 3465/3608/3465 3448/3591/3448
f 3465/3608/3465 3452/3595/3452 3466/3609/3466
f 3448/3591/3448 3446/3589/3446 3452/3595/3452
f 3463/3606/3463 3448/3591/3448 3465/3608/3465
f 3467/3610/3467 3468/3611/3468 3469/3612/3469
f 3463/3606/3463 3469/3612/3469 3468/3611/3468
f 3470/3613/3470 3469/3612/3469 3463/3606/3463
f 3468/3611/3468 3464/3607/3464 3463/3606/3463
f 3463/3606/3463 3465/3608/3465 3470/3613/3470
f 3450/3593/3450 3471/3614/3471 3466/3609/3466
f 3450/3593/3450 3457/3600/3457 3471/3614/3471
f 3471/3614/3471 3461/3604/3461 3472/3615/3472
f 3471/3614/3471 3457/3600/3457 3461/3604/3461
f 3456/3599/3456 3460/3603/3460 3461/3604/3461
f 3473/3616/3473 3472/3615/3472 3461/3604/3461
f 3465/3608/3465 3474/3617/3474 3470/3613/3470
f 3465/3608/3465 3466/3609/3466 3474/3617/3474
f 3475/3618/3475 3474/3617/3474 3466/3609/3466
f 3475/3618/3475 3466/3609/3466 3471/3614/3471
f 3471/3614/3471 3472/3615/3472 3475/3618/3475
f 3461/3604/3461 3460/3603/3460 3473/3616/3473
f 3466/3609/3466 3452/3595/3452 3450/3593/3450
f 3452/3595/3452 3447/3590/3447 3450/3593/3450
f 3458/3601/3458 3476/3619/3476 3460/3603/3460
f 3431/3574/3431 3434/3577/3434 3477/3620/3477
f 3431/3574/3431 3427/3570/3427 3434/3577/3434
f 3433/3576/3433 3442/3585/3442 3478/3621/3478
f 3433/3576/3433 3432/3575/3432 3442/3585/3442
f 3430/3573/3430 3433/3576/3433 3434/3577/3434
f 3434/3577/3434 3433/3576/3433 3479/3622/3479
f 3480/3623/3480 3462/3605/3462 3477/3620/3477
f 3477/3620/3477 3462/3605/3462 3431/3574/3431
f 3481/3624/3481 3479/3622/3479 3478/3621/3478
f 3478/3621/3478 3479/3622/3479 3433/3576/3433
f 3477/3620/3477 3434/3577/3434 3479/3622/3479
f 3482/3625/3482 3477/3620/3477 3479/3622/3479
f 3442/3585/3442 3483/3626/3483 3478/3621/3478
f 3459/3602/3459 3455/3598/3455 3462/3605/3462
f 3439/3582/3439 3484/3627/3484 3442/3585/3442
f 3484/3627/3484 3439/3582/3439 3440/3583/3440
f 3484/3627/3484 3440/3583/3440 3485/3628/3485
f 3486/3629/3486 3440/3583/3440 3436/3579/3436
f 3439/3582/3439 3437/3580/3437 3440/3583/3440
f 3485/3628/3485 3440/3583/3440 3486/3629/3486
f 3483/3626/3483 3487/3630/3487 3478/3621/3478
f 3487/3630/3487 3483/3626/3483 3488/3631/3488
f 3489/3632/3489 3485/3628/3485 3490/3633/3490
f 3489/3632/3489 3483/3626/3483 3484/3627/3484
f 3488/3631/3488 3489/3632/3489 3491/3634/3491
f 3489/3632/3489 3488/3631/3488 3483/3626/3483
f 3484/3627/3484 3485/3628/3485 3489/3632/3489
f 3487/3630/3487 3488/3631/3488 3492/3635/3492
f 3488/3631/3488 3493/3636/3493 3492/3635/3492
f 3484/3627/3484 3483/3626/3483 3442/3585/3442
f 3444/3587/3444 3407/3543/3407 3431/3574/3431
f 3478/3621/3478 3487/3630/3487 3481/3624/3481
f 3459/3602/3459 3480/3623/3480 3494/3637/3494
f 3459/3602/3459 3462/3605/3462 3480/3623/3480
f 3495/3638/3495 3494/3637/3494 3496/3639/3496
f 3480/3623/3480 3497/3640/3497 3494/3637/3494
f 3477/3620/3477 3482/3625/3482 3480/3623/3480
f 3459/3602/3459 3494/3637/3494 3476/3619/3476
f 3460/3603/3460 3498/3641/3498 3473/3616/3473
f 3460/3603/3460 3476/3619/3476 3498/3641/3498
f 3495/3638/3495 3498/3641/3498 3476/3619/3476
f 3476/3619/3476 3494/3637/3494 3495/3638/3495
f 3497/3640/3497 3480/3623/3480 3482/3625/3482
f 3458/3601/3458 3459/3602/3459 3476/3619/3476
f 3499/3642/3499 3497/3640/3497 3482/3625/3482
f 3499/3642/3499 3481/3624/3481 3500/3643/3500
f 3499/3642/3499 3500/3643/3500 3501/3644/3501
f 3500/3643/3500 3481/3624/3481 3487/3630/3487
f 3487/3630/3487 3492/3635/3492 3500/3643/3500
f 3502/3645/3502 3500/3643/3500 3492/3635/3492
f 3497/3640/3497 3496/3639/3496 3494/3637/3494
f 3496/3639/3496 3497/3640/3497 3503/3646/3503
f 3503/3646/3503 3497/3640/3497 3499/3642/3499
f 3503/3646/3503 3499/3642/3499 3501/3644/3501
f 3500/3643/3500 3502/3645/3502 3501/3644/3501
f 3502/3645/3502 3492/3635/3492 3504/3647/3504
f 3499/3642/3499 3482/3625/3482 3481/3624/3481
f 3482/3625/3482 3479/3622/3479 3481/3624/3481
f 3485/3628/3485 3486/3629/3486 3505/3648/3505
f 3462/3605/3462 3444/3587/3444 3431/3574/3431
f 3438/3581/3438 3439/3582/3439 3442/3585/3442
f 3436/3579/3436 3441/3584/3441 3486/3629/3486
f 3506/3649/3506 3426/3569/3426 3443/3586/3443
f 3443/3586/3443 528/3568/528 527/3650/527
f 3443/3586/3443 527/3650/527 3507/3651/3507
f 3507/3651/3507 527/3650/527 123/3652/123
f 3506/3649/3506 3507/3651/3507 3508/3653/3508
f 3507/3651/3507 3506/3649/3506 3443/3586/3443
f 3508/3653/3508 3509/3654/3509 3510/3655/3510
f 3509/3654/3509 3508/3653/3508 3507/3651/3507
f 3507/3651/3507 123/3652/123 3509/3654/3509
f 3506/3649/3506 3508/3653/3508 3511/3656/3511
f 123/3652/123 122/3657/122 3509/3654/3509
f 3441/3584/3441 3426/3569/3426 3506/3649/3506
f 3512/3658/3512 122/3657/122 417/3659/417
f 3512/3658/3512 3510/3655/3510 3509/3654/3509
f 3512/3658/3512 417/3659/417 3513/3660/3513
f 3513/3660/3513 417/3659/417 416/3661/416
f 3510/3655/3510 3514/3662/3514 3515/3663/3515
f 3510/3655/3510 3512/3658/3512 3514/3662/3514
f 3513/3660/3513 3516/3664/3516 3517/3665/3517
f 3516/3664/3516 3513/3660/3513 416/3661/416
f 3517/3665/3517 3516/3664/3516 3518/3666/3518
f 3513/3660/3513 3517/3665/3517 3514/3662/3514
f 3512/3658/3512 3513/3660/3513 3514/3662/3514
f 3514/3662/3514 3517/3665/3517 3519/3667/3519
f 3518/3666/3518 3516/3664/3516 3520/3668/3520
f 3512/3658/3512 3509/3654/3509 122/3657/122
f 3508/3653/3508 3510/3655/3510 3521/3669/3521
f 3522/3670/3522 3505/3648/3505 3486/3629/3486
f 3522/3670/3522 3441/3584/3441 3511/3656/3511
f 3522/3670/3522 3511/3656/3511 3523/3671/3523
f 3511/3656/3511 3508/3653/3508 3521/3669/3521
f 3506/3649/3506 3511/3656/3511 3441/3584/3441
f 3523/3671/3523 3511/3656/3511 3521/3669/3521
f 3505/3648/3505 3524/3672/3524 3525/3673/3525
f 3505/3648/3505 3522/3670/3522 3524/3672/3524
f 3523/3671/3523 3526/3674/3526 3524/3672/3524
f 3527/3675/3527 3526/3674/3526 3523/3671/3523
f 3522/3670/3522 3523/3671/3523 3524/3672/3524
f 3524/3672/3524 3526/3674/3526 3528/3676/3528
f 3523/3671/3523 3521/3669/3521 3527/3675/3527
f 3486/3629/3486 3441/3584/3441 3522/3670/3522
f 3515/3663/3515 3519/3667/3519 3529/3677/3529
f 3515/3663/3515 3514/3662/3514 3519/3667/3519
f 3530/3678/3530 3519/3667/3519 3517/3665/3517
f 3530/3678/3530 3518/3666/3518 3531/3679/3531
f 3521/3669/3521 3510/3655/3510 3515/3663/3515
f 3519/3667/3519 3530/3678/3530 3532/3680/3532
f 3526/3674/3526 3527/3675/3527 3533/3681/3533
f 3527/3675/3527 3515/3663/3515 3529/3677/3529
f 3530/3678/3530 3534/3682/3534 3532/3680/3532
f 3532/3680/3532 3529/3677/3529 3519/3667/3519
f 3534/3682/3534 3531/3679/3531 3535/3683/3535
f 3536/3684/3536 3529/3677/3529 3532/3680/3532
f 3534/3682/3534 3530/3678/3530 3531/3679/3531
f 3537/3685/3537 3527/3675/3527 3529/3677/3529
f 3531/3679/3531 3518/3666/3518 3538/3686/3538
f 3515/3663/3515 3527/3675/3527 3521/3669/3521
f 3518/3666/3518 3530/3678/3530 3517/3665/3517
f 3534/3682/3534 3539/3687/3539 3532/3680/3532
f 3516/3664/3516 416/3661/416 693/3688/693
f 3443/3586/3443 3423/3565/3423 528/3568/528
f 693/3688/693 3520/3668/3520 3516/3664/3516
f 3520/3668/3520 693/3688/693 533/3689/533
f 3520/3668/3520 533/3689/533 3540/3690/3540
f 3540/3690/3540 533/3689/533 428/3691/428
f 3538/3686/3538 3540/3690/3540 3541/3692/3541
f 3540/3690/3540 3538/3686/3538 3520/3668/3520
f 3541/3692/3541 3542/3693/3542 3543/3694/3543
f 3542/3693/3542 3541/3692/3541 3540/3690/3540
f 3540/3690/3540 428/3691/428 3542/3693/3542
f 3538/3686/3538 3541/3692/3541 3544/3695/3544
f 428/3691/428 150/3696/150 3542/3693/3542
f 3520/3668/3520 3538/3686/3538 3518/3666/3518
f 150/3696/150 61/3697/61 3545/3698/3545
f 55/3699/55 144/3700/144 3546/3701/3546
f 61/3697/61 55/3699/55 3546/3701/3546
f 3547/3702/3547 3543/3694/3543 3548/3703/3548
f 3543/3694/3543 3542/3693/3542 3548/3703/3548
f 3549/3704/3549 3548/3703/3548 3545/3698/3545
f 3546/3701/3546 3545/3698/3545 61/3697/61
f 3550/3705/3550 3546/3701/3546 144/3700/144
f 3551/3706/3551 3545/3698/3545 3546/3701/3546
f 3548/3703/3548 150/3696/150 3545/3698/3545
f 3552/3707/3552 3546/3701/3546 3550/3705/3550
f 3548/3703/3548 3542/3693/3542 150/3696/150
f 3541/3692/3541 3543/3694/3543 3553/3708/3553
f 3544/3695/3544 3553/3708/3553 3554/3709/3554
f 3544/3695/3544 3541/3692/3541 3553/3708/3553
f 3547/3702/3547 3555/3710/3555 3553/3708/3553
f 3555/3710/3555 3547/3702/3547 3549/3704/3549
f 3543/3694/3543 3547/3702/3547 3553/3708/3553
f 3553/3708/3553 3555/3710/3555 3556/3711/3556
f 3557/3712/3557 3534/3682/3534 3535/3683/3535
f 3558/3713/3558 3535/3683/3535 3544/3695/3544
f 3559/3714/3559 3558/3713/3558 3554/3709/3554
f 3556/3711/3556 3554/3709/3554 3553/3708/3553
f 3558/3713/3558 3544/3695/3544 3554/3709/3554
f 3560/3715/3560 3535/3683/3535 3558/3713/3558
f 3555/3710/3555 3561/3716/3561 3556/3711/3556
f 3535/3683/3535 3531/3679/3531 3544/3695/3544
f 3549/3704/3549 3562/3717/3562 3555/3710/3555
f 3562/3717/3562 3549/3704/3549 3551/3706/3551
f 3562/3717/3562 3551/3706/3551 3563/3718/3563
f 3552/3707/3552 3551/3706/3551 3546/3701/3546
f 3549/3704/3549 3545/3698/3545 3551/3706/3551
f 3564/3719/3564 3551/3706/3551 3552/3707/3552
f 3561/3716/3561 3563/3718/3563 3565/3720/3565
f 3563/3718/3563 3561/3716/3561 3562/3717/3562
f 3565/3720/3565 3564/3719/3564 3566/3721/3566
f 3564/3719/3564 3565/3720/3565 3563/3718/3563
f 3567/3722/3567 3561/3716/3561 3565/3720/3565
f 3563/3718/3563 3551/3706/3551 3564/3719/3564
f 3568/3723/3568 3556/3711/3556 3561/3716/3561
f 3562/3717/3562 3561/3716/3561 3555/3710/3555
f 3547/3702/3547 3548/3703/3548 3549/3704/3549
f 3569/3724/3569 3554/3709/3554 3556/3711/3556
f 3544/3695/3544 3531/3679/3531 3538/3686/3538
f 3570/3725/3570 3565/3720/3565 3566/3721/3566
f 3571/3726/3571 3490/3633/3490 3525/3673/3525
f 3490/3633/3490 3505/3648/3505 3525/3673/3525
f 3524/3672/3524 3528/3676/3528 3525/3673/3525
f 3537/3685/3537 3533/3681/3533 3527/3675/3527
f 3572/3727/3572 3526/3674/3526 3533/3681/3533
f 3573/3728/3573 3533/3681/3533 3537/3685/3537
f 3528/3676/3528 3572/3727/3572 3574/3729/3574
f 3528/3676/3528 3526/3674/3526 3572/3727/3572
f 3575/3730/3575 3572/3727/3572 3573/3728/3573
f 3572/3727/3572 3575/3730/3575 3574/3729/3574
f 3572/3727/3572 3533/3681/3533 3573/3728/3573
f 3525/3673/3525 3528/3676/3528 3576/3731/3576
f 3537/3685/3537 3577/3732/3577 3573/3728/3573
f 3574/3729/3574 3576/3731/3576 3528/3676/3528
f 3578/3733/3578 3577/3732/3577 3536/3684/3536
f 3579/3734/3579 3573/3728/3573 3577/3732/3577
f 3578/3733/3578 3536/3684/3536 3539/3687/3539
f 3557/3712/3557 3539/3687/3539 3534/3682/3534
f 3536/3684/3536 3532/3680/3532 3539/3687/3539
f 3580/3735/3580 3539/3687/3539 3557/3712/3557
f 3574/3729/3574 3575/3730/3575 3581/3736/3581
f 3573/3728/3573 3579/3734/3579 3575/3730/3575
f 3582/3737/3582 3578/3733/3578 3583/3738/3583
f 3580/3735/3580 3578/3733/3578 3539/3687/3539
f 3584/3739/3584 3582/3737/3582 3585/3740/3585
f 3582/3737/3582 3579/3734/3579 3577/3732/3577
f 3578/3733/3578 3582/3737/3582 3577/3732/3577
f 3579/3734/3579 3582/3737/3582 3584/3739/3584
f 3557/3712/3557 3586/3741/3586 3580/3735/3580
f 3577/3732/3577 3537/3685/3537 3536/3684/3536
f 3537/3685/3537 3529/3677/3529 3536/3684/3536
f 3587/3742/3587 3575/3730/3575 3579/3734/3579
f 3588/3743/3588 3491/3634/3491 3571/3726/3571
f 3491/3634/3491 3490/3633/3490 3571/3726/3571
f 3576/3731/3576 3589/3744/3589 3571/3726/3571
f 3589/3744/3589 3576/3731/3576 3590/3745/3590
f 3525/3673/3525 3576/3731/3576 3571/3726/3571
f 3588/3743/3588 3571/3726/3571 3589/3744/3589
f 3493/3636/3493 3504/3647/3504 3492/3635/3492
f 3504/3647/3504 3493/3636/3493 3591/3746/3591
f 3588/3743/3588 3591/3746/3591 3493/3636/3493
f 3592/3747/3592 3591/3746/3591 3588/3743/3588
f 3493/3636/3493 3491/3634/3491 3588/3743/3588
f 3588/3743/3588 3589/3744/3589 3592/3747/3592
f 3491/3634/3491 3493/3636/3493 3488/3631/3488
f 3593/3748/3593 3590/3745/3590 3581/3736/3581
f 3590/3745/3590 3576/3731/3576 3574/3729/3574
f 3587/3742/3587 3584/3739/3584 3594/3749/3594
f 3590/3745/3590 3574/3729/3574 3581/3736/3581
f 3587/3742/3587 3581/3736/3581 3575/3730/3575
f 3595/3750/3595 3581/3736/3581 3587/3742/3587
f 3592/3747/3592 3589/3744/3589 3596/3751/3596
f 3595/3750/3595 3593/3748/3593 3581/3736/3581
f 3594/3749/3594 3595/3750/3595 3587/3742/3587
f 3596/3751/3596 3590/3745/3590 3593/3748/3593
f 3594/3749/3594 3584/3739/3584 3597/3752/3597
f 3596/3751/3596 3589/3744/3589 3590/3745/3590
f 3579/3734/3579 3584/3739/3584 3587/3742/3587
f 3580/3735/3580 3583/3738/3583 3578/3733/3578
f 3490/3633/3490 3491/3634/3491 3489/3632/3489
f 3598/3753/3598 3580/3735/3580 3586/3741/3586
f 3586/3741/3586 3560/3715/3560 3559/3714/3559
f 3586/3741/3586 3559/3714/3559 3599/3754/3599
f 3569/3724/3569 3559/3714/3559 3554/3709/3554
f 3560/3715/3560 3558/3713/3558 3559/3714/3559
f 3599/3754/3599 3559/3714/3559 3569/3724/3569
f 3599/3754/3599 3600/3755/3600 3586/3741/3586
f 3600/3755/3600 3599/3754/3599 3601/3756/3601
f 3601/3756/3601 3602/3757/3602 3603/3758/3603
f 3602/3757/3602 3601/3756/3601 3599/3754/3599
f 3599/3754/3599 3569/3724/3569 3602/3757/3602
f 3604/3759/3604 3600/3755/3600 3601/3756/3601
f 3569/3724/3569 3568/3723/3568 3602/3757/3602
f 3586/3741/3586 3600/3755/3600 3598/3753/3598
f 3568/3723/3568 3605/3760/3605 3602/3757/3602
f 3605/3760/3605 3568/3723/3568 3567/3722/3567
f 3605/3760/3605 3567/3722/3567 3606/3761/3606
f 3570/3725/3570 3567/3722/3567 3565/3720/3565
f 3568/3723/3568 3561/3716/3561 3567/3722/3567
f 3607/3762/3607 3567/3722/3567 3570/3725/3570
f 3605/3760/3605 3608/3763/3608 3603/3758/3603
f 3608/3763/3608 3605/3760/3605 3606/3761/3606
f 3606/3761/3606 3609/3764/3609 3608/3763/3608
f 3609/3764/3609 3606/3761/3606 3607/3762/3607
f 3608/3763/3608 3609/3764/3609 3610/3765/3610
f 3606/3761/3606 3567/3722/3567 3607/3762/3607
f 3603/3758/3603 3608/3763/3608 3611/3766/3611
f 3605/3760/3605 3603/3758/3603 3602/3757/3602
f 3569/3724/3569 3556/3711/3556 3568/3723/3568
f 3612/3767/3612 3601/3756/3601 3603/3758/3603
f 3583/3738/3583 3598/3753/3598 3613/3768/3613
f 3583/3738/3583 3580/3735/3580 3598/3753/3598
f 3613/3768/3613 3614/3769/3614 3615/3770/3615
f 3614/3769/3614 3613/3768/3613 3598/3753/3598
f 3600/3755/3600 3614/3769/3614 3598/3753/3598
f 3583/3738/3583 3613/3768/3613 3585/3740/3585
f 3585/3740/3585 3597/3752/3597 3584/3739/3584
f 3597/3752/3597 3585/3740/3585 3616/3771/3616
f 3616/3771/3616 3585/3740/3585 3613/3768/3613
f 3613/3768/3613 3615/3770/3615 3616/3771/3616
f 3614/3769/3614 3617/3772/3617 3615/3770/3615
f 3583/3738/3583 3585/3740/3585 3582/3737/3582
f 3604/3759/3604 3612/3767/3612 3618/3773/3618
f 3600/3755/3600 3604/3759/3604 3614/3769/3614
f 3612/3767/3612 3611/3766/3611 3619/3774/3619
f 3612/3767/3612 3603/3758/3603 3611/3766/3611
f 3612/3767/3612 3604/3759/3604 3601/3756/3601
f 3620/3775/3620 3611/3766/3611 3610/3765/3610
f 3617/3772/3617 3604/3759/3604 3618/3773/3618
f 3619/3774/3619 3620/3775/3620 3621/3776/3621
f 3619/3774/3619 3618/3773/3618 3612/3767/3612
f 3620/3775/3620 3619/3774/3619 3611/3766/3611
f 3604/3759/3604 3617/3772/3617 3614/3769/3614
f 3608/3763/3608 3610/3765/3610 3611/3766/3611
f 3586/3741/3586 3557/3712/3557 3560/3715/3560
f 3557/3712/3557 3535/3683/3535 3560/3715/3560
f 3505/3648/3505 3490/3633/3490 3485/3628/3485
f 3622/3777/3622 3550/3778/3550 144/3779/144
f 3622/3777/3622 144/3779/144 55/3780/55
f 3623/3781/3623 55/3780/55 61/3782/61
f 3552/3783/3552 3622/3777/3622 3624/3784/3624
f 3622/3777/3622 3552/3783/3552 3550/3778/3550
f 3624/3784/3624 3623/3781/3623 3625/3785/3625
f 3623/3781/3623 3624/3784/3624 3622/3777/3622
f 3622/3777/3622 55/3780/55 3623/3781/3623
f 3552/3783/3552 3624/3784/3624 3626/3786/3626
f 61/3782/61 150/3787/150 3623/3781/3623
f 3627/3788/3627 3628/3789/3628 150/3787/150
f 3628/3789/3628 3625/3785/3625 3623/3781/3623
f 3627/3788/3627 150/3787/150 428/3790/428
f 3627/3788/3627 428/3790/428 533/3791/533
f 3627/3788/3627 3629/3792/3629 3628/3789/3628
f 3628/3789/3628 3630/3793/3630 3625/3785/3625
f 3631/3794/3631 3627/3788/3627 3632/3795/3632
f 3633/3796/3633 3632/3795/3632 533/3791/533
f 3627/3788/3627 533/3791/533 3632/3795/3632
f 3634/3797/3634 3632/3795/3632 3633/3796/3633
f 533/3791/533 693/3798/693 3633/3796/3633
f 3628/3789/3628 3623/3781/3623 150/3787/150
f 3624/3784/3624 3625/3785/3625 3635/3799/3635
f 3564/3800/3564 3626/3786/3626 3636/3801/3636
f 3564/3800/3564 3552/3783/3552 3626/3786/3626
f 3637/3802/3637 3635/3799/3635 3638/3803/3638
f 3635/3799/3635 3626/3786/3626 3624/3784/3624
f 3630/3793/3630 3635/3799/3635 3625/3785/3625
f 3626/3786/3626 3635/3799/3635 3639/3804/3639
f 3566/3805/3566 3636/3801/3636 3640/3806/3640
f 3636/3801/3636 3566/3805/3566 3564/3800/3564
f 3639/3804/3639 3637/3802/3637 3641/3807/3641
f 3637/3802/3637 3639/3804/3639 3635/3799/3635
f 3636/3801/3636 3626/3786/3626 3639/3804/3639
f 3636/3801/3636 3639/3804/3639 3642/3808/3642
f 3635/3799/3635 3630/3793/3630 3638/3803/3638
f 3643/3809/3643 3638/3803/3638 3629/3792/3629
f 3629/3792/3629 3638/3803/3638 3630/3793/3630
f 3644/3810/3644 3629/3792/3629 3631/3794/3631
f 3634/3797/3634 3631/3794/3631 3632/3795/3632
f 3629/3792/3629 3627/3788/3627 3631/3794/3631
f 3645/3811/3645 3631/3794/3631 3634/3797/3634
f 3643/3809/3643 3646/3812/3646 3638/3803/3638
f 3646/3812/3646 3643/3809/3643 3644/3810/3644
f 3644/3810/3644 3645/3811/3645 3647/3813/3647
f 3645/3811/3645 3644/3810/3644 3631/3794/3631
f 3647/3813/3647 3645/3811/3645 3648/3814/3648
f 3644/3810/3644 3647/3813/3647 3646/3812/3646
f 3643/3809/3643 3629/3792/3629 3644/3810/3644
f 3646/3812/3646 3647/3813/3647 3649/3815/3649
f 3634/3797/3634 3650/3816/3650 3645/3811/3645
f 3638/3803/3638 3646/3812/3646 3637/3802/3637
f 3630/3793/3630 3628/3789/3628 3629/3792/3629
f 3637/3802/3637 3646/3812/3646 3651/3817/3651
f 3633/3796/3633 3652/3818/3652 3634/3797/3634
f 693/3798/693 416/3819/416 3652/3818/3652
f 3652/3818/3652 417/3820/417 3653/3821/3653
f 417/3820/417 3652/3818/3652 416/3819/416
f 3652/3818/3652 3650/3816/3650 3634/3797/3634
f 3650/3816/3650 3653/3821/3653 3654/3822/3654
f 3653/3821/3653 3650/3816/3650 3652/3818/3652
f 3655/3823/3655 3654/3822/3654 3656/3824/3656
f 3656/3824/3656 3654/3822/3654 3653/3821/3653
f 3653/3821/3653 417/3820/417 3656/3824/3656
f 3650/3816/3650 3654/3822/3654 3657/3825/3657
f 417/3820/417 122/3826/122 3656/3824/3656
f 3658/3827/3658 3645/3811/3645 3650/3816/3650
f 122/3826/122 123/3828/123 3659/3829/3659
f 527/3830/527 528/3831/528 3660/3832/3660
f 123/3828/123 527/3830/527 3659/3829/3659
f 3661/3833/3661 3656/3824/3656 3659/3829/3659
f 3659/3829/3659 527/3830/527 3660/3832/3660
f 3662/3834/3662 442/3835/442 3663/3836/3663
f 3662/3834/3662 3660/3832/3660 528/3831/528
f 3663/3836/3663 442/3835/442 443/3837/443
f 3664/3838/3664 3660/3832/3660 3662/3834/3662
f 442/3835/442 3662/3834/3662 528/3831/528
f 3665/3839/3665 3659/3829/3659 3660/3832/3660
f 122/3826/122 3659/3829/3659 3656/3824/3656
f 3666/3840/3666 3662/3834/3662 3663/3836/3663
f 3658/3827/3658 3657/3825/3657 3667/3841/3667
f 3658/3827/3658 3650/3816/3650 3657/3825/3657
f 3655/3823/3655 3668/3842/3668 3657/3825/3657
f 3668/3842/3668 3655/3823/3655 3669/3843/3669
f 3654/3822/3654 3655/3823/3655 3657/3825/3657
f 3657/3825/3657 3668/3842/3668 3670/3844/3670
f 3648/3814/3648 3671/3845/3671 3672/3846/3672
f 3671/3845/3671 3648/3814/3648 3658/3827/3658
f 3667/3841/3667 3670/3844/3670 3673/3847/3673
f 3670/3844/3670 3667/3841/3667 3657/3825/3657
f 3671/3845/3671 3658/3827/3658 3667/3841/3667
f 3671/3845/3671 3667/3841/3667 3674/3848/3674
f 3668/3842/3668 3669/3843/3669 3670/3844/3670
f 3648/3814/3648 3645/3811/3645 3658/3827/3658
f 3661/3833/3661 3665/3839/3665 3675/3849/3675
f 3665/3839/3665 3661/3833/3661 3659/3829/3659
f 3664/3838/3664 3666/3840/3666 3676/3850/3676
f 3666/3840/3666 3664/3838/3664 3662/3834/3662
f 3665/3839/3665 3660/3832/3660 3664/3838/3664
f 3665/3839/3665 3664/3838/3664 3677/3851/3677
f 3669/3843/3669 3678/3852/3678 3670/3844/3670
f 3678/3852/3678 3669/3843/3669 3675/3849/3675
f 3678/3852/3678 3675/3849/3675 3679/3853/3679
f 3677/3851/3677 3675/3849/3675 3665/3839/3665
f 3676/3850/3676 3677/3851/3677 3664/3838/3664
f 3679/3853/3679 3675/3849/3675 3677/3851/3677
f 3669/3843/3669 3661/3833/3661 3675/3849/3675
f 3680/3854/3680 3677/3851/3677 3676/3850/3676
f 3666/3840/3666 3681/3855/3681 3676/3850/3676
f 3661/3833/3661 3669/3843/3669 3655/3823/3655
f 3655/3823/3655 3656/3824/3656 3661/3833/3661
f 3670/3844/3670 3678/3852/3678 3682/3856/3682
f 3663/3836/3663 3683/3857/3683 3666/3840/3666
f 3633/3796/3633 693/3798/693 3652/3818/3652
f 3647/3813/3647 3648/3814/3648 3684/3858/3684
f 3570/3859/3570 3640/3806/3640 3685/3860/3685
f 3570/3859/3570 3566/3805/3566 3640/3806/3640
f 3642/3808/3642 3641/3807/3641 3686/3861/3686
f 3642/3808/3642 3639/3804/3639 3641/3807/3641
f 3636/3801/3636 3642/3808/3642 3640/3806/3640
f 3640/3806/3640 3642/3808/3642 3686/3861/3686
f 3687/3862/3687 3607/3863/3607 3685/3860/3685
f 3685/3860/3685 3607/3863/3607 3570/3859/3570
f 3688/3864/3688 3686/3861/3686 3689/3865/3689
f 3689/3865/3689 3686/3861/3686 3641/3807/3641
f 3685/3860/3685 3640/3806/3640 3686/3861/3686
f 3690/3866/3690 3685/3860/3685 3686/3861/3686
f 3641/3807/3641 3651/3817/3651 3689/3865/3689
f 3651/3817/3651 3691/3867/3691 3689/3865/3689
f 3691/3867/3691 3651/3817/3651 3649/3815/3649
f 3691/3867/3691 3649/3815/3649 3692/3868/3692
f 3649/3815/3649 3647/3813/3647 3684/3858/3684
f 3646/3812/3646 3649/3815/3649 3651/3817/3651
f 3693/3869/3693 3649/3815/3649 3684/3858/3684
f 3691/3867/3691 3694/3870/3694 3695/3871/3695
f 3694/3870/3694 3691/3867/3691 3692/3868/3692
f 3692/3868/3692 3696/3872/3696 3694/3870/3694
f 3696/3872/3696 3692/3868/3692 3693/3869/3693
f 3696/3872/3696 3693/3869/3693 3697/3873/3697
f 3695/3871/3695 3694/3870/3694 3698/3874/3698
f 3692/3868/3692 3649/3815/3649 3693/3869/3693
f 3699/3875/3699 3698/3874/3698 3694/3870/3694
f 3684/3858/3684 3672/3846/3672 3693/3869/3693
f 3691/3867/3691 3695/3871/3695 3689/3865/3689
f 3637/3802/3637 3651/3817/3651 3641/3807/3641
f 3689/3865/3689 3695/3871/3695 3688/3864/3688
f 3610/3876/3610 3609/3877/3609 3687/3862/3687
f 3610/3876/3610 3687/3862/3687 3700/3878/3700
f 3690/3866/3690 3687/3862/3687 3685/3860/3685
f 3609/3877/3609 3607/3863/3607 3687/3862/3687
f 3701/3879/3701 3700/3878/3700 3687/3862/3687
f 3621/3880/3621 3620/3881/3620 3619/3882/3619
f 3700/3878/3700 3619/3882/3619 3620/3881/3620
f 3618/3883/3618 3619/3882/3619 3700/3878/3700
f 3620/3881/3620 3610/3876/3610 3700/3878/3700
f 3701/3879/3701 3687/3862/3687 3690/3866/3690
f 3702/3884/3702 3701/3879/3701 3690/3866/3690
f 3702/3884/3702 3688/3864/3688 3703/3885/3703
f 3702/3884/3702 3703/3885/3703 3615/3886/3615
f 3703/3885/3703 3688/3864/3688 3695/3871/3695
f 3695/3871/3695 3698/3874/3698 3703/3885/3703
f 3616/3887/3616 3703/3885/3703 3698/3874/3698
f 3701/3879/3701 3618/3883/3618 3700/3878/3700
f 3618/3883/3618 3701/3879/3701 3617/3888/3617
f 3617/3888/3617 3701/3879/3701 3702/3884/3702
f 3617/3888/3617 3702/3884/3702 3615/3886/3615
f 3703/3885/3703 3616/3887/3616 3615/3886/3615
f 3616/3887/3616 3698/3874/3698 3597/3889/3597
f 3702/3884/3702 3690/3866/3690 3688/3864/3688
f 3690/3866/3690 3686/3861/3686 3688/3864/3688
f 3699/3875/3699 3694/3870/3694 3696/3872/3696
f 3672/3846/3672 3674/3848/3674 3704/3890/3704
f 3672/3846/3672 3671/3845/3671 3674/3848/3674
f 3673/3847/3673 3682/3856/3682 3705/3891/3705
f 3673/3847/3673 3670/3844/3670 3682/3856/3682
f 3667/3841/3667 3673/3847/3673 3674/3848/3674
f 3674/3848/3674 3673/3847/3673 3706/3892/3706
f 3707/3893/3707 3708/3894/3708 3704/3890/3704
f 3704/3890/3704 3708/3894/3708 3672/3846/3672
f 3706/3892/3706 3705/3891/3705 3709/3895/3709
f 3705/3891/3705 3706/3892/3706 3673/3847/3673
f 3704/3890/3704 3674/3848/3674 3706/3892/3706
f 3710/3896/3710 3704/3890/3704 3706/3892/3706
f 3682/3856/3682 3711/3897/3711 3705/3891/3705
f 3697/3873/3697 3693/3869/3693 3708/3894/3708
f 3711/3897/3711 3682/3856/3682 3712/3898/3712
f 3712/3898/3712 3679/3853/3679 3680/3854/3680
f 3680/3854/3680 3713/3899/3713 3712/3898/3712
f 3714/3900/3714 3713/3899/3713 3680/3854/3680
f 3679/3853/3679 3677/3851/3677 3680/3854/3680
f 3712/3898/3712 3713/3899/3713 3715/3901/3715
f 3705/3891/3705 3716/3902/3716 3709/3895/3709
f 3705/3891/3705 3711/3897/3711 3716/3902/3716
f 3711/3897/3711 3717/3903/3717 3716/3902/3716
f 3717/3903/3717 3711/3897/3711 3715/3901/3715
f 3718/3904/3718 3715/3901/3715 3713/3899/3713
f 3716/3902/3716 3717/3903/3717 3719/3905/3719
f 3711/3897/3711 3712/3898/3712 3715/3901/3715
f 3709/3895/3709 3716/3902/3716 3720/3906/3720
f 3715/3901/3715 3721/3907/3721 3717/3903/3717
f 3712/3898/3712 3682/3856/3682 3679/3853/3679
f 3684/3858/3684 3648/3814/3648 3672/3846/3672
f 3709/3895/3709 3710/3896/3710 3706/3892/3706
f 3722/3908/3722 3699/3875/3699 3696/3872/3696
f 3722/3908/3722 3697/3873/3697 3723/3909/3723
f 3707/3893/3707 3723/3909/3723 3697/3873/3697
f 3723/3909/3723 3707/3893/3707 3724/3910/3724
f 3697/3873/3697 3708/3894/3708 3707/3893/3707
f 3722/3908/3722 3723/3909/3723 3595/3911/3595
f 3699/3875/3699 3597/3889/3597 3698/3874/3698
f 3597/3889/3597 3699/3875/3699 3594/3912/3594
f 3594/3912/3594 3699/3875/3699 3722/3908/3722
f 3722/3908/3722 3595/3911/3595 3594/3912/3594
f 3723/3909/3723 3593/3913/3593 3595/3911/3595
f 3696/3872/3696 3697/3873/3697 3722/3908/3722
f 3710/3896/3710 3725/3914/3725 3724/3910/3724
f 3710/3896/3710 3709/3895/3709 3725/3914/3725
f 3725/3914/3725 3720/3906/3720 3592/3915/3592
f 3725/3914/3725 3709/3895/3709 3720/3906/3720
f 3716/3902/3716 3719/3905/3719 3720/3906/3720
f 3591/3916/3591 3720/3906/3720 3719/3905/3719
f 3724/3910/3724 3593/3913/3593 3723/3909/3723
f 3593/3913/3593 3724/3910/3724 3596/3917/3596
f 3596/3917/3596 3724/3910/3724 3725/3914/3725
f 3596/3917/3596 3725/3914/3725 3592/3915/3592
f 3720/3906/3720 3591/3916/3591 3592/3915/3592
f 3591/3916/3591 3719/3905/3719 3504/3918/3504
f 3710/3896/3710 3724/3910/3724 3707/3893/3707
f 3707/3893/3707 3704/3890/3704 3710/3896/3710
f 3719/3905/3719 3717/3903/3717 3726/3919/3726
f 3708/3894/3708 3693/3869/3693 3672/3846/3672
f 3678/3852/3678 3679/3853/3679 3682/3856/3682
f 3714/3900/3714 3680/3854/3680 3676/3850/3676
f 3727/3920/3727 3666/3840/3666 3683/3857/3683
f 3683/3857/3683 443/3837/443 590/3921/590
f 3683/3857/3683 590/3921/590 3728/3922/3728
f 3728/3922/3728 590/3921/590 261/3923/261
f 3727/3920/3727 3728/3922/3728 3729/3924/3729
f 3728/3922/3728 3727/3920/3727 3683/3857/3683
f 3729/3924/3729 3730/3925/3730 3731/3926/3731
f 3730/3925/3730 3729/3924/3729 3728/3922/3728
f 3728/3922/3728 261/3923/261 3730/3925/3730
f 3727/3920/3727 3729/3924/3729 3732/3927/3732
f 261/3923/261 259/3928/259 3730/3925/3730
f 3681/3855/3681 3666/3840/3666 3727/3920/3727
f 259/3928/259 255/3929/255 3733/3930/3733
f 266/3931/266 489/3932/489 3734/3933/3734
f 255/3929/255 266/3931/266 3734/3933/3734
f 3731/3926/3731 3735/3934/3735 3736/3935/3736
f 3731/3926/3731 3730/3925/3730 3735/3934/3735
f 3737/3936/3737 3736/3935/3736 3733/3930/3733
f 3733/3930/3733 3736/3935/3736 3735/3934/3735
f 3734/3933/3734 3733/3930/3733 255/3929/255
f 3738/3937/3738 3733/3930/3733 3734/3933/3734
f 3735/3934/3735 259/3928/259 3733/3930/3733
f 3731/3926/3731 3736/3935/3736 3739/3938/3739
f 3734/3933/3734 3740/3939/3740 3738/3937/3738
f 3735/3934/3735 3730/3925/3730 259/3928/259
f 3729/3924/3729 3731/3926/3731 3741/3940/3741
f 3742/3941/3742 3714/3900/3714 3681/3855/3681
f 3714/3900/3714 3676/3850/3676 3681/3855/3681
f 3742/3941/3742 3681/3855/3681 3732/3927/3732
f 3732/3927/3732 3729/3924/3729 3741/3940/3741
f 3727/3920/3727 3732/3927/3732 3681/3855/3681
f 3743/3942/3743 3732/3927/3732 3741/3940/3741
f 3744/3943/3744 3742/3941/3742 3745/3944/3745
f 3742/3941/3742 3744/3943/3744 3714/3900/3714
f 3746/3945/3746 3745/3944/3745 3743/3942/3743
f 3743/3942/3743 3745/3944/3745 3742/3941/3742
f 3742/3941/3742 3732/3927/3732 3743/3942/3743
f 3744/3943/3744 3745/3944/3745 3747/3946/3747
f 3741/3940/3741 3748/3947/3748 3743/3942/3743
f 3714/3900/3714 3744/3943/3744 3713/3899/3713
f 3739/3938/3739 3737/3936/3737 3749/3948/3749
f 3739/3938/3739 3741/3940/3741 3731/3926/3731
f 3749/3948/3749 3738/3937/3738 3750/3949/3750
f 3738/3937/3738 3749/3948/3749 3737/3936/3737
f 3737/3936/3737 3733/3930/3733 3738/3937/3738
f 3739/3938/3739 3749/3948/3749 3751/3950/3751
f 3752/3951/3752 3743/3942/3743 3748/3947/3748
f 3748/3947/3748 3739/3938/3739 3753/3952/3753
f 3751/3950/3751 3750/3949/3750 3754/3953/3754
f 3751/3950/3751 3753/3952/3753 3739/3938/3739
f 3755/3954/3755 3754/3953/3754 3750/3949/3750
f 3756/3955/3756 3753/3952/3753 3751/3950/3751
f 3750/3949/3750 3751/3950/3751 3749/3948/3749
f 3757/3956/3757 3748/3947/3748 3753/3952/3753
f 3750/3949/3750 3738/3937/3738 3758/3957/3758
f 3739/3938/3739 3748/3947/3748 3741/3940/3741
f 3739/3938/3739 3736/3935/3736 3737/3936/3737
f 3754/3953/3754 3759/3958/3759 3751/3950/3751
f 489/3932/489 3740/3939/3740 3734/3933/3734
f 3683/3857/3683 3663/3836/3663 443/3837/443
f 3740/3939/3740 3760/3959/3760 3761/3960/3761
f 3760/3959/3760 3740/3939/3740 245/3961/245
f 3760/3959/3760 245/3961/245 3762/3962/3762
f 3740/3939/3740 489/3932/489 245/3961/245
f 3762/3962/3762 245/3961/245 241/3963/241
f 3758/3957/3758 3761/3960/3761 3763/3964/3763
f 3758/3957/3758 3740/3939/3740 3761/3960/3761
f 3762/3962/3762 3764/3965/3764 3761/3960/3761
f 3764/3965/3764 3762/3962/3762 3765/3966/3765
f 3760/3959/3760 3762/3962/3762 3761/3960/3761
f 3761/3960/3761 3764/3965/3764 3766/3967/3766
f 241/3963/241 233/3968/233 3762/3962/3762
f 3740/3939/3740 3758/3957/3758 3738/3937/3738
f 233/3968/233 486/3969/486 3767/3970/3767
f 2/3971/2 90/3972/90 3378/3973/3378
f 486/3969/486 2/3971/2 3768/3974/3768
f 3765/3966/3765 3769/3975/3769 3764/3965/3764
f 3769/3975/3769 3765/3966/3765 3767/3970/3767
f 3769/3975/3769 3767/3970/3767 3770/3976/3770
f 3768/3974/3768 3767/3970/3767 486/3969/486
f 3378/3973/3378 3768/3974/3768 2/3971/2
f 3771/3977/3771 3767/3970/3767 3768/3974/3768
f 3765/3966/3765 233/3968/233 3767/3970/3767
f 3381/3978/3381 3768/3974/3768 3378/3973/3378
f 233/3968/233 3765/3966/3765 3762/3962/3762
f 3764/3965/3764 3769/3975/3769 3772/3979/3772
f 3755/3954/3755 3763/3964/3763 3773/3980/3773
f 3755/3954/3755 3758/3957/3758 3763/3964/3763
f 3766/3967/3766 3772/3979/3772 3774/3981/3774
f 3766/3967/3766 3764/3965/3764 3772/3979/3772
f 3761/3960/3761 3766/3967/3766 3763/3964/3763
f 3763/3964/3763 3766/3967/3766 3775/3982/3775
f 3776/3983/3776 3754/3953/3754 3777/3984/3777
f 3773/3980/3773 3777/3984/3777 3755/3954/3755
f 3778/3985/3778 3773/3980/3773 3775/3982/3775
f 3774/3981/3774 3775/3982/3775 3766/3967/3766
f 3773/3980/3773 3763/3964/3763 3775/3982/3775
f 3779/3986/3779 3777/3984/3777 3773/3980/3773
f 3772/3979/3772 3780/3987/3780 3774/3981/3774
f 3755/3954/3755 3777/3984/3777 3754/3953/3754
f 3770/3976/3770 3780/3987/3780 3772/3979/3772
f 3780/3987/3780 3770/3976/3770 3771/3977/3771
f 3780/3987/3780 3771/3977/3771 3781/3988/3781
f 3381/3978/3381 3771/3977/3771 3768/3974/3768
f 3770/3976/3770 3767/3970/3767 3771/3977/3771
f 3392/3989/3392 3771/3977/3771 3381/3978/3381
f 3782/3990/3782 3781/3988/3781 3783/3991/3783
f 3781/3988/3781 3782/3990/3782 3780/3987/3780
f 3783/3991/3783 3392/3989/3392 3395/3992/3395
f 3392/3989/3392 3783/3991/3783 3781/3988/3781
f 3784/3993/3784 3782/3990/3782 3783/3991/3783
f 3781/3988/3781 3771/3977/3771 3392/3989/3392
f 3785/3994/3785 3774/3981/3774 3782/3990/3782
f 3780/3987/3780 3782/3990/3782 3774/3981/3774
f 3772/3979/3772 3769/3975/3769 3770/3976/3770
f 3786/3995/3786 3775/3982/3775 3774/3981/3774
f 3758/3957/3758 3755/3954/3755 3750/3949/3750
f 3445/3996/3445 3783/3991/3783 3395/3992/3395
f 3718/3904/3718 3744/3943/3744 3747/3946/3747
f 3745/3944/3745 3746/3945/3746 3787/3997/3787
f 3788/3998/3788 3746/3945/3746 3752/3951/3752
f 3757/3956/3757 3752/3951/3752 3748/3947/3748
f 3746/3945/3746 3743/3942/3743 3752/3951/3752
f 3789/3999/3789 3788/3998/3788 3752/3951/3752
f 3790/4000/3790 3747/3946/3747 3787/3997/3787
f 3747/3946/3747 3745/3944/3745 3787/3997/3787
f 3788/3998/3788 3791/4001/3791 3787/3997/3787
f 3792/4002/3792 3791/4001/3791 3788/3998/3788
f 3787/3997/3787 3746/3945/3746 3788/3998/3788
f 3718/3904/3718 3747/3946/3747 3793/4003/3793
f 3789/3999/3789 3752/3951/3752 3757/3956/3757
f 3791/4001/3791 3790/4000/3790 3787/3997/3787
f 3794/4004/3794 3789/3999/3789 3756/3955/3756
f 3756/3955/3756 3789/3999/3789 3757/3956/3757
f 3795/4005/3795 3756/3955/3756 3759/3958/3759
f 3776/3983/3776 3759/3958/3759 3754/3953/3754
f 3756/3955/3756 3751/3950/3751 3759/3958/3759
f 3795/4005/3795 3759/3958/3759 3776/3983/3776
f 3789/3999/3789 3796/4006/3796 3792/4002/3792
f 3796/4006/3796 3789/3999/3789 3794/4004/3794
f 3794/4004/3794 3797/4007/3797 3796/4006/3796
f 3797/4007/3797 3794/4004/3794 3795/4005/3795
f 3798/4008/3798 3797/4007/3797 3795/4005/3795
f 3796/4006/3796 3797/4007/3797 3799/4009/3799
f 3794/4004/3794 3756/3955/3756 3795/4005/3795
f 3791/4001/3791 3792/4002/3792 3800/4010/3800
f 3797/4007/3797 3801/4011/3801 3799/4009/3799
f 3789/3999/3789 3792/4002/3792 3788/3998/3788
f 3757/3956/3757 3753/3952/3753 3756/3955/3756
f 3802/4012/3802 3792/4002/3792 3796/4006/3796
f 3803/4013/3803 3721/3907/3721 3793/4003/3793
f 3721/3907/3721 3718/3904/3718 3793/4003/3793
f 3790/4000/3790 3804/4014/3804 3793/4003/3793
f 3804/4014/3804 3790/4000/3790 3805/4015/3805
f 3747/3946/3747 3790/4000/3790 3793/4003/3793
f 3803/4013/3803 3793/4003/3793 3804/4014/3804
f 3726/3919/3726 3504/3918/3504 3719/3905/3719
f 3504/3918/3504 3726/3919/3726 3502/4016/3502
f 3803/4013/3803 3502/4016/3502 3726/3919/3726
f 3501/4017/3501 3502/4016/3502 3803/4013/3803
f 3726/3919/3726 3721/3907/3721 3803/4013/3803
f 3803/4013/3803 3804/4014/3804 3501/4017/3501
f 3721/3907/3721 3726/3919/3726 3717/3903/3717
f 3496/4018/3496 3805/4015/3805 3800/4010/3800
f 3805/4015/3805 3790/4000/3790 3791/4001/3791
f 3495/4019/3495 3800/4010/3800 3802/4012/3802
f 3805/4015/3805 3791/4001/3791 3800/4010/3800
f 3802/4012/3802 3800/4010/3800 3792/4002/3792
f 3498/4020/3498 3802/4012/3802 3799/4009/3799
f 3501/4017/3501 3804/4014/3804 3503/4021/3503
f 3495/4019/3495 3496/4018/3496 3800/4010/3800
f 3498/4020/3498 3495/4019/3495 3802/4012/3802
f 3503/4021/3503 3805/4015/3805 3496/4018/3496
f 3498/4020/3498 3799/4009/3799 3473/4022/3473
f 3503/4021/3503 3804/4014/3804 3805/4015/3805
f 3796/4006/3796 3799/4009/3799 3802/4012/3802
f 3776/3983/3776 3806/4023/3806 3795/4005/3795
f 3718/3904/3718 3721/3907/3721 3715/3901/3715
f 3807/4024/3807 3806/4023/3806 3779/3986/3779
f 3779/3986/3779 3806/4023/3806 3776/3983/3776
f 3808/4025/3808 3779/3986/3779 3778/3985/3778
f 3786/3995/3786 3778/3985/3778 3775/3982/3775
f 3779/3986/3779 3773/3980/3773 3778/3985/3778
f 3809/4026/3809 3778/3985/3778 3786/3995/3786
f 3810/4027/3810 3807/4024/3807 3808/4025/3808
f 3808/4025/3808 3807/4024/3807 3779/3986/3779
f 3809/4026/3809 3811/4028/3811 3808/4025/3808
f 3811/4028/3811 3809/4026/3809 3812/4029/3812
f 3808/4025/3808 3778/3985/3778 3809/4026/3809
f 3806/4023/3806 3807/4024/3807 3813/4030/3813
f 3786/3995/3786 3785/3994/3785 3809/4026/3809
f 3811/4028/3811 3810/4027/3810 3808/4025/3808
f 3785/3994/3785 3814/4031/3814 3809/4026/3809
f 3814/4031/3814 3785/3994/3785 3784/3993/3784
f 3814/4031/3814 3784/3993/3784 3815/4032/3815
f 3445/3996/3445 3784/3993/3784 3783/3991/3783
f 3785/3994/3785 3782/3990/3782 3784/3993/3784
f 3449/4033/3449 3784/3993/3784 3445/3996/3445
f 3814/4031/3814 3816/4034/3816 3812/4029/3812
f 3816/4034/3816 3814/4031/3814 3815/4032/3815
f 3815/4032/3815 3464/4035/3464 3816/4034/3816
f 3464/4035/3464 3815/4032/3815 3449/4033/3449
f 3816/4034/3816 3464/4035/3464 3468/4036/3468
f 3815/4032/3815 3784/3993/3784 3449/4033/3449
f 3812/4029/3812 3816/4034/3816 3817/4037/3817
f 3814/4031/3814 3812/4029/3812 3809/4026/3809
f 3786/3995/3786 3774/3981/3774 3785/3994/3785
f 3811/4028/3811 3812/4029/3812 3818/4038/3818
f 3819/4039/3819 3798/4008/3798 3813/4030/3813
f 3813/4030/3813 3798/4008/3798 3806/4023/3806
f 3810/4027/3810 3820/4040/3820 3813/4030/3813
f 3820/4040/3820 3810/4027/3810 3821/4041/3821
f 3813/4030/3813 3807/4024/3807 3810/4027/3810
f 3819/4039/3819 3813/4030/3813 3820/4040/3820
f 3801/4011/3801 3473/4022/3473 3799/4009/3799
f 3473/4022/3473 3801/4011/3801 3472/4042/3822
f 3819/4039/3819 3472/4042/3822 3801/4011/3801
f 3475/4043/3475 3472/4042/3822 3819/4039/3819
f 3801/4011/3801 3798/4008/3798 3819/4039/3819
f 3819/4039/3819 3820/4040/3820 3475/4043/3475
f 3798/4008/3798 3801/4011/3801 3797/4007/3797
f 3470/4044/3470 3821/4041/3821 3818/4038/3818
f 3821/4041/3821 3810/4027/3810 3811/4028/3811
f 3469/4045/3469 3818/4038/3818 3817/4037/3817
f 3818/4038/3818 3812/4029/3812 3817/4037/3817
f 3811/4028/3811 3818/4038/3818 3821/4041/3821
f 3467/4046/3467 3817/4037/3817 3468/4036/3468
f 3475/4043/3475 3820/4040/3820 3474/4047/3474
f 3469/4045/3469 3470/4044/3470 3818/4038/3818
f 3467/4046/3467 3469/4045/3469 3817/4037/3817
f 3474/4047/3474 3821/4041/3821 3470/4044/3470
f 3474/4047/3474 3820/4040/3820 3821/4041/3821
f 3816/4034/3816 3468/4036/3468 3817/4037/3817
f 3806/4023/3806 3798/4008/3798 3795/4005/3795
f 3776/3983/3776 3777/3984/3777 3779/3986/3779
f 3744/3943/3744 3718/3904/3718 3713/3899/3713
f 3822/4048/3823 3823/4049/3824 3824/4050/3825
f 3822/4048/3823 3824/4050/3825 3825/4051/3826
f 3826/4052/3827 3825/4051/3826 3827/4053/3828
f 3823/4049/3824 3828/4054/3829 3829/4055/3830
f 3828/4054/3829 3823/4049/3824 3822/4048/3823
f 3830/4056/3831 3828/4054/3829 3826/4052/3827
f 3826/4052/3827 3828/4054/3829 3822/4048/3823
f 3822/4048/3823 3825/4051/3826 3826/4052/3827
f 3829/4055/3830 3828/4054/3829 3831/4057/3832
f 3827/4053/3828 3832/4058/3833 3826/4052/3827
f 3833/4059/3834 3834/4060/3835 3835/4061/3836
f 3836/4062/3837 3837/4063/3838 3838/4064/3839
f 3834/4060/3835 3836/4062/3837 3839/4065/3840
f 3840/4066/3841 3826/4052/3827 3832/4058/3833
f 3835/4061/3836 3832/4058/3833 3833/4059/3834
f 3841/4067/3842 3835/4061/3836 3839/4065/3840
f 3838/4064/3839 3839/4065/3840 3836/4062/3837
f 3835/4061/3836 3834/4060/3835 3839/4065/3840
f 3842/4068/3843 3832/4058/3833 3835/4061/3836
f 3837/4063/3838 3843/4069/3844 3838/4064/3839
f 3833/4059/3834 3832/4058/3833 3827/4053/3828
f 3841/4067/3842 3839/4065/3840 3838/4064/3839
f 3831/4057/3832 3844/4070/3845 3845/4071/3846
f 3831/4057/3832 3828/4054/3829 3844/4070/3845
f 3844/4070/3845 3830/4056/3831 3846/4072/3847
f 3840/4066/3841 3830/4056/3831 3826/4052/3827
f 3828/4054/3829 3830/4056/3831 3844/4070/3845
f 3846/4072/3847 3830/4056/3831 3840/4066/3841
f 3845/4071/3846 3847/4073/3848 3848/4074/3849
f 3845/4071/3846 3844/4070/3845 3847/4073/3848
f 3846/4072/3847 3849/4075/3850 3847/4073/3848
f 3850/4076/3851 3849/4075/3850 3846/4072/3847
f 3844/4070/3845 3846/4072/3847 3847/4073/3848
f 3847/4073/3848 3849/4075/3850 3851/4077/3852
f 3846/4072/3847 3840/4066/3841 3852/4078/3853
f 3852/4078/3853 3842/4068/3843 3853/4079/3854
f 3842/4068/3843 3852/4078/3853 3840/4066/3841
f 3853/4079/3854 3841/4067/3842 3854/4080/3855
f 3841/4067/3842 3853/4079/3854 3842/4068/3843
f 3842/4068/3843 3835/4061/3836 3841/4067/3842
f 3852/4078/3853 3853/4079/3854 3855/4081/3856
f 3850/4076/3851 3855/4081/3856 3856/4082/3857
f 3850/4076/3851 3852/4078/3853 3855/4081/3856
f 3854/4080/3855 3857/4083/3858 3858/4084/3859
f 3857/4083/3858 3854/4080/3855 3841/4067/3842
f 3858/4084/3859 3857/4083/3858 3859/4085/3860
f 3854/4080/3855 3858/4084/3859 3855/4081/3856
f 3853/4079/3854 3854/4080/3855 3855/4081/3856
f 3855/4081/3856 3858/4084/3859 3860/4086/3861
f 3857/4083/3858 3841/4067/3842 3861/4087/3862
f 3852/4078/3853 3850/4076/3851 3846/4072/3847
f 3840/4066/3841 3832/4058/3833 3842/4068/3843
f 3849/4075/3850 3850/4076/3851 3862/4088/3863
f 3841/4067/3842 3838/4064/3839 3861/4087/3862
f 3863/4089/3864 3843/4069/3844 3864/4090/3865
f 3863/4089/3864 3861/4087/3862 3838/4064/3839
f 3864/4090/3865 3865/4091/3866 3863/4089/3864
f 3865/4091/3866 3864/4090/3865 3866/4092/3867
f 3863/4089/3864 3865/4091/3866 3867/4093/3868
f 3861/4087/3862 3868/4094/3869 3869/4095/3870
f 3861/4087/3862 3863/4089/3864 3868/4094/3869
f 3867/4093/3868 3866/4092/3867 3870/4096/3871
f 3867/4093/3868 3868/4094/3869 3863/4089/3864
f 3866/4092/3867 3867/4093/3868 3865/4091/3866
f 3868/4094/3869 3867/4093/3868 3871/4097/3872
f 3864/4090/3865 3872/4098/3873 3866/4092/3867
f 3863/4089/3864 3838/4064/3839 3843/4069/3844
f 3872/4098/3873 3873/4099/3874 3874/4100/3875
f 3875/4101/3876 3876/4102/3877 3877/4103/3878
f 3873/4099/3874 3875/4101/3876 3877/4103/3878
f 3878/4104/3879 3870/4096/3871 3874/4100/3875
f 3870/4096/3871 3866/4092/3867 3874/4100/3875
f 3879/4105/3880 3874/4100/3875 3877/4103/3878
f 3880/4106/3881 3877/4103/3878 3876/4102/3877
f 3881/4107/3882 3882/4108/3883 3880/4106/3881
f 3883/4109/3884 3877/4103/3878 3880/4106/3881
f 3874/4100/3875 3873/4099/3874 3877/4103/3878
f 3884/4110/3885 3880/4106/3881 3882/4108/3883
f 3880/4106/3881 3876/4102/3877 3881/4107/3882
f 3874/4100/3875 3866/4092/3867 3872/4098/3873
f 3867/4093/3868 3870/4096/3871 3885/4111/3886
f 3869/4095/3870 3871/4097/3872 3886/4112/3887
f 3869/4095/3870 3868/4094/3869 3871/4097/3872
f 3885/4111/3886 3887/4113/3888 3888/4114/3889
f 3885/4111/3886 3870/4096/3871 3887/4113/3888
f 3867/4093/3868 3885/4111/3886 3871/4097/3872
f 3871/4097/3872 3885/4111/3886 3889/4115/3890
f 3859/4085/3860 3886/4112/3887 3890/4116/3891
f 3886/4112/3887 3859/4085/3860 3869/4095/3870
f 3889/4115/3890 3888/4114/3889 3891/4117/3892
f 3888/4114/3889 3889/4115/3890 3885/4111/3886
f 3886/4112/3887 3871/4097/3872 3889/4115/3890
f 3886/4112/3887 3889/4115/3890 3892/4118/3893
f 3887/4113/3888 3893/4119/3894 3888/4114/3889
f 3859/4085/3860 3857/4083/3858 3869/4095/3870
f 3878/4104/3879 3879/4105/3880 3894/4120/3895
f 3879/4105/3880 3878/4104/3879 3874/4100/3875
f 3883/4109/3884 3884/4110/3885 3895/4121/3896
f 3884/4110/3885 3883/4109/3884 3880/4106/3881
f 3879/4105/3880 3877/4103/3878 3883/4109/3884
f 3879/4105/3880 3883/4109/3884 3896/4122/3897
f 3893/4119/3894 3894/4120/3895 3897/4123/3898
f 3893/4119/3894 3887/4113/3888 3894/4120/3895
f 3898/4124/3899 3897/4123/3898 3896/4122/3897
f 3896/4122/3897 3897/4123/3898 3894/4120/3895
f 3895/4121/3896 3896/4122/3897 3883/4109/3884
f 3898/4124/3899 3896/4122/3897 3895/4121/3896
f 3894/4120/3895 3879/4105/3880 3896/4122/3897
f 3893/4119/3894 3897/4123/3898 3899/4125/3900
f 3884/4110/3885 3900/4126/3901 3895/4121/3896
f 3894/4120/3895 3887/4113/3888 3878/4104/3879
f 3887/4113/3888 3870/4096/3871 3878/4104/3879
f 3888/4114/3889 3893/4119/3894 3901/4127/3902
f 3882/4108/3883 3902/4128/3903 3884/4110/3885
f 3869/4095/3870 3857/4083/3858 3861/4087/3862
f 3858/4084/3859 3859/4085/3860 3903/4129/3904
f 3848/4074/3849 3904/4130/3905 3905/4131/3906
f 3848/4074/3849 3847/4073/3848 3904/4130/3905
f 3851/4077/3852 3862/4088/3863 3906/4132/3907
f 3851/4077/3852 3849/4075/3850 3862/4088/3863
f 3847/4073/3848 3851/4077/3852 3904/4130/3905
f 3904/4130/3905 3851/4077/3852 3906/4132/3907
f 3907/4133/3908 3908/4134/3909 3905/4131/3906
f 3905/4131/3906 3908/4134/3909 3848/4074/3849
f 3909/4135/3910 3906/4132/3907 3910/4136/3911
f 3910/4136/3911 3906/4132/3907 3862/4088/3863
f 3905/4131/3906 3904/4130/3905 3906/4132/3907
f 3911/4137/3912 3905/4131/3906 3906/4132/3907
f 3862/4088/3863 3856/4082/3857 3910/4136/3911
f 3856/4082/3857 3912/4138/3913 3910/4136/3911
f 3912/4138/3913 3856/4082/3857 3860/4086/3861
f 3912/4138/3913 3860/4086/3861 3913/4139/3914
f 3860/4086/3861 3858/4084/3859 3903/4129/3904
f 3855/4081/3856 3860/4086/3861 3856/4082/3857
f 3914/4140/3915 3860/4086/3861 3903/4129/3904
f 3912/4138/3913 3915/4141/3916 3916/4142/3917
f 3915/4141/3916 3912/4138/3913 3913/4139/3914
f 3913/4139/3914 3917/4143/3918 3915/4141/3916
f 3917/4143/3918 3913/4139/3914 3914/4140/3915
f 3918/4144/3919 3917/4143/3918 3914/4140/3915
f 3916/4142/3917 3915/4141/3916 3919/4145/3920
f 3913/4139/3914 3860/4086/3861 3914/4140/3915
f 3920/4146/3921 3915/4141/3916 3917/4143/3918
f 3914/4140/3915 3903/4129/3904 3921/4147/3922
f 3912/4138/3913 3916/4142/3917 3910/4136/3911
f 3850/4076/3851 3856/4082/3857 3862/4088/3863
f 3910/4136/3911 3916/4142/3917 3909/4135/3910
f 3922/4148/3923 3923/4149/3924 3907/4133/3908
f 3923/4149/3924 3908/4134/3909 3907/4133/3908
f 3911/4137/3912 3924/4150/3925 3907/4133/3908
f 3924/4150/3925 3911/4137/3912 3925/4151/3926
f 3905/4131/3906 3911/4137/3912 3907/4133/3908
f 3922/4148/3923 3907/4133/3908 3924/4150/3925
f 104/4152/104 3926/4153/3927 265/4154/265
f 3922/4148/3923 265/4154/265 3926/4153/3927
f 510/4155/510 265/4154/265 3922/4148/3923
f 3926/4153/3927 3923/4149/3924 3922/4148/3923
f 3922/4148/3923 3924/4150/3925 510/4155/510
f 3909/4135/3910 3927/4156/3928 3925/4151/3926
f 3909/4135/3910 3916/4142/3917 3927/4156/3928
f 217/4157/217 3919/4145/3920 513/4158/513
f 3927/4156/3928 3916/4142/3917 3919/4145/3920
f 3915/4141/3916 3920/4146/3921 3919/4145/3920
f 3927/4156/3928 3919/4145/3920 217/4157/217
f 3924/4150/3925 303/4159/303 510/4155/510
f 3924/4150/3925 3925/4151/3926 303/4159/303
f 298/4160/298 303/4159/303 3925/4151/3926
f 298/4160/298 3925/4151/3926 3927/4156/3928
f 3927/4156/3928 217/4157/217 298/4160/298
f 3919/4145/3920 3920/4146/3921 513/4158/513
f 3925/4151/3926 3911/4137/3912 3909/4135/3910
f 3909/4135/3910 3911/4137/3912 3906/4132/3907
f 3917/4143/3918 3928/4161/3929 3920/4146/3921
f 3890/4116/3891 3892/4118/3893 3929/4162/3930
f 3890/4116/3891 3886/4112/3887 3892/4118/3893
f 3891/4117/3892 3901/4127/3902 3930/4163/3931
f 3891/4117/3892 3888/4114/3889 3901/4127/3902
f 3889/4115/3890 3891/4117/3892 3892/4118/3893
f 3892/4118/3893 3891/4117/3892 3931/4164/3932
f 3932/4165/3933 3921/4147/3922 3929/4162/3930
f 3929/4162/3930 3921/4147/3922 3890/4116/3891
f 3933/4166/3934 3931/4164/3932 3930/4163/3931
f 3930/4163/3931 3931/4164/3932 3891/4117/3892
f 3929/4162/3930 3892/4118/3893 3931/4164/3932
f 3934/4167/3935 3929/4162/3930 3931/4164/3932
f 3901/4127/3902 3935/4168/3936 3930/4163/3931
f 3918/4144/3919 3914/4140/3915 3921/4147/3922
f 3899/4125/3900 3898/4124/3899 3936/4169/3937
f 3899/4125/3900 3901/4127/3902 3893/4119/3894
f 3936/4169/3937 3937/4170/3938 3938/4171/3939
f 3937/4170/3938 3936/4169/3937 3898/4124/3899
f 3898/4124/3899 3895/4121/3896 3937/4170/3938
f 3899/4125/3900 3936/4169/3937 3939/4172/3940
f 3935/4168/3936 3940/4173/3941 3930/4163/3931
f 3940/4173/3941 3935/4168/3936 3941/4174/3942
f 3941/4174/3942 3939/4172/3940 3942/4175/3943
f 3939/4172/3940 3935/4168/3936 3899/4125/3900
f 3943/4176/3944 3941/4174/3942 3944/4177/3945
f 3939/4172/3940 3941/4174/3942 3935/4168/3936
f 3939/4172/3940 3936/4169/3937 3945/4178/3946
f 3940/4173/3941 3941/4174/3942 3943/4176/3944
f 3937/4170/3938 3946/4179/3947 3938/4171/3939
f 3899/4125/3900 3935/4168/3936 3901/4127/3902
f 3903/4129/3904 3859/4085/3860 3890/4116/3891
f 3930/4163/3931 3940/4173/3941 3933/4166/3934
f 3918/4144/3919 3932/4165/3933 3947/4180/3948
f 3918/4144/3919 3921/4147/3922 3932/4165/3933
f 296/4181/296 3947/4180/3948 564/4182/564
f 3932/4165/3933 3948/4183/3949 3947/4180/3948
f 3929/4162/3930 3934/4167/3935 3932/4165/3933
f 3918/4144/3919 3947/4180/3948 3928/4161/3929
f 3920/4146/3921 301/4184/301 513/4158/513
f 3920/4146/3921 3928/4161/3929 301/4184/301
f 296/4181/296 301/4184/301 3928/4161/3929
f 3928/4161/3929 3947/4180/3948 296/4181/296
f 3948/4183/3949 3932/4165/3933 3934/4167/3935
f 3917/4143/3918 3918/4144/3919 3928/4161/3929
f 3949/4185/3950 3948/4183/3949 3934/4167/3935
f 3949/4185/3950 3933/4166/3934 3950/4186/3951
f 3950/4186/3951 3943/4176/3944 124/4187/124
f 3950/4186/3951 3933/4166/3934 3940/4173/3941
f 3940/4173/3941 3943/4176/3944 3950/4186/3951
f 3949/4185/3950 3950/4186/3951 355/4188/355
f 3948/4183/3949 564/4182/564 3947/4180/3948
f 564/4182/564 3948/4183/3949 562/4189/562
f 562/4189/562 3948/4183/3949 3949/4185/3950
f 562/4189/562 3949/4185/3950 355/4188/355
f 3950/4186/3951 124/4187/124 355/4188/355
f 124/4187/124 3943/4176/3944 126/4190/126
f 3949/4185/3950 3934/4167/3935 3933/4166/3934
f 3934/4167/3935 3931/4164/3932 3933/4166/3934
f 3936/4169/3937 3938/4171/3939 3945/4178/3946
f 3921/4147/3922 3903/4129/3904 3890/4116/3891
f 3898/4124/3899 3899/4125/3900 3897/4123/3898
f 3895/4121/3896 3900/4126/3901 3937/4170/3938
f 3951/4191/3952 3902/4128/3903 3882/4108/3883
f 3952/4192/3953 3953/4193/3954 3954/4194/3955
f 3951/4191/3952 3953/4193/3954 3902/4128/3903
f 3955/4195/3956 3884/4110/3885 3902/4128/3903
f 3955/4195/3956 3902/4128/3903 3952/4192/3953
f 3952/4192/3953 3956/4196/3957 3955/4195/3956
f 3954/4194/3955 3956/4196/3957 3952/4192/3953
f 3902/4128/3903 3953/4193/3954 3952/4192/3953
f 3955/4195/3956 3956/4196/3957 3957/4197/3958
f 3954/4194/3955 3953/4193/3954 3958/4198/3959
f 3955/4195/3956 3900/4126/3901 3884/4110/3885
f 3959/4199/3960 3960/4200/3961 3961/4201/3962
f 3962/4202/3963 3963/4203/3964 3964/4204/3965
f 3960/4200/3961 3963/4203/3964 3965/4205/3966
f 3954/4194/3955 3966/4206/3967 3956/4196/3957
f 3966/4206/3967 3954/4194/3955 3961/4201/3962
f 3966/4206/3967 3961/4201/3962 3967/4207/3968
f 3965/4205/3966 3961/4201/3962 3960/4200/3961
f 3962/4202/3963 3965/4205/3966 3963/4203/3964
f 3968/4208/3969 3961/4201/3962 3965/4205/3966
f 3958/4198/3959 3961/4201/3962 3954/4194/3955
f 3969/4209/3970 3965/4205/3966 3962/4202/3963
f 3969/4209/3970 3962/4202/3963 3964/4204/3965
f 3961/4201/3962 3958/4198/3959 3959/4199/3960
f 3956/4196/3957 3966/4206/3967 3970/4210/3971
f 3900/4126/3901 3957/4197/3958 3946/4179/3947
f 3900/4126/3901 3955/4195/3956 3957/4197/3958
f 3971/4211/3972 3970/4210/3971 3972/4212/3973
f 3970/4210/3971 3957/4197/3958 3956/4196/3957
f 3972/4212/3973 3966/4206/3967 3967/4207/3968
f 3957/4197/3958 3970/4210/3971 3973/4213/3974
f 3974/4214/3975 3938/4171/3939 3946/4179/3947
f 3974/4214/3975 3946/4179/3947 3973/4213/3974
f 3974/4214/3975 3973/4213/3974 3975/4215/3976
f 3971/4211/3972 3973/4213/3974 3970/4210/3971
f 3946/4179/3947 3957/4197/3958 3973/4213/3974
f 3971/4211/3972 3976/4216/3977 3973/4213/3974
f 3966/4206/3967 3972/4212/3973 3970/4210/3971
f 3937/4170/3938 3900/4126/3901 3946/4179/3947
f 3972/4212/3973 3977/4217/3978 3978/4218/3979
f 3972/4212/3973 3967/4207/3968 3977/4217/3978
f 3977/4217/3978 3968/4208/3969 3979/4219/3980
f 3969/4209/3970 3968/4208/3969 3965/4205/3966
f 3967/4207/3968 3968/4208/3969 3977/4217/3978
f 3979/4219/3980 3968/4208/3969 3969/4209/3970
f 3980/4220/3981 3971/4211/3972 3978/4218/3979
f 3978/4218/3979 3977/4217/3978 3981/4221/3982
f 3979/4219/3980 3982/4222/3983 3983/4223/3984
f 3982/4222/3983 3979/4219/3980 3969/4209/3970
f 3983/4223/3984 3982/4222/3983 3984/4224/3985
f 3979/4219/3980 3983/4223/3984 3981/4221/3982
f 3977/4217/3978 3979/4219/3980 3981/4221/3982
f 3985/4225/3986 3978/4218/3979 3981/4221/3982
f 3982/4222/3983 3969/4209/3970 3986/4226/3987
f 3972/4212/3973 3978/4218/3979 3971/4211/3972
f 3967/4207/3968 3961/4201/3962 3968/4208/3969
f 3983/4223/3984 3987/4227/3988 3981/4221/3982
f 3964/4204/3965 3963/4203/3964 3988/4228/3989
f 3974/4214/3975 3989/4229/3990 3938/4171/3939
f 3964/4204/3965 3990/4230/3991 3991/4231/3992
f 3964/4204/3965 3988/4228/3989 3990/4230/3991
f 3990/4230/3991 3992/4232/3993 3993/4233/3994
f 3988/4228/3989 3992/4232/3993 3990/4230/3991
f 3993/4233/3994 3992/4232/3993 3994/4234/3995
f 3986/4226/3987 3991/4231/3992 3995/4235/3996
f 3986/4226/3987 3964/4204/3965 3991/4231/3992
f 3993/4233/3994 3996/4236/3997 3991/4231/3992
f 3996/4236/3997 3993/4233/3994 3997/4237/3998
f 3990/4230/3991 3993/4233/3994 3991/4231/3992
f 3991/4231/3992 3996/4236/3997 3998/4238/3999
f 3994/4234/3995 3997/4237/3998 3993/4233/3994
f 3964/4204/3965 3986/4226/3987 3969/4209/3970
f 3999/4239/4000 4000/4240/4001 4001/4241/4002
f 4002/4242/4003 4003/4243/4004 4004/4244/4005
f 4000/4240/4001 4002/4242/4003 4005/4245/4006
f 4006/4246/4007 3997/4237/3998 4001/4241/4002
f 3997/4237/3998 3999/4239/4000 4001/4241/4002
f 4005/4245/4006 4004/4244/4005 4007/4247/4008
f 4005/4245/4006 4001/4241/4002 4000/4240/4001
f 4001/4241/4002 4005/4245/4006 4008/4248/4009
f 4004/4244/4005 4005/4245/4006 4002/4242/4003
f 3997/4237/3998 4009/4249/4010 3996/4236/3997
f 3999/4239/4000 3997/4237/3998 3994/4234/3995
f 4007/4247/4008 4008/4248/4009 4005/4245/4006
f 3995/4235/3996 3998/4238/3999 4010/4250/4011
f 3995/4235/3996 3991/4231/3992 3998/4238/3999
f 4009/4249/4010 4011/4251/4012 3998/4238/3999
f 4011/4251/4012 4009/4249/4010 4006/4246/4007
f 3996/4236/3997 4009/4249/4010 3998/4238/3999
f 3998/4238/3999 4011/4251/4012 4012/4252/4013
f 4013/4253/4014 3984/4224/3985 4014/4254/4015
f 4014/4254/4015 3984/4224/3985 3995/4235/3996
f 4015/4255/4016 4010/4250/4011 4012/4252/4013
f 4012/4252/4013 4010/4250/4011 3998/4238/3999
f 4014/4254/4015 3995/4235/3996 4010/4250/4011
f 4016/4256/4017 4014/4254/4015 4010/4250/4011
f 4011/4251/4012 4017/4257/4018 4012/4252/4013
f 3984/4224/3985 3982/4222/3983 3995/4235/3996
f 4006/4246/4007 4018/4258/4019 4011/4251/4012
f 4018/4258/4019 4006/4246/4007 4008/4248/4009
f 4018/4258/4019 4008/4248/4009 4019/4259/4020
f 4020/4260/4021 4008/4248/4009 4007/4247/4008
f 4006/4246/4007 4001/4241/4002 4008/4248/4009
f 4019/4259/4020 4008/4248/4009 4020/4260/4021
f 4017/4257/4018 4019/4259/4020 4021/4261/4022
f 4019/4259/4020 4017/4257/4018 4018/4258/4019
f 4021/4261/4022 4022/4262/4023 4023/4263/4024
f 4022/4262/4023 4021/4261/4022 4019/4259/4020
f 4017/4257/4018 4021/4261/4022 4024/4264/4025
f 4019/4259/4020 4020/4260/4021 4022/4262/4023
f 4012/4252/4013 4017/4257/4018 4025/4265/4026
f 4018/4258/4019 4017/4257/4018 4011/4251/4012
f 4009/4249/4010 3997/4237/3998 4006/4246/4007
f 4026/4266/4027 3983/4223/3984 3984/4224/3985
f 3995/4235/3996 3982/4222/3983 3986/4226/3987
f 4021/4261/4022 4023/4263/4024 4024/4264/4025
f 3938/4171/3939 3989/4229/3990 3945/4178/3946
f 3974/4214/3975 3975/4215/3976 4027/4267/4028
f 4028/4268/4029 3975/4215/3976 3976/4216/3977
f 3980/4220/3981 3976/4216/3977 3971/4211/3972
f 3975/4215/3976 3973/4213/3974 3976/4216/3977
f 4029/4269/4030 4028/4268/4029 3976/4216/3977
f 4030/4270/4031 3989/4229/3990 4027/4267/4028
f 3989/4229/3990 3974/4214/3975 4027/4267/4028
f 4028/4268/4029 4031/4271/4032 4027/4267/4028
f 4032/4272/4033 4031/4271/4032 4028/4268/4029
f 4027/4267/4028 3975/4215/3976 4028/4268/4029
f 3945/4178/3946 3989/4229/3990 4033/4273/4034
f 4029/4269/4030 3976/4216/3977 3980/4220/3981
f 4031/4271/4032 4030/4270/4031 4027/4267/4028
f 4029/4269/4030 4034/4274/4035 4035/4275/4036
f 4029/4269/4030 3980/4220/3981 4034/4274/4035
f 4034/4274/4035 3985/4225/3986 4036/4276/4037
f 3987/4227/3988 3985/4225/3986 3981/4221/3982
f 3980/4220/3981 3985/4225/3986 4034/4274/4035
f 4036/4276/4037 3985/4225/3986 3987/4227/3988
f 4031/4271/4032 4032/4272/4033 4037/4277/4038
f 4032/4272/4033 4029/4269/4030 4035/4275/4036
f 4038/4278/4039 4036/4276/4037 4039/4279/4040
f 4040/4280/4041 4036/4276/4037 3987/4227/3988
f 4041/4281/4042 4038/4278/4039 4042/4282/4043
f 4038/4278/4039 4035/4275/4036 4034/4274/4035
f 4036/4276/4037 4038/4278/4039 4034/4274/4035
f 4035/4275/4036 4038/4278/4039 4041/4281/4042
f 3987/4227/3988 4026/4266/4027 4040/4280/4041
f 4029/4269/4030 4032/4272/4033 4028/4268/4029
f 3980/4220/3981 3978/4218/3979 3985/4225/3986
f 4043/4283/4044 4032/4272/4033 4035/4275/4036
f 4044/4284/4045 3942/4175/3943 4033/4273/4034
f 3942/4175/3943 3945/4178/3946 4033/4273/4034
f 4030/4270/4031 4045/4285/4046 4033/4273/4034
f 4045/4285/4046 4030/4270/4031 4046/4286/4047
f 3989/4229/3990 4030/4270/4031 4033/4273/4034
f 4044/4284/4045 4033/4273/4034 4045/4285/4046
f 3944/4177/3945 126/4190/126 3943/4176/3944
f 126/4190/126 3944/4177/3945 559/4287/559
f 4044/4284/4045 559/4287/559 3944/4177/3945
f 556/4288/556 559/4287/559 4044/4284/4045
f 3944/4177/3945 3942/4175/3943 4044/4284/4045
f 4044/4284/4045 4045/4285/4046 556/4288/556
f 3942/4175/3943 3944/4177/3945 3941/4174/3942
f 102/4289/102 4046/4286/4047 4037/4277/4038
f 4046/4286/4047 4030/4270/4031 4031/4271/4032
f 4043/4283/4044 4041/4281/4042 370/4290/370
f 4046/4286/4047 4031/4271/4032 4037/4277/4038
f 4043/4283/4044 4037/4277/4038 4032/4272/4033
f 371/4291/371 4037/4277/4038 4043/4283/4044
f 556/4288/556 4045/4285/4046 103/4292/103
f 371/4291/371 102/4289/102 4037/4277/4038
f 370/4290/370 371/4291/371 4043/4283/4044
f 103/4292/103 4046/4286/4047 102/4289/102
f 370/4290/370 4041/4281/4042 405/4293/405
f 103/4292/103 4045/4285/4046 4046/4286/4047
f 4035/4275/4036 4041/4281/4042 4043/4283/4044
f 4040/4280/4041 4039/4279/4040 4036/4276/4037
f 3945/4178/3946 3942/4175/3943 3939/4172/3940
f 4026/4266/4027 4013/4253/4014 4047/4294/4048
f 4013/4253/4014 4026/4266/4027 3984/4224/3985
f 4016/4256/4017 4015/4255/4016 4048/4295/4049
f 4015/4255/4016 4016/4256/4017 4010/4250/4011
f 4013/4253/4014 4014/4254/4015 4016/4256/4017
f 4013/4253/4014 4016/4256/4017 4048/4295/4049
f 4047/4294/4048 4048/4295/4049 4049/4296/4050
f 4048/4295/4049 4047/4294/4048 4013/4253/4014
f 4050/4297/4051 4049/4296/4050 4051/4298/4052
f 4051/4298/4052 4049/4296/4050 4048/4295/4049
f 4051/4298/4052 4048/4295/4049 4052/4299/4053
f 4053/4300/4054 4040/4280/4041 4047/4294/4048
f 4048/4295/4049 4015/4255/4016 4052/4299/4053
f 4053/4300/4054 4047/4294/4048 4049/4296/4050
f 4054/4301/4055 4052/4299/4053 4025/4265/4026
f 4025/4265/4026 4052/4299/4053 4015/4255/4016
f 4055/4302/4056 4025/4265/4026 4024/4264/4025
f 4056/4303/4057 4024/4264/4025 4023/4263/4024
f 4025/4265/4026 4017/4257/4018 4024/4264/4025
f 4055/4302/4056 4024/4264/4025 4056/4303/4057
f 4054/4301/4055 4057/4304/4058 4052/4299/4053
f 4057/4304/4058 4054/4301/4055 4058/4305/4059
f 4055/4302/4056 4059/4306/4060 4058/4305/4059
f 4059/4306/4060 4055/4302/4056 4056/4303/4057
f 4057/4304/4058 4058/4305/4059 4060/4307/4061
f 4055/4302/4056 4058/4305/4059 4054/4301/4055
f 4054/4301/4055 4025/4265/4026 4055/4302/4056
f 4061/4308/4062 4058/4305/4059 4059/4306/4060
f 4052/4299/4053 4057/4304/4058 4051/4298/4052
f 4015/4255/4016 4012/4252/4013 4025/4265/4026
f 4062/4309/4063 4051/4298/4052 4057/4304/4058
f 4039/4279/4040 4053/4300/4054 4063/4310/4064
f 4039/4279/4040 4040/4280/4041 4053/4300/4054
f 4063/4310/4064 4064/4311/4065 76/4312/76
f 4064/4311/4065 4063/4310/4064 4053/4300/4054
f 4049/4296/4050 4064/4311/4065 4053/4300/4054
f 4039/4279/4040 4063/4310/4064 4042/4282/4043
f 4042/4282/4043 405/4293/405 4041/4281/4042
f 405/4293/405 4042/4282/4043 77/4313/77
f 77/4313/77 4042/4282/4043 4063/4310/4064
f 4063/4310/4064 76/4312/76 77/4313/77
f 4064/4311/4065 449/4314/449 76/4312/76
f 4039/4279/4040 4042/4282/4043 4038/4278/4039
f 4050/4297/4051 4062/4309/4063 70/4315/70
f 4049/4296/4050 4050/4297/4051 4064/4311/4065
f 4060/4307/4061 4061/4308/4062 4065/4316/4066
f 4051/4298/4052 4062/4309/4063 4050/4297/4051
f 4060/4307/4061 4062/4309/4063 4057/4304/4058
f 4062/4309/4063 4060/4307/4061 48/4317/48
f 449/4314/449 4050/4297/4051 70/4315/70
f 48/4317/48 4065/4316/4066 5/4318/5
f 48/4317/48 70/4315/70 4062/4309/4063
f 4065/4316/4066 48/4317/48 4060/4307/4061
f 4050/4297/4051 449/4314/449 4064/4311/4065
f 4058/4305/4059 4061/4308/4062 4060/4307/4061
f 4047/4294/4048 4040/4280/4041 4026/4266/4027
f 3987/4227/3988 3983/4223/3984 4026/4266/4027
f 3951/4191/3952 3882/4108/3883 3881/4107/3882
f 4066/4319/4067 4004/4320/4005 4003/4321/4004
f 4066/4319/4067 4003/4321/4004 4002/4322/4003
f 4067/4323/4068 4002/4322/4003 4000/4324/4001
f 4007/4325/4008 4066/4319/4067 4068/4326/4069
f 4066/4319/4067 4007/4325/4008 4004/4320/4005
f 4069/4327/4070 4068/4326/4069 4067/4323/4068
f 4067/4323/4068 4068/4326/4069 4066/4319/4067
f 4066/4319/4067 4002/4322/4003 4067/4323/4068
f 4007/4325/4008 4068/4326/4069 4070/4328/4071
f 4000/4324/4001 3999/4329/4000 4067/4323/4068
f 3999/4329/4000 3994/4330/3995 4071/4331/4072
f 3992/4332/3993 3988/4333/3989 4072/4334/4073
f 3994/4330/3995 3992/4332/3993 4073/4335/4074
f 4074/4336/4075 4067/4323/4068 4075/4337/4076
f 4071/4331/4072 4075/4337/4076 3999/4329/4000
f 4076/4338/4077 4071/4331/4072 4073/4335/4074
f 4072/4334/4073 4073/4335/4074 3992/4332/3993
f 4071/4331/4072 3994/4330/3995 4073/4335/4074
f 4077/4339/4078 4075/4337/4076 4071/4331/4072
f 3988/4333/3989 3963/4340/3964 4072/4334/4073
f 3999/4329/4000 4075/4337/4076 4067/4323/4068
f 4078/4341/4079 4073/4335/4074 4072/4334/4073
f 4020/4342/4021 4070/4328/4071 4022/4343/4023
f 4020/4342/4021 4007/4325/4008 4070/4328/4071
f 4070/4328/4071 4069/4327/4070 4079/4344/4080
f 4074/4336/4075 4069/4327/4070 4067/4323/4068
f 4068/4326/4069 4069/4327/4070 4070/4328/4071
f 4079/4344/4080 4069/4327/4070 4074/4336/4075
f 4022/4343/4023 4080/4345/4081 4023/4346/4024
f 4022/4343/4023 4070/4328/4071 4080/4345/4081
f 4079/4344/4080 4081/4347/4082 4080/4345/4081
f 4082/4348/4083 4081/4347/4082 4079/4344/4080
f 4070/4328/4071 4079/4344/4080 4080/4345/4081
f 4080/4345/4081 4081/4347/4082 4083/4349/4084
f 4079/4344/4080 4074/4336/4075 4084/4350/4085
f 4085/4351/4086 4084/4350/4085 4077/4339/4078
f 4077/4339/4078 4084/4350/4085 4074/4336/4075
f 4086/4352/4087 4077/4339/4078 4076/4338/4077
f 4078/4341/4079 4076/4338/4077 4073/4335/4074
f 4077/4339/4078 4071/4331/4072 4076/4338/4077
f 4086/4352/4087 4076/4338/4077 4078/4341/4079
f 4084/4350/4085 4087/4353/4088 4082/4348/4083
f 4087/4353/4088 4084/4350/4085 4085/4351/4086
f 4087/4353/4088 4086/4352/4087 4088/4354/4089
f 4086/4352/4087 4087/4353/4088 4085/4351/4086
f 4089/4355/4090 4088/4354/4089 4086/4352/4087
f 4087/4353/4088 4088/4354/4089 4090/4356/4091
f 4085/4351/4086 4077/4339/4078 4086/4352/4087
f 4082/4348/4083 4087/4353/4088 4091/4357/4092
f 4086/4352/4087 4078/4341/4079 4089/4355/4090
f 4084/4350/4085 4082/4348/4083 4079/4344/4080
f 4074/4336/4075 4075/4337/4076 4077/4339/4078
f 4081/4347/4082 4082/4348/4083 4092/4358/4093
f 4072/4334/4073 4093/4359/4094 4078/4341/4079
f 4094/4360/4095 4078/4341/4079 4093/4359/4094
f 4093/4359/4094 3963/4340/3964 3960/4361/3961
f 4093/4359/4094 3960/4361/3961 4095/4362/4096
f 4095/4362/4096 3960/4361/3961 3959/4363/3960
f 4094/4360/4095 4095/4362/4096 4096/4364/4097
f 4095/4362/4096 4094/4360/4095 4093/4359/4094
f 4096/4364/4097 4097/4365/4098 4098/4366/4099
f 4097/4365/4098 4096/4364/4097 4095/4362/4096
f 4095/4362/4096 3959/4363/3960 4097/4365/4098
f 4094/4360/4095 4096/4364/4097 4099/4367/4100
f 3959/4363/3960 3958/4368/3959 4097/4365/4098
f 4094/4360/4095 4089/4355/4090 4078/4341/4079
f 3958/4368/3959 3953/4369/3954 4100/4370/4101
f 3951/4371/3952 3881/4372/3882 4101/4373/4102
f 3953/4369/3954 3951/4371/3952 4101/4373/4102
f 4102/4374/4103 4098/4366/4099 4103/4375/4104
f 4098/4366/4099 4097/4365/4098 4103/4375/4104
f 4104/4376/4105 4103/4375/4104 4100/4370/4101
f 4101/4373/4102 4100/4370/4101 3953/4369/3954
f 4105/4377/4106 4101/4373/4102 3881/4372/3882
f 4106/4378/4107 4100/4370/4101 4101/4373/4102
f 4103/4375/4104 3958/4368/3959 4100/4370/4101
f 4107/4379/4108 4101/4373/4102 4105/4377/4106
f 3881/4372/3882 3876/4380/3877 4105/4377/4106
f 4103/4375/4104 4097/4365/4098 3958/4368/3959
f 4096/4364/4097 4098/4366/4099 4108/4381/4109
f 4089/4355/4090 4109/4382/4110 4110/4383/4111
f 4089/4355/4090 4094/4360/4095 4109/4382/4110
f 4099/4367/4100 4108/4381/4109 4111/4384/4112
f 4099/4367/4100 4096/4364/4097 4108/4381/4109
f 4094/4360/4095 4099/4367/4100 4109/4382/4110
f 4109/4382/4110 4099/4367/4100 4110/4383/4111
f 4112/4385/4113 4110/4383/4111 4113/4386/4114
f 4110/4383/4111 4112/4385/4113 4089/4355/4090
f 4111/4384/4112 4114/4387/4115 4115/4388/4116
f 4114/4387/4115 4111/4384/4112 4108/4381/4109
f 4110/4383/4111 4099/4367/4100 4111/4384/4112
f 4110/4383/4111 4111/4384/4112 4116/4389/4117
f 4108/4381/4109 4117/4390/4118 4114/4387/4115
f 4089/4355/4090 4112/4385/4113 4088/4354/4089
f 4102/4374/4103 4104/4376/4105 4118/4391/4119
f 4104/4376/4105 4102/4374/4103 4103/4375/4104
f 4106/4378/4107 4107/4379/4108 4119/4392/4120
f 4107/4379/4108 4106/4378/4107 4101/4373/4102
f 4104/4376/4105 4100/4370/4101 4106/4378/4107
f 4104/4376/4105 4106/4378/4107 4120/4393/4121
f 4117/4390/4118 4121/4394/4122 4114/4387/4115
f 4121/4394/4122 4117/4390/4118 4118/4391/4119
f 4121/4394/4122 4118/4391/4119 4122/4395/4123
f 4120/4393/4121 4118/4391/4119 4104/4376/4105
f 4119/4392/4120 4120/4393/4121 4106/4378/4107
f 4123/4396/4124 4118/4391/4119 4120/4393/4121
f 4117/4390/4118 4102/4374/4103 4118/4391/4119
f 4123/4396/4124 4120/4393/4121 4119/4392/4120
f 4107/4379/4108 4124/4397/4125 4119/4392/4120
f 4102/4374/4103 4117/4390/4118 4108/4381/4109
f 4108/4381/4109 4098/4366/4099 4102/4374/4103
f 4114/4387/4115 4121/4394/4122 4125/4398/4126
f 4105/4377/4106 4126/4399/4127 4107/4379/4108
f 4093/4359/4094 4072/4334/4073 3963/4340/3964
f 4088/4354/4089 4112/4385/4113 4127/4400/4128
f 4023/4346/4024 4128/4401/4129 4056/4402/4057
f 4128/4401/4129 4080/4345/4081 4083/4349/4084
f 4083/4349/4084 4092/4358/4093 4129/4403/4130
f 4092/4358/4093 4083/4349/4084 4081/4347/4082
f 4082/4348/4083 4091/4357/4092 4092/4358/4093
f 4128/4401/4129 4083/4349/4084 4129/4403/4130
f 4130/4404/4131 4056/4402/4057 4131/4405/4132
f 4131/4405/4132 4056/4402/4057 4128/4401/4129
f 4132/4406/4133 4129/4403/4130 4133/4407/4134
f 4133/4407/4134 4129/4403/4130 4092/4358/4093
f 4131/4405/4132 4128/4401/4129 4129/4403/4130
f 4134/4408/4135 4131/4405/4132 4129/4403/4130
f 4092/4358/4093 4091/4357/4092 4133/4407/4134
f 4091/4357/4092 4135/4409/4136 4133/4407/4134
f 4135/4409/4136 4091/4357/4092 4090/4356/4091
f 4135/4409/4136 4090/4356/4091 4136/4410/4137
f 4127/4400/4128 4090/4356/4091 4088/4354/4089
f 4091/4357/4092 4087/4353/4088 4090/4356/4091
f 4137/4411/4138 4090/4356/4091 4127/4400/4128
f 4135/4409/4136 4138/4412/4139 4139/4413/4140
f 4138/4412/4139 4135/4409/4136 4136/4410/4137
f 4136/4410/4137 4140/4414/4141 4138/4412/4139
f 4140/4414/4141 4136/4410/4137 4137/4411/4138
f 4140/4414/4141 4137/4411/4138 4141/4415/4142
f 4139/4413/4140 4138/4412/4139 4142/4416/4143
f 4136/4410/4137 4090/4356/4091 4137/4411/4138
f 4143/4417/4144 4142/4416/4143 4138/4412/4139
f 4127/4400/4128 4113/4386/4114 4137/4411/4138
f 4135/4409/4136 4139/4413/4140 4133/4407/4134
f 4128/4401/4129 4023/4346/4024 4080/4345/4081
f 4133/4407/4134 4139/4413/4140 4132/4406/4133
f 4061/4418/4062 4059/4419/4060 4130/4404/4131
f 4061/4418/4062 4130/4404/4131 4144/4420/4145
f 4130/4404/4131 4059/4419/4060 4056/4402/4057
f 4131/4405/4132 4134/4408/4135 4130/4404/4131
f 4145/4421/4146 4144/4420/4145 4130/4404/4131
f 5/4422/5 4065/4423/4066 48/4424/48
f 4144/4420/4145 48/4424/48 4065/4423/4066
f 70/4425/70 48/4424/48 4144/4420/4145
f 4065/4423/4066 4061/4418/4062 4144/4420/4145
f 4145/4421/4146 4130/4404/4131 4134/4408/4135
f 4146/4426/4147 4145/4421/4146 4134/4408/4135
f 4146/4426/4147 4132/4406/4133 4147/4427/4148
f 4147/4427/4148 4142/4416/4143 77/4428/77
f 4147/4427/4148 4132/4406/4133 4139/4413/4140
f 4139/4413/4140 4142/4416/4143 4147/4427/4148
f 4146/4426/4147 4147/4427/4148 76/4429/76
f 4145/4421/4146 70/4425/70 4144/4420/4145
f 70/4425/70 4145/4421/4146 449/4430/449
f 449/4430/449 4145/4421/4146 4146/4426/4147
f 449/4430/449 4146/4426/4147 76/4429/76
f 4147/4427/4148 77/4428/77 76/4429/76
f 77/4428/77 4142/4416/4143 405/4431/405
f 4146/4426/4147 4134/4408/4135 4132/4406/4133
f 4134/4408/4135 4129/4403/4130 4132/4406/4133
f 4143/4417/4144 4138/4412/4139 4140/4414/4141
f 4113/4386/4114 4116/4389/4117 4148/4432/4149
f 4113/4386/4114 4110/4383/4111 4116/4389/4117
f 4115/4388/4116 4125/4398/4126 4149/4433/4150
f 4115/4388/4116 4114/4387/4115 4125/4398/4126
f 4111/4384/4112 4115/4388/4116 4116/4389/4117
f 4116/4389/4117 4115/4388/4116 4150/4434/4151
f 4151/4435/4152 4152/4436/4153 4148/4432/4149
f 4148/4432/4149 4152/4436/4153 4113/4386/4114
f 4150/4434/4151 4149/4433/4150 4153/4437/4154
f 4149/4433/4150 4150/4434/4151 4115/4388/4116
f 4148/4432/4149 4116/4389/4117 4150/4434/4151
f 4154/4438/4155 4148/4432/4149 4150/4434/4151
f 4125/4398/4126 4155/4439/4156 4149/4433/4150
f 4141/4415/4142 4137/4411/4138 4152/4436/4153
f 4156/4440/4157 4149/4433/4150 4155/4439/4156
f 4155/4439/4156 4122/4395/4123 4123/4396/4124
f 4123/4396/4124 4157/4441/4158 4155/4439/4156
f 4157/4441/4158 4123/4396/4124 4158/4442/4159
f 4122/4395/4123 4118/4391/4119 4123/4396/4124
f 4155/4439/4156 4157/4441/4158 4159/4443/4160
f 4149/4433/4150 4160/4444/4161 4153/4437/4154
f 4149/4433/4150 4156/4440/4157 4160/4444/4161
f 4156/4440/4157 4161/4445/4162 4160/4444/4161
f 4161/4445/4162 4156/4440/4157 4159/4443/4160
f 4161/4445/4162 4159/4443/4160 4162/4446/4163
f 4160/4444/4161 4161/4445/4162 4163/4447/4164
f 4156/4440/4157 4155/4439/4156 4159/4443/4160
f 4153/4437/4154 4160/4444/4161 4164/4448/4165
f 4157/4441/4158 4165/4449/4166 4159/4443/4160
f 4155/4439/4156 4125/4398/4126 4122/4395/4123
f 4127/4400/4128 4112/4385/4113 4113/4386/4114
f 4153/4437/4154 4154/4438/4155 4150/4434/4151
f 4166/4450/4167 4143/4417/4144 4140/4414/4141
f 4166/4450/4167 4141/4415/4142 4167/4451/4168
f 4151/4435/4152 4167/4451/4168 4141/4415/4142
f 4167/4451/4168 4151/4435/4152 4168/4452/4169
f 4141/4415/4142 4152/4436/4153 4151/4435/4152
f 4166/4450/4167 4167/4451/4168 371/4453/371
f 4143/4417/4144 405/4431/405 4142/4416/4143
f 405/4431/405 4143/4417/4144 370/4454/370
f 370/4454/370 4143/4417/4144 4166/4450/4167
f 4166/4450/4167 371/4453/371 370/4454/370
f 4167/4451/4168 102/4455/102 371/4453/371
f 4140/4414/4141 4141/4415/4142 4166/4450/4167
f 4154/4438/4155 4169/4456/4170 4168/4452/4169
f 4154/4438/4155 4153/4437/4154 4169/4456/4170
f 4164/4448/4165 4163/4447/4164 559/4457/559
f 4169/4456/4170 4153/4437/4154 4164/4448/4165
f 4160/4444/4161 4163/4447/4164 4164/4448/4165
f 4169/4456/4170 4164/4448/4165 556/4458/556
f 4168/4452/4169 102/4455/102 4167/4451/4168
f 102/4455/102 4168/4452/4169 103/4459/103
f 103/4459/103 4168/4452/4169 4169/4456/4170
f 103/4459/103 4169/4456/4170 556/4458/556
f 4164/4448/4165 559/4457/559 556/4458/556
f 4163/4447/4164 4161/4445/4162 4170/4460/4171
f 4154/4438/4155 4168/4452/4169 4151/4435/4152
f 4151/4435/4152 4148/4432/4149 4154/4438/4155
f 4163/4447/4164 126/4461/126 559/4457/559
f 4152/4436/4153 4137/4411/4138 4113/4386/4114
f 4121/4394/4122 4122/4395/4123 4125/4398/4126
f 4158/4442/4159 4123/4396/4124 4119/4392/4120
f 4126/4399/4127 4124/4397/4125 4107/4379/4108
f 4126/4399/4127 3876/4380/3877 3875/4462/3876
f 4126/4399/4127 3875/4462/3876 4171/4463/4172
f 4172/4464/4173 3875/4462/3876 3873/4465/3874
f 4124/4397/4125 4171/4463/4172 4173/4466/4174
f 4171/4463/4172 4124/4397/4125 4126/4399/4127
f 4173/4466/4174 4172/4464/4173 4174/4467/4175
f 4172/4464/4173 4173/4466/4174 4171/4463/4172
f 4171/4463/4172 3875/4462/3876 4172/4464/4173
f 4124/4397/4125 4173/4466/4174 4175/4468/4176
f 3873/4465/3874 4176/4469/4177 4172/4464/4173
f 4124/4397/4125 4177/4470/4178 4119/4392/4120
f 3872/4471/3873 3864/4472/3865 4178/4473/4179
f 3843/4474/3844 3837/4475/3838 4179/4476/4180
f 3864/4472/3865 3843/4474/3844 4180/4477/4181
f 4181/4478/4182 4174/4467/4175 4176/4469/4177
f 4174/4467/4175 4172/4464/4173 4176/4469/4177
f 4182/4479/4183 4176/4469/4177 4178/4473/4179
f 4180/4477/4181 4178/4473/4179 3864/4472/3865
f 4179/4476/4180 4180/4477/4181 3843/4474/3844
f 4183/4480/4184 4178/4473/4179 4180/4477/4181
f 4176/4469/4177 3872/4471/3873 4178/4473/4179
f 4183/4480/4184 4180/4477/4181 4179/4476/4180
f 3837/4475/3838 3836/4481/3837 4179/4476/4180
f 4176/4469/4177 3873/4465/3874 3872/4471/3873
f 4173/4466/4174 4174/4467/4175 4184/4482/4185
f 4185/4483/4186 4158/4442/4159 4177/4470/4178
f 4158/4442/4159 4119/4392/4120 4177/4470/4178
f 4186/4484/4187 4177/4470/4178 4175/4468/4176
f 4175/4468/4176 4173/4466/4174 4184/4482/4185
f 4124/4397/4125 4175/4468/4176 4177/4470/4178
f 4187/4485/4188 4175/4468/4176 4184/4482/4185
f 4188/4486/4189 4165/4449/4166 4185/4483/4186
f 4185/4483/4186 4165/4449/4166 4158/4442/4159
f 4189/4487/4190 4185/4483/4186 4186/4484/4187
f 4187/4485/4188 4186/4484/4187 4175/4468/4176
f 4185/4483/4186 4177/4470/4178 4186/4484/4187
f 4187/4485/4188 4190/4488/4191 4186/4484/4187
f 4184/4482/4185 4191/4489/4192 4187/4485/4188
f 4158/4442/4159 4165/4449/4166 4157/4441/4158
f 4181/4478/4182 4191/4489/4192 4184/4482/4185
f 4192/4490/4193 4191/4489/4192 4181/4478/4182
f 4192/4490/4193 4181/4478/4182 4182/4479/4183
f 4183/4480/4184 4182/4479/4183 4178/4473/4179
f 4181/4478/4182 4176/4469/4177 4182/4479/4183
f 4193/4491/4194 4182/4479/4183 4183/4480/4184
f 4194/4492/4195 4192/4490/4193 4195/4493/4196
f 4192/4490/4193 4194/4492/4195 4191/4489/4192
f 4195/4493/4196 4193/4491/4194 4196/4494/4197
f 4193/4491/4194 4195/4493/4196 4192/4490/4193
f 4197/4495/4198 4196/4494/4197 4193/4491/4194
f 4198/4496/4199 4194/4492/4195 4195/4493/4196
f 4192/4490/4193 4182/4479/4183 4193/4491/4194
f 4199/4497/4200 4187/4485/4188 4194/4492/4195
f 4193/4491/4194 4183/4480/4184 4200/4498/4201
f 4191/4489/4192 4194/4492/4195 4187/4485/4188
f 4181/4478/4182 4184/4482/4185 4174/4467/4175
f 4196/4494/4197 4201/4499/4202 4195/4493/4196
f 4200/4498/4201 4183/4480/4184 4179/4476/4180
f 4126/4399/4127 4105/4377/4106 3876/4380/3877
f 4202/4500/4203 4200/4498/4201 4179/4476/4180
f 4202/4500/4203 3836/4481/3837 3834/4501/3835
f 4202/4500/4203 3834/4501/3835 4203/4502/4204
f 4203/4502/4204 3834/4501/3835 3833/4503/3834
f 4200/4498/4201 4204/4504/4205 4205/4505/4206
f 4200/4498/4201 4202/4500/4203 4204/4504/4205
f 4203/4502/4204 4206/4506/4207 4204/4504/4205
f 4207/4507/4208 4206/4506/4207 4203/4502/4204
f 4202/4500/4203 4203/4502/4204 4204/4504/4205
f 4204/4504/4205 4206/4506/4207 4208/4508/4209
f 4203/4502/4204 3833/4503/3834 4207/4507/4208
f 4202/4500/4203 4179/4476/4180 3836/4481/3837
f 4209/4509/4210 3827/4510/3828 3825/4511/3826
f 3824/4512/3825 3823/4513/3824 3825/4511/3826
f 4209/4509/4210 3825/4511/3826 3823/4513/3824
f 4207/4507/4208 4210/4514/4211 4206/4506/4207
f 4210/4514/4211 4207/4507/4208 4211/4515/4212
f 4211/4515/4212 4209/4509/4210 4212/4516/4213
f 4209/4509/4210 4211/4515/4212 3827/4510/3828
f 4213/4517/4214 4212/4516/4213 4209/4509/4210
f 4211/4515/4212 4212/4516/4213 4210/4514/4211
f 4207/4507/4208 3827/4510/3828 4211/4515/4212
f 4210/4514/4211 4212/4516/4213 4214/4518/4215
f 4209/4509/4210 3823/4513/3824 3829/4519/3830
f 3827/4510/3828 4207/4507/4208 3833/4503/3834
f 4206/4506/4207 4210/4514/4211 4215/4520/4216
f 4197/4495/4198 4205/4505/4206 4216/4521/4217
f 4197/4495/4198 4200/4498/4201 4205/4505/4206
f 4208/4508/4209 4215/4520/4216 4217/4522/4218
f 4208/4508/4209 4206/4506/4207 4215/4520/4216
f 4204/4504/4205 4208/4508/4209 4205/4505/4206
f 4205/4505/4206 4208/4508/4209 4218/4523/4219
f 4219/4524/4220 4220/4525/4221 4216/4521/4217
f 4216/4521/4217 4220/4525/4221 4197/4495/4198
f 4221/4526/4222 4218/4523/4219 4217/4522/4218
f 4217/4522/4218 4218/4523/4219 4208/4508/4209
f 4216/4521/4217 4205/4505/4206 4218/4523/4219
f 4222/4527/4223 4216/4521/4217 4218/4523/4219
f 4215/4520/4216 4214/4518/4215 4217/4522/4218
f 4197/4495/4198 4220/4525/4221 4196/4494/4197
f 4214/4518/4215 4213/4517/4214 4223/4528/4224
f 4214/4518/4215 4215/4520/4216 4210/4514/4211
f 4223/4528/4224 3829/4519/3830 3831/4529/3832
f 3829/4519/3830 4223/4528/4224 4213/4517/4214
f 4213/4517/4214 4209/4509/4210 3829/4519/3830
f 4214/4518/4215 4223/4528/4224 4224/4530/4225
f 4225/4531/4226 4226/4532/4227 4224/4530/4225
f 4226/4532/4227 4214/4518/4215 4224/4530/4225
f 3831/4529/3832 3845/4533/3846 4224/4530/4225
f 4224/4530/4225 3845/4533/3846 4225/4531/4226
f 4223/4528/4224 3831/4529/3832 4224/4530/4225
f 4217/4522/4218 4226/4532/4227 4227/4534/4228
f 4214/4518/4215 4226/4532/4227 4217/4522/4218
f 4212/4516/4213 4213/4517/4214 4214/4518/4215
f 4228/4535/4229 4196/4494/4197 4220/4525/4221
f 4200/4498/4201 4197/4495/4198 4193/4491/4194
f 4225/4531/4226 3845/4533/3846 3848/4536/4230
f 4229/4537/4231 4230/4538/4232 4188/4486/4189
f 4188/4486/4189 4230/4538/4232 4165/4449/4166
f 4231/4539/4233 4188/4486/4189 4189/4487/4190
f 4190/4488/4191 4189/4487/4190 4186/4484/4187
f 4188/4486/4189 4185/4483/4186 4189/4487/4190
f 4232/4540/4234 4189/4487/4190 4190/4488/4191
f 4233/4541/4235 4229/4537/4231 4231/4539/4233
f 4231/4539/4233 4229/4537/4231 4188/4486/4189
f 4232/4540/4234 4234/4542/4236 4231/4539/4233
f 4234/4542/4236 4232/4540/4234 4235/4543/4237
f 4231/4539/4233 4189/4487/4190 4232/4540/4234
f 4230/4538/4232 4229/4537/4231 4236/4544/4238
f 4190/4488/4191 4199/4497/4200 4232/4540/4234
f 4234/4542/4236 4233/4541/4235 4231/4539/4233
f 4199/4497/4200 4237/4545/4239 4232/4540/4234
f 4238/4546/4240 4237/4545/4239 4199/4497/4200
f 4238/4546/4240 4199/4497/4200 4198/4496/4199
f 4201/4499/4202 4198/4496/4199 4195/4493/4196
f 4199/4497/4200 4194/4492/4195 4198/4496/4199
f 4239/4547/4241 4198/4496/4199 4201/4499/4202
f 4237/4545/4239 4240/4548/4242 4235/4543/4237
f 4240/4548/4242 4237/4545/4239 4238/4546/4240
f 4238/4546/4240 4241/4549/4243 4240/4548/4242
f 4241/4549/4243 4238/4546/4240 4239/4547/4241
f 4241/4549/4243 4239/4547/4241 4242/4550/4244
f 4240/4548/4242 4241/4549/4243 4243/4551/4245
f 4238/4546/4240 4198/4496/4199 4239/4547/4241
f 4234/4542/4236 4235/4543/4237 4244/4552/4246
f 4201/4499/4202 4228/4535/4229 4239/4547/4241
f 4237/4545/4239 4235/4543/4237 4232/4540/4234
f 4190/4488/4191 4187/4485/4188 4199/4497/4200
f 4245/4553/4247 4235/4543/4237 4240/4548/4242
f 4246/4554/4248 4162/4446/4163 4236/4544/4238
f 4236/4544/4238 4162/4446/4163 4230/4538/4232
f 4233/4541/4235 4247/4555/4249 4236/4544/4238
f 4247/4555/4249 4233/4541/4235 4248/4556/4250
f 4236/4544/4238 4229/4537/4231 4233/4541/4235
f 4246/4554/4248 4236/4544/4238 4247/4555/4249
f 4170/4460/4171 126/4461/126 4163/4447/4164
f 126/4461/126 4170/4460/4171 124/4557/124
f 4246/4554/4248 124/4557/124 4170/4460/4171
f 355/4558/355 124/4557/124 4246/4554/4248
f 4170/4460/4171 4162/4446/4163 4246/4554/4248
f 4246/4554/4248 4247/4555/4249 355/4558/355
f 4162/4446/4163 4170/4460/4171 4161/4445/4162
f 564/4559/564 4248/4556/4250 4244/4552/4246
f 4248/4556/4250 4233/4541/4235 4234/4542/4236
f 4245/4553/4247 4243/4551/4245 301/4560/301
f 4248/4556/4250 4234/4542/4236 4244/4552/4246
f 4245/4553/4247 4244/4552/4246 4235/4543/4237
f 296/4561/296 4244/4552/4246 4245/4553/4247
f 355/4558/355 4247/4555/4249 562/4562/562
f 296/4561/296 564/4559/564 4244/4552/4246
f 301/4560/301 296/4561/296 4245/4553/4247
f 562/4562/562 4248/4556/4250 564/4559/564
f 4243/4551/4245 513/4563/513 301/4560/301
f 562/4562/562 4247/4555/4249 4248/4556/4250
f 4240/4548/4242 4243/4551/4245 4245/4553/4247
f 4241/4549/4243 4249/4564/4251 4243/4551/4245
f 4230/4538/4232 4162/4446/4163 4159/4443/4160
f 4228/4535/4229 4219/4524/4220 4250/4565/4252
f 4219/4524/4220 4228/4535/4229 4220/4525/4221
f 4222/4527/4223 4221/4526/4222 4251/4566/4253
f 4221/4526/4222 4222/4527/4223 4218/4523/4219
f 4219/4524/4220 4216/4521/4217 4222/4527/4223
f 4219/4524/4220 4222/4527/4223 4252/4567/4254
f 4253/4568/4255 4254/4569/4256 4250/4565/4252
f 4250/4565/4252 4254/4569/4256 4228/4535/4229
f 4252/4567/4254 4251/4566/4253 4255/4570/4257
f 4251/4566/4253 4252/4567/4254 4222/4527/4223
f 4250/4565/4252 4219/4524/4220 4252/4567/4254
f 4256/4571/4258 4250/4565/4252 4252/4567/4254
f 4221/4526/4222 4227/4534/4228 4251/4566/4253
f 4228/4535/4229 4254/4569/4256 4239/4547/4241
f 4257/4572/4259 4251/4566/4253 4258/4573/4260
f 4258/4573/4260 4227/4534/4228 4225/4531/4226
f 4225/4531/4226 4259/4574/4261 4258/4573/4260
f 4259/4574/4261 4225/4531/4226 3908/4575/3909
f 4227/4534/4228 4226/4532/4227 4225/4531/4226
f 4258/4573/4260 4259/4574/4261 4260/4576/4262
f 4261/4577/4263 4255/4570/4257 4257/4572/4259
f 4251/4566/4253 4257/4572/4259 4255/4570/4257
f 4259/4574/4261 3923/4578/3924 4260/4576/4262
f 4260/4576/4262 4257/4572/4259 4258/4573/4260
f 4260/4576/4262 3923/4578/3924 3926/4579/3927
f 3923/4578/3924 4259/4574/4261 3908/4575/3909
f 4262/4580/4264 4257/4572/4259 4260/4576/4262
f 4225/4531/4226 3848/4536/4230 3908/4575/3909
f 4258/4573/4260 4251/4566/4253 4227/4534/4228
f 4221/4526/4222 4217/4522/4218 4227/4534/4228
f 4255/4570/4257 4256/4571/4258 4252/4567/4254
f 4263/4581/4265 4242/4550/4244 4253/4568/4255
f 4253/4568/4255 4242/4550/4244 4254/4569/4256
f 4256/4571/4258 4264/4582/4266 4253/4568/4255
f 4264/4582/4266 4256/4571/4258 4265/4583/4267
f 4253/4568/4255 4250/4565/4252 4256/4571/4258
f 4263/4581/4265 4253/4568/4255 4264/4582/4266
f 4249/4564/4251 513/4563/513 4243/4551/4245
f 513/4563/513 4249/4564/4251 217/4584/217
f 4263/4581/4265 217/4584/217 4249/4564/4251
f 298/4585/298 217/4584/217 4263/4581/4265
f 4249/4564/4251 4242/4550/4244 4263/4581/4265
f 4263/4581/4265 4264/4582/4266 298/4585/298
f 4242/4550/4244 4249/4564/4251 4241/4549/4243
f 4265/4583/4267 4261/4577/4263 510/4586/510
f 4256/4571/4258 4255/4570/4257 4265/4583/4267
f 4262/4580/4264 3926/4579/3927 104/4587/104
f 4265/4583/4267 4255/4570/4257 4261/4577/4263
f 4261/4577/4263 4257/4572/4259 4262/4580/4264
f 4261/4577/4263 4262/4580/4264 265/4588/265
f 298/4585/298 4264/4582/4266 303/4589/303
f 265/4588/265 510/4586/510 4261/4577/4263
f 104/4587/104 265/4588/265 4262/4580/4264
f 303/4589/303 4265/4583/4267 510/4586/510
f 303/4589/303 4264/4582/4266 4265/4583/4267
f 4260/4576/4262 3926/4579/3927 4262/4580/4264
f 4254/4569/4256 4242/4550/4244 4239/4547/4241
f 4201/4499/4202 4196/4494/4197 4228/4535/4229
f 4165/4449/4166 4230/4538/4232 4159/4443/4160
