mtllib chips_bag_a.mtl
o chips_bag_a
s 1
usemtl chips_bag_a_material
v 0.045566 0.091139 0.077380
v 0.046569 0.090025 0.072231
v 0.044002 0.088346 0.074975
v 0.047099 0.085861 0.075870
v 0.049873 0.086990 0.053854
v 0.049659 0.083977 0.048257
v 0.049968 0.083418 0.053968
v 0.044342 0.076754 0.071356
v 0.045917 0.077053 0.075067
v 0.043107 0.082623 0.072705
v 0.045814 0.082807 0.074931
v 0.049329 0.088972 0.051081
v 0.048878 0.088914 0.056362
v 0.046277 0.007730 -0.050326
v 0.049786 0.002477 -0.048164
v 0.044527 0.005016 -0.049262
v 0.044592 0.071247 0.073622
v 0.044551 0.068671 0.070070
v 0.045613 0.065716 0.072984
v 0.047734 -0.092521 0.006622
v 0.044259 -0.091719 0.003481
v 0.048415 -0.093336 0.001440
v 0.045190 0.055681 0.069481
v 0.050218 0.059009 0.068731
v 0.047143 0.059004 0.071966
v 0.051281 0.063900 0.071700
v 0.050005 0.069569 0.072243
v 0.049010 0.066326 0.072913
v 0.019460 0.048251 -0.040698
v 0.016896 0.046204 -0.038414
v 0.017977 0.050225 -0.035079
v 0.048596 0.075192 0.072650
v 0.048296 0.080321 0.075252
v 0.044341 0.088163 -0.004874
v 0.041292 0.088608 -0.010478
v 0.040286 0.086119 -0.004948
v 0.021841 -0.081172 0.029204
v 0.023447 -0.083699 0.024918
v 0.023506 -0.083941 0.031499
v 0.048821 0.054578 0.065272
v 0.030933 -0.091275 0.033400
v 0.029387 -0.090619 0.029720
v 0.033252 -0.091957 0.030423
v 0.045059 0.045137 0.065433
v 0.043921 0.040770 0.061596
v 0.047746 0.040287 0.062555
v 0.048911 0.049182 0.063389
v 0.046198 0.049135 0.066719
v 0.044249 -0.075644 0.066671
v 0.041496 -0.080090 0.067816
v 0.045624 -0.081011 0.068027
v 0.043799 -0.087869 0.067043
v 0.040312 -0.087031 0.067380
v 0.041190 -0.088018 0.061206
v 0.050610 0.038150 0.060922
v 0.046194 0.038135 0.056841
v 0.042001 -0.089700 0.062517
v 0.047194 -0.091745 0.062909
v 0.045730 -0.088992 0.060631
v 0.047587 0.032383 0.056675
v 0.051054 0.029645 0.055488
v 0.051215 0.035338 0.055946
v 0.049688 0.043724 0.061948
v 0.050140 -0.090148 0.060046
v 0.049514 -0.088351 0.067399
v 0.051438 -0.091009 0.066470
v 0.049345 -0.088397 0.071067
v 0.047636 0.062807 0.071932
v 0.043061 0.064020 0.071090
v 0.042968 0.060533 0.071819
v 0.044125 -0.059988 0.062437
v 0.040107 -0.060471 0.058758
v 0.042621 -0.062378 0.060328
v 0.048349 0.089309 0.061670
v 0.046588 0.086019 0.061965
v 0.046060 0.086170 0.066064
v 0.033269 -0.052844 0.057729
v 0.031283 -0.048668 0.056642
v 0.029535 -0.052393 0.055949
v 0.041080 -0.093179 0.009284
v 0.044947 -0.092887 0.009079
v 0.042264 -0.092949 0.014583
v 0.031111 -0.079216 -0.028231
v 0.033735 -0.078459 -0.023971
v 0.030976 -0.076348 -0.025689
v 0.049421 0.080284 0.056474
v 0.049074 0.084317 0.059642
v 0.045638 0.081858 0.048016
v 0.045889 0.085339 0.043501
v 0.044240 0.080078 0.044213
v 0.042324 0.085162 0.024991
v 0.046083 0.088689 0.027634
v 0.044619 0.085865 0.022459
v 0.049302 0.089746 0.029834
v 0.048788 0.089712 0.024535
v 0.048968 0.020985 0.054950
v 0.046339 0.026659 0.055840
v 0.045593 0.021615 0.053510
v 0.038349 0.003984 0.048435
v 0.034621 0.005512 0.049895
v 0.033031 0.001342 0.048607
v 0.043300 0.078313 0.039957
v 0.039905 0.078664 0.036768
v 0.039573 0.076617 0.040331
v 0.044797 0.082519 0.041445
v 0.045403 0.084191 0.038182
v 0.041807 0.008223 0.049511
v 0.043541 0.005250 0.047130
v 0.047288 0.088099 0.022095
v 0.044932 0.085291 0.016792
v 0.046103 -0.092906 0.056140
v 0.047935 -0.090198 0.056115
v 0.047162 -0.086984 0.058593
v 0.045359 0.010647 0.049325
v 0.049098 0.010874 0.049353
v 0.047790 0.015540 0.052846
v 0.041870 0.083623 0.014966
v 0.042331 0.083479 0.019763
v 0.050036 -0.088396 0.063490
v 0.039816 0.082903 0.024336
v 0.039465 0.083895 0.028122
v 0.047115 0.073300 0.060040
v 0.048064 0.075986 0.057510
v 0.045052 0.071497 0.054894
v 0.042930 0.086395 0.000840
v 0.045973 0.088449 0.000616
v 0.048863 0.080457 0.050843
v 0.049664 0.089361 0.045754
v 0.050356 0.014365 0.049108
v 0.050911 0.018970 0.052506
v 0.047301 0.087722 0.037929
v 0.049579 0.089509 0.040422
v 0.049440 0.089547 0.035123
v 0.040009 0.085942 0.003930
v 0.038353 0.085149 0.007738
v 0.042756 0.088244 0.006165
v 0.016778 0.016301 0.042218
v 0.017878 0.021333 0.044474
v 0.014320 0.018128 0.040552
v 0.050943 0.009269 0.046541
v 0.035087 -0.038191 0.057347
v 0.032011 -0.035171 0.055100
v 0.031228 -0.038714 0.055688
v 0.044185 0.086452 0.069316
v 0.042961 0.082052 0.067986
v 0.037236 -0.056125 0.058395
v 0.041945 -0.055429 0.060556
v 0.049702 0.035244 -0.059171
v 0.048550 0.029753 -0.057660
v 0.046388 0.035519 -0.057520
v 0.038159 -0.010920 0.043058
v 0.041513 -0.012058 0.045296
v 0.041380 -0.007965 0.042626
v 0.040133 0.065125 -0.068289
v 0.043448 0.066351 -0.070958
v 0.042051 0.061260 -0.067801
v 0.047843 -0.007532 0.046671
v 0.050173 -0.009975 0.048382
v 0.050653 -0.005552 0.044628
v 0.046890 -0.001898 0.041802
v 0.050590 -0.000794 0.041270
v 0.045900 0.001117 0.043778
v 0.027097 0.069145 0.029720
v 0.029428 0.072978 0.027144
v 0.026875 0.069575 0.025007
v 0.046994 0.075686 -0.070456
v 0.048303 0.070021 -0.070252
v 0.044916 0.072215 -0.072048
v 0.044402 -0.015874 0.053656
v 0.048976 -0.017808 0.056201
v 0.049364 -0.012828 0.053342
v 0.045306 0.091534 -0.075528
v 0.045878 0.086266 -0.073274
v 0.041318 0.088383 -0.074442
v 0.035696 -0.060383 0.057273
v 0.045271 -0.018979 0.055554
v 0.041338 -0.017443 0.055032
v 0.041123 -0.020746 0.056358
v 0.033931 0.075451 -0.055974
v 0.037484 0.077877 -0.050798
v 0.037237 0.079822 -0.055202
v 0.024966 -0.060703 0.053017
v 0.027293 -0.065739 0.055150
v 0.028045 -0.061864 0.055159
v 0.045136 0.088422 -0.034474
v 0.045935 0.086680 -0.031990
v 0.046041 0.088765 -0.029143
v 0.044638 -0.085780 -0.015645
v 0.047658 -0.089246 -0.017092
v 0.045532 -0.087722 -0.011391
v 0.044341 -0.031867 0.058604
v 0.042010 -0.036681 0.058223
v 0.046010 -0.037529 0.059082
v 0.040804 -0.092333 -0.054443
v 0.044209 -0.095052 -0.054554
v 0.042252 -0.095614 -0.049054
v 0.044521 -0.043131 0.060218
v 0.045080 -0.047152 0.060677
v 0.047906 -0.046340 0.057764
v 0.048171 -0.040624 0.057335
v 0.011806 -0.044902 -0.043620
v 0.010073 -0.046533 -0.040564
v 0.009145 -0.043041 -0.039027
v 0.047310 -0.095505 -0.056899
v 0.047646 -0.095429 -0.051529
v 0.037955 -0.082687 0.066392
v 0.038323 -0.078832 0.065862
v 0.034114 -0.080266 0.063157
v 0.043790 -0.093988 -0.072362
v 0.045404 -0.094352 -0.067176
v 0.042912 -0.089622 -0.069909
v 0.048372 -0.068614 0.061433
v 0.044368 -0.070403 0.064778
v 0.047465 -0.074202 0.062414
v 0.048888 -0.083532 0.068385
v 0.044508 -0.086344 0.070196
v 0.042160 -0.095244 -0.077380
v 0.041062 -0.092291 -0.075001
v 0.047347 -0.063315 0.059409
v 0.046413 -0.065260 0.063064
v 0.036717 -0.077445 -0.063333
v 0.039318 -0.072373 -0.063602
v 0.040560 -0.075434 -0.067152
v 0.029319 -0.071929 0.057311
v 0.034443 -0.071293 0.059634
v 0.031705 -0.066779 0.057398
v 0.048995 -0.062802 -0.054482
v 0.046983 -0.060804 -0.052576
v 0.048606 -0.059024 -0.050099
v 0.048562 -0.023516 0.056070
v 0.043847 -0.026232 0.057711
v 0.048467 -0.029232 0.056364
v 0.044492 0.097184 -0.076432
v 0.042266 0.094237 -0.075084
v 0.042221 0.050605 0.066974
v 0.046734 0.052715 0.067957
v 0.042305 0.053232 0.069457
v 0.042458 0.072088 0.068280
v 0.045483 -0.092495 0.059562
v 0.043867 0.079755 0.064891
v 0.042888 0.075809 0.067986
v 0.048818 -0.095187 0.057125
v 0.044451 -0.098793 0.055930
v 0.047954 -0.099921 0.052180
v 0.049661 -0.098735 0.056798
v 0.043867 0.075885 0.064392
v 0.044427 0.071555 0.064415
v 0.041109 -0.098430 0.053963
v 0.044504 -0.098896 0.050116
v 0.021773 -0.015167 0.040957
v 0.017913 -0.011661 0.037416
v 0.017132 -0.014540 0.040580
v 0.047614 -0.097306 0.047789
v 0.042989 -0.093665 0.046810
v 0.039933 -0.094367 0.048460
v 0.039232 -0.090610 0.042454
v 0.011483 0.021664 0.037813
v 0.014338 0.022978 0.041491
v 0.012821 0.025934 0.039898
v 0.043999 -0.090462 0.038340
v 0.046780 -0.092843 0.038270
v 0.043882 -0.091604 0.041774
v 0.014519 -0.061845 -0.035780
v 0.015086 -0.061625 -0.031077
v 0.012118 -0.058301 -0.032693
v 0.044993 -0.090255 0.025135
v 0.046504 -0.091195 0.022414
v 0.046776 -0.091218 0.027714
v 0.041618 -0.089896 0.019446
v 0.039379 -0.043443 0.059062
v 0.032873 -0.041674 0.057021
v 0.046826 -0.091741 0.033038
v 0.009455 -0.053813 -0.032896
v 0.010614 -0.055936 -0.029915
v 0.008229 -0.052091 -0.028106
v 0.047110 -0.094671 0.043229
v 0.032256 0.038037 0.054506
v 0.038493 0.039115 0.056036
v 0.034315 0.041047 0.057613
v 0.039381 -0.092117 0.003029
v 0.041515 -0.092244 0.005864
v 0.046850 0.084935 0.032436
v 0.050258 0.004603 0.043235
v 0.046260 0.076488 0.061855
v 0.046608 0.082274 0.061018
v 0.047140 0.090094 -0.007519
v 0.047353 0.090149 -0.002118
v 0.048942 -0.096010 0.057822
v 0.041889 0.086293 -0.021192
v 0.045290 0.087467 -0.021044
v 0.042996 0.084821 -0.026791
v 0.045368 0.024235 -0.057998
v 0.040918 0.021132 -0.056351
v 0.041984 0.024653 -0.056418
v 0.044808 0.083287 0.063868
v 0.046323 0.089027 -0.023721
v 0.033294 0.081287 -0.005096
v 0.036632 0.083924 -0.005389
v 0.032695 0.081494 -0.010856
v 0.043759 0.086752 -0.048688
v 0.043676 0.083523 -0.043683
v 0.044311 0.086875 -0.042968
v 0.047569 0.089596 0.066933
v 0.044323 0.088459 -0.039859
v 0.043934 0.088919 -0.045248
v 0.043809 0.090774 -0.055875
v 0.043937 0.092069 -0.061105
v 0.042777 0.089902 -0.058942
v 0.039960 0.087943 -0.059496
v 0.041129 0.091975 -0.064052
v 0.040212 0.086605 -0.053969
v 0.037594 0.084176 -0.057396
v 0.039783 0.091245 -0.070386
v 0.042916 0.092698 -0.069483
v 0.044321 0.095018 -0.071500
v 0.037819 0.089591 -0.064769
v 0.044111 0.093497 -0.066300
v 0.043844 0.089779 -0.050555
v 0.037130 0.050309 -0.063402
v 0.037969 0.044541 -0.060950
v 0.033263 0.047904 -0.060623
v 0.039934 0.086732 -0.070421
v 0.037653 0.035468 0.054384
v 0.034819 0.032856 0.052884
v 0.045984 0.061024 -0.069744
v 0.046915 0.066811 -0.070660
v 0.047432 -0.089679 -0.068079
v 0.047031 -0.088143 -0.064495
v 0.048360 -0.083903 -0.066707
v 0.042788 0.067863 0.064494
v 0.039757 0.082852 -0.072649
v 0.042585 0.084751 -0.074525
v 0.047074 0.080617 -0.073490
v 0.037667 0.076573 -0.065293
v 0.038435 0.077595 -0.068904
v 0.040119 0.075123 -0.070652
v 0.045772 -0.088653 -0.072362
v 0.045005 0.044768 -0.064164
v 0.043854 0.050455 -0.064843
v 0.047402 0.050332 -0.066113
v 0.046235 -0.080856 -0.066983
v 0.049310 -0.077851 -0.070623
v 0.049218 -0.083918 -0.070466
v 0.049933 0.047960 -0.064904
v 0.049642 0.053315 -0.066780
v 0.042670 -0.093188 -0.059666
v 0.040064 0.079457 -0.071506
v 0.037267 0.083999 -0.069737
v 0.030853 0.051323 -0.059354
v 0.028586 0.049188 -0.056909
v 0.028958 0.053079 -0.055665
v 0.040395 -0.062844 -0.060138
v 0.036232 -0.064053 -0.061406
v 0.036998 -0.060654 -0.058959
v 0.040521 0.037607 -0.057373
v 0.042370 0.034193 -0.055384
v 0.021013 -0.056493 -0.053828
v 0.019636 -0.051399 -0.051918
v 0.022376 -0.053492 -0.052516
v 0.032142 -0.066172 -0.061207
v 0.032297 -0.060991 -0.058355
v 0.051984 0.032309 -0.059315
v 0.051530 0.026585 -0.059159
v 0.045781 0.008384 -0.053649
v 0.050538 0.011718 -0.053391
v 0.046242 -0.094849 -0.037834
v 0.044610 -0.094999 -0.043365
v 0.048051 -0.094891 -0.040647
v 0.047570 -0.000428 -0.049512
v 0.048984 -0.002966 -0.046770
v 0.035172 -0.012574 -0.049596
v 0.030844 -0.012890 -0.046597
v 0.032234 -0.008583 -0.049212
v 0.015118 -0.040786 -0.046563
v 0.017915 -0.042358 -0.048634
v 0.016759 -0.046033 -0.048660
v 0.049965 -0.014288 -0.047393
v 0.045924 -0.017252 -0.050372
v 0.046855 -0.011542 -0.050226
v 0.047865 -0.095215 -0.046107
v 0.026919 -0.059440 -0.056589
v 0.027967 -0.064074 -0.058710
v 0.025068 -0.062682 -0.056660
v 0.047505 -0.085867 -0.074909
v 0.044945 -0.090942 -0.075004
v 0.044497 -0.087514 -0.075413
v 0.036830 0.061777 -0.065069
v 0.038252 0.067163 -0.064929
v 0.047457 -0.028428 -0.047165
v 0.045227 -0.022802 -0.048943
v 0.049695 -0.025653 -0.047112
v 0.025438 -0.009624 0.042137
v 0.026385 -0.014820 0.041041
v 0.028889 -0.013368 0.043652
v 0.044859 -0.093175 0.000207
v 0.047921 -0.057595 0.059381
v 0.034916 -0.086416 -0.028321
v 0.037608 -0.089055 -0.027263
v 0.038958 -0.087334 -0.024062
v 0.042990 -0.086078 -0.019745
v 0.022805 0.046426 -0.049727
v 0.025717 0.042270 -0.053096
v 0.023146 0.040374 -0.049907
v 0.045978 -0.034092 -0.047081
v 0.044953 -0.028463 -0.049730
v 0.049190 -0.094707 -0.024394
v 0.050190 -0.094874 -0.019215
v 0.046090 -0.093786 -0.021021
v 0.023031 -0.068028 -0.027138
v 0.017687 -0.063075 -0.027373
v 0.017936 -0.064801 -0.031254
v 0.049171 -0.094060 -0.003707
v 0.036132 0.086192 -0.065327
v 0.049463 -0.031328 -0.046998
v 0.040476 -0.004656 -0.047317
v 0.044025 -0.000652 -0.047686
v 0.045037 -0.006017 -0.050007
v 0.042810 -0.065854 0.060771
v 0.037404 -0.069368 0.060290
v 0.042490 -0.069066 0.062151
v 0.022752 -0.077066 0.002682
v 0.020912 -0.076727 0.007578
v 0.019840 -0.073584 0.003605
v 0.040441 -0.088116 -0.047610
v 0.040031 -0.092541 -0.046972
v 0.037671 -0.089676 -0.043034
v 0.033867 -0.094615 0.049911
v 0.033222 -0.091776 0.056321
v 0.031032 -0.088449 0.054978
v 0.048293 -0.094632 -0.035198
v 0.048649 -0.094528 -0.029773
v 0.046031 -0.094487 -0.032261
v 0.043745 -0.094076 -0.026376
v 0.042249 -0.094338 -0.031940
v 0.033285 -0.089159 0.059973
v 0.037163 -0.092474 0.059319
v 0.043382 -0.089105 -0.065475
v 0.042007 -0.090273 -0.062240
v 0.037443 -0.090871 0.034442
v 0.038739 -0.090536 0.030534
v 0.046899 -0.095433 -0.062240
v 0.042764 -0.092337 -0.066827
v 0.046828 -0.087783 0.065130
v 0.040204 -0.095026 -0.043290
v 0.030233 -0.091650 0.042766
v 0.027391 -0.088507 0.046338
v 0.026575 -0.088198 0.040813
v 0.043990 -0.085649 -0.056926
v 0.042676 -0.088212 -0.059442
v 0.041367 -0.088358 -0.053755
v 0.041548 -0.083769 0.069257
v 0.049316 -0.037031 -0.046837
v 0.023782 -0.079708 0.005775
v 0.046719 -0.091384 0.017091
v 0.046878 -0.051062 -0.046493
v 0.044156 -0.055439 -0.050290
v 0.043347 -0.050798 -0.046711
v 0.035474 0.085259 -0.061681
v 0.041703 -0.037933 -0.049784
v 0.044167 -0.040060 -0.048002
v 0.039437 0.082067 -0.039843
v 0.035406 0.080817 -0.041943
v 0.035945 0.082257 -0.037744
v 0.050636 -0.068985 -0.063438
v 0.046022 -0.065282 -0.062803
v 0.049188 -0.067244 -0.058153
v 0.024848 0.073781 -0.019473
v 0.021349 0.068784 -0.021392
v 0.021230 0.068160 -0.017660
v 0.031367 0.079192 -0.043545
v 0.031632 0.080525 -0.037294
v 0.031354 -0.040785 -0.051643
v 0.033421 -0.044220 -0.049934
v 0.030109 -0.045663 -0.051093
v 0.048791 -0.053955 -0.047266
v 0.051109 -0.072143 -0.068251
v 0.048628 -0.069554 -0.066668
v 0.047619 0.055765 -0.067888
v 0.048817 0.058952 -0.067247
v 0.045479 -0.076217 -0.067952
v 0.046348 -0.072958 -0.071284
v 0.036128 0.080355 0.024724
v 0.036732 0.081143 0.029069
v 0.048138 0.064589 -0.068245
v 0.049760 -0.081149 -0.072761
v 0.049274 -0.078026 -0.074047
v 0.051380 -0.075698 -0.072820
v 0.046076 -0.082571 -0.072818
v 0.044726 0.030085 -0.055099
v 0.043836 -0.095487 0.057368
v 0.043695 -0.088842 0.058290
v 0.050369 0.042440 -0.064018
v 0.050953 0.037250 -0.061903
v 0.047510 0.040370 -0.061094
v 0.019746 0.064888 -0.004371
v 0.019660 0.063979 0.000134
v 0.021965 0.067382 -0.000990
v 0.022833 0.071364 -0.027118
v 0.022227 0.069821 -0.031906
v 0.020001 0.065854 -0.029578
v 0.042214 0.076983 -0.072857
v 0.043153 -0.090159 -0.021403
v 0.043056 0.019140 0.052872
v 0.045273 0.068283 0.061262
v 0.038769 -0.016009 0.053021
v 0.035225 -0.016269 0.050972
v 0.034644 -0.019867 0.054736
v 0.045694 -0.012472 0.052249
v 0.036331 -0.014217 0.043716
v 0.032726 -0.014109 0.043038
v 0.031646 -0.017600 0.045575
v 0.049837 -0.019976 -0.047095
v 0.029854 0.035554 -0.051864
v 0.034080 0.036787 -0.054638
v 0.034819 0.032531 -0.052558
v 0.036291 -0.073207 0.062222
v 0.045340 -0.056412 0.061973
v 0.048364 -0.051890 0.059062
v 0.045127 -0.052407 0.061516
v 0.042698 -0.091087 0.029107
v 0.038675 -0.090919 0.027068
v 0.032786 -0.091885 0.019800
v 0.027820 -0.088983 0.020720
v 0.029978 -0.090431 0.018066
v 0.048536 -0.078388 0.066120
v 0.041250 -0.090051 0.036076
v 0.033808 0.052099 -0.062046
v 0.035966 0.055218 -0.063440
v 0.041324 0.068947 -0.067149
v 0.047073 0.013482 -0.056106
v 0.050387 0.016831 -0.055909
v 0.030514 0.045679 -0.058117
v 0.029424 0.042344 -0.055640
v 0.027235 0.045842 -0.055353
v 0.044884 0.089449 -0.010266
v 0.042139 0.087620 -0.015837
v 0.030473 0.072123 0.032157
v 0.032475 0.077116 0.028041
v 0.040943 0.071787 -0.070227
v 0.044169 0.055621 -0.067846
v 0.039058 0.057883 -0.065672
v 0.042995 0.084876 -0.032529
v 0.044825 0.084094 -0.037842
v 0.040423 0.083651 -0.035904
v 0.030780 0.080670 -0.031857
v 0.027875 0.078199 -0.030319
v 0.030019 0.080778 -0.026189
v 0.040461 0.079865 -0.046352
v 0.041869 0.083388 -0.049465
v 0.035026 0.082833 -0.066661
v 0.038738 0.073860 -0.062764
v 0.036399 -0.090781 -0.031887
v 0.033586 -0.088409 -0.033618
v 0.034917 -0.090442 -0.036814
v 0.041035 -0.090829 -0.050626
v 0.048949 -0.090988 -0.011250
v 0.050393 -0.094563 -0.013998
v 0.050279 -0.094549 -0.008780
v 0.041866 -0.083505 -0.013148
v 0.041325 -0.082743 -0.017368
v 0.047158 -0.039746 -0.046069
v 0.044019 -0.045319 -0.045806
v 0.034696 -0.023881 -0.050663
v 0.033394 -0.029045 -0.050416
v 0.030281 -0.023692 -0.049633
v 0.041151 -0.090974 -0.057725
v 0.042755 -0.095274 -0.037768
v 0.037687 -0.092861 -0.039677
v 0.043637 -0.060361 -0.053213
v 0.045060 -0.064566 -0.057094
v 0.041219 -0.061375 -0.056412
v 0.031534 -0.057405 -0.054580
v 0.030507 -0.054393 -0.050092
v 0.035180 -0.055290 -0.051187
v 0.041675 -0.068067 -0.062736
v 0.044743 -0.069349 -0.066819
v 0.047520 -0.084601 -0.062991
v 0.042721 0.057009 0.071338
v 0.040492 0.059414 0.068909
v 0.039635 0.055642 0.069547
v 0.043070 0.025034 0.053528
v 0.039681 0.020232 0.053067
v 0.043604 0.062603 0.065293
v 0.047159 0.079115 0.059550
v 0.048680 0.085933 0.045483
v 0.048656 0.077172 0.053912
v 0.048904 0.087753 0.032455
v 0.043869 0.081119 0.034441
v 0.034262 -0.008521 0.043543
v 0.037414 -0.022705 0.055803
v 0.038598 -0.026641 0.055660
v 0.041313 -0.024293 0.056107
v 0.047244 0.008035 0.047201
v 0.047252 0.004303 0.045917
v 0.037164 -0.004713 0.043387
v 0.034397 0.043826 0.060584
v 0.039266 0.045734 0.064173
v 0.035285 0.047129 0.063727
v 0.036942 0.022789 0.053163
v 0.034312 0.015633 0.052299
v 0.048296 0.089418 0.019208
v 0.043189 0.083564 0.031238
v 0.046021 0.087152 0.011100
v 0.047744 0.089476 0.013855
v 0.047628 0.089782 0.008555
v 0.027176 0.071882 0.015254
v 0.028223 0.074194 0.011415
v 0.025446 0.070880 0.009850
v 0.039350 -0.084493 -0.009755
v 0.043122 -0.089776 -0.009160
v 0.039927 -0.090268 -0.006914
v 0.042015 -0.040517 0.058859
v 0.037582 -0.051433 0.059444
v 0.028291 -0.037960 0.053605
v 0.028214 -0.033594 0.053584
v 0.024037 -0.034959 0.050796
v 0.045939 -0.010154 0.049215
v 0.039142 -0.014150 0.047848
v 0.041736 -0.014252 0.052343
v 0.049086 -0.008700 -0.046615
v 0.041623 -0.073368 0.064852
v 0.032876 -0.063099 0.056944
v 0.037434 -0.066300 0.058486
v 0.043342 -0.090030 0.032731
v 0.038541 -0.090456 0.022330
v 0.041556 -0.089830 0.025233
v 0.037484 -0.091347 0.018030
v 0.035732 -0.092780 0.014117
v 0.034799 -0.091576 0.007757
v 0.040348 -0.096001 0.057117
v 0.033712 -0.091928 0.046056
v 0.030918 -0.092752 0.048428
v 0.039543 -0.071145 0.062386
v 0.036986 -0.089550 0.063228
v 0.040571 -0.097267 0.050246
v 0.032416 -0.091847 0.039609
v 0.036962 -0.090491 0.038732
v 0.034701 -0.090932 0.042602
v 0.035794 -0.091814 0.025351
v 0.040228 0.053497 -0.065674
v 0.040741 0.046992 -0.063033
v 0.041859 0.043295 -0.062081
v 0.048876 0.024075 -0.059156
v 0.045790 0.018707 -0.058344
v 0.042583 0.084874 0.011275
v 0.039903 0.084087 -0.030036
v 0.033929 0.083401 -0.028137
v 0.032897 0.083267 -0.024017
v 0.038671 0.084909 -0.025850
v 0.038660 0.087517 -0.013795
v 0.036927 0.085327 -0.009320
v 0.039508 0.080877 -0.051776
v 0.032850 0.080997 -0.063310
v 0.034943 0.080763 -0.059613
v 0.038912 0.083269 -0.054185
v 0.038840 -0.093510 -0.035241
v 0.039891 -0.083620 -0.021188
v 0.039576 -0.092237 -0.028320
v 0.044882 -0.092956 -0.007872
v 0.045677 -0.093397 -0.004438
v 0.036169 -0.089659 -0.002573
v 0.039326 -0.091361 -0.003516
v 0.042120 -0.030705 -0.050742
v 0.028990 -0.027888 -0.048867
v 0.037202 -0.008300 -0.048197
v 0.034315 -0.004577 -0.047998
v 0.045782 -0.095775 -0.048897
v 0.041141 -0.056891 -0.052731
v 0.033921 -0.052500 -0.048366
v 0.039867 -0.054556 -0.049092
v 0.042602 -0.034315 -0.049978
v 0.041810 -0.071827 -0.066562
v 0.044647 -0.081483 -0.061987
v 0.043192 -0.078292 -0.064387
v 0.043309 -0.073744 -0.069261
v 0.038663 0.031547 0.053785
v 0.041618 0.036469 0.054914
v 0.042339 0.039453 0.057820
v 0.042062 0.047090 0.066105
v 0.042315 0.043699 0.063310
v 0.036831 0.056805 0.066566
v 0.035658 0.050704 0.065844
v 0.042974 0.065369 0.067744
v 0.043459 0.078302 0.047945
v 0.041955 0.075469 0.044068
v 0.041999 0.074147 0.047547
v 0.038087 0.080202 0.033100
v 0.043148 -0.004039 0.041839
v 0.046642 -0.005057 0.043812
v 0.042568 -0.012714 0.049359
v 0.043303 0.002420 0.045208
v 0.042948 -0.000600 0.042589
v 0.051199 0.023918 0.055366
v 0.043125 0.015604 0.052894
v 0.036549 0.012483 0.051777
v 0.040894 0.012078 0.051459
v 0.038695 0.015588 0.052986
v 0.040525 0.000430 0.044871
v 0.041828 0.028941 0.053741
v 0.042659 0.086258 0.028204
v 0.047496 0.090077 0.003200
v 0.047130 -0.091804 0.011819
v 0.042617 -0.092733 -0.002720
v 0.039118 -0.093391 0.012483
v 0.033394 -0.088201 -0.000512
v 0.034943 -0.090706 0.003195
v 0.048343 -0.034925 0.056794
v 0.038908 -0.047505 0.059598
v 0.034542 -0.045245 0.057860
v 0.029964 -0.044248 0.055554
v 0.034861 -0.049082 0.058091
v 0.038142 -0.035262 0.057523
v 0.041980 -0.049894 0.060898
v 0.041412 -0.029498 0.056801
v 0.040234 0.002006 -0.050565
v 0.034046 0.015014 -0.052456
v 0.038514 0.016608 -0.053741
v 0.039288 0.012857 -0.052476
v 0.032659 0.018230 -0.052388
v 0.029731 0.018810 -0.050543
v 0.031482 0.022491 -0.048735
v 0.036784 -0.095007 0.056633
v 0.034717 -0.094798 0.053591
v 0.036730 -0.093181 0.047754
v 0.042941 0.039958 -0.060174
v 0.050770 0.020977 -0.059848
v 0.032792 0.029262 -0.049518
v 0.036247 0.027541 -0.050486
v 0.046870 0.089899 -0.012909
v 0.046679 0.089437 -0.018316
v 0.039281 0.084766 -0.001073
v 0.033515 0.059135 -0.061293
v 0.035640 0.064102 -0.060266
v 0.037646 0.069244 -0.060140
v 0.035774 0.073776 -0.058297
v 0.031464 0.077460 -0.060899
v 0.035944 0.077621 -0.062110
v 0.032037 0.068710 -0.052844
v 0.031807 0.071684 -0.055365
v 0.035232 0.070379 -0.056346
v 0.036569 0.066542 -0.058101
v 0.022787 0.056608 -0.038037
v 0.020790 0.055754 -0.034922
v 0.022316 0.059683 -0.036388
v 0.031227 0.055952 -0.058631
v 0.036364 0.085231 -0.022128
v 0.035441 0.079037 -0.046337
v 0.037196 0.083350 -0.033584
v 0.033672 0.077267 -0.050106
v 0.028206 0.077245 -0.039828
v 0.027326 0.077321 -0.034461
v 0.041318 0.081081 -0.042698
v 0.029973 0.076371 -0.052136
v 0.028582 0.076877 -0.043586
v 0.030470 0.073266 -0.059272
v 0.033947 0.082722 -0.031974
v 0.028839 0.073904 -0.055425
v 0.049742 -0.092368 -0.016789
v 0.041058 -0.091623 -0.024563
v 0.049105 -0.042698 -0.046172
v 0.048573 -0.048212 -0.047684
v 0.038175 -0.039047 -0.050292
v 0.034377 -0.038022 -0.051518
v 0.038603 -0.034971 -0.051240
v 0.038701 -0.029370 -0.051422
v 0.042237 -0.008134 -0.048343
v 0.034021 -0.086650 -0.040366
v 0.036449 -0.084494 -0.044922
v 0.042735 -0.084573 -0.053457
v 0.039405 -0.080672 -0.054348
v 0.039291 -0.083245 -0.049584
v 0.040882 -0.080016 -0.060601
v 0.043813 -0.081843 -0.057256
v 0.029235 -0.082839 -0.034832
v 0.029853 -0.083949 -0.038174
v 0.032190 -0.086914 -0.036987
v 0.031449 -0.085059 -0.032876
v 0.015262 -0.060678 -0.045523
v 0.017057 -0.064341 -0.044910
v 0.015302 -0.062980 -0.039675
v 0.036750 -0.083088 -0.023920
v 0.033736 -0.082469 -0.026996
v 0.037750 -0.050956 -0.047418
v 0.036473 -0.068204 -0.063090
v 0.038426 -0.058539 -0.055556
v 0.035348 -0.072115 -0.062678
v 0.028350 -0.070432 -0.057897
v 0.029289 -0.067289 -0.059267
v 0.032661 -0.074481 -0.060677
v 0.042368 -0.064505 -0.062742
v 0.037567 -0.079387 -0.058049
v 0.035184 -0.057706 -0.054016
v 0.034006 -0.077789 -0.058930
v 0.034377 -0.079266 -0.055176
v 0.034999 -0.080994 -0.050579
v 0.029360 -0.075741 -0.055266
v 0.043441 0.032666 0.054573
v 0.038066 0.041975 0.060562
v 0.043991 0.063263 0.061570
v 0.027737 0.067937 0.034005
v 0.030357 0.069812 0.037200
v 0.038501 0.074309 0.043658
v 0.038772 0.072536 0.047008
v 0.034681 0.070028 0.044171
v 0.036982 0.067833 0.048882
v 0.025157 0.054256 0.048494
v 0.021695 0.052620 0.042861
v 0.022464 0.051133 0.048586
v 0.036028 0.061614 0.050653
v 0.039093 0.065323 0.052462
v 0.042173 0.068868 0.056244
v 0.044288 0.063796 0.055267
v 0.045705 0.078062 0.051430
v 0.036250 0.074176 0.040691
v 0.034618 0.078463 0.030984
v 0.033701 0.075764 0.033641
v 0.033153 0.071216 0.040248
v 0.042305 0.072545 0.053249
v 0.042896 0.075301 0.050863
v 0.040723 0.069682 0.052423
v 0.036209 0.076477 0.037020
v 0.044875 -0.009276 0.044752
v 0.038890 0.025995 0.053441
v 0.037928 0.081218 0.021162
v 0.032919 0.078660 0.022099
v 0.044829 -0.022259 0.057427
v 0.036664 -0.000634 -0.047527
v 0.035664 0.006355 -0.052320
v 0.035431 0.002961 -0.050657
v 0.034402 0.021222 -0.052765
v 0.037665 0.022112 -0.054518
v 0.032749 -0.091805 0.023416
v 0.029470 -0.076651 0.057665
v 0.031512 -0.080224 0.060122
v 0.032732 -0.075987 0.060678
v 0.033707 -0.091811 0.036026
v 0.028463 -0.090201 0.036162
v 0.034335 0.044025 -0.058814
v 0.039195 0.041278 -0.058730
v 0.035904 0.039647 -0.056761
v 0.032707 0.041401 -0.056883
v 0.030500 0.038612 -0.054047
v 0.039434 0.030550 -0.052235
v 0.026734 0.037614 -0.051248
v 0.041284 0.027866 -0.054719
v 0.038064 0.035867 -0.054071
v 0.033697 0.010508 -0.051238
v 0.030659 0.013212 -0.051396
v 0.005821 0.016319 -0.028269
v 0.003461 0.014068 -0.025282
v 0.003671 0.017856 -0.024695
v 0.012661 0.037611 -0.035758
v 0.015261 0.036056 -0.040201
v 0.014244 0.032552 -0.038306
v 0.020043 0.051615 -0.037718
v 0.039548 0.024759 -0.052526
v 0.038684 0.086687 -0.018547
v 0.035515 0.082699 -0.000343
v 0.027316 0.074384 -0.046084
v 0.028121 0.070686 -0.052832
v 0.023357 0.062568 -0.038020
v 0.021492 0.065504 -0.034368
v 0.023382 0.067539 -0.038536
v 0.025974 0.073705 -0.041752
v 0.037436 -0.079238 -0.014113
v 0.038966 -0.079963 -0.017310
v 0.040011 -0.043000 -0.047837
v 0.037009 -0.045652 -0.048703
v 0.036771 -0.020196 -0.051069
v 0.038872 -0.015849 -0.049592
v 0.041057 -0.019979 -0.051458
v 0.041380 -0.025119 -0.051118
v 0.033957 -0.017305 -0.049869
v 0.041800 -0.011648 -0.050118
v 0.042703 -0.015386 -0.049527
v 0.040195 -0.047281 -0.046873
v 0.027697 -0.056611 -0.053720
v 0.030025 -0.073653 -0.058190
v 0.025615 -0.072222 -0.053632
v 0.019199 -0.047807 -0.050931
v 0.022890 -0.047117 -0.052048
v 0.030955 -0.078612 -0.052142
v 0.026635 -0.075959 -0.049834
v 0.025199 -0.067286 -0.056220
v 0.022118 -0.063961 -0.054608
v 0.022165 -0.068444 -0.051817
v 0.018842 -0.065345 -0.048560
v 0.019779 -0.064030 -0.051763
v 0.024933 -0.050344 -0.051815
v 0.021188 -0.060220 -0.054591
v 0.026407 -0.079428 -0.039117
v 0.027862 -0.079638 -0.033960
v 0.025226 -0.075925 -0.035174
v 0.033422 -0.081835 -0.046880
v 0.030011 -0.079776 -0.047815
v 0.031473 -0.082776 -0.043394
v 0.037822 0.058484 0.062774
v 0.040909 0.060214 0.064961
v 0.040059 0.060785 0.059780
v 0.030505 0.043768 0.059291
v 0.035637 -0.000865 0.046953
v 0.024844 -0.004464 0.043319
v 0.027998 -0.006005 0.045267
v 0.030221 -0.001079 0.047577
v 0.035573 0.028657 0.053432
v 0.037843 0.008893 0.050829
v 0.032473 0.009206 0.050532
v 0.030694 0.004354 0.048539
v 0.037301 0.082413 0.012274
v 0.039165 0.081848 0.017323
v 0.030374 0.077413 0.013866
v 0.033504 0.079719 0.017158
v 0.033177 0.080541 0.012173
v 0.035511 -0.028641 0.055016
v 0.027007 -0.048150 0.053941
v 0.033471 -0.056742 0.057488
v 0.035554 -0.015812 0.046960
v 0.030565 -0.016532 -0.048012
v 0.041967 0.005936 -0.052982
v 0.049476 0.008080 -0.049085
v 0.042522 0.013935 -0.054816
v 0.042869 0.017745 -0.055781
v 0.025012 -0.085955 0.036149
v 0.021127 -0.074492 0.044399
v 0.019439 -0.069790 0.043353
v 0.019244 -0.073411 0.039563
v 0.026462 -0.088299 0.031296
v 0.027488 0.073966 0.006554
v 0.036274 0.081131 0.015395
v 0.033083 0.083654 -0.019057
v 0.035247 0.084994 -0.014549
v 0.035008 0.062527 -0.056182
v 0.033434 0.062627 -0.052053
v 0.034484 0.066703 -0.055338
v 0.036753 -0.078693 -0.019905
v 0.033615 -0.048273 -0.048665
v 0.037759 -0.025827 -0.051267
v 0.032512 -0.020721 -0.050242
v 0.034604 -0.034247 -0.049953
v 0.020722 -0.068744 -0.048187
v 0.023558 -0.072416 -0.049289
v 0.023906 -0.074382 -0.045713
v 0.021506 -0.071068 -0.045215
v 0.031350 0.062643 0.044119
v 0.033261 0.066675 0.044456
v 0.030873 0.065760 0.041773
v 0.024701 0.013115 0.048227
v 0.027476 0.008829 0.048564
v 0.029216 0.013836 0.050546
v 0.046375 0.069649 0.057984
v 0.031870 -0.005346 0.046150
v 0.021574 0.011474 0.045677
v 0.023737 0.007327 0.045677
v 0.019860 -0.029099 0.048342
v 0.023033 -0.029599 0.050750
v 0.024484 -0.025603 0.051964
v 0.031478 0.027933 0.052498
v 0.032468 0.012655 0.051501
v 0.019033 0.013666 0.044295
v 0.019906 0.008315 0.043217
v 0.023633 -0.066462 0.051698
v 0.031194 -0.059697 0.056314
v 0.035887 -0.032217 0.055823
v 0.032508 -0.023242 0.054773
v 0.023480 -0.040210 0.049196
v 0.025995 -0.039942 0.051708
v 0.022548 -0.045398 0.048775
v 0.023478 -0.050148 0.050776
v 0.026221 -0.043448 0.052095
v 0.025854 -0.051626 0.053159
v 0.028492 -0.041451 0.054057
v 0.017435 -0.054039 0.043895
v 0.019886 -0.049788 0.046573
v 0.017261 -0.050154 0.043687
v 0.018745 -0.074400 0.011096
v 0.016644 -0.071018 0.009818
v 0.018671 -0.073452 0.007392
v 0.021122 -0.042345 0.046901
v 0.021210 -0.053130 0.048689
v 0.026740 -0.055020 0.054200
v 0.023560 -0.053703 0.051282
v 0.024111 -0.057078 0.052111
v 0.020273 -0.033042 0.047946
v 0.016799 -0.034640 0.044424
v 0.019811 -0.037653 0.046547
v 0.019237 -0.056375 0.046298
v 0.027326 -0.016606 -0.045545
v 0.029110 -0.020054 -0.047538
v 0.025030 -0.020521 -0.046194
v 0.028086 -0.004086 -0.048875
v 0.031239 0.000379 -0.048441
v 0.026755 0.000139 -0.049341
v 0.031879 0.006228 -0.051762
v 0.029061 0.003330 -0.050675
v 0.016588 -0.070367 0.031746
v 0.017731 -0.071216 0.036435
v 0.016321 -0.067455 0.035633
v 0.022765 -0.082272 0.036873
v 0.021054 -0.079431 0.032697
v 0.025672 -0.087117 0.025886
v 0.030070 -0.090891 0.025738
v 0.034341 0.082498 0.004883
v 0.035159 0.082825 0.008843
v 0.025897 0.075513 -0.022874
v 0.023434 0.072090 -0.023027
v 0.026029 0.072693 0.003242
v 0.028435 0.075402 0.001941
v 0.024653 0.050524 -0.049654
v 0.026625 0.049810 -0.053604
v 0.032943 0.059056 -0.056668
v 0.030777 0.064020 -0.049633
v 0.018424 -0.060668 -0.051742
v 0.016502 -0.055525 -0.050416
v 0.023302 -0.036608 -0.049048
v 0.028577 -0.037862 -0.050046
v 0.025158 -0.039988 -0.050543
v 0.025952 -0.077594 -0.044163
v 0.022352 0.033444 0.051749
v 0.018807 0.038595 0.048813
v 0.019851 0.031801 0.049281
v 0.027835 0.028070 0.051921
v 0.029701 0.033783 0.052508
v 0.025314 0.030767 0.051928
v 0.027975 0.041606 0.057014
v 0.028032 0.038241 0.054547
v 0.035523 0.059814 0.053834
v 0.038673 0.061350 0.054833
v 0.029889 -0.009552 0.044858
v 0.013325 -0.013373 0.038819
v 0.030255 0.018415 0.052030
v 0.033204 0.022271 0.052968
v 0.027302 0.016938 0.050424
v 0.032110 -0.031154 0.054826
v 0.027654 -0.029298 0.053061
v 0.031579 -0.084846 0.058397
v 0.030267 -0.081771 0.057129
v 0.029634 -0.084754 0.054657
v 0.032128 -0.027142 0.054569
v 0.028590 -0.025502 0.053708
v 0.027432 -0.018242 0.047235
v 0.031203 -0.017382 0.050941
v 0.029042 -0.021571 0.053657
v 0.021948 -0.022296 0.050698
v 0.018281 -0.041698 0.044341
v 0.015961 -0.038528 0.042683
v 0.018501 -0.046056 0.044793
v 0.015534 -0.047642 0.041280
v 0.025193 -0.003987 -0.046546
v 0.038456 0.008903 -0.052664
v 0.027443 0.008717 -0.050466
v 0.023500 0.006912 -0.047652
v 0.023449 0.011375 -0.048290
v 0.022848 0.003007 -0.046390
v 0.025545 0.003811 -0.048918
v 0.019635 0.045700 -0.044429
v 0.015702 0.042604 -0.039538
v 0.033422 0.026112 -0.047020
v 0.035733 0.023609 -0.049639
v 0.026885 0.013819 -0.050042
v 0.026107 -0.075572 0.054345
v 0.027984 -0.081054 0.054392
v 0.025940 -0.078666 0.052099
v 0.024489 -0.084762 0.040077
v 0.024923 -0.084947 0.044685
v 0.025336 -0.086221 0.022069
v 0.032040 0.082065 -0.015079
v 0.028978 0.078419 -0.013741
v 0.027307 0.075419 -0.007580
v 0.030528 0.078753 -0.007840
v 0.030235 0.077682 -0.002574
v 0.036924 0.084165 0.002751
v 0.024680 0.071874 -0.005398
v 0.023873 0.069806 0.001900
v 0.027866 0.071681 0.020978
v 0.030720 0.075881 0.024382
v 0.029623 0.075524 0.018993
v 0.030407 0.078048 0.008397
v 0.024795 0.074110 -0.031168
v 0.023784 0.072255 -0.034083
v 0.027252 0.076986 -0.018970
v 0.025917 0.074516 -0.013475
v 0.024557 0.069889 -0.041622
v 0.025604 0.068280 -0.045268
v 0.028411 -0.048961 -0.050721
v 0.025722 -0.054073 -0.051423
v 0.017479 -0.066139 -0.041290
v 0.028649 -0.080323 -0.044222
v 0.023558 -0.074982 -0.039513
v 0.028629 -0.081644 -0.040788
v 0.027773 0.047963 0.058418
v 0.032060 0.047092 0.060995
v 0.032896 0.052505 0.063397
v 0.023993 0.050748 0.052471
v 0.027963 0.055985 0.051056
v 0.023533 0.040820 0.054100
v 0.024952 0.035963 0.053053
v 0.021856 0.015618 0.046943
v 0.020758 0.022303 0.047360
v 0.019101 0.017257 0.044537
v 0.028225 -0.018061 0.043431
v 0.028795 0.022636 0.052190
v 0.022256 0.028338 0.050397
v 0.019036 0.027912 0.047543
v 0.025317 0.021580 0.050516
v 0.024109 0.018107 0.049032
v 0.025360 0.025445 0.051410
v 0.027876 0.002064 0.046939
v 0.016806 -0.028784 0.045730
v 0.014388 -0.034557 0.041858
v 0.013887 -0.031109 0.041753
v 0.023662 -0.000632 -0.046109
v 0.023324 -0.006497 -0.044592
v 0.019196 -0.002390 -0.043307
v 0.020454 0.013715 -0.045754
v 0.024573 0.017108 -0.047212
v 0.023006 -0.081566 0.042129
v 0.025656 -0.070470 0.054126
v 0.024037 -0.081497 0.045727
v 0.020928 -0.078451 0.037934
v 0.028086 -0.085761 0.051102
v 0.020841 -0.067048 0.047403
v 0.022688 -0.071663 0.049243
v 0.026277 -0.086123 0.016467
v 0.030652 -0.088699 0.008285
v 0.029953 -0.089656 0.014507
v 0.027655 -0.086421 0.011763
v 0.028314 0.078595 -0.022514
v 0.029787 0.080079 -0.018315
v 0.026717 0.076780 -0.026538
v 0.030649 0.081487 -0.021682
v 0.023980 0.071576 -0.009319
v 0.022287 0.068676 -0.005032
v 0.020248 0.066362 -0.014445
v 0.022891 0.070799 -0.015559
v 0.026246 0.075417 -0.037380
v 0.026780 0.070760 -0.048811
v 0.024496 0.072313 -0.037646
v 0.027604 0.063999 -0.046137
v 0.029159 0.067327 -0.050522
v 0.025249 0.064544 -0.042122
v 0.025555 0.060642 -0.040948
v 0.018699 0.053197 -0.033078
v 0.016337 0.055352 -0.028013
v 0.018691 0.058258 -0.029834
v 0.019948 0.062870 -0.032067
v 0.028132 0.060174 -0.044509
v 0.016352 0.058008 -0.025775
v 0.030557 0.060703 -0.047924
v 0.022060 0.049141 -0.046186
v 0.025959 0.056998 -0.042835
v 0.023559 0.054723 -0.041151
v 0.029914 0.057792 -0.049779
v 0.028120 0.056019 -0.047202
v 0.027569 -0.042914 -0.051720
v 0.026312 -0.046164 -0.051348
v 0.023979 -0.067544 -0.023436
v 0.020137 -0.064036 -0.023616
v 0.026382 0.051937 0.055737
v 0.024932 0.048220 0.055604
v 0.024365 -0.018890 0.049912
v 0.027706 -0.018785 0.051701
v 0.023726 -0.000660 0.043147
v 0.014837 0.004845 0.036897
v 0.017580 0.002550 0.037582
v 0.018131 0.005812 0.040270
v 0.022859 -0.011671 0.038373
v 0.016566 0.012889 0.041809
v 0.014419 -0.052955 0.038886
v 0.015674 -0.043601 0.041791
v 0.029560 -0.089202 0.049694
v 0.025705 -0.083617 0.010239
v 0.023505 -0.080576 0.009903
v 0.026685 0.073978 -0.002674
v 0.017725 0.060998 -0.026794
v 0.016854 0.061188 -0.022907
v 0.018986 0.065453 -0.022449
v 0.014004 0.052532 -0.024431
v 0.021991 0.069048 -0.011873
v 0.020526 0.059280 -0.033425
v 0.029147 0.024169 -0.043975
v 0.024803 0.034722 -0.047964
v 0.028225 0.020355 -0.046713
v 0.020833 0.043157 -0.047640
v 0.025004 0.053394 -0.045251
v 0.022136 0.051523 -0.042338
v 0.013759 -0.059753 -0.041566
v 0.012142 -0.058089 -0.037885
v 0.012210 -0.055834 -0.042194
v 0.013746 -0.054508 -0.046546
v 0.015654 -0.050857 -0.048987
v 0.021193 -0.040750 -0.050007
v 0.022735 0.045840 0.053232
v 0.028186 0.065578 0.037801
v 0.034456 -0.084183 0.063658
v 0.035942 -0.076701 0.063663
v 0.023575 -0.083244 0.020259
v 0.020499 0.067836 -0.025638
v 0.019856 0.065532 -0.010088
v 0.030303 0.032426 -0.049747
v 0.028879 0.028928 -0.046117
v 0.000671 0.006288 0.000581
v 0.000775 0.007690 -0.003172
v 0.000531 0.003644 -0.004950
v 0.015962 0.057011 0.000441
v 0.015793 0.057275 -0.003064
v 0.013410 0.051912 -0.000036
v 0.020398 0.038919 -0.046741
v 0.017685 0.062815 -0.019372
v 0.018414 0.063633 -0.015938
v 0.017315 0.040028 -0.043226
v 0.014496 0.039247 -0.038576
v 0.013573 0.042581 -0.034726
v 0.013656 0.046120 -0.030919
v 0.015083 0.050300 -0.030023
v 0.015964 0.047256 -0.034661
v 0.013533 -0.048053 -0.046278
v 0.010858 -0.050219 -0.041689
v 0.008580 -0.048059 -0.036796
v 0.020586 0.042381 0.050882
v 0.021479 0.037970 0.051925
v 0.028028 0.060450 0.041082
v 0.013377 0.029493 0.040334
v 0.016914 0.025466 0.044715
v 0.016309 0.040390 0.042849
v 0.017272 0.045113 0.041618
v 0.015283 0.042227 0.039026
v 0.021152 0.047311 0.049634
v 0.017859 0.041390 0.046276
v 0.019093 0.045057 0.046664
v 0.016187 0.036891 0.043507
v 0.017201 0.034722 0.046174
v 0.032882 0.072966 0.036543
v 0.025518 0.062429 0.035363
v 0.030399 0.059461 0.046225
v 0.041671 -0.092130 0.059327
v 0.036982 -0.086502 0.065440
v 0.022942 -0.075448 0.047911
v 0.027752 0.053378 -0.051329
v 0.031164 0.057963 -0.053132
v 0.015171 -0.057827 -0.047871
v 0.011069 -0.040942 -0.042196
v 0.007913 0.019105 0.033299
v 0.009729 0.023705 0.035075
v 0.010110 0.016971 0.036085
v 0.001256 0.011735 0.016568
v 0.002433 0.016819 0.017214
v 0.001748 0.014064 0.013898
v 0.000228 -0.006096 0.018790
v 0.000767 -0.009652 0.021284
v 0.000207 -0.003544 0.022187
v 0.026575 0.005518 0.047195
v 0.017037 0.009310 0.041156
v 0.034046 0.063858 0.046664
v 0.024660 0.066731 0.027187
v 0.022684 -0.078096 0.045425
v 0.021435 -0.077768 0.041971
v 0.024446 -0.079144 0.048564
v 0.017100 -0.062022 -0.048585
v 0.010150 -0.053522 -0.037959
v 0.012635 -0.051340 -0.044803
v 0.016018 0.030191 0.044551
v 0.009167 0.028532 0.031625
v 0.007814 0.022944 0.031863
v 0.005435 0.011079 0.029667
v 0.007954 0.009430 0.031499
v 0.007381 0.013288 0.032123
v 0.014696 0.007953 0.038728
v 0.021888 0.004948 0.043077
v 0.025235 0.057533 0.041154
v 0.023233 0.058846 0.034897
v 0.024347 0.064111 0.031105
v 0.025761 0.056353 0.044991
v 0.020155 0.049144 0.045194
v 0.006241 -0.047825 -0.025821
v 0.007118 -0.048453 -0.030905
v 0.011114 0.026793 0.036785
v 0.011921 0.030492 0.036954
v 0.006233 0.020296 0.029378
v 0.006068 0.016570 0.030663
v 0.013163 0.013957 0.038492
v 0.021283 0.001694 0.041091
v 0.024565 0.002793 0.044892
v 0.019895 0.052439 0.038416
v 0.022703 0.056278 0.038281
v 0.020307 0.054991 0.034733
v 0.028100 0.057069 0.047621
v 0.032168 0.058499 0.050652
v 0.007408 -0.046683 -0.033785
v 0.008317 -0.050430 -0.033982
v 0.020482 -0.070474 -0.039855
v 0.028098 -0.076685 -0.030561
v 0.028893 -0.073181 -0.025033
v 0.014145 -0.059426 -0.026505
v 0.011759 -0.056633 -0.015733
v 0.006835 -0.050651 -0.014098
v 0.010196 -0.054670 -0.018868
v 0.017381 -0.065686 -0.036816
v 0.016613 -0.061212 -0.024327
v 0.010723 -0.055577 -0.026043
v 0.019766 -0.067797 -0.033652
v 0.022592 -0.072060 -0.035167
v 0.025687 -0.072885 -0.030092
v 0.022716 -0.070018 -0.031383
v 0.006933 -0.043270 -0.033883
v 0.009869 0.010977 0.033991
v 0.002323 -0.011743 0.028485
v 0.004755 -0.006742 0.030658
v 0.001236 -0.006709 0.026581
v 0.012570 0.010611 0.036744
v 0.012645 0.007313 0.035760
v 0.010416 0.007273 0.033120
v 0.006478 -0.048929 -0.022250
v 0.007044 -0.050655 -0.018104
v 0.005424 -0.046426 -0.019575
v 0.007881 -0.040806 -0.036356
v 0.020103 -0.002183 0.037764
v 0.009254 -0.010758 0.035438
v 0.007022 -0.016062 0.035959
v 0.009549 -0.016434 0.038938
v 0.022401 -0.002946 0.040579
v 0.023126 -0.006535 0.039795
v 0.012944 -0.003367 0.032485
v 0.015127 0.000348 0.034115
v 0.009949 -0.001198 0.030746
v 0.020307 -0.007351 0.036540
v 0.013881 -0.026953 0.043035
v 0.014089 -0.010102 0.036232
v 0.020684 -0.018784 0.047805
v 0.018204 -0.023343 0.048229
v 0.023592 -0.017768 0.044267
v 0.008111 -0.007584 0.033016
v 0.012176 -0.007121 0.033861
v 0.016864 -0.019665 0.046039
v 0.012684 -0.018176 0.042399
v 0.012728 -0.021534 0.042861
v 0.011033 -0.023321 0.040428
v 0.004414 -0.010444 0.031319
v 0.018896 -0.016665 0.043939
v 0.010843 -0.028652 0.038082
v 0.014882 -0.023215 0.045052
v 0.006289 -0.003005 0.030096
v 0.012564 0.004233 0.034222
v 0.010002 0.002774 0.031484
v 0.005454 -0.043373 -0.028655
v 0.021665 -0.065296 -0.015875
v 0.018483 -0.062433 -0.016619
v 0.022738 -0.065789 -0.020271
v 0.008176 -0.052232 -0.022925
v 0.012924 -0.057523 -0.022017
v 0.017394 -0.061353 -0.020677
v 0.005338 -0.047013 -0.014801
v 0.025223 -0.067984 -0.016849
v 0.016008 -0.060994 -0.013551
v 0.014651 -0.059149 -0.017033
v 0.004434 -0.022316 0.026979
v 0.003878 -0.017530 0.030101
v 0.003328 -0.018703 0.026553
v 0.008042 -0.052893 -0.011010
v 0.004263 -0.042431 -0.019212
v 0.004236 -0.043248 -0.015052
v 0.004758 -0.043502 -0.023267
v 0.004207 -0.043760 -0.011121
v 0.003486 -0.040057 -0.012273
v 0.003887 -0.039630 -0.022124
v 0.007695 -0.037152 -0.036199
v 0.008910 -0.030864 -0.038895
v 0.009756 -0.037715 -0.039825
v 0.002851 -0.035185 -0.015143
v 0.002482 -0.033319 -0.010993
v 0.002624 -0.031423 -0.017643
v 0.004532 -0.030251 -0.029182
v 0.004847 -0.036229 -0.028231
v 0.003626 -0.029169 -0.025565
v 0.003125 -0.031781 -0.022046
v 0.003144 -0.035581 -0.019802
v 0.005900 -0.038813 -0.031110
v 0.009257 -0.021363 -0.038407
v 0.010905 -0.025330 -0.040665
v 0.007014 -0.024875 -0.035889
v 0.013865 -0.025660 -0.042961
v 0.011624 -0.029343 -0.041886
v 0.008667 -0.024636 0.036201
v 0.013172 -0.042937 0.038635
v 0.009667 -0.020076 0.039284
v 0.007462 -0.019870 0.036226
v 0.000096 0.003069 0.018604
v 0.000000 -0.002234 0.016759
v 0.000275 0.001248 0.023145
v 0.008493 -0.029052 0.033268
v 0.005968 -0.022662 0.032057
v 0.006207 -0.026732 0.028956
v 0.016773 -0.007675 0.035401
v 0.016558 -0.004091 0.034283
v 0.003713 -0.014165 0.030731
v 0.005546 -0.019194 0.033055
v 0.005571 -0.013333 0.033550
v 0.001075 -0.002728 0.025960
v 0.004520 -0.040003 -0.026248
v 0.005452 -0.033553 -0.031044
v 0.012176 -0.036938 -0.043173
v 0.015328 -0.036609 -0.045996
v 0.010164 -0.031593 0.035227
v 0.009672 -0.034443 0.032986
v 0.007094 -0.028804 -0.036045
v 0.007003 -0.032744 -0.035233
v 0.005316 -0.028507 -0.032524
v 0.010883 -0.033520 -0.041343
v 0.003844 -0.036273 -0.024397
v 0.003553 -0.039553 -0.016200
v 0.013743 -0.032992 -0.044257
v 0.018735 -0.037863 -0.048193
v 0.018324 -0.033802 -0.047176
v 0.022216 -0.032584 -0.048345
v 0.015038 -0.066008 0.031927
v 0.014683 -0.062970 0.034387
v 0.013645 -0.063438 0.028931
v 0.013389 -0.037089 0.039577
v 0.012109 -0.033048 0.037917
v 0.010763 -0.039681 0.034346
v 0.008904 -0.042078 0.029421
v 0.011125 -0.044603 0.034121
v 0.007179 -0.031762 0.028836
v 0.012266 -0.039747 0.037532
v 0.001285 -0.010183 0.025068
v 0.003430 -0.030753 0.012985
v 0.003402 -0.033181 0.009458
v 0.004573 -0.036503 0.014337
v 0.003033 -0.021102 0.021618
v 0.007630 -0.039214 0.026874
v 0.009146 -0.038048 0.030774
v 0.007664 -0.035492 0.028406
v 0.011339 -0.036227 0.035893
v 0.001234 -0.018272 0.007215
v 0.001640 -0.022928 0.005040
v 0.001716 -0.020422 0.011027
v 0.000706 0.008315 0.015582
v 0.000217 0.002539 0.013758
v 0.000129 -0.001077 0.013328
v 0.003687 -0.000582 0.028085
v 0.006582 0.002339 0.029053
v 0.002133 0.002695 0.026353
v 0.003290 0.006439 0.027252
v 0.000455 0.006118 0.022426
v 0.001642 0.013348 0.019734
v 0.001974 0.010182 0.024649
v 0.002236 0.016618 -0.010940
v 0.002489 0.014713 -0.016661
v 0.001981 0.011420 -0.013916
v 0.001410 -0.013585 0.020990
v 0.002293 -0.016748 0.023373
v 0.002854 -0.022412 -0.024265
v 0.004016 -0.025604 -0.029069
v 0.004177 -0.043380 -0.005446
v 0.003388 -0.039644 -0.008334
v 0.000377 -0.006760 0.008813
v 0.000556 -0.010177 0.010996
v 0.000221 -0.005508 0.013912
v 0.001664 -0.024726 0.001233
v 0.002570 -0.029853 0.005678
v 0.001109 0.011360 -0.001530
v 0.000949 0.008041 0.004122
v 0.000591 -0.011274 0.003703
v 0.000810 -0.013943 0.007807
v 0.002017 -0.017672 0.019239
v 0.001196 -0.014062 0.017049
v 0.000462 0.002736 0.009381
v 0.000643 0.006287 0.011980
v 0.000273 -0.003017 0.010295
v 0.000409 -0.006520 0.004799
v 0.000549 -0.009552 0.015658
v 0.036025 0.058962 0.058578
v 0.034177 0.056310 0.063334
v 0.044372 0.065370 0.058928
v 0.032688 0.058129 0.055493
v 0.029209 0.055415 0.056378
v 0.030201 0.053080 0.060321
v 0.032336 0.056604 0.059450
v 0.032618 -0.090832 0.011347
v 0.029362 -0.079177 -0.004295
v 0.028036 -0.080886 -0.001096
v 0.024700 -0.076546 -0.001473
v 0.036452 -0.086719 -0.006418
v 0.032323 -0.085396 -0.002474
v 0.029931 -0.071995 -0.018030
v 0.033170 -0.075295 -0.014461
v 0.029571 -0.072600 -0.013514
v 0.036151 -0.083546 -0.008188
v 0.034486 -0.077900 -0.011838
v 0.029911 -0.075105 -0.009716
v 0.026595 -0.069298 -0.021181
v 0.025920 -0.070850 -0.026598
v 0.033189 -0.075121 -0.020273
v 0.030395 -0.072969 -0.021601
v 0.035723 -0.077043 -0.016669
v 0.034373 -0.080419 -0.008840
v 0.028385 -0.076313 -0.006493
v 0.028992 -0.084000 0.000894
v 0.031412 -0.087749 0.002630
v 0.032414 -0.082164 -0.005339
v 0.025586 -0.073810 -0.006119
v 0.026875 -0.072320 -0.009727
v 0.027413 -0.085031 0.007114
v 0.023455 -0.073759 -0.003252
v 0.025483 -0.069504 -0.012367
v 0.027192 -0.083179 0.004027
v 0.025790 -0.080504 0.002080
v 0.021752 -0.074232 0.000239
v 0.022297 -0.069261 -0.007506
v 0.021939 -0.066917 -0.011312
v 0.014663 -0.061555 -0.008468
v 0.015210 -0.064227 -0.003970
v 0.012299 -0.060655 -0.004039
v 0.018911 -0.063828 -0.012541
v 0.018599 -0.065695 -0.007576
v 0.007889 -0.053593 -0.005896
v 0.006662 -0.050846 -0.008174
v 0.012876 -0.058476 -0.012342
v 0.010315 -0.056043 -0.010685
v 0.020882 -0.071454 -0.002343
v 0.020698 -0.077502 0.012227
v 0.017747 -0.073430 0.014690
v 0.020377 -0.077776 0.016935
v 0.023378 -0.081863 0.015091
v 0.015120 -0.068895 0.021210
v 0.016194 -0.070999 0.017746
v 0.017933 -0.074169 0.020203
v 0.017992 -0.069865 0.000534
v 0.015639 -0.066357 -0.000455
v 0.018201 -0.067786 -0.003430
v 0.024829 0.068121 0.020959
v 0.024772 0.069643 0.013363
v 0.022594 0.060987 0.029928
v 0.022874 0.066582 0.014553
v 0.022472 0.065772 0.018546
v 0.030019 0.077368 0.004740
v 0.031551 0.079373 0.001991
v 0.022944 0.067487 0.010263
v 0.023616 0.068786 0.006331
v 0.021657 0.066302 0.003153
v 0.021142 0.065144 0.007286
v 0.013802 0.045998 0.026431
v 0.013211 0.047196 0.020880
v 0.012249 0.042882 0.024472
v 0.025494 0.019883 -0.043289
v 0.015447 0.024248 -0.034523
v 0.012461 0.026565 -0.034015
v 0.015537 0.027553 -0.037109
v 0.024455 0.030627 -0.045047
v 0.021994 0.033997 -0.045535
v 0.024054 0.027475 -0.042594
v 0.027260 0.031938 -0.047640
v 0.021089 0.017685 -0.043039
v 0.025636 0.023722 -0.041801
v 0.023062 0.020948 -0.040018
v 0.020528 0.024492 -0.038695
v 0.015567 0.018335 -0.035052
v 0.017466 0.016972 -0.040118
v 0.013736 0.014704 -0.038287
v 0.018953 0.035692 -0.044117
v 0.018499 0.028350 -0.039997
v 0.020850 0.031207 -0.043281
v 0.017248 0.032335 -0.041119
v 0.007748 0.035713 -0.025341
v 0.009606 0.038687 -0.028181
v 0.009174 0.033025 -0.030929
v 0.012522 0.030043 -0.035537
v 0.010673 0.036054 -0.032797
v 0.030733 -0.032265 -0.049176
v 0.019374 -0.029632 -0.047071
v 0.023641 -0.028669 -0.048444
v 0.026421 -0.033044 -0.048689
v 0.014993 -0.028814 -0.044540
v 0.020025 -0.025414 -0.046634
v 0.026156 -0.024230 -0.047888
v 0.026450 -0.011749 -0.044277
v 0.021655 -0.062369 0.049481
v 0.018982 -0.060167 0.045700
v 0.018389 -0.064811 0.043460
v 0.021481 -0.057286 0.049254
v 0.012124 -0.055528 0.031882
v 0.013448 -0.055440 0.035775
v 0.011116 -0.051144 0.031413
v 0.015117 -0.057750 0.038962
v 0.015729 -0.062498 0.038160
v 0.017052 -0.061041 0.041969
v 0.016777 -0.057344 0.042285
v 0.018744 -0.074631 0.034458
v 0.013190 -0.047023 0.037903
v 0.014999 -0.067536 0.028065
v 0.016770 -0.071572 0.027476
v 0.013546 -0.064851 0.024453
v 0.011906 -0.061592 0.000439
v 0.017589 -0.067484 0.039949
v 0.010801 -0.057654 -0.007178
v 0.018931 -0.075762 0.029475
v 0.013656 -0.066190 0.009153
v 0.016967 -0.070259 0.004730
v 0.020052 -0.077723 0.021602
v 0.015666 -0.069924 0.013733
v 0.013673 -0.066400 0.014833
v 0.018168 -0.074602 0.024548
v 0.013642 -0.059177 0.034118
v 0.021716 -0.080187 0.019370
v 0.021287 -0.080118 0.025410
v 0.012617 -0.059292 0.029973
v 0.013783 -0.066407 0.018637
v 0.012421 0.047643 -0.024337
v 0.007522 0.037459 -0.020726
v 0.008553 0.040292 -0.017303
v 0.009354 0.041516 -0.021652
v 0.012674 0.051612 -0.013297
v 0.015030 0.056883 -0.013078
v 0.013846 0.054363 -0.015542
v 0.015585 0.058499 -0.017545
v 0.015419 0.057444 -0.022507
v 0.011507 0.042650 -0.028987
v 0.011488 0.039733 -0.032166
v 0.010092 0.041478 -0.025512
v 0.007459 0.031801 -0.027067
v 0.007433 0.027637 -0.028005
v 0.002608 0.013666 -0.021027
v 0.002414 0.018054 -0.021078
v 0.004918 0.030381 -0.019331
v 0.006069 0.033413 -0.022122
v 0.004578 0.028615 -0.023046
v 0.009952 0.028517 -0.031896
v 0.014855 0.034035 0.041870
v 0.010031 0.032186 0.031644
v 0.012340 0.037682 0.034054
v 0.011548 0.038517 0.029977
v 0.013775 0.037378 0.038033
v 0.004574 0.022708 0.021500
v 0.004092 0.023055 0.016980
v 0.003212 0.018331 0.021230
v 0.008182 0.029580 0.028288
v 0.007570 0.025864 0.029332
v 0.013169 0.033680 0.038509
v 0.011564 0.033596 0.034782
v 0.004515 0.014239 0.028477
v 0.007725 0.006050 0.030663
v 0.004943 0.020912 0.025663
v 0.003157 0.014830 0.025268
v 0.006228 0.027996 0.021510
v 0.007704 0.032086 0.022319
v 0.006023 0.029202 0.017291
v 0.000505 0.001396 0.005204
v 0.000882 0.007549 0.008050
v 0.006887 0.027259 0.025790
v 0.001191 0.010614 0.011197
v 0.015299 0.049601 0.025661
v 0.014726 0.049998 0.022265
v 0.004723 0.026473 0.012315
v 0.003976 0.024495 0.008521
v 0.003911 0.023285 0.013513
v 0.007494 0.033239 0.018135
v 0.002555 0.017933 0.013428
v 0.005023 -0.023425 -0.032480
v 0.001550 -0.024905 -0.007764
v 0.001462 -0.022587 -0.011267
v 0.001835 -0.026553 -0.012638
v 0.003814 -0.020939 -0.029305
v 0.012028 -0.049430 0.034721
v 0.009945 -0.047874 0.029721
v 0.009446 -0.049923 0.026398
v 0.010034 -0.057548 0.016653
v 0.009708 -0.057635 0.013044
v 0.011501 -0.061545 0.016342
v 0.010667 -0.053232 0.028237
v 0.005012 -0.032435 0.020791
v 0.006341 -0.034602 0.024959
v 0.005007 -0.029438 0.023284
v 0.008579 -0.045263 0.026414
v 0.007241 -0.041880 0.023887
v 0.010995 -0.056560 0.025843
v 0.009988 -0.055484 0.021962
v 0.012187 -0.060525 0.025924
v 0.011285 -0.059518 0.021907
v 0.006050 -0.041781 0.017638
v 0.007612 -0.045327 0.022526
v 0.006264 -0.039932 0.020848
v 0.006317 -0.049023 0.006569
v 0.004942 -0.043447 0.006089
v 0.005639 -0.047707 0.002616
v 0.008425 -0.048976 0.022683
v 0.000905 -0.016142 0.003378
v 0.001004 -0.014098 0.012764
v 0.006289 -0.045256 0.014361
v 0.005248 -0.040050 0.014557
v 0.014641 -0.066564 0.003570
v 0.009169 -0.056644 -0.001903
v 0.012484 -0.063170 0.020167
v 0.006863 -0.051765 -0.000839
v 0.011762 -0.062551 0.005688
v 0.012552 -0.064256 0.012063
v 0.010264 -0.059538 0.008228
v 0.009870 -0.058519 0.001317
v 0.007178 -0.052443 0.004336
v 0.005175 -0.047410 -0.007788
v 0.004150 -0.040209 0.004399
v 0.004452 -0.043333 0.000535
v 0.006300 -0.050290 -0.004381
v 0.005211 -0.047086 -0.002566
v 0.002527 -0.032662 -0.001966
v 0.002192 -0.028913 0.001455
v 0.001700 -0.026083 -0.002756
v 0.003422 -0.039064 -0.003596
v 0.003586 -0.038490 0.001133
v 0.002749 -0.035164 -0.006475
v 0.005142 -0.041650 0.011342
v 0.003910 -0.037626 0.007040
v 0.002955 -0.033551 0.003446
v 0.001783 -0.023442 -0.015190
v 0.002214 -0.027262 -0.016975
v 0.002070 -0.029872 -0.006491
v 0.002058 -0.029570 -0.010307
v 0.009179 -0.057278 0.004801
v 0.008174 -0.054641 0.007270
v 0.007288 -0.051586 0.009039
v 0.008524 -0.054829 0.011015
v 0.007651 -0.051463 0.012666
v 0.008033 -0.051217 0.016494
v 0.005614 -0.044849 0.009503
v 0.006576 -0.048285 0.010684
v 0.004742 -0.034685 0.017378
v 0.002661 -0.028140 0.009655
v 0.004894 -0.025899 0.025209
v 0.003802 -0.025705 0.020567
v 0.004133 -0.031176 0.017197
v 0.003549 -0.027507 0.017333
v 0.000716 -0.013369 -0.005951
v 0.000930 -0.017262 -0.006117
v 0.000671 -0.013379 -0.000888
v 0.004380 -0.037933 0.010816
v 0.002843 -0.026147 0.013941
v 0.005568 -0.036287 0.020455
v 0.007161 -0.046248 0.018949
v 0.006551 -0.037927 0.023746
v 0.022593 0.064927 0.022889
v 0.020972 0.062189 0.019867
v 0.020413 0.060299 0.023927
v 0.022477 0.063112 0.026839
v 0.020518 0.058589 0.027497
v 0.013587 0.043677 0.029832
v 0.015409 0.046142 0.033836
v 0.015202 0.047796 0.029718
v 0.021269 0.057729 0.031293
v 0.017168 0.061165 -0.013542
v 0.015498 0.052328 0.019822
v 0.017163 0.054829 0.021899
v 0.018274 0.057236 0.019399
v 0.006927 -0.021181 -0.035527
v 0.005156 -0.019130 -0.032975
v 0.026995 -0.008138 -0.047050
v 0.003151 0.022097 -0.017059
v 0.002708 0.018460 -0.014171
v 0.003202 0.020987 0.010980
v 0.002380 0.017843 0.005454
v 0.001888 0.014929 0.009213
v 0.005843 0.025336 -0.025012
v 0.003112 0.022843 -0.006920
v 0.004578 0.027973 -0.009204
v 0.003615 0.023061 -0.012035
v 0.016108 0.012246 -0.042525
v 0.019351 0.008650 -0.044951
v 0.004187 0.026637 -0.017589
v 0.006242 -0.006604 -0.034571
v 0.003860 -0.009582 -0.030052
v 0.003726 -0.005020 -0.028903
v 0.003083 0.023898 -0.021353
v 0.001890 0.015681 0.001868
v 0.001382 0.012001 0.003893
v 0.005101 0.030701 -0.014279
v 0.006009 0.033642 -0.010259
v 0.007197 0.036925 -0.014824
v 0.006097 0.034116 -0.017949
v 0.010824 0.022452 -0.029768
v 0.005192 0.021341 -0.024839
v 0.001773 0.006846 -0.019576
v 0.002083 0.010457 -0.018115
v 0.002394 0.009306 -0.022576
v 0.008119 0.005948 -0.034352
v 0.009518 0.011457 -0.035686
v 0.010028 0.005357 -0.038189
v 0.000572 -0.010764 -0.003432
v 0.000461 -0.008220 0.001444
v 0.005475 0.006047 -0.028893
v 0.005549 0.011926 -0.028601
v 0.006878 0.008635 -0.031252
v 0.000911 0.007452 -0.007166
v 0.001510 0.013487 -0.005468
v 0.001779 0.013027 -0.009923
v 0.003834 0.009781 -0.026037
v 0.018351 0.054078 0.029456
v 0.017503 0.050867 0.033252
v 0.019256 0.049651 0.041263
v 0.017467 0.048376 0.037850
v 0.013867 0.041521 0.034948
v 0.015829 0.045273 0.037278
v 0.011321 0.039884 0.026501
v 0.010647 0.040507 0.021471
v 0.009244 0.033047 0.028065
v 0.008890 0.034178 0.024826
v 0.009959 0.037371 0.024048
v 0.008940 0.036754 0.019999
v 0.010731 0.042324 0.017775
v 0.004908 0.026241 0.015785
v 0.010182 0.036407 0.027452
v 0.019256 0.062890 0.004227
v 0.002607 0.020805 -0.003276
v 0.004265 0.027353 -0.001881
v 0.008005 0.036999 0.010527
v 0.006523 0.032335 0.012076
v 0.008417 0.036815 0.015820
v 0.017043 0.052967 0.026050
v 0.002662 -0.026743 -0.021137
v 0.009161 -0.054324 0.018426
v 0.002212 -0.024306 0.010496
v 0.000906 -0.016934 -0.000153
v 0.001259 -0.020645 0.001624
v 0.001341 -0.022742 -0.004612
v 0.011008 -0.060912 0.012160
v 0.001129 -0.018680 -0.009732
v 0.001070 -0.019361 -0.002835
v 0.002466 -0.003221 -0.023378
v 0.001478 -0.002163 -0.018535
v 0.002656 0.001935 -0.023903
v 0.002334 -0.019327 -0.021795
v 0.002060 -0.022117 -0.018977
v 0.001390 -0.016127 -0.015950
v 0.001769 -0.014132 -0.019426
v 0.004692 -0.015585 -0.032347
v 0.002877 -0.018593 -0.025978
v 0.009083 -0.010389 -0.038127
v 0.007775 -0.013677 -0.036701
v 0.005564 -0.012414 -0.033901
v 0.007384 -0.017425 -0.036224
v 0.015622 -0.002393 -0.042159
v 0.015517 -0.006056 -0.041550
v 0.019723 -0.007785 -0.042170
v 0.021600 -0.011935 -0.042653
v 0.010226 -0.015773 -0.038987
v 0.003451 -0.014893 -0.029029
v 0.002371 -0.015573 -0.023131
v 0.002811 -0.012238 -0.025775
v 0.000936 -0.013550 -0.011287
v 0.001190 -0.011869 -0.015249
v 0.002025 -0.010594 -0.021348
v 0.001380 -0.008080 -0.017319
v 0.002022 -0.006530 -0.021029
v 0.002868 -0.007997 -0.025309
v 0.002673 -0.022620 0.017091
v 0.001644 -0.017888 0.014741
v 0.000404 -0.002458 0.003281
v 0.000450 -0.007333 -0.002230
v 0.000638 -0.006915 -0.008765
v 0.000634 -0.002984 -0.009578
v 0.000417 -0.003321 -0.003373
v 0.020778 0.063930 0.011403
v 0.018556 0.056283 0.024932
v 0.011346 0.044762 0.014049
v 0.009742 0.041729 0.009544
v 0.009664 0.040577 0.013823
v 0.012476 -0.019723 -0.041296
v 0.012156 -0.012077 -0.039936
v 0.015512 -0.022323 -0.043514
v 0.013872 -0.015358 -0.041249
v 0.017594 -0.019224 -0.043904
v 0.021137 -0.019078 -0.045142
v 0.023373 -0.015505 -0.044190
v 0.018304 -0.015630 -0.043305
v 0.016710 -0.011455 -0.041477
v 0.005348 -0.001917 -0.030972
v 0.003700 -0.000491 -0.027629
v 0.019573 0.003466 -0.044555
v 0.016212 0.002372 -0.042914
v 0.013276 0.000353 -0.041296
v 0.011150 -0.004077 -0.039827
v 0.009540 0.000448 -0.038363
v 0.014915 0.005887 -0.042183
v 0.012278 0.003768 -0.040553
v 0.012499 0.009570 -0.039908
v 0.005732 0.029442 0.013843
v 0.006354 0.033064 0.005687
v 0.004484 0.026921 0.004953
v 0.005350 0.029344 0.008770
v 0.002604 0.019894 0.000817
v 0.001868 0.016786 -0.002190
v 0.003322 0.022360 0.004362
v 0.002088 0.017565 -0.007328
v 0.000533 0.002695 0.001693
v 0.000421 -0.000352 -0.000486
v 0.020767 0.063395 0.015242
v 0.018671 0.061347 0.008399
v 0.018770 0.060357 0.012766
v 0.012316 0.047494 0.010609
v 0.013714 0.049259 0.016594
v 0.015049 0.052566 0.013398
v 0.013896 0.050950 0.010128
v 0.016672 0.056983 0.008070
v 0.016281 0.055413 0.011387
v 0.006350 0.003334 -0.031299
v 0.007060 -0.000797 -0.034471
v 0.008213 -0.002875 -0.037222
v 0.007990 0.002594 -0.035843
v 0.003840 0.006060 -0.025505
v 0.008793 -0.006475 -0.037628
v 0.012096 -0.008160 -0.040197
v 0.000718 -0.010739 -0.008724
v 0.000931 -0.008130 -0.012961
v 0.017307 0.059529 0.002501
v 0.017892 0.061171 -0.002765
v 0.017327 0.056402 0.014783
v 0.019321 0.060134 0.016771
v 0.018206 0.062140 -0.007668
v 0.013303 0.052838 -0.018885
v 0.007479 0.012707 -0.032251
v 0.019706 0.020184 -0.037599
v 0.007879 0.020024 -0.027841
v 0.013804 0.021053 -0.032362
v 0.011514 0.015110 -0.034593
v 0.008974 0.016479 -0.031399
v 0.001666 0.002926 -0.019551
v 0.001810 0.007554 -0.015239
v 0.001356 0.001347 -0.015589
v 0.007295 0.037312 -0.002503
v 0.005594 0.032330 -0.003227
v 0.006838 0.035211 0.001608
v 0.009750 0.044104 -0.005726
v 0.010955 0.046580 -0.001575
v 0.011269 0.047888 -0.005160
v 0.004115 0.026815 -0.013548
v 0.008260 0.038622 0.005458
v 0.005375 0.030801 0.001440
v 0.003474 0.023999 0.000518
v 0.008378 0.040389 -0.003691
v 0.006780 0.036157 -0.006728
v 0.001269 0.008353 -0.011197
v 0.000703 0.002750 -0.008944
v 0.001180 0.004449 -0.012651
v 0.004766 0.029115 -0.005415
v 0.000931 -0.002381 -0.013512
v 0.000435 -0.000517 -0.006447
v 0.014340 0.054797 -0.008817
v 0.016261 0.058665 -0.009354
v 0.009713 0.043861 -0.015187
v 0.009942 0.044996 -0.009734
v 0.010904 0.047580 -0.013168
v 0.012403 0.049368 -0.020704
v 0.011903 0.049657 -0.009281
v 0.011205 0.047093 -0.017619
v 0.012147 0.050371 -0.016584
v 0.011032 0.045253 -0.021299
v 0.008256 0.040312 -0.007146
v 0.007314 0.037418 -0.010492
v 0.008357 0.040570 -0.012738
v 0.013398 0.052634 -0.004053
v 0.016313 0.057011 0.004647
v 0.014899 0.054529 0.002719
v 0.013398 0.050727 0.006347
v 0.008436 0.039733 0.001107
v 0.010963 0.045415 0.005880
v 0.009925 0.043429 0.002362
v 0.009522 0.043028 -0.001766
v 0.011967 0.048451 0.001603
v 0.047125 0.094964 -0.074511
v 0.047697 0.085031 -0.043018
v 0.048939 0.083971 -0.072082
v 0.050581 0.090208 -0.072722
v 0.052970 0.084477 -0.072302
v 0.047657 0.089139 -0.074410
v 0.049698 0.083253 -0.045413
v 0.050037 0.084060 -0.048877
v 0.046924 0.086865 -0.046087
v 0.054788 0.008394 0.042475
v 0.052945 0.010732 0.044152
v 0.051790 0.078803 -0.070739
v 0.055209 0.076857 -0.069065
v 0.052426 0.073427 -0.068891
v 0.053684 -0.093971 -0.005942
v 0.052888 0.062658 -0.065110
v 0.051469 0.066800 -0.066210
v 0.048960 0.073237 -0.068992
v 0.052945 0.002436 0.041185
v 0.060850 0.080950 -0.016942
v 0.063829 0.078628 -0.015007
v 0.063126 0.079369 -0.020231
v 0.078170 -0.075204 -0.017436
v 0.075714 -0.078429 -0.011440
v 0.074998 -0.079232 -0.016526
v 0.069895 -0.081369 -0.056069
v 0.072186 -0.080041 -0.052486
v 0.068061 -0.083286 -0.051464
v 0.056099 0.060914 -0.065782
v 0.056635 0.057308 -0.065665
v 0.051912 0.058996 -0.064989
v 0.054657 0.051411 -0.064136
v 0.052929 0.055331 -0.064740
v 0.054041 -0.073120 -0.063900
v 0.057095 -0.076019 -0.067264
v 0.053343 -0.075667 -0.069132
v 0.054852 -0.092949 -0.064442
v 0.056565 -0.090754 -0.067049
v 0.059925 -0.089049 -0.063007
v 0.056638 0.045818 -0.064630
v 0.052790 0.045502 -0.063636
v 0.049264 -0.091765 -0.074851
v 0.045825 -0.094616 -0.075874
v 0.054362 0.023601 -0.060693
v 0.050661 -0.084279 -0.074416
v 0.050815 0.070313 -0.067414
v 0.055400 0.072078 -0.067352
v 0.055682 0.068470 -0.066905
v 0.053339 -0.061438 -0.051438
v 0.058789 -0.061384 -0.051167
v 0.056119 -0.062972 -0.052861
v 0.047431 0.091658 -0.062177
v 0.047739 0.092734 -0.065560
v 0.054921 -0.095074 -0.016836
v 0.056728 -0.094340 -0.011946
v 0.048339 0.087623 -0.053721
v 0.054240 0.082638 0.007022
v 0.053778 0.085022 0.003786
v 0.050795 0.086586 0.005876
v 0.065466 0.075704 0.019607
v 0.060344 0.077690 0.016576
v 0.061143 0.079657 0.021342
v 0.050271 0.086116 -0.056896
v 0.048471 0.089718 -0.059397
v 0.047088 0.089568 -0.056268
v 0.060115 0.078034 -0.066192
v 0.056849 0.081121 -0.069353
v 0.058684 0.081895 -0.065510
v 0.053970 0.086617 -0.023834
v 0.049224 0.088163 -0.026766
v 0.051447 0.087293 -0.021427
v 0.050783 0.083848 -0.040288
v 0.052335 0.081582 -0.043595
v 0.055840 0.034449 -0.062863
v 0.065995 0.013958 -0.053298
v 0.063342 0.016340 -0.054977
v 0.069243 0.015742 -0.053641
v 0.060465 0.079416 -0.032495
v 0.055831 0.082603 -0.032448
v 0.059079 0.081716 -0.027561
v 0.052629 0.018870 -0.057695
v 0.056178 0.018739 -0.057383
v 0.053063 0.086789 -0.010521
v 0.056473 0.084955 -0.012176
v 0.053356 0.087024 -0.015031
v 0.048230 -0.094636 -0.071763
v 0.051467 -0.091609 -0.070960
v 0.053641 -0.092751 -0.068218
v 0.051294 0.087140 -0.004986
v 0.053197 0.086891 -0.027178
v 0.057217 0.083009 -0.060140
v 0.060326 0.080481 -0.058449
v 0.061224 0.079789 -0.062596
v 0.048901 0.088397 0.000492
v 0.050020 0.084768 -0.052363
v 0.061668 0.012779 -0.052813
v 0.059751 0.009450 -0.050523
v 0.057228 0.011606 -0.051369
v 0.048215 0.086899 -0.037977
v 0.057038 0.084429 -0.016240
v 0.054826 0.086185 -0.019314
v 0.072557 -0.006499 -0.041925
v 0.067201 -0.006960 -0.042508
v 0.069581 -0.004412 -0.042126
v 0.072898 -0.009888 -0.043251
v 0.077100 -0.008882 -0.042298
v 0.066776 -0.035131 -0.050228
v 0.065367 -0.027974 -0.049173
v 0.069870 -0.030815 -0.049318
v 0.048311 0.093119 -0.069230
v 0.050159 0.089239 -0.068490
v 0.065572 -0.079625 0.006527
v 0.065610 -0.078910 0.010436
v 0.061939 -0.081356 0.007656
v 0.054195 0.041918 0.060481
v 0.057460 0.036977 0.058845
v 0.058278 0.043148 0.057558
v 0.052328 0.005607 -0.046906
v 0.055797 0.067782 0.067369
v 0.053290 0.067538 0.070702
v 0.053955 0.062707 0.067244
v 0.053221 -0.005721 -0.043658
v 0.050994 0.000046 -0.045449
v 0.067858 0.075034 -0.026155
v 0.067711 0.074836 -0.029937
v 0.065043 0.077390 -0.027098
v 0.050378 0.078399 0.073002
v 0.088603 -0.050262 -0.033797
v 0.089403 -0.049767 -0.029746
v 0.088008 -0.054156 -0.032534
v 0.050883 0.089483 0.071398
v 0.051075 0.085807 0.073981
v 0.052793 0.085805 0.069853
v 0.078937 -0.065539 -0.051144
v 0.073628 -0.068145 -0.054244
v 0.071121 -0.065854 -0.052615
v 0.053862 -0.017121 -0.044401
v 0.052731 -0.020769 -0.044729
v 0.056648 0.086965 0.063889
v 0.057773 0.084063 0.066051
v 0.060655 0.081852 0.062668
v 0.070865 0.074570 0.035744
v 0.066119 0.080463 0.036491
v 0.068220 0.078340 0.039933
v 0.053825 -0.034218 -0.046005
v 0.055510 -0.038493 -0.048733
v 0.052264 -0.039915 -0.046480
v 0.055523 0.086686 0.067541
v 0.052936 -0.045311 -0.048586
v 0.052299 -0.049333 -0.049066
v 0.048727 0.089343 0.075618
v 0.054438 -0.084649 0.013164
v 0.050658 -0.087003 0.014520
v 0.053203 -0.086430 0.009105
v 0.058421 -0.082338 -0.069504
v 0.062518 -0.078842 -0.066498
v 0.061447 -0.084892 -0.066098
v 0.051784 -0.092985 0.046618
v 0.053883 -0.091041 0.041290
v 0.055513 -0.091374 0.045131
v 0.053939 -0.069918 -0.059141
v 0.054819 -0.080095 -0.072784
v 0.066428 -0.059613 0.054348
v 0.062751 -0.056057 0.055267
v 0.061534 -0.059495 0.055756
v 0.051928 -0.065876 -0.055181
v 0.091982 -0.003123 0.025539
v 0.090957 -0.001453 0.029774
v 0.090401 -0.007096 0.029176
v 0.068616 -0.074066 -0.060212
v 0.069771 -0.078512 -0.059682
v 0.066301 -0.077454 -0.063255
v 0.054212 -0.028485 -0.045520
v 0.048440 -0.096721 0.061626
v 0.050778 -0.088085 -0.074684
v 0.078313 -0.063029 0.043469
v 0.075388 -0.061157 0.047236
v 0.076789 -0.067540 0.045468
v 0.052575 0.086279 -0.060176
v 0.055056 0.084904 -0.062109
v 0.052998 0.087932 -0.066090
v 0.048249 -0.094932 -0.065175
v 0.051661 -0.094541 -0.065833
v 0.070510 0.043689 -0.056962
v 0.071701 0.047221 -0.055228
v 0.073382 0.041879 -0.054556
v 0.051661 -0.094890 -0.060108
v 0.043681 -0.093349 0.062974
v 0.053722 -0.092660 -0.057724
v 0.049946 -0.093543 -0.054686
v 0.050460 0.090387 -0.064327
v 0.055211 -0.089875 -0.050148
v 0.051281 -0.092021 -0.048968
v 0.053453 -0.091507 -0.053944
v 0.050821 0.087572 -0.031814
v 0.049873 -0.093302 -0.038091
v 0.050470 -0.092515 -0.043720
v 0.052698 -0.091056 -0.038096
v 0.088263 0.032594 -0.022441
v 0.089291 0.028904 -0.020874
v 0.088771 0.029085 -0.025693
v 0.053200 -0.091847 -0.027332
v 0.056396 -0.091446 -0.025698
v 0.053199 -0.094460 -0.022250
v 0.054396 0.010473 -0.049697
v 0.055848 0.085225 -0.065437
v 0.054646 0.084193 -0.068876
v 0.053949 -0.094973 -0.009455
v 0.058098 -0.091964 -0.005913
v 0.061640 -0.000204 -0.043991
v 0.058035 -0.003846 -0.043638
v 0.058464 0.001859 -0.046035
v 0.050683 -0.097271 0.050611
v 0.048748 0.087410 0.011199
v 0.051306 0.087664 0.016249
v 0.051046 0.084513 0.010785
v 0.053032 0.087954 0.021152
v 0.056662 0.084210 0.020982
v 0.054593 0.084356 0.016252
v 0.052490 0.088897 0.027046
v 0.053776 0.088080 0.048738
v 0.053271 0.087686 0.036670
v 0.059300 0.085749 0.036607
v 0.054253 0.088725 0.032511
v 0.058637 0.086808 0.043842
v 0.054062 0.087870 0.043592
v 0.057236 0.087527 0.049933
v 0.052819 0.087853 0.059622
v 0.052564 0.087332 0.055617
v 0.053468 0.088673 0.065213
v 0.050102 0.089601 0.064632
v 0.050417 0.082146 0.072478
v 0.060929 0.072624 -0.065259
v 0.063010 0.074673 -0.062946
v 0.055405 0.071538 0.068309
v 0.056449 0.075061 0.066842
v 0.054036 0.076634 0.068883
v 0.053679 -0.099743 0.055273
v 0.052261 -0.096998 0.064049
v 0.048889 -0.095113 0.066150
v 0.052868 0.073528 0.070285
v 0.060087 0.077151 0.063993
v 0.059870 0.071007 0.064032
v 0.048032 -0.091712 0.066332
v 0.058287 -0.089101 0.065782
v 0.054458 -0.085886 0.068915
v 0.053565 -0.091424 0.067116
v 0.052106 0.053084 0.061101
v 0.053523 0.057836 0.064156
v 0.054333 0.016826 0.050129
v 0.068207 -0.077644 0.055970
v 0.066339 -0.074507 0.056601
v 0.065880 -0.079498 0.058306
v 0.055248 0.032679 0.054787
v 0.057886 0.030030 0.055532
v 0.060365 0.032927 0.055130
v 0.049894 -0.092491 0.041045
v 0.052013 -0.091809 0.035789
v 0.061242 0.049537 0.056761
v 0.060342 0.053527 0.057050
v 0.055061 0.051573 0.059969
v 0.071530 -0.050640 0.050045
v 0.073181 -0.047561 0.048304
v 0.070227 -0.046297 0.050622
v 0.053799 -0.015226 0.055255
v 0.086861 -0.054815 0.025699
v 0.086199 -0.052917 0.028783
v 0.084551 -0.058368 0.031564
v 0.049669 -0.089510 0.019791
v 0.053890 -0.088058 0.019600
v 0.055362 -0.020408 0.055307
v 0.092663 0.008919 0.025292
v 0.092137 0.004942 0.027844
v 0.092796 0.004951 0.023173
v 0.067585 0.032691 0.054531
v 0.070311 0.038654 0.053052
v 0.067130 0.039466 0.055469
v 0.058858 -0.038363 0.054730
v 0.063217 -0.036396 0.054153
v 0.060811 -0.032190 0.054617
v 0.054806 0.013352 0.045482
v 0.060185 -0.053440 0.055538
v 0.059882 -0.049828 0.055102
v 0.056526 -0.053106 0.055934
v 0.064624 0.033172 -0.060084
v 0.069253 0.030187 -0.057247
v 0.066256 0.028087 -0.058457
v 0.055810 -0.002726 0.043600
v 0.060486 0.000020 0.044631
v 0.056856 0.002887 0.041807
v 0.052494 0.083572 -0.054652
v 0.052434 -0.092540 -0.002810
v 0.068635 -0.082115 0.025670
v 0.065013 -0.084054 0.024742
v 0.066790 -0.081165 0.021002
v 0.062293 -0.086699 0.026485
v 0.058973 -0.088229 0.025523
v 0.058582 -0.086759 0.022099
v 0.055788 -0.085157 0.017204
v 0.078542 -0.073249 0.018694
v 0.074116 -0.074802 0.014951
v 0.078235 -0.072426 0.012805
v 0.052202 -0.026555 0.054444
v 0.063895 -0.088387 0.038727
v 0.065345 -0.087118 0.035035
v 0.069272 -0.084875 0.037736
v 0.052222 -0.022750 0.055018
v 0.057958 -0.045175 -0.050191
v 0.062225 -0.039532 -0.050664
v 0.064695 -0.042754 -0.050712
v 0.085390 -0.021914 -0.042215
v 0.082241 -0.024761 -0.044216
v 0.080039 -0.020986 -0.045042
v 0.059352 -0.091027 0.046886
v 0.059496 -0.089845 0.041611
v 0.049004 -0.090588 0.030383
v 0.051724 -0.091110 0.024832
v 0.052652 -0.090252 0.030308
v 0.086052 0.045480 0.032299
v 0.085709 0.042002 0.034803
v 0.087497 0.042344 0.029628
v 0.074770 -0.078016 -0.002349
v 0.071786 -0.080923 -0.004372
v 0.075682 -0.078210 -0.006248
v 0.052283 -0.100512 0.058178
v 0.056648 -0.098415 0.058181
v 0.054063 -0.099478 0.061034
v 0.050664 -0.098811 0.059779
v 0.063864 -0.085594 -0.061510
v 0.067247 -0.082342 -0.060143
v 0.065292 -0.085534 -0.055954
v 0.066771 -0.087066 -0.013211
v 0.063636 -0.088936 -0.009916
v 0.063552 -0.089743 -0.014710
v 0.064336 -0.090395 0.054751
v 0.061747 -0.092562 0.058384
v 0.060986 -0.092750 0.052070
v 0.067640 -0.066661 -0.053631
v 0.065303 -0.069876 -0.057754
v 0.061927 -0.066320 -0.054563
v 0.052507 -0.043842 0.055163
v 0.055926 -0.013725 -0.045717
v 0.056059 -0.018971 -0.046578
v 0.054543 -0.029341 0.055237
v 0.057184 -0.026820 0.054473
v 0.049658 -0.049386 0.056691
v 0.056853 0.079649 0.066957
v 0.055433 -0.090189 -0.029299
v 0.048899 -0.066383 0.058801
v 0.052138 -0.060888 0.057351
v 0.050178 -0.072065 0.059803
v 0.052357 -0.066536 0.058319
v 0.062629 0.037252 0.057485
v 0.066385 0.064544 0.052212
v 0.065226 0.067223 0.055225
v 0.063177 0.062099 0.053665
v 0.052248 -0.055230 0.056267
v 0.053327 -0.049512 0.056267
v 0.055946 0.087318 0.053366
v 0.055000 -0.075647 0.059504
v 0.052710 -0.077323 0.061706
v 0.064094 0.075491 0.004171
v 0.068376 0.071441 0.004297
v 0.066448 0.075111 -0.000466
v 0.054254 -0.072341 0.058504
v 0.053611 -0.081020 0.066039
v 0.051847 -0.091250 0.070630
v 0.053197 -0.085846 -0.072369
v 0.064390 -0.082138 -0.064179
v 0.057695 -0.086853 -0.069159
v 0.055906 -0.089291 -0.036528
v 0.060065 -0.087547 -0.032776
v 0.054960 -0.089918 -0.032679
v 0.055774 -0.083464 -0.071657
v 0.056446 0.087119 0.029461
v 0.052242 0.079496 0.070064
v 0.057354 -0.078559 -0.070277
v 0.059347 0.027399 -0.059638
v 0.056378 0.029530 -0.060003
v 0.066823 0.024403 -0.057643
v 0.073341 -0.044922 -0.050113
v 0.076509 -0.042142 -0.048628
v 0.077242 -0.046911 -0.048931
v 0.061183 -0.057632 -0.048543
v 0.055974 -0.057514 -0.048241
v 0.060513 -0.013268 -0.045809
v 0.066456 -0.012576 -0.045164
v 0.063128 -0.017404 -0.047345
v 0.054642 -0.010559 0.051897
v 0.063209 0.027305 0.054410
v 0.066478 0.029117 0.053994
v 0.064167 0.033760 0.056255
v 0.052339 -0.058560 -0.049209
v 0.052550 -0.054607 -0.048699
v 0.051523 -0.091769 -0.031113
v 0.057303 -0.092680 -0.022487
v 0.060278 -0.091419 -0.020718
v 0.060509 -0.091944 -0.017079
v 0.056143 -0.092223 -0.060880
v 0.054706 -0.089145 -0.070707
v 0.058228 0.083774 0.024451
v 0.055995 0.086708 0.025388
v 0.063633 0.079359 0.024401
v 0.055033 0.085298 -0.002842
v 0.058179 0.082821 -0.003516
v 0.056620 0.083941 -0.008186
v 0.053119 0.045331 0.061540
v 0.063340 0.070979 0.059306
v 0.062284 0.074437 0.061557
v 0.059880 0.039750 0.057907
v 0.071015 0.034642 0.052529
v 0.058778 0.086480 0.056249
v 0.057901 0.086883 0.060267
v 0.062048 0.084276 0.055037
v 0.062883 0.084133 0.050883
v 0.058968 0.085606 0.032482
v 0.056493 0.054372 0.058215
v 0.060461 0.057286 0.055439
v 0.059188 0.061013 0.057550
v 0.054780 0.082425 0.068972
v 0.063055 0.078470 0.060094
v 0.056925 0.060781 0.061440
v 0.057662 0.064705 0.064184
v 0.062154 0.064852 0.056497
v 0.062460 0.082463 0.058860
v 0.059229 -0.089506 0.030266
v 0.062535 -0.088201 0.031906
v 0.060650 -0.089452 0.035057
v 0.056209 -0.092691 0.048863
v 0.049568 -0.089210 0.009022
v 0.055924 -0.085083 0.007418
v 0.054369 -0.033048 0.055422
v 0.050551 -0.032235 0.054949
v 0.052255 -0.038069 0.054744
v 0.070095 -0.010524 0.051337
v 0.071445 -0.007302 0.050299
v 0.066619 -0.010202 0.052397
v 0.062315 -0.040096 0.054374
v 0.063074 -0.043868 0.054457
v 0.066442 -0.038811 0.052820
v 0.058687 -0.094120 0.062801
v 0.057133 -0.090260 0.037861
v 0.049647 -0.076718 0.063299
v 0.055017 -0.068912 0.058153
v 0.061742 -0.086171 0.062679
v 0.057136 -0.084832 0.065619
v 0.056387 -0.092128 0.064897
v 0.056168 -0.079538 0.062955
v 0.055922 -0.097062 0.054400
v 0.059622 0.059574 -0.064407
v 0.062759 0.058250 -0.062320
v 0.059983 0.055867 -0.064373
v 0.055771 0.040019 -0.064165
v 0.055531 0.065111 -0.065444
v 0.058422 0.063338 -0.064207
v 0.054153 0.083597 -0.058026
v 0.047372 0.087389 -0.049635
v 0.055864 0.079764 -0.044491
v 0.054081 0.081169 -0.050291
v 0.051931 0.084836 -0.036254
v 0.065882 -0.001763 -0.042954
v 0.058908 -0.028071 -0.048445
v 0.056190 -0.026068 -0.047330
v 0.062051 -0.021622 -0.048171
v 0.054184 0.016489 -0.054750
v 0.053846 0.013537 -0.052132
v 0.062704 0.004751 -0.047751
v 0.052985 0.029251 -0.060860
v 0.059307 0.020547 -0.058430
v 0.053010 0.084836 -0.032810
v 0.049328 0.088323 -0.010358
v 0.056665 0.084663 -0.022841
v 0.059983 0.081340 -0.023033
v 0.056922 0.080230 0.007509
v 0.057481 0.082953 0.000402
v 0.054049 -0.088003 0.006200
v 0.056806 -0.086755 0.004545
v 0.055332 -0.042339 -0.049521
v 0.073768 -0.056569 -0.050479
v 0.070755 -0.058814 -0.049963
v 0.069225 -0.055331 -0.049870
v 0.061760 -0.033400 -0.049714
v 0.065757 -0.038596 -0.050614
v 0.051977 -0.011523 -0.044150
v 0.056606 -0.007179 -0.043476
v 0.058097 -0.010353 -0.044544
v 0.063860 -0.005912 -0.042661
v 0.063361 -0.010795 -0.044605
v 0.054593 -0.007470 0.046985
v 0.061450 0.022604 0.051297
v 0.064416 0.020442 0.049013
v 0.065174 0.023686 0.051015
v 0.056793 -0.071106 -0.061855
v 0.061346 -0.063494 -0.052482
v 0.064413 -0.062661 -0.050910
v 0.062171 -0.089531 -0.023259
v 0.058523 -0.089593 -0.027833
v 0.063560 -0.087163 -0.028403
v 0.057944 -0.093815 -0.015308
v 0.060604 -0.091834 -0.011801
v 0.061576 -0.088359 -0.058793
v 0.062961 -0.086575 -0.052659
v 0.058128 -0.089962 -0.056349
v 0.054249 -0.089993 -0.044149
v 0.061245 -0.073687 -0.063300
v 0.060386 -0.076007 -0.065841
v 0.064971 -0.073904 -0.061865
v 0.074640 -0.077040 -0.052536
v 0.072824 -0.077490 -0.055882
v 0.075643 -0.073852 -0.054105
v 0.069585 -0.069552 -0.056514
v 0.062674 -0.071237 -0.060105
v 0.059317 -0.069357 -0.059298
v 0.056423 -0.067779 -0.057948
v 0.062004 -0.068671 -0.057164
v 0.072194 -0.073160 -0.057313
v 0.077468 -0.074328 -0.049804
v 0.074264 -0.078164 -0.049009
v 0.065360 -0.083805 -0.043384
v 0.068490 -0.082342 -0.046190
v 0.069368 -0.081427 -0.041185
v 0.065820 -0.058520 -0.049150
v 0.071202 -0.080757 -0.048666
v 0.075957 -0.076669 -0.045704
v 0.073661 -0.078611 -0.040623
v 0.073065 -0.079204 -0.044948
v 0.065342 -0.085015 -0.032290
v 0.064928 -0.084714 -0.048216
v 0.061557 -0.086575 -0.048690
v 0.061779 -0.085936 -0.044866
v 0.077639 -0.069853 -0.052400
v 0.078558 -0.073718 -0.045265
v 0.059277 -0.088107 -0.051386
v 0.057910 -0.087982 -0.046195
v 0.057311 -0.088107 -0.042005
v 0.052733 0.087634 0.040198
v 0.055768 0.081333 0.014377
v 0.069258 0.045186 0.052726
v 0.066508 0.043453 0.055131
v 0.054128 0.056464 0.060556
v 0.053993 0.026920 0.055661
v 0.057873 0.026324 0.054640
v 0.055292 0.022135 0.052353
v 0.060204 0.086226 0.048324
v 0.059687 0.067527 0.062482
v 0.060467 0.085300 0.040597
v 0.056518 0.086247 0.039537
v 0.056023 -0.090672 0.033545
v 0.058352 -0.082735 0.014850
v 0.059340 -0.083781 0.018656
v 0.055922 -0.089986 0.026832
v 0.052432 -0.090629 0.004676
v 0.051525 -0.091605 0.001498
v 0.054490 -0.090954 -0.000320
v 0.058986 -0.089174 -0.001556
v 0.065886 -0.005425 0.051041
v 0.061927 -0.008456 0.052146
v 0.066742 -0.014988 0.052797
v 0.063046 -0.012035 0.053372
v 0.063451 -0.002137 0.048159
v 0.066116 0.001384 0.046390
v 0.056654 -0.046270 0.055111
v 0.056039 -0.057415 0.056114
v 0.056429 -0.041927 0.054973
v 0.054557 -0.095479 0.051293
v 0.058351 -0.076895 0.059152
v 0.062687 -0.076511 0.058667
v 0.058125 -0.073181 0.057606
v 0.058155 -0.067965 0.056765
v 0.058263 -0.061146 0.056382
v 0.061024 -0.090438 0.062541
v 0.058944 -0.095788 0.056341
v 0.062729 0.028904 -0.059607
v 0.059978 0.032938 -0.060488
v 0.057184 0.053700 -0.065434
v 0.057761 0.049390 -0.064732
v 0.060346 0.052025 -0.064361
v 0.058206 0.074414 -0.067084
v 0.061090 0.065925 -0.063824
v 0.056233 0.084380 -0.026762
v 0.056362 0.004885 -0.048230
v 0.054808 -0.000327 -0.045436
v 0.057446 0.013968 -0.053869
v 0.058811 0.023764 -0.060160
v 0.062907 0.024700 -0.059291
v 0.062623 0.019541 -0.057108
v 0.050235 0.087576 -0.017507
v 0.052014 0.086500 0.000461
v 0.063604 -0.089515 -0.019129
v 0.061793 -0.089210 -0.005683
v 0.058607 -0.049250 -0.049581
v 0.063032 -0.046498 -0.050497
v 0.068090 -0.045006 -0.050740
v 0.062870 -0.050376 -0.049809
v 0.059249 -0.036792 -0.049696
v 0.055525 -0.051874 -0.048521
v 0.056096 -0.022509 -0.047079
v 0.056319 -0.031279 -0.047688
v 0.060043 0.007354 0.041650
v 0.058659 0.015387 0.045005
v 0.058835 0.017431 0.048777
v 0.078517 0.017133 0.040444
v 0.083276 0.019493 0.041729
v 0.079018 0.021139 0.043207
v 0.072326 -0.052858 -0.050403
v 0.080281 -0.069069 -0.048429
v 0.062258 -0.085183 -0.040490
v 0.061883 0.084952 0.045081
v 0.064795 0.082364 0.045151
v 0.065457 0.081331 0.041064
v 0.062972 0.083187 0.038127
v 0.063466 0.082489 0.032770
v 0.059478 0.084447 0.028634
v 0.057453 0.081043 0.017815
v 0.054476 0.034828 0.057805
v 0.054308 0.038130 0.060228
v 0.055135 0.047997 0.059842
v 0.058242 0.047085 0.057620
v 0.052516 0.049415 0.062285
v 0.048050 -0.089563 0.014415
v 0.054931 -0.089494 0.023088
v 0.062864 -0.086093 -0.001434
v 0.060027 -0.086579 0.001233
v 0.057634 -0.023094 0.054048
v 0.055619 -0.036541 0.055085
v 0.061260 -0.021974 0.053559
v 0.061233 -0.015665 0.053503
v 0.057457 -0.016875 0.054746
v 0.058122 -0.008816 0.051275
v 0.058169 -0.012373 0.054211
v 0.058779 -0.003171 0.046173
v 0.065638 -0.088978 0.048683
v 0.062408 -0.090924 0.049108
v 0.063228 -0.089301 0.044546
v 0.066571 -0.088316 0.052313
v 0.068986 -0.083402 0.029874
v 0.065660 -0.086054 0.031020
v 0.066201 -0.086458 0.056883
v 0.074831 -0.077374 0.024072
v 0.070930 -0.079521 0.022537
v 0.074636 -0.075924 0.019544
v 0.062224 -0.083981 0.021561
v 0.062253 -0.080308 0.060529
v 0.064716 -0.083892 0.059684
v 0.063286 -0.067731 0.056097
v 0.062111 -0.072567 0.057121
v 0.055823 -0.064525 0.057001
v 0.059468 -0.064559 0.056417
v 0.059409 -0.082448 0.062852
v 0.064868 0.036877 -0.060703
v 0.068075 0.036087 -0.058853
v 0.063529 0.045951 -0.062431
v 0.058696 0.079174 -0.051497
v 0.061282 0.078657 -0.054636
v 0.056886 0.081110 -0.054626
v 0.055864 0.080374 -0.038407
v 0.054386 0.082283 -0.035714
v 0.059656 0.006210 -0.049012
v 0.062223 0.039034 -0.062342
v 0.064404 0.042215 -0.061782
v 0.068912 0.019088 -0.055231
v 0.059563 0.016955 -0.055904
v 0.058400 0.082957 -0.019723
v 0.060120 -0.053020 -0.048663
v 0.053111 -0.024568 -0.045022
v 0.064035 0.003899 0.043012
v 0.058385 0.011727 0.042771
v 0.058495 0.023483 0.052812
v 0.056207 -0.065532 -0.055262
v 0.072064 -0.062833 -0.050740
v 0.074174 -0.060069 -0.050569
v 0.077632 -0.061063 -0.050799
v 0.066220 -0.083362 -0.036701
v 0.059011 -0.087361 -0.038247
v 0.064827 0.080355 0.028861
v 0.056361 0.079759 0.011021
v 0.063986 0.074157 0.014507
v 0.063182 0.042188 0.057009
v 0.064109 0.053009 0.055266
v 0.064807 -0.079932 0.016456
v 0.058347 -0.083111 0.008896
v 0.062252 -0.080637 0.011731
v 0.059277 -0.006200 0.048598
v 0.062725 -0.062958 0.055779
v 0.064285 -0.051594 0.054607
v 0.067835 -0.054094 0.053031
v 0.060303 -0.046240 0.054662
v 0.067004 -0.048227 0.053185
v 0.066600 -0.044499 0.053174
v 0.068087 -0.086735 0.044230
v 0.071410 -0.083356 0.040815
v 0.063769 -0.088533 0.059647
v 0.068460 -0.085246 0.053531
v 0.064384 0.077055 -0.058515
v 0.065115 0.073760 -0.059963
v 0.058780 -0.016669 -0.046846
v 0.068747 0.000597 -0.043283
v 0.066212 0.002661 -0.045056
v 0.071757 0.004817 -0.046371
v 0.071738 -0.013678 -0.045241
v 0.071412 -0.018534 -0.046927
v 0.067203 -0.015798 -0.046599
v 0.066882 0.006186 -0.048422
v 0.065172 0.009300 -0.051060
v 0.059220 0.036451 -0.062186
v 0.059630 0.042436 -0.063978
v 0.068832 0.068963 -0.055998
v 0.065231 0.066736 -0.060910
v 0.066659 0.070587 -0.058655
v 0.073535 0.035004 -0.054820
v 0.077167 0.034904 -0.050984
v 0.074764 0.030947 -0.053487
v 0.070558 0.033815 -0.056970
v 0.067891 0.047899 -0.059352
v 0.064436 0.050789 -0.061646
v 0.067106 0.052379 -0.059289
v 0.067736 0.042247 -0.059672
v 0.070590 0.039527 -0.057289
v 0.073998 0.020632 -0.053003
v 0.070828 0.023483 -0.055177
v 0.075546 0.026685 -0.052535
v 0.066132 0.020815 -0.057000
v 0.072409 0.014536 -0.052103
v 0.075163 0.011892 -0.049894
v 0.069226 0.012048 -0.051882
v 0.064101 0.077423 -0.031294
v 0.064223 0.076570 -0.035506
v 0.061787 0.077900 0.002836
v 0.059414 0.078904 0.005292
v 0.060345 0.081694 -0.012221
v 0.062528 0.078602 -0.000568
v 0.060559 0.081224 -0.006352
v 0.063688 0.078377 -0.009676
v 0.063009 0.078452 -0.004596
v 0.062094 -0.029738 -0.049254
v 0.066713 -0.049624 -0.050427
v 0.070345 -0.048194 -0.050719
v 0.066241 0.007923 0.042032
v 0.063123 0.011304 0.041237
v 0.068225 -0.061637 -0.050151
v 0.062459 -0.085662 -0.036044
v 0.063342 0.046163 0.056463
v 0.062719 0.017521 0.046200
v 0.068336 0.022256 0.048603
v 0.065163 -0.019372 0.053057
v 0.065522 -0.088069 0.041978
v 0.071879 -0.082792 0.044804
v 0.069649 -0.085188 0.048653
v 0.069092 -0.071573 0.054230
v 0.066885 -0.068489 0.054836
v 0.072421 0.000812 -0.042686
v 0.077480 0.003753 -0.044545
v 0.068481 -0.010053 -0.043561
v 0.076679 -0.020128 -0.046007
v 0.076555 -0.016591 -0.045495
v 0.068132 -0.022164 -0.048128
v 0.079783 0.036926 -0.046886
v 0.077624 0.039072 -0.049560
v 0.080179 0.026555 -0.048332
v 0.077901 0.023391 -0.050607
v 0.075242 0.038390 -0.052734
v 0.070264 0.008723 -0.049888
v 0.080002 0.007174 -0.046231
v 0.075377 0.007893 -0.048046
v 0.083442 0.005100 -0.044110
v 0.078517 0.019009 -0.049848
v 0.076042 0.015826 -0.050648
v 0.084461 0.010795 -0.044927
v 0.082241 0.015860 -0.046942
v 0.086002 0.015666 -0.042743
v 0.081879 0.033835 -0.044289
v 0.079993 0.031770 -0.047812
v 0.058920 0.078231 -0.042272
v 0.060191 0.078617 -0.037210
v 0.062900 0.076658 -0.039207
v 0.057685 0.080470 -0.035022
v 0.066408 0.076056 -0.009163
v 0.066133 0.075969 -0.005586
v 0.062122 0.079806 -0.025990
v 0.064729 -0.053922 -0.049375
v 0.064873 -0.024205 -0.048567
v 0.069120 -0.039897 -0.050504
v 0.079851 -0.044246 -0.046918
v 0.079182 -0.040067 -0.046726
v 0.076669 -0.052866 -0.050121
v 0.074112 -0.049335 -0.050486
v 0.073256 -0.039650 -0.049686
v 0.068538 -0.001661 0.048910
v 0.073992 -0.002267 0.048321
v 0.078842 -0.000531 0.046072
v 0.076345 0.002463 0.046480
v 0.069066 0.005314 0.044447
v 0.072387 0.003025 0.046545
v 0.074368 0.005637 0.044803
v 0.071502 0.000032 0.048075
v 0.071087 -0.003894 0.049619
v 0.071417 0.010954 0.041102
v 0.072339 0.008046 0.042884
v 0.068073 0.012036 0.040834
v 0.073927 0.013256 0.040345
v 0.070373 0.015700 0.040958
v 0.067074 0.019258 0.045786
v 0.066353 0.016628 0.042407
v 0.062284 0.015032 0.042891
v 0.067841 0.026431 0.051897
v 0.072371 0.023439 0.047720
v 0.076601 0.026673 0.048025
v 0.071547 0.026555 0.050180
v 0.079531 0.061860 0.038456
v 0.078006 0.063241 0.041610
v 0.079608 0.058130 0.040221
v 0.070440 0.030279 0.052215
v 0.068322 -0.084185 -0.028609
v 0.066511 -0.086370 -0.024948
v 0.060940 0.076117 0.013187
v 0.074999 -0.003886 -0.041131
v 0.078015 -0.005758 -0.040901
v 0.083389 0.028057 -0.043460
v 0.092257 0.001258 0.025522
v 0.084831 0.044869 -0.022356
v 0.085929 0.041019 -0.023607
v 0.084073 0.046022 -0.026719
v 0.066140 0.076766 -0.022665
v 0.065456 0.077498 -0.018125
v 0.069079 0.073320 -0.015372
v 0.074102 -0.032317 -0.048753
v 0.073478 -0.028432 -0.048220
v 0.072096 -0.035628 -0.049712
v 0.077755 -0.036452 -0.047301
v 0.074720 0.033864 0.049960
v 0.076911 0.009602 0.042002
v 0.078060 0.005617 0.044708
v 0.070240 -0.081543 -0.033214
v 0.066057 -0.087806 -0.016825
v 0.069910 -0.084484 -0.020281
v 0.070801 -0.083805 -0.016661
v 0.066977 -0.086926 -0.020389
v 0.061598 0.075623 0.009484
v 0.069557 -0.026383 -0.048688
v 0.074317 -0.022621 -0.047057
v 0.063803 0.075500 -0.042819
v 0.066998 0.073570 -0.039271
v 0.062146 0.069447 -0.063764
v 0.070680 0.071608 -0.028412
v 0.069782 0.072107 -0.032611
v 0.062269 0.076932 -0.049454
v 0.067359 0.073996 -0.035251
v 0.061462 0.076944 -0.045629
v 0.068115 0.073898 -0.003422
v 0.069807 0.071475 0.000227
v 0.071496 0.070366 -0.010850
v 0.068342 0.074058 -0.011480
v 0.070424 0.071683 -0.019250
v 0.067951 0.074871 -0.018885
v 0.090309 0.012913 0.038401
v 0.088278 0.018726 0.040043
v 0.087251 0.013345 0.039777
v 0.066016 0.048715 0.054798
v 0.074295 0.029673 0.050067
v 0.073443 0.037793 0.050577
v 0.072207 0.042265 0.050704
v 0.075611 0.042219 0.047529
v 0.077165 0.036341 0.047545
v 0.079204 0.038749 0.044768
v 0.067379 0.053251 0.052671
v 0.070598 0.055802 0.048461
v 0.065415 0.056896 0.052879
v 0.069370 0.049718 0.051772
v 0.071617 -0.082574 -0.023124
v 0.069185 -0.083735 -0.006360
v 0.067649 -0.085704 -0.009524
v 0.072511 -0.081429 -0.008599
v 0.065464 -0.086444 -0.006182
v 0.066207 -0.084272 -0.002870
v 0.066526 -0.082136 0.000532
v 0.061662 -0.083739 0.003277
v 0.072824 -0.081584 -0.013179
v 0.069868 -0.084398 -0.012720
v 0.056927 -0.088906 0.001547
v 0.079133 0.011256 -0.048030
v 0.076825 0.000167 -0.041885
v 0.081026 -0.004005 -0.040203
v 0.084459 -0.001837 -0.040184
v 0.087128 -0.004797 -0.040052
v 0.085528 -0.035851 -0.041207
v 0.085850 -0.031349 -0.041266
v 0.087879 -0.034520 -0.038521
v 0.069340 0.073317 -0.023138
v 0.073246 0.067621 -0.032928
v 0.075017 0.064996 -0.031584
v 0.076181 0.062897 -0.034054
v 0.064683 0.075281 -0.046464
v 0.058386 0.078602 -0.047458
v 0.066275 0.074510 -0.049705
v 0.065104 0.075985 -0.054005
v 0.067455 0.073168 -0.045101
v 0.069669 0.072609 -0.007840
v 0.078390 -0.025607 -0.046308
v 0.080914 -0.016505 -0.044209
v 0.077336 -0.030463 -0.047313
v 0.081823 -0.029326 -0.044735
v 0.079801 -0.033334 -0.045943
v 0.082865 -0.034354 -0.043537
v 0.082194 -0.041303 -0.044498
v 0.058964 -0.084173 0.005579
v 0.064590 -0.081575 0.003614
v 0.070944 -0.076228 0.014339
v 0.074986 -0.073963 0.009892
v 0.080808 0.021936 -0.048060
v 0.081062 -0.011890 -0.043338
v 0.084118 -0.013779 -0.042616
v 0.076105 -0.012518 -0.044302
v 0.082114 -0.008093 -0.041418
v 0.085672 -0.010694 -0.041579
v 0.088213 -0.014374 -0.040335
v 0.085044 -0.017267 -0.042463
v 0.085551 -0.026568 -0.041815
v 0.087945 -0.027000 -0.039182
v 0.089088 -0.023791 -0.038146
v 0.090720 -0.020176 -0.036165
v 0.091678 -0.023119 -0.032993
v 0.093407 -0.009220 -0.032243
v 0.093833 -0.013308 -0.029085
v 0.092779 -0.014279 -0.033200
v 0.084448 0.023670 -0.042606
v 0.083419 0.021015 -0.044982
v 0.082452 0.024822 -0.045552
v 0.088294 -0.019247 -0.039921
v 0.091091 -0.015834 -0.036921
v 0.093281 -0.032771 -0.016001
v 0.093585 -0.029552 -0.018891
v 0.093927 -0.027536 -0.015093
v 0.088712 -0.030088 -0.037562
v 0.090364 -0.026775 -0.035134
v 0.080487 -0.070641 -0.045254
v 0.068675 -0.079231 0.003205
v 0.079154 -0.071976 0.007545
v 0.082398 -0.069627 0.010776
v 0.070501 -0.077412 0.017626
v 0.067785 -0.078053 0.015001
v 0.068918 -0.076963 0.011531
v 0.071536 -0.076126 0.007704
v 0.071518 -0.081066 0.028085
v 0.079161 0.014886 -0.048823
v 0.089936 -0.000083 -0.039868
v 0.090691 -0.005677 -0.038894
v 0.092631 -0.018508 -0.032109
v 0.089049 -0.010767 -0.039918
v 0.093815 -0.025769 -0.020975
v 0.094119 -0.024288 -0.017352
v 0.075561 -0.078475 -0.020490
v 0.072990 -0.081480 -0.019375
v 0.082905 -0.045790 -0.044298
v 0.085072 -0.041920 -0.041579
v 0.071484 -0.079295 -0.000390
v 0.072061 0.027722 -0.054993
v 0.081922 0.000857 -0.041646
v 0.088197 0.007510 -0.041542
v 0.090272 0.006680 -0.038869
v 0.087163 0.002149 -0.041695
v 0.093583 -0.019022 -0.027463
v 0.088933 -0.037722 -0.036497
v 0.090214 -0.035191 -0.034038
v 0.072487 -0.077107 0.003207
v 0.077704 0.029805 -0.050726
v 0.093977 -0.021572 -0.022037
v 0.093373 -0.024742 -0.025870
v 0.090907 -0.030771 -0.032899
v 0.068964 0.071838 -0.053730
v 0.067012 0.073856 -0.056548
v 0.072910 0.056118 -0.052000
v 0.073289 0.059392 -0.050221
v 0.075113 0.054294 -0.049253
v 0.068852 0.061587 -0.056277
v 0.066180 0.062384 -0.059251
v 0.069692 0.065401 -0.055161
v 0.072486 0.067768 -0.048577
v 0.069735 0.071463 -0.049189
v 0.081905 -0.063302 -0.047423
v 0.080875 -0.059283 -0.048345
v 0.084306 -0.059422 -0.043245
v 0.071251 -0.080319 -0.037342
v 0.075232 -0.077583 -0.035937
v 0.073261 -0.079391 -0.033355
v 0.077764 -0.074987 -0.040018
v 0.067013 0.072370 0.055522
v 0.065649 0.079463 0.054652
v 0.068459 0.077012 0.049860
v 0.065631 0.081100 0.049918
v 0.062932 0.062969 -0.062688
v 0.065151 0.059165 -0.059991
v 0.066764 0.056252 -0.059027
v 0.069300 0.056080 -0.056280
v 0.069790 0.052377 -0.056438
v 0.062886 0.054335 -0.062487
v 0.072908 0.052280 -0.052890
v 0.074755 0.046920 -0.051788
v 0.076324 0.042758 -0.050583
v 0.072737 0.068159 -0.044766
v 0.070467 0.070193 -0.042513
v 0.074336 0.065827 -0.042061
v 0.082780 0.049299 -0.028415
v 0.083217 0.046660 -0.031160
v 0.075785 0.050279 -0.049701
v 0.077280 0.046875 -0.047937
v 0.080507 0.048905 -0.039607
v 0.079515 0.046360 -0.043605
v 0.078167 0.052129 -0.044364
v 0.070566 0.058672 -0.053938
v 0.072072 0.062771 -0.051418
v 0.079199 0.042186 -0.046045
v 0.083562 0.043453 -0.033547
v 0.083113 0.040950 -0.037294
v 0.082164 0.046594 -0.035769
v 0.082265 0.039354 -0.041002
v 0.083877 0.033097 -0.040283
v 0.084287 0.036412 -0.037064
v 0.087781 0.031386 -0.028628
v 0.085674 0.035459 -0.033162
v 0.087134 0.034775 -0.027054
v 0.076865 0.056981 -0.045324
v 0.077908 0.059418 -0.036697
v 0.078797 0.055831 -0.039549
v 0.076569 0.061243 -0.042569
v 0.080832 0.042283 -0.042752
v 0.081569 0.044053 -0.039656
v 0.086813 0.027542 -0.035400
v 0.085547 0.025696 -0.039710
v 0.085113 0.029539 -0.039050
v 0.085209 0.041730 -0.027705
v 0.084538 0.039517 -0.033628
v 0.080066 0.052423 -0.038147
v 0.081981 0.049486 -0.033412
v 0.085492 0.032329 -0.036346
v 0.085852 0.037996 -0.029721
v 0.086870 0.031465 -0.032337
v 0.078399 0.058897 -0.031535
v 0.070428 0.070772 -0.036687
v 0.073363 0.067157 -0.037640
v 0.075786 0.063224 -0.038580
v 0.074989 0.061260 -0.047461
v 0.081417 0.052853 -0.027728
v 0.082715 0.050459 -0.021988
v 0.075862 0.063587 -0.021132
v 0.076469 0.062566 -0.024896
v 0.074202 0.066326 -0.024413
v 0.078277 0.059366 -0.026369
v 0.077132 0.061384 -0.029204
v 0.076468 0.062938 -0.015221
v 0.078512 0.059127 -0.018841
v 0.081507 0.052961 -0.024209
v 0.079328 0.056561 -0.034439
v 0.079727 0.056409 -0.028633
v 0.080646 0.052915 -0.034366
v 0.092271 0.023525 0.011570
v 0.093025 0.017332 0.007401
v 0.091940 0.024943 0.008017
v 0.092062 -0.008744 0.023763
v 0.080168 0.055848 -0.022724
v 0.088792 0.036436 -0.003552
v 0.086770 0.043065 -0.003490
v 0.088244 0.039064 -0.000122
v 0.087106 0.037547 -0.021450
v 0.089069 0.031163 -0.017498
v 0.073164 0.068097 -0.028663
v 0.075395 0.064442 -0.028210
v 0.072058 0.069558 -0.022288
v 0.086065 0.042029 -0.017397
v 0.092088 0.017806 -0.013580
v 0.092058 0.019595 -0.009106
v 0.092832 0.014824 -0.008525
v 0.093427 0.013160 0.003883
v 0.092794 0.017627 -0.000350
v 0.092972 0.016901 0.003010
v 0.087562 0.022682 -0.036353
v 0.088492 0.024042 -0.032756
v 0.089918 0.028501 -0.014962
v 0.090217 0.025965 -0.017965
v 0.090033 0.025050 -0.022033
v 0.090166 0.022162 -0.025775
v 0.073721 0.067038 -0.018629
v 0.072232 0.069577 -0.007114
v 0.067543 0.075986 0.053722
v 0.071305 0.073419 0.029627
v 0.068670 0.076656 0.029153
v 0.067417 0.078745 0.032532
v 0.061232 0.081895 0.026012
v 0.066882 0.077380 0.025388
v 0.074619 0.068765 0.027420
v 0.071840 0.071550 0.022690
v 0.070566 0.073509 0.025790
v 0.068630 0.074573 0.022534
v 0.083456 0.052478 0.035057
v 0.080925 0.054271 0.039377
v 0.081442 0.050276 0.039412
v 0.071564 0.070151 -0.015716
v 0.066421 0.073593 0.017032
v 0.067031 0.071807 0.013679
v 0.070806 0.068060 0.010532
v 0.066012 0.071981 0.009891
v 0.069235 0.071497 0.016939
v 0.073419 0.069038 0.019260
v 0.076882 0.065145 0.023056
v 0.077850 0.063561 0.018782
v 0.076554 0.063749 -0.006868
v 0.074069 0.067267 -0.003722
v 0.078408 0.061446 -0.003666
v 0.064159 0.073993 0.007482
v 0.071891 0.068808 0.014956
v 0.072641 0.049158 0.048585
v 0.070874 0.052248 0.049476
v 0.077342 0.059956 0.043201
v 0.069664 0.065896 0.051134
v 0.068354 0.061798 0.049638
v 0.072463 0.065681 0.048779
v 0.076735 0.047285 0.045043
v 0.074099 0.053426 0.045734
v 0.065732 0.060355 0.051753
v 0.069888 0.069479 0.051960
v 0.072775 0.070955 0.046755
v 0.070517 0.073187 0.049742
v 0.070122 0.059233 0.048118
v 0.059717 0.064875 0.059776
v 0.072887 0.060583 0.046497
v 0.068220 0.078626 0.045035
v 0.065005 0.075097 0.058207
v 0.070798 0.074873 0.045489
v 0.073201 0.071811 0.040702
v 0.074861 0.064064 0.045985
v 0.078039 0.051861 0.042984
v 0.076843 0.064992 0.027414
v 0.074583 0.068543 0.023323
v 0.074567 0.069683 0.043574
v 0.076282 0.066278 0.042939
v 0.074306 0.045822 0.047692
v 0.074250 0.069465 0.033788
v 0.073067 0.071563 0.036829
v 0.076487 0.066337 0.037558
v 0.078500 0.031519 0.047558
v 0.085992 0.048599 0.027300
v 0.076717 0.055806 0.043407
v 0.081826 0.057881 0.035068
v 0.069180 -0.037861 0.049989
v 0.068679 -0.042038 0.051269
v 0.073018 -0.042765 0.047336
v 0.061910 -0.027573 0.054421
v 0.064846 -0.031404 0.053168
v 0.069572 -0.057839 0.052182
v 0.080772 -0.048401 -0.046834
v 0.088626 -0.053701 -0.026302
v 0.087446 -0.056902 -0.029180
v 0.083673 -0.063718 -0.042821
v 0.084661 -0.062915 -0.038517
v 0.083218 -0.066432 -0.039534
v 0.071270 -0.074615 0.052579
v 0.073638 -0.063500 0.049426
v 0.070583 -0.067045 0.052487
v 0.072082 -0.070718 0.051500
v 0.073918 -0.067121 0.049306
v 0.066979 -0.064721 0.054168
v 0.071108 -0.061663 0.051299
v 0.073111 -0.059741 0.049352
v 0.082632 -0.057218 0.036543
v 0.081320 -0.054284 0.039124
v 0.080000 -0.059692 0.041067
v 0.070678 -0.053910 0.050947
v 0.068846 -0.050957 0.052189
v 0.072726 -0.056367 0.049428
v 0.070118 -0.082147 0.052304
v 0.071867 -0.080966 0.049218
v 0.070428 -0.078610 0.053095
v 0.078162 -0.056658 0.043646
v 0.075499 -0.057193 0.046621
v 0.070028 -0.033919 0.048866
v 0.068498 -0.030320 0.050405
v 0.067106 -0.034852 0.051750
v 0.073925 -0.073581 0.049256
v 0.074651 -0.077594 0.045121
v 0.076846 -0.072155 0.044272
v 0.075240 -0.070290 0.047712
v 0.072649 -0.077241 0.050073
v 0.072161 -0.037934 0.047233
v 0.075217 -0.034958 0.044342
v 0.075769 -0.046472 0.045550
v 0.075578 -0.052385 0.046402
v 0.069454 -0.018677 0.051309
v 0.065137 -0.023516 0.053354
v 0.080613 0.008137 0.042736
v 0.084013 0.015854 0.040007
v 0.077693 0.013505 0.040060
v 0.074839 0.016796 0.040584
v 0.084513 0.008609 0.041653
v 0.083523 0.003257 0.043575
v 0.081379 0.012586 0.039777
v 0.091257 0.015665 0.036533
v 0.092147 0.016196 0.030494
v 0.091385 0.020379 0.032818
v 0.089522 0.002501 0.036002
v 0.091406 0.007346 0.033263
v 0.089002 0.005573 0.038905
v 0.080231 0.002749 0.045208
v 0.088049 0.009697 0.040330
v 0.082900 0.023118 0.043700
v 0.070699 0.020755 0.045377
v 0.072658 0.019049 0.042485
v 0.076146 0.023021 0.045710
v 0.086291 0.005332 0.041708
v 0.090555 0.009750 0.037323
v 0.091072 0.025553 0.030101
v 0.092035 0.019904 0.028932
v 0.092240 0.021929 0.025489
v 0.092750 0.020079 0.013134
v 0.091889 0.012246 0.033436
v 0.091623 0.025646 0.026303
v 0.090551 0.028945 0.029197
v 0.092050 0.008061 0.029703
v 0.090562 0.019768 0.036817
v 0.092913 0.017095 0.020161
v 0.092884 0.018777 0.016702
v 0.092586 0.020855 0.020920
v 0.092356 0.011635 0.028839
v 0.092625 0.017150 0.025091
v 0.092986 0.013637 0.021871
v 0.093255 0.013803 0.016454
v 0.092018 0.025267 0.019299
v 0.091283 0.028941 0.021445
v 0.092663 0.013441 0.025571
v 0.083124 0.047013 0.037730
v 0.082356 0.043134 0.039843
v 0.090614 0.023859 0.033215
v 0.086564 0.023710 0.041584
v 0.090991 0.029407 0.025716
v 0.093556 0.010796 0.013502
v 0.093161 0.016559 0.011751
v 0.087782 0.039060 -0.006936
v 0.089332 0.033215 -0.007967
v 0.088552 0.035114 -0.011519
v 0.080769 0.034943 0.044341
v 0.088948 0.022664 0.038785
v 0.089403 0.025377 0.036220
v 0.089858 0.027879 0.033141
v 0.087912 0.030617 0.036607
v 0.089981 0.033419 0.027445
v 0.088551 0.036935 0.029815
v 0.089515 0.031491 0.031442
v 0.087033 0.035821 0.035242
v 0.087210 0.027411 0.039465
v 0.084538 0.033424 0.040498
v 0.083438 0.038805 0.039793
v 0.085236 0.036125 0.038311
v 0.079964 0.025212 0.045767
v 0.082632 0.029821 0.044334
v 0.080125 0.047118 0.041562
v 0.084936 0.027078 0.042727
v 0.079444 0.042617 0.043235
v 0.084443 0.048790 0.034617
v 0.069630 0.069065 0.007031
v 0.072410 0.068237 0.001494
v 0.072506 0.066718 0.006157
v 0.072515 -0.081053 -0.028088
v 0.074577 -0.079420 -0.024622
v 0.079220 -0.074545 -0.006605
v 0.077347 -0.076249 -0.023435
v 0.077568 -0.057305 -0.050153
v 0.081649 -0.052192 -0.046539
v 0.084827 -0.065135 -0.009246
v 0.086196 -0.062923 -0.004895
v 0.084280 -0.066968 -0.004628
v 0.074816 -0.040048 0.045079
v 0.087286 -0.051511 -0.037543
v 0.084800 -0.052447 -0.042659
v 0.086023 -0.049649 -0.040519
v 0.086933 -0.038939 -0.039434
v 0.087802 0.027837 -0.031788
v 0.090880 0.012659 -0.032411
v 0.089093 0.015779 -0.036720
v 0.090330 0.017912 -0.030691
v 0.088992 0.025573 -0.028970
v 0.086032 0.020851 -0.040711
v 0.089635 0.021704 -0.029686
v 0.087800 0.019205 -0.037762
v 0.087411 0.011694 -0.041927
v 0.085611 0.007765 -0.043835
v 0.089331 0.012155 -0.038399
v 0.091183 0.003396 -0.038349
v 0.093049 0.001304 -0.033757
v 0.093106 0.002136 -0.028512
v 0.093565 -0.000870 -0.030680
v 0.092085 -0.002444 -0.037362
v 0.093229 -0.005326 -0.034225
v 0.091578 -0.009163 -0.037601
v 0.092148 0.005236 -0.034872
v 0.090954 0.008933 -0.036456
v 0.087219 0.038932 0.032912
v 0.078878 0.061772 0.025125
v 0.075342 0.066449 0.016057
v 0.075585 0.064333 0.009195
v 0.089087 0.036498 0.002105
v 0.089675 0.033872 -0.000092
v 0.074076 0.066692 -0.014051
v 0.078764 0.059176 -0.014392
v 0.073865 0.066107 0.012332
v 0.075337 0.064366 0.005483
v 0.076232 0.063834 -0.011183
v 0.078389 0.060411 -0.010137
v 0.075238 0.065570 -0.000084
v 0.070628 0.071366 -0.004013
v 0.079616 0.058916 -0.006565
v 0.078226 0.062660 0.013543
v 0.078536 0.061911 0.009802
v 0.080520 0.059272 0.007821
v 0.078033 0.062036 0.006232
v 0.077145 0.062944 0.002572
v 0.079702 0.059929 0.003828
v 0.074282 0.066802 -0.008997
v 0.081130 0.054226 -0.017677
v 0.080741 0.055965 -0.010946
v 0.080497 0.055969 -0.014570
v 0.070677 0.075002 0.039882
v 0.073467 0.070552 0.030382
v 0.066282 -0.027398 0.052446
v 0.073949 -0.080229 0.041273
v 0.076068 -0.077610 0.037824
v 0.076528 -0.075572 0.041629
v 0.079305 -0.072057 0.036855
v 0.078374 -0.071352 0.040645
v 0.068511 -0.084754 0.033704
v 0.072989 -0.081385 0.037067
v 0.071960 -0.081744 0.032714
v 0.076867 -0.076856 0.033305
v 0.085321 -0.056115 -0.041412
v 0.083097 -0.055595 -0.045228
v 0.080116 -0.055093 -0.048477
v 0.086360 -0.057206 -0.037824
v 0.085278 -0.059810 -0.039931
v 0.079236 -0.067536 0.041304
v 0.074489 -0.078903 0.029382
v 0.078074 -0.075339 0.029070
v 0.081348 -0.062620 0.038105
v 0.081059 -0.067293 0.036695
v 0.082918 -0.064913 0.032677
v 0.083134 -0.060943 0.034397
v 0.079534 -0.073078 0.032557
v 0.081590 -0.068468 0.033157
v 0.087665 -0.055887 0.021293
v 0.088313 -0.050911 0.022258
v 0.094371 0.001212 -0.004218
v 0.094143 0.004982 -0.002992
v 0.094374 0.001651 -0.000286
v 0.083013 -0.051540 0.036470
v 0.085505 -0.048698 0.032053
v 0.085154 -0.043161 0.033529
v 0.083885 -0.046759 0.035427
v 0.078041 -0.052990 0.043721
v 0.078318 -0.047997 0.043040
v 0.081700 -0.048943 0.038724
v 0.081717 -0.045255 0.038731
v 0.084840 -0.064342 0.025008
v 0.083167 -0.068384 0.023792
v 0.085131 -0.065594 0.020118
v 0.084934 -0.054417 0.032001
v 0.079929 -0.051015 0.041245
v 0.080673 -0.072238 0.024151
v 0.081883 -0.070568 0.020084
v 0.087489 -0.044573 0.028451
v 0.089791 -0.040505 0.022096
v 0.088628 -0.041167 0.026126
v 0.088795 -0.045949 0.023373
v 0.078219 -0.024648 0.042821
v 0.076183 -0.029904 0.044014
v 0.080361 -0.028793 0.040140
v 0.080621 -0.041292 0.039740
v 0.077820 -0.039617 0.042474
v 0.078349 -0.044179 0.042517
v 0.082340 -0.032154 0.037679
v 0.078441 -0.031330 0.041663
v 0.079488 -0.034483 0.040440
v 0.084341 -0.035261 0.035296
v 0.084884 -0.031627 0.034880
v 0.085109 -0.039597 0.034067
v 0.083230 -0.042702 0.036594
v 0.083003 -0.039102 0.036975
v 0.071695 -0.030267 0.047681
v 0.070106 -0.025795 0.049842
v 0.084556 -0.000425 0.042292
v 0.087338 0.001291 0.039662
v 0.072058 -0.013296 0.050162
v 0.093260 -0.000014 0.019603
v 0.093403 0.004468 0.018688
v 0.093445 0.008877 0.017282
v 0.090925 0.002703 0.031861
v 0.093115 0.008544 0.021298
v 0.088401 -0.001252 0.036276
v 0.086356 -0.002876 0.039276
v 0.080098 -0.003812 0.045163
v 0.082976 -0.004184 0.042865
v 0.089196 -0.003802 0.033465
v 0.089078 -0.007174 0.032476
v 0.086187 -0.007007 0.038181
v 0.074309 -0.016988 0.048008
v 0.078897 -0.015825 0.043950
v 0.076203 -0.012669 0.047033
v 0.082854 -0.017880 0.039258
v 0.082202 -0.013792 0.040949
v 0.079959 -0.019651 0.042093
v 0.084074 -0.028227 0.036073
v 0.082459 -0.023615 0.038624
v 0.087192 -0.049703 0.027096
v 0.093652 -0.000148 0.016169
v 0.093425 -0.003457 0.018055
v 0.092651 -0.005021 0.021880
v 0.093356 -0.007242 0.018328
v 0.083318 -0.009453 0.040942
v 0.087767 0.036925 -0.015117
v 0.089453 0.031272 -0.012531
v 0.086574 0.046846 0.023918
v 0.087943 0.042723 0.019694
v 0.085642 0.048283 0.019441
v 0.091085 0.029495 0.017180
v 0.091938 0.025633 0.015148
v 0.088848 0.039852 0.024883
v 0.089783 0.035970 0.024365
v 0.087683 0.043565 0.025862
v 0.085321 0.049556 0.030973
v 0.085693 0.047942 0.014353
v 0.086685 0.045340 0.017086
v 0.081133 0.057451 0.000890
v 0.091269 0.028737 0.012433
v 0.083108 0.055215 0.030201
v 0.080451 -0.071604 -0.038001
v 0.078310 -0.074754 -0.033827
v 0.081763 -0.068938 -0.042244
v 0.079571 -0.073144 -0.025396
v 0.077407 -0.075974 -0.027628
v 0.079681 -0.073079 -0.029672
v 0.078596 -0.074511 -0.020762
v 0.080467 -0.071708 -0.021460
v 0.077342 -0.075489 -0.000624
v 0.083645 -0.068626 0.005797
v 0.082425 -0.070289 0.001897
v 0.084599 -0.067077 -0.000169
v 0.075362 -0.074676 0.005347
v 0.079110 -0.072992 0.002957
v 0.080294 -0.072819 -0.000801
v 0.080272 -0.071631 0.015807
v 0.083120 -0.067664 0.027386
v 0.077753 -0.074769 0.022513
v 0.085643 -0.065522 0.010850
v 0.085091 -0.060666 0.028392
v 0.080255 -0.072727 0.027718
v 0.083042 -0.069121 0.015927
v 0.086567 -0.060311 0.022248
v 0.085550 -0.065249 0.015486
v 0.086659 -0.063207 0.001639
v 0.086289 -0.058506 0.025473
v 0.087422 -0.061050 0.012846
v 0.088256 -0.058837 0.008491
v 0.086774 -0.063242 0.006367
v 0.086643 -0.062184 0.018055
v 0.083942 -0.064430 0.028866
v 0.081539 -0.070101 0.029783
v 0.087823 -0.058193 0.017347
v 0.094390 -0.012146 -0.013939
v 0.094322 -0.007364 -0.011294
v 0.094558 -0.010310 -0.008501
v 0.089399 -0.048699 0.018727
v 0.089056 -0.052427 0.016816
v 0.090329 -0.047078 0.014420
v 0.088194 -0.059179 0.003576
v 0.088805 -0.056004 0.012429
v 0.090121 -0.011960 0.028568
v 0.091662 -0.013369 0.024118
v 0.088806 -0.037060 0.027046
v 0.086490 -0.037012 0.031895
v 0.086954 -0.040902 0.030399
v 0.088308 -0.027555 0.029562
v 0.088929 -0.032105 0.027649
v 0.089708 -0.028793 0.026457
v 0.089998 -0.050800 0.011731
v 0.090096 -0.044521 0.018236
v 0.089209 -0.055163 0.008708
v 0.090921 -0.046911 0.008056
v 0.092170 -0.031529 0.014965
v 0.091634 -0.030114 0.018964
v 0.091348 -0.034180 0.018128
v 0.090254 -0.050512 0.008081
v 0.081003 -0.070959 -0.033330
v 0.082926 -0.067705 -0.030914
v 0.084656 -0.063973 -0.033842
v 0.082735 -0.067909 -0.036006
v 0.089074 -0.045641 -0.034540
v 0.089539 -0.040947 -0.034640
v 0.090318 -0.044520 -0.030133
v 0.086138 -0.059900 -0.034433
v 0.081965 -0.066770 -0.045528
v 0.079771 -0.072235 -0.041802
v 0.084047 -0.065343 -0.022994
v 0.082947 -0.067546 -0.019096
v 0.082211 -0.068736 -0.022388
v 0.084442 -0.064575 -0.027537
v 0.087359 -0.054502 -0.035898
v 0.085951 -0.060957 -0.030224
v 0.082357 -0.068566 -0.025942
v 0.084228 -0.065660 -0.014219
v 0.082537 -0.068820 -0.013260
v 0.086690 -0.059497 -0.023755
v 0.075569 -0.077810 -0.030922
v 0.089196 -0.052665 -0.019370
v 0.090465 -0.048134 -0.017721
v 0.089979 -0.050692 -0.012658
v 0.078876 -0.074483 -0.012419
v 0.087548 -0.043194 -0.038004
v 0.092613 -0.024452 -0.029567
v 0.090847 -0.040028 -0.030416
v 0.091173 -0.042095 -0.026834
v 0.085621 -0.045973 -0.040995
v 0.090484 -0.046117 -0.026394
v 0.090952 0.020692 -0.020731
v 0.091157 0.017727 -0.024200
v 0.091358 0.013985 -0.027569
v 0.092136 0.023282 0.004577
v 0.092668 0.005132 -0.026367
v 0.092216 0.008981 -0.024485
v 0.092848 0.005178 -0.022655
v 0.093795 -0.002085 -0.025607
v 0.094011 -0.004584 -0.030022
v 0.091701 0.008749 -0.032540
v 0.092086 0.008094 -0.028604
v 0.092557 0.005112 -0.031017
v 0.094138 -0.008694 -0.027661
v 0.085652 0.047943 0.010214
v 0.086505 0.045537 0.006957
v 0.084797 0.050381 0.006975
v 0.081552 0.055375 -0.005964
v 0.076239 0.065990 0.031740
v 0.078032 0.063324 0.034669
v 0.082027 0.056112 0.021045
v 0.082642 0.055122 0.026408
v 0.083764 0.052634 0.020319
v 0.078546 0.062345 0.030446
v 0.080914 0.058825 0.031024
v 0.073856 -0.024854 0.046855
v 0.093182 0.004935 -0.019069
v 0.093317 0.001271 -0.023484
v 0.091931 -0.018981 0.021777
v 0.092727 -0.016531 0.019091
v 0.092807 -0.012872 0.019637
v 0.088286 -0.010581 0.033033
v 0.080714 -0.007255 0.044022
v 0.086573 -0.010276 0.036407
v 0.092242 -0.024334 0.018907
v 0.092464 -0.027284 0.015781
v 0.093052 -0.023349 0.013971
v 0.091868 -0.035600 0.014015
v 0.092549 -0.036702 0.007927
v 0.092819 -0.032526 0.010138
v 0.094494 -0.014341 -0.008911
v 0.094553 -0.017711 -0.005358
v 0.094486 -0.017423 -0.012352
v 0.090349 -0.016655 0.027170
v 0.085625 -0.013916 0.036584
v 0.088005 -0.015944 0.032085
v 0.088506 -0.023879 0.029621
v 0.088201 -0.020521 0.030808
v 0.086810 -0.025206 0.032507
v 0.094009 -0.009894 0.011481
v 0.093513 -0.011301 0.015604
v 0.093754 -0.014814 0.012162
v 0.094468 -0.005010 -0.007958
v 0.094611 -0.003370 -0.004145
v 0.094658 -0.008057 -0.005174
v 0.093799 0.002876 0.014448
v 0.086174 -0.017007 0.034967
v 0.092485 -0.020873 0.018959
v 0.092996 -0.018797 0.016207
v 0.094255 -0.005065 0.009722
v 0.093829 -0.007098 0.014342
v 0.094136 0.005207 0.002046
v 0.093888 0.008370 0.005958
v 0.094150 0.004612 0.005757
v 0.094037 0.003761 0.010761
v 0.093739 0.006600 0.014376
v 0.093861 -0.003063 0.014320
v 0.094155 -0.001224 0.010787
v 0.093848 0.007568 0.010791
v 0.093492 0.012929 0.007720
v 0.093942 0.006028 -0.007107
v 0.093553 0.009986 -0.005625
v 0.093334 0.009859 -0.011251
v 0.093254 0.007101 -0.016201
v 0.092693 0.012465 -0.015946
v 0.093714 0.010231 0.001416
v 0.092446 0.018574 -0.004987
v 0.092466 0.020480 0.002223
v 0.090376 0.032084 0.004290
v 0.090941 0.028734 0.000962
v 0.091324 0.027724 0.005424
v 0.077801 -0.006392 0.046567
v 0.080060 -0.011125 0.043851
v 0.074040 -0.009992 0.048998
v 0.076752 -0.020017 0.045123
v 0.074532 -0.005961 0.048440
v 0.075997 -0.026523 0.044679
v 0.085732 -0.020516 0.034918
v 0.071716 -0.021774 0.049177
v 0.091380 -0.023161 0.023009
v 0.084819 -0.024158 0.035628
v 0.086853 -0.030565 0.031909
v 0.090214 -0.020911 0.026484
v 0.087591 -0.033818 0.030567
v 0.090933 -0.042788 0.014319
v 0.089858 -0.025216 0.026584
v 0.090834 -0.029406 0.023115
v 0.090426 -0.034902 0.022347
v 0.091071 -0.038235 0.017242
v 0.084457 0.051776 0.025870
v 0.081133 0.058695 0.012723
v 0.091398 0.025420 -0.002305
v 0.090307 0.030185 -0.003919
v 0.084886 -0.063910 -0.019208
v 0.091419 -0.045035 -0.008366
v 0.091620 -0.044392 -0.002820
v 0.090898 -0.047923 -0.003429
v 0.080936 -0.071144 -0.015705
v 0.082147 -0.069878 -0.009748
v 0.086756 -0.060542 -0.010941
v 0.087050 -0.060395 -0.007325
v 0.089741 -0.053068 0.005540
v 0.087940 -0.059101 -0.001933
v 0.090843 -0.048162 0.002207
v 0.091611 -0.044327 0.000830
v 0.091806 -0.042788 0.004639
v 0.081251 -0.071686 -0.006908
v 0.082102 -0.070745 -0.003636
v 0.090911 -0.046768 -0.012967
v 0.091551 -0.043417 -0.016539
v 0.090000 -0.052063 0.001627
v 0.085848 -0.062274 -0.014164
v 0.086518 -0.060557 -0.017401
v 0.091835 -0.037130 -0.027071
v 0.091727 0.014097 -0.023935
v 0.093046 0.015060 -0.002611
v 0.093805 0.008668 -0.002045
v 0.091809 0.016378 -0.019253
v 0.092322 0.011654 -0.021232
v 0.094115 0.000377 -0.011108
v 0.093616 0.002278 -0.016620
v 0.093901 0.004171 -0.010899
v 0.094573 -0.002629 -0.000052
v 0.094436 -0.000315 0.003720
v 0.094572 -0.006485 0.004905
v 0.093253 -0.027319 0.010612
v 0.094679 -0.006669 0.000815
v 0.094538 -0.010852 0.004736
v 0.094450 -0.002999 0.006485
v 0.094264 0.001426 0.007791
v 0.094742 -0.010768 0.000397
v 0.094188 -0.007061 -0.017359
v 0.094130 -0.005429 -0.014255
v 0.094668 -0.013006 -0.004083
v 0.094194 -0.012771 0.008709
v 0.094468 -0.022061 -0.011887
v 0.094054 -0.004725 -0.020308
v 0.093980 -0.001894 -0.014117
v 0.094369 -0.000914 -0.007542
v 0.093249 -0.014974 0.015792
v 0.093759 -0.019518 0.010634
v 0.094420 -0.015163 0.005516
v 0.093483 -0.029114 0.006935
v 0.093707 -0.028277 0.002896
v 0.093770 -0.025071 0.007246
v 0.094590 -0.016132 0.000285
v 0.094375 -0.021667 -0.008172
v 0.094183 -0.025648 -0.010752
v 0.093402 -0.032926 -0.000215
v 0.093768 -0.029168 -0.002082
v 0.091459 -0.043079 0.010006
v 0.091764 -0.039213 0.011936
v 0.093645 -0.031600 -0.005461
v 0.092088 -0.040380 0.007446
v 0.092748 -0.037103 0.003216
v 0.093604 -0.023180 0.010355
v 0.094353 -0.021102 0.000275
v 0.094401 -0.018329 0.003419
v 0.093232 -0.032827 0.005181
v 0.092337 -0.040370 -0.000166
v 0.092967 -0.036651 -0.003925
v 0.093088 -0.035571 -0.009592
v 0.094377 -0.021786 -0.003869
v 0.094097 -0.025112 -0.001092
v 0.094127 -0.026460 -0.006065
v 0.089425 -0.054206 -0.001736
v 0.092134 -0.041178 -0.010648
v 0.092652 -0.038497 -0.007206
v 0.092104 -0.041755 -0.005323
v 0.093696 -0.030723 -0.011108
v 0.092643 -0.037584 -0.014283
v 0.094428 -0.020858 -0.015443
v 0.094470 -0.015520 -0.015638
v 0.094335 -0.015625 -0.019407
v 0.094329 -0.019415 -0.018959
v 0.094314 -0.011371 -0.018268
v 0.089966 -0.051729 -0.005222
v 0.088302 -0.057057 -0.006607
v 0.094015 -0.024747 0.002431
v 0.094197 -0.021971 0.004616
v 0.091266 -0.043233 -0.022846
v 0.092040 -0.039000 -0.023217
v 0.092203 -0.039710 -0.017497
v 0.091958 -0.032868 -0.028909
v 0.093109 -0.032839 -0.021111
v 0.094292 -0.009791 -0.021491
v 0.089244 -0.053713 -0.008691
v 0.090441 -0.049440 -0.008840
v 0.092673 -0.036562 -0.019714
v 0.092612 -0.033706 -0.025021
v 0.093323 -0.029430 -0.023194
v 0.094214 -0.006747 -0.023425
v 0.093708 -0.000988 -0.020162
v 0.088075 -0.057200 -0.010249
v 0.092333 -0.028243 -0.029318
v 0.088163 -0.056311 -0.016836
v 0.087982 -0.056398 -0.021085
v 0.088886 -0.054587 -0.012642
v 0.091114 0.021822 -0.016671
v 0.092796 0.013637 -0.012235
v 0.092250 0.020869 -0.001431
v 0.091528 0.021456 -0.012468
v 0.091012 0.024964 -0.010171
v 0.090420 0.028304 -0.008596
v 0.091467 0.023711 -0.006652
v 0.090759 0.024985 -0.013909
v 0.089234 0.036534 0.005585
v 0.087780 0.041277 0.004412
v 0.087878 0.041277 0.009490
v 0.087048 0.038708 -0.018126
v 0.083999 0.047519 -0.019440
v 0.086900 0.040761 -0.011782
v 0.084322 0.047309 -0.015399
v 0.085565 0.044536 -0.012640
v 0.082644 0.051549 -0.013975
v 0.085818 0.044664 -0.008581
v 0.090210 0.033078 0.009435
v 0.089130 0.037200 0.009798
v 0.082769 0.050726 -0.017725
v 0.083473 0.050479 -0.009375
v 0.085636 0.046625 -0.002387
v 0.084766 0.047952 -0.006321
v 0.082941 0.054931 0.007699
v 0.086218 0.045743 0.001371
v 0.085006 0.049379 0.002959
v 0.084158 0.050204 -0.002926
v 0.083438 0.053233 0.002858
v 0.083702 0.053253 0.012308
v 0.084240 0.051538 0.016197
v 0.087049 0.043991 0.012885
v 0.088621 0.039669 0.014913
v 0.090278 0.033749 0.021062
v 0.089432 0.036654 0.013267
v 0.089247 0.038288 0.020475
v 0.090201 0.033507 0.014664
v 0.091026 0.029462 0.008743
v 0.094266 -0.012491 -0.023812
v 0.094059 -0.017349 -0.023433
v 0.083105 0.051993 -0.006028
v 0.082638 0.054039 -0.001406
v 0.079738 0.060331 0.021461
v 0.080404 0.059836 0.017520
v 0.082417 0.055687 0.017142
v 0.081017 0.057934 0.024413
v 0.089146 -0.052271 -0.022977
v 0.090104 -0.048774 -0.023333
v 0.091058 -0.045145 -0.019742
v 0.040725 -0.090364 0.061474
v 0.044479 -0.093879 0.058868
v 0.040260 -0.091180 0.062048
v 0.043653 -0.094617 0.059043
v 0.048323 -0.098037 0.058192
v 0.047519 -0.098726 0.058563
v 0.042797 -0.095403 0.059266
v 0.048934 -0.100934 0.055005
v 0.047329 -0.097288 0.044362
v 0.048281 -0.100224 0.049260
v 0.049130 -0.101902 0.054523
v 0.047312 -0.100756 0.049187
v 0.045735 -0.094643 0.039468
v 0.046254 -0.097498 0.044514
v 0.045077 -0.095504 0.039247
v 0.046651 -0.099489 0.058828
v 0.039950 -0.091993 0.062827
v 0.041836 -0.096255 0.059503
v 0.047172 -0.103395 0.054458
v 0.048233 -0.102651 0.054554
v 0.045698 -0.100343 0.059054
v 0.039274 -0.092973 0.063331
v 0.041113 -0.097036 0.059727
v 0.046330 -0.104073 0.054365
v 0.045179 -0.100478 0.058147
v 0.046665 -0.099950 0.049734
v 0.045142 -0.097855 0.044537
v 0.044698 -0.096568 0.038942
v 0.045666 -0.100762 0.049634
v 0.044355 -0.098869 0.044371
v 0.045354 -0.097681 0.038878
v 0.044148 -0.099887 0.044071
v 0.046351 -0.095523 0.033557
v 0.045040 -0.101612 0.049412
v 0.046093 -0.093473 0.033791
v 0.046279 -0.092912 0.028010
v 0.046383 -0.092950 0.022189
v 0.045760 -0.094513 0.033631
v 0.046202 -0.094013 0.027941
v 0.047131 -0.094722 0.027964
v 0.046944 -0.093172 0.016390
v 0.048022 -0.094563 0.004885
v 0.047751 -0.093645 0.010647
v 0.046623 -0.094029 0.022206
v 0.047581 -0.094733 0.010729
v 0.048693 -0.095480 -0.000830
v 0.048492 -0.095545 0.005064
v 0.046917 -0.094273 0.016448
v 0.048987 -0.096534 -0.000633
v 0.046626 -0.096784 0.033414
v 0.047677 -0.094535 0.022261
v 0.047809 -0.095024 0.016542
v 0.047974 -0.095699 0.027985
v 0.045707 -0.097270 0.033101
v 0.048716 -0.095305 0.022329
v 0.049249 -0.096245 0.022333
v 0.047279 -0.096466 0.027669
v 0.047846 -0.095863 0.010869
v 0.049351 -0.097634 -0.000412
v 0.048253 -0.096682 0.005187
v 0.048897 -0.095721 0.016634
v 0.048711 -0.096811 0.011042
v 0.048603 -0.097902 0.005434
v 0.049600 -0.098152 -0.006254
v 0.049910 -0.096090 0.016674
v 0.049162 -0.095983 -0.006616
v 0.044774 -0.098544 0.038581
v 0.038693 -0.093794 0.063711
v 0.040539 -0.097789 0.060026
v 0.044845 -0.101176 0.058767
v 0.039856 -0.098791 0.060491
v 0.038125 -0.094539 0.064007
v 0.044149 -0.104610 0.054257
v 0.045426 -0.104481 0.054375
v 0.044179 -0.102178 0.059216
v 0.045390 -0.102472 0.049074
v 0.044223 -0.100822 0.043764
v 0.045626 -0.099047 0.038574
v 0.044484 -0.101988 0.043339
v 0.044256 -0.103018 0.048900
v 0.046607 -0.099837 0.038526
v 0.047466 -0.098179 0.033159
v 0.047055 -0.100767 0.038303
v 0.045016 -0.102895 0.043179
v 0.046218 -0.098115 0.033022
v 0.039368 -0.099627 0.060975
v 0.037491 -0.095462 0.064473
v 0.043594 -0.103044 0.059453
v 0.043077 -0.104718 0.054147
v 0.036194 -0.097710 0.065844
v 0.036959 -0.096239 0.064877
v 0.039332 -0.100908 0.062355
v 0.042597 -0.104649 0.059597
v 0.044053 -0.104034 0.048642
v 0.046521 -0.104087 0.043203
v 0.047762 -0.102501 0.037842
v 0.044330 -0.106118 0.054334
v 0.045309 -0.105472 0.048674
v 0.048226 -0.098899 0.033051
v 0.046843 -0.097327 0.027442
v 0.050644 -0.096745 0.016734
v 0.048654 -0.096989 0.022069
v 0.048079 -0.097420 0.027597
v 0.050855 -0.097964 0.016756
v 0.048846 -0.098220 0.022060
v 0.050647 -0.097333 0.011067
v 0.049790 -0.096851 0.011025
v 0.049132 -0.098802 0.005707
v 0.049762 -0.098846 -0.000121
v 0.050111 -0.099846 0.000162
v 0.049586 -0.099638 0.005968
v 0.050166 -0.100669 0.006307
v 0.050786 -0.101856 0.000894
v 0.051090 -0.101138 0.006312
v 0.050547 -0.102854 0.000900
v 0.050488 -0.100727 0.000459
v 0.051671 -0.098014 0.011132
v 0.049800 -0.099411 -0.006037
v 0.049087 -0.097151 0.027708
v 0.049831 -0.098527 0.022249
v 0.050782 -0.099003 0.016670
v 0.048807 -0.100678 0.032550
v 0.049775 -0.098912 0.027235
v 0.051067 -0.097019 0.022047
v 0.052445 -0.098693 0.011261
v 0.053004 -0.101643 0.006161
v 0.052719 -0.099018 0.017008
v 0.053802 -0.100114 0.011545
v 0.052429 -0.103504 0.000829
v 0.049202 -0.097071 -0.006446
v 0.049397 -0.095984 -0.012431
v 0.049315 -0.097085 -0.012305
v 0.049212 -0.096247 -0.018262
v 0.049069 -0.097339 -0.018173
v 0.049618 -0.098210 -0.012172
v 0.048811 -0.096420 -0.024167
v 0.048794 -0.096273 -0.030143
v 0.048940 -0.097508 -0.024116
v 0.048547 -0.096392 -0.036153
v 0.048339 -0.096686 -0.042179
v 0.048949 -0.097362 -0.030096
v 0.048779 -0.097464 -0.036088
v 0.049638 -0.098354 -0.018096
v 0.050320 -0.099441 -0.017993
v 0.049678 -0.098404 -0.024065
v 0.050423 -0.099207 -0.012006
v 0.050644 -0.100042 -0.005820
v 0.050630 -0.100250 -0.011869
v 0.050339 -0.100507 -0.017891
v 0.049381 -0.098443 -0.030050
v 0.049984 -0.099650 -0.023983
v 0.048861 -0.098622 -0.036018
v 0.049588 -0.100640 -0.023873
v 0.049281 -0.099722 -0.029943
v 0.048079 -0.098840 -0.041974
v 0.048262 -0.099747 -0.035846
v 0.046947 -0.099374 -0.041685
v 0.048506 -0.100444 -0.029781
v 0.048505 -0.097767 -0.042098
v 0.047240 -0.099972 -0.035612
v 0.050893 -0.100974 -0.005648
v 0.048185 -0.097012 -0.048223
v 0.047333 -0.097237 -0.054209
v 0.047714 -0.097993 -0.048079
v 0.046829 -0.098714 -0.047862
v 0.046403 -0.097755 -0.053951
v 0.046067 -0.096902 -0.060095
v 0.045304 -0.097903 -0.053607
v 0.042492 -0.094714 -0.071168
v 0.044396 -0.095583 -0.065643
v 0.045029 -0.096897 -0.059712
v 0.041532 -0.096730 -0.076604
v 0.041568 -0.095201 -0.070795
v 0.043373 -0.095601 -0.065231
v 0.040670 -0.097281 -0.076186
v 0.044316 -0.097225 -0.053139
v 0.044052 -0.096455 -0.059243
v 0.042882 -0.096157 -0.058781
v 0.045962 -0.099082 -0.041378
v 0.045696 -0.098274 -0.047437
v 0.043333 -0.096986 -0.052779
v 0.044739 -0.097932 -0.047093
v 0.041094 -0.095821 -0.064365
v 0.042290 -0.095590 -0.064795
v 0.040667 -0.095842 -0.070393
v 0.039564 -0.097370 -0.075828
v 0.039709 -0.096607 -0.069961
v 0.038683 -0.098216 -0.075411
v 0.038936 -0.097278 -0.069615
v 0.040225 -0.096372 -0.064045
v 0.041864 -0.096187 -0.058435
v 0.037814 -0.098735 -0.075050
v 0.050666 -0.101221 -0.011754
v 0.049855 -0.101347 -0.017769
v 0.048752 -0.101116 -0.023703
v 0.049730 -0.101943 -0.011573
v 0.048691 -0.101404 -0.017521
v 0.047645 -0.100803 -0.023411
v 0.050594 -0.102126 -0.005471
v 0.047555 -0.100483 -0.029554
v 0.046518 -0.100013 -0.029234
v 0.046382 -0.099589 -0.035338
v 0.046682 -0.101016 -0.023218
v 0.045336 -0.099161 -0.035011
v 0.044100 -0.098390 -0.040767
v 0.045226 -0.098513 -0.041073
v 0.044512 -0.099714 -0.034884
v 0.043455 -0.099145 -0.040680
v 0.045589 -0.100350 -0.029063
v 0.049736 -0.102646 -0.005316
v 0.048780 -0.102244 -0.011378
v 0.047737 -0.101689 -0.017330
v 0.051238 -0.103910 -0.005526
v 0.049861 -0.103897 -0.011622
v 0.047228 -0.102943 -0.023477
v 0.044952 -0.101693 -0.035118
v 0.046043 -0.102314 -0.029313
v 0.048511 -0.103522 -0.017592
v 0.043935 -0.101130 -0.040895
v 0.043926 -0.097488 -0.046774
v 0.042440 -0.096744 -0.052456
v 0.041571 -0.097485 -0.052232
v 0.040316 -0.097543 -0.057908
v 0.041072 -0.096703 -0.058166
v 0.039079 -0.098093 -0.063505
v 0.042835 -0.097810 -0.046510
v 0.039714 -0.097173 -0.063791
v 0.038311 -0.097980 -0.069311
v 0.037041 -0.099250 -0.074728
v 0.037898 -0.099011 -0.069013
v 0.036078 -0.099875 -0.074339
v 0.035475 -0.100426 -0.074070
v 0.037515 -0.099886 -0.068778
v 0.038619 -0.098937 -0.063280
v 0.042378 -0.098690 -0.046440
v 0.041190 -0.098395 -0.052131
v 0.039817 -0.098377 -0.057724
v 0.042961 -0.100662 -0.046641
v 0.042001 -0.100295 -0.052350
v 0.041230 -0.099883 -0.058037
v 0.038847 -0.101018 -0.063098
v 0.036588 -0.101715 -0.068268
v 0.035238 -0.100647 -0.073960
v 0.034284 -0.099556 -0.073015
v 0.043247 -0.095635 -0.071270
v 0.042400 -0.096255 -0.070888
v 0.045209 -0.096395 -0.065870
v 0.044336 -0.096953 -0.065486
v 0.041723 -0.097149 -0.070529
v 0.047080 -0.097427 -0.060281
v 0.049202 -0.096571 -0.048372
v 0.048450 -0.097125 -0.054390
v 0.046344 -0.098188 -0.060005
v 0.048166 -0.098171 -0.054222
v 0.049396 -0.096227 -0.042304
v 0.049169 -0.097661 -0.048261
v 0.049726 -0.097271 -0.042253
v 0.043294 -0.096855 -0.064968
v 0.041053 -0.098215 -0.070218
v 0.044204 -0.097920 -0.059005
v 0.045275 -0.098345 -0.059577
v 0.042545 -0.097860 -0.064645
v 0.040418 -0.099049 -0.069956
v 0.043451 -0.098647 -0.058764
v 0.042134 -0.098835 -0.064450
v 0.047173 -0.098682 -0.053899
v 0.048693 -0.098707 -0.048084
v 0.049623 -0.098423 -0.042160
v 0.046119 -0.099336 -0.053562
v 0.047779 -0.099577 -0.047841
v 0.049049 -0.099563 -0.042011
v 0.046836 -0.100015 -0.047578
v 0.050038 -0.096986 -0.036254
v 0.045175 -0.099026 -0.053156
v 0.049579 -0.095989 -0.036267
v 0.049872 -0.095929 -0.030267
v 0.049956 -0.096445 -0.024320
v 0.050525 -0.096813 -0.030301
v 0.050719 -0.097961 -0.030262
v 0.050201 -0.098138 -0.036207
v 0.050253 -0.096739 -0.018389
v 0.050267 -0.096260 -0.006631
v 0.050456 -0.096435 -0.012526
v 0.051024 -0.096699 -0.024363
v 0.051546 -0.096267 -0.012516
v 0.049813 -0.095265 -0.000849
v 0.051319 -0.095918 -0.006615
v 0.051332 -0.096520 -0.018423
v 0.050909 -0.095336 -0.000767
v 0.050603 -0.099241 -0.030188
v 0.051191 -0.097847 -0.024317
v 0.051590 -0.097654 -0.018373
v 0.051116 -0.099129 -0.024246
v 0.049867 -0.099377 -0.036105
v 0.049500 -0.100378 -0.036007
v 0.051134 -0.100198 -0.024189
v 0.050342 -0.100276 -0.030109
v 0.051784 -0.097402 -0.012436
v 0.051172 -0.096466 -0.000662
v 0.051769 -0.096990 -0.006511
v 0.051392 -0.098923 -0.018288
v 0.051499 -0.098653 -0.012337
v 0.051533 -0.098255 -0.006417
v 0.050473 -0.095863 0.005127
v 0.051587 -0.099975 -0.018227
v 0.049158 -0.094284 0.004888
v 0.048251 -0.100253 -0.041822
v 0.039769 -0.099743 -0.069699
v 0.041750 -0.099724 -0.064288
v 0.038884 -0.100614 -0.069354
v 0.042784 -0.100696 -0.058496
v 0.042883 -0.099430 -0.058596
v 0.040754 -0.100437 -0.063914
v 0.044271 -0.099309 -0.052908
v 0.045910 -0.099880 -0.047288
v 0.047363 -0.100605 -0.041610
v 0.044803 -0.100416 -0.047015
v 0.043875 -0.100504 -0.052783
v 0.046150 -0.100671 -0.041303
v 0.047482 -0.101133 -0.035571
v 0.044524 -0.101433 -0.046964
v 0.045627 -0.101578 -0.041225
v 0.038088 -0.101253 -0.069018
v 0.040403 -0.101438 -0.063777
v 0.042037 -0.101426 -0.058273
v 0.043338 -0.101408 -0.052652
v 0.049825 -0.101099 -0.030002
v 0.051419 -0.100936 -0.018151
v 0.050735 -0.101087 -0.024100
v 0.048728 -0.101637 -0.029793
v 0.048671 -0.100871 -0.035834
v 0.050896 -0.102038 -0.018026
v 0.049833 -0.101910 -0.023934
v 0.051821 -0.100668 -0.012172
v 0.051716 -0.099698 -0.012255
v 0.051681 -0.099314 -0.006313
v 0.051063 -0.097747 -0.000575
v 0.051814 -0.101883 -0.012062
v 0.052146 -0.101446 -0.006038
v 0.051928 -0.100257 -0.006199
v 0.051617 -0.099681 -0.000320
v 0.052097 -0.100779 -0.000093
v 0.052263 -0.102454 -0.005889
v 0.052364 -0.101742 0.000165
v 0.047794 -0.102064 -0.029626
v 0.048897 -0.102325 -0.023765
v 0.046706 -0.101821 -0.035445
v 0.050030 -0.102573 -0.017861
v 0.051147 -0.102646 -0.011900
v 0.051184 -0.098811 -0.000468
v 0.050151 -0.094746 0.005016
v 0.048758 -0.093136 0.010615
v 0.049307 -0.094088 0.010728
v 0.048652 -0.093739 0.016456
v 0.048037 -0.092824 0.016394
v 0.049358 -0.095254 0.010805
v 0.047524 -0.092791 0.022200
v 0.047425 -0.093006 0.028001
v 0.048324 -0.093553 0.022217
v 0.046810 -0.095123 0.039298
v 0.047206 -0.093731 0.033743
v 0.047329 -0.094820 0.033565
v 0.048102 -0.093874 0.027958
v 0.046465 -0.096147 0.039076
v 0.050213 -0.097128 0.005168
v 0.050594 -0.095119 0.016552
v 0.049389 -0.094646 0.016531
v 0.049267 -0.094242 0.022242
v 0.050475 -0.095902 0.010840
v 0.051048 -0.097801 0.005259
v 0.051405 -0.096440 0.010879
v 0.051580 -0.095553 0.016582
v 0.048891 -0.094737 0.027936
v 0.047698 -0.095920 0.033404
v 0.050462 -0.094734 0.022279
v 0.049390 -0.095919 0.027782
v 0.048383 -0.097015 0.033306
v 0.046478 -0.097290 0.038828
v 0.050284 -0.096518 0.027832
v 0.051365 -0.095319 0.022326
v 0.049080 -0.097837 0.033276
v 0.048495 -0.097042 0.044448
v 0.048430 -0.098099 0.044133
v 0.049314 -0.099776 0.049486
v 0.047452 -0.098712 0.044321
v 0.050285 -0.100236 0.049242
v 0.050112 -0.100897 0.055074
v 0.049467 -0.101072 0.049250
v 0.051102 -0.101288 0.054975
v 0.048957 -0.097905 0.059073
v 0.044782 -0.094264 0.059975
v 0.048568 -0.098800 0.059589
v 0.044221 -0.095096 0.060439
v 0.050313 -0.102151 0.054947
v 0.046569 -0.099656 0.044279
v 0.049466 -0.103124 0.054944
v 0.048412 -0.101809 0.049349
v 0.047698 -0.099253 0.038653
v 0.046935 -0.098487 0.038649
v 0.047410 -0.102142 0.049553
v 0.046422 -0.100705 0.044064
v 0.047863 -0.099719 0.059631
v 0.043968 -0.095810 0.061328
v 0.047031 -0.100692 0.059697
v 0.043234 -0.096807 0.061698
v 0.042637 -0.097627 0.062057
v 0.046234 -0.101397 0.059610
v 0.048678 -0.103858 0.054937
v 0.051729 -0.098503 0.005367
v 0.052216 -0.096989 0.010934
v 0.052506 -0.095889 0.016610
v 0.053336 -0.097430 0.010938
v 0.053580 -0.096421 0.016657
v 0.053179 -0.096507 0.022443
v 0.052687 -0.099235 0.005469
v 0.052224 -0.095794 0.022381
v 0.050890 -0.097291 0.027781
v 0.049439 -0.098743 0.033139
v 0.052031 -0.097511 0.028026
v 0.050563 -0.099023 0.033375
v 0.049092 -0.100713 0.038641
v 0.050510 -0.099986 0.033090
v 0.052892 -0.097473 0.022319
v 0.051518 -0.098331 0.027741
v 0.053439 -0.099923 0.005575
v 0.053842 -0.098299 0.011099
v 0.053700 -0.097432 0.016730
v 0.049381 -0.101648 0.038432
v 0.046850 -0.101584 0.043936
v 0.047921 -0.104485 0.054922
v 0.046607 -0.102713 0.049571
v 0.047615 -0.102474 0.043867
v 0.048061 -0.100157 0.038515
v 0.046994 -0.105177 0.054916
v 0.046769 -0.103840 0.049334
v 0.045566 -0.102109 0.059662
v 0.042064 -0.098382 0.062317
v 0.041443 -0.099272 0.062686
v 0.044927 -0.103025 0.059925
v 0.040950 -0.100032 0.063059
v 0.048188 -0.103295 0.043772
v 0.047053 -0.104783 0.049181
v 0.046175 -0.105722 0.054825
v 0.044289 -0.103763 0.060047
v 0.043856 0.102464 -0.067778
v 0.042858 0.104791 -0.072933
v 0.043712 0.106118 -0.072350
v 0.042975 0.103714 -0.067207
v 0.045653 0.101222 -0.062546
v 0.044481 0.100185 -0.062998
v 0.044680 0.101984 -0.068164
v 0.042827 0.103829 -0.073306
v 0.045931 0.100282 -0.062869
v 0.043144 0.102869 -0.073700
v 0.045201 0.099445 -0.057182
v 0.043612 0.099731 -0.057396
v 0.043561 0.099190 -0.051747
v 0.044157 0.097680 -0.051890
v 0.044369 0.098722 -0.046149
v 0.045195 0.098418 -0.040527
v 0.046337 0.097276 -0.040733
v 0.045595 0.097675 -0.046381
v 0.045516 0.098505 -0.057453
v 0.044720 0.096833 -0.052049
v 0.046022 0.096745 -0.046490
v 0.046549 0.096272 -0.040813
v 0.045938 0.098182 -0.034864
v 0.046008 0.099248 -0.063212
v 0.044198 0.101025 -0.068345
v 0.043801 0.101932 -0.074049
v 0.046248 0.096548 -0.058023
v 0.045509 0.097469 -0.057788
v 0.045797 0.098106 -0.063526
v 0.044200 0.099883 -0.068731
v 0.044548 0.101294 -0.074231
v 0.045934 0.095623 -0.058246
v 0.045650 0.097153 -0.063797
v 0.045505 0.096100 -0.052226
v 0.046366 0.095716 -0.046579
v 0.046344 0.095204 -0.040866
v 0.046351 0.095265 -0.052421
v 0.046044 0.094564 -0.046709
v 0.045892 0.094089 -0.040947
v 0.045503 0.093729 -0.046821
v 0.046581 0.095124 -0.035081
v 0.045732 0.094492 -0.052571
v 0.047178 0.097148 -0.035051
v 0.046667 0.098183 -0.029151
v 0.046936 0.096151 -0.035061
v 0.047896 0.097136 -0.029279
v 0.048481 0.097392 -0.023421
v 0.047656 0.096140 -0.029260
v 0.047202 0.095155 -0.029235
v 0.047919 0.096539 -0.023363
v 0.048902 0.097756 -0.017481
v 0.047344 0.095622 -0.023315
v 0.047172 0.098342 -0.023344
v 0.047668 0.098799 -0.017454
v 0.048197 0.099440 -0.011458
v 0.048924 0.100109 -0.005297
v 0.049298 0.098261 -0.011466
v 0.048296 0.096938 -0.017414
v 0.048895 0.097323 -0.011415
v 0.049694 0.098701 -0.005327
v 0.049751 0.100728 0.001242
v 0.049890 0.099064 0.000903
v 0.049393 0.097720 -0.005331
v 0.049708 0.098026 0.000782
v 0.047857 0.095950 -0.017365
v 0.046135 0.094009 -0.035123
v 0.046838 0.094538 -0.023290
v 0.046241 0.094438 -0.029229
v 0.045614 0.093155 -0.035155
v 0.046738 0.093545 -0.023308
v 0.045951 0.093484 -0.029236
v 0.047677 0.094767 -0.017357
v 0.048584 0.096286 -0.011386
v 0.049155 0.096660 -0.005348
v 0.049488 0.096932 0.000704
v 0.048423 0.095097 -0.011385
v 0.048378 0.094099 -0.011399
v 0.048966 0.095470 -0.005371
v 0.049259 0.095722 0.000637
v 0.048856 0.094474 -0.005392
v 0.049418 0.096461 0.006626
v 0.047637 0.093769 -0.017374
v 0.050355 0.098311 0.006763
v 0.045455 0.093188 -0.041021
v 0.044467 0.098984 -0.069095
v 0.044777 0.098188 -0.069437
v 0.045605 0.096280 -0.064070
v 0.045067 0.097120 -0.069906
v 0.044472 0.100478 -0.074633
v 0.045250 0.093824 -0.058694
v 0.045315 0.094974 -0.058423
v 0.045476 0.095148 -0.064419
v 0.045120 0.093829 -0.052711
v 0.045090 0.092923 -0.046932
v 0.045084 0.092351 -0.041097
v 0.044683 0.091833 -0.047088
v 0.044977 0.092680 -0.052927
v 0.044672 0.091255 -0.041206
v 0.045064 0.091156 -0.035271
v 0.044769 0.091737 -0.053114
v 0.044251 0.090962 -0.047219
v 0.044365 0.090323 -0.041303
v 0.045318 0.092291 -0.035199
v 0.044262 0.099499 -0.075129
v 0.045173 0.096219 -0.070323
v 0.045426 0.094203 -0.064722
v 0.044120 0.098677 -0.075571
v 0.044977 0.092904 -0.058921
v 0.045769 0.092594 -0.029261
v 0.047688 0.092860 -0.017405
v 0.046750 0.092635 -0.023345
v 0.045631 0.091453 -0.029309
v 0.047833 0.091726 -0.017457
v 0.046914 0.091500 -0.023421
v 0.048373 0.093186 -0.011417
v 0.048752 0.093563 -0.005409
v 0.049071 0.094718 0.000595
v 0.049231 0.095276 0.006568
v 0.048893 0.093805 0.000571
v 0.048387 0.092045 -0.011441
v 0.048618 0.092433 -0.005425
v 0.048652 0.092682 0.000550
v 0.048016 0.090782 -0.017511
v 0.048396 0.091084 -0.011457
v 0.048478 0.091484 -0.005429
v 0.048404 0.091749 0.000539
v 0.044953 0.090187 -0.035346
v 0.045672 0.090494 -0.029379
v 0.047252 0.090600 -0.023529
v 0.049499 0.099670 0.006993
v 0.050575 0.097775 0.012641
v 0.049347 0.098821 0.012782
v 0.050646 0.097346 0.018515
v 0.049735 0.097494 0.006698
v 0.049764 0.097151 0.012597
v 0.049289 0.096179 0.012536
v 0.049258 0.098181 0.018590
v 0.049169 0.097775 0.024410
v 0.048997 0.097435 0.030220
v 0.050625 0.097056 0.024378
v 0.050367 0.096745 0.036046
v 0.048808 0.097197 0.036019
v 0.050195 0.096715 0.041853
v 0.050515 0.096861 0.030223
v 0.049786 0.096791 0.018477
v 0.049843 0.096395 0.024338
v 0.049904 0.096039 0.030184
v 0.049902 0.095831 0.036022
v 0.049128 0.095931 0.018423
v 0.049076 0.094736 0.018365
v 0.049060 0.095647 0.024297
v 0.049213 0.094984 0.012479
v 0.049165 0.094279 0.006529
v 0.049204 0.093986 0.012441
v 0.049216 0.093748 0.018327
v 0.049041 0.095382 0.030158
v 0.048851 0.094467 0.024240
v 0.049017 0.095204 0.036008
v 0.049132 0.093509 0.024212
v 0.048664 0.094244 0.030117
v 0.048991 0.095129 0.041850
v 0.048539 0.094104 0.035987
v 0.048497 0.094036 0.041850
v 0.048963 0.093291 0.030103
v 0.049891 0.095734 0.041848
v 0.048615 0.093107 0.035980
v 0.048584 0.096904 0.041794
v 0.049050 0.093373 0.006501
v 0.049934 0.096772 0.047636
v 0.049913 0.095746 0.047664
v 0.048315 0.096668 0.047545
v 0.049520 0.096990 0.053381
v 0.048247 0.095986 0.053246
v 0.049027 0.095118 0.047683
v 0.049739 0.095990 0.053460
v 0.048564 0.097336 0.059014
v 0.049206 0.095043 0.053493
v 0.047723 0.095944 0.058950
v 0.045635 0.097432 0.064040
v 0.047103 0.097975 0.064488
v 0.043715 0.098974 0.069160
v 0.041657 0.100373 0.074278
v 0.042601 0.099100 0.074843
v 0.045160 0.098602 0.069815
v 0.047569 0.097091 0.064732
v 0.042898 0.098155 0.075101
v 0.045582 0.097701 0.070078
v 0.049140 0.096505 0.059206
v 0.048347 0.094205 0.053536
v 0.048907 0.095445 0.059265
v 0.048527 0.094307 0.059343
v 0.048193 0.093106 0.047731
v 0.048433 0.094076 0.047704
v 0.047891 0.093536 0.059400
v 0.048008 0.093265 0.053577
v 0.047815 0.094889 0.065055
v 0.047455 0.096013 0.064817
v 0.045827 0.096659 0.070276
v 0.043371 0.097223 0.075391
v 0.046102 0.095509 0.070509
v 0.043749 0.096128 0.075690
v 0.044031 0.095206 0.075935
v 0.046355 0.094561 0.070720
v 0.047872 0.093899 0.065195
v 0.048305 0.093055 0.041856
v 0.048892 0.092257 0.006477
v 0.049204 0.093075 0.012410
v 0.049256 0.092838 0.018293
v 0.049074 0.091964 0.012394
v 0.049641 0.091796 0.018262
v 0.050243 0.091940 0.024160
v 0.048723 0.091085 0.012404
v 0.049297 0.090920 0.018288
v 0.049384 0.092635 0.024186
v 0.049423 0.092504 0.030104
v 0.049151 0.092371 0.036008
v 0.050498 0.092270 0.030132
v 0.050162 0.091955 0.036084
v 0.050215 0.091301 0.042072
v 0.050544 0.091104 0.036107
v 0.050110 0.091012 0.024199
v 0.049598 0.091986 0.042011
v 0.049958 0.091511 0.030175
v 0.048807 0.091309 0.006465
v 0.048534 0.092173 0.041876
v 0.048154 0.092196 0.047767
v 0.047774 0.092383 0.053623
v 0.048708 0.091267 0.047851
v 0.048512 0.091601 0.053727
v 0.047667 0.092653 0.059466
v 0.047833 0.091596 0.059560
v 0.047706 0.093005 0.065285
v 0.046594 0.093698 0.070918
v 0.044238 0.094348 0.076153
v 0.047423 0.091978 0.065407
v 0.046934 0.092711 0.071157
v 0.044971 0.093582 0.076501
v 0.047137 0.091841 0.071364
v 0.045308 0.092910 0.076752
v 0.048594 0.091096 0.059669
v 0.048137 0.091431 0.065570
v 0.049604 0.091130 0.048033
v 0.048411 0.090689 0.053810
v 0.045329 0.092611 0.076846
v 0.042907 0.097434 0.069327
v 0.045160 0.095785 0.064366
v 0.042884 0.096461 0.069641
v 0.044178 0.095556 0.064187
v 0.043325 0.095513 0.069917
v 0.046508 0.095951 0.053132
v 0.047398 0.095634 0.041706
v 0.046862 0.095716 0.047434
v 0.046222 0.095413 0.058884
v 0.046052 0.096418 0.058783
v 0.046231 0.094968 0.053180
v 0.047118 0.094730 0.047501
v 0.047470 0.094617 0.041736
v 0.044732 0.094667 0.064458
v 0.046598 0.093181 0.059153
v 0.046408 0.094354 0.059010
v 0.045482 0.093788 0.064761
v 0.043862 0.094484 0.070209
v 0.046388 0.092213 0.059237
v 0.045640 0.092819 0.064926
v 0.046564 0.093946 0.053288
v 0.047130 0.093653 0.047556
v 0.047052 0.093621 0.041749
v 0.046658 0.092761 0.053404
v 0.046197 0.092914 0.047634
v 0.046032 0.093007 0.041806
v 0.046066 0.091929 0.047649
v 0.047538 0.094757 0.035928
v 0.045944 0.092072 0.053463
v 0.047938 0.095693 0.035947
v 0.048029 0.095993 0.030143
v 0.047098 0.095579 0.030164
v 0.047811 0.096696 0.024349
v 0.046988 0.096098 0.024323
v 0.046391 0.094767 0.030120
v 0.046510 0.094439 0.035983
v 0.047785 0.098067 0.012678
v 0.048165 0.098557 0.006796
v 0.047153 0.096620 0.018464
v 0.047666 0.097494 0.018541
v 0.047616 0.097067 0.012603
v 0.048843 0.099147 0.000963
v 0.048164 0.097541 0.006733
v 0.048552 0.098122 0.000853
v 0.046782 0.095043 0.024257
v 0.046384 0.093256 0.035960
v 0.047611 0.094191 0.024310
v 0.047527 0.095611 0.018444
v 0.047071 0.093790 0.030152
v 0.047151 0.092628 0.036019
v 0.047976 0.093269 0.024309
v 0.047722 0.093042 0.030187
v 0.047947 0.096044 0.012575
v 0.048150 0.096467 0.006675
v 0.048278 0.097032 0.000769
v 0.047920 0.094488 0.018433
v 0.048031 0.094858 0.012536
v 0.048042 0.095282 0.006621
v 0.048025 0.093869 0.012505
v 0.047929 0.097608 -0.005220
v 0.048056 0.093506 0.018414
v 0.048067 0.098614 -0.005210
v 0.046496 0.092129 0.041824
v 0.044293 0.093617 0.070451
v 0.045815 0.091940 0.065091
v 0.045098 0.091746 0.070977
v 0.044655 0.092811 0.070675
v 0.045937 0.090775 0.065270
v 0.045920 0.091438 0.059327
v 0.046418 0.090379 0.059456
v 0.046279 0.091232 0.053532
v 0.046722 0.091307 0.047720
v 0.047302 0.091725 0.041916
v 0.047042 0.090351 0.053644
v 0.047644 0.090601 0.047833
v 0.048152 0.090940 0.042000
v 0.048063 0.089975 0.042009
v 0.048022 0.089703 0.047871
v 0.047630 0.089572 0.053734
v 0.047031 0.089623 0.059583
v 0.045390 0.090835 0.071240
v 0.046212 0.089839 0.065432
v 0.048203 0.092275 0.030206
v 0.048168 0.092384 0.024308
v 0.048232 0.091128 0.030216
v 0.047888 0.092106 0.036084
v 0.047818 0.091298 0.024326
v 0.047470 0.091554 0.018410
v 0.047870 0.092620 0.018407
v 0.048391 0.091069 0.036109
v 0.047657 0.093042 0.012494
v 0.047777 0.094326 0.006589
v 0.047958 0.095836 0.000712
v 0.047494 0.093464 0.006566
v 0.047286 0.091976 0.012479
v 0.047178 0.092381 0.006544
v 0.047080 0.091862 0.000600
v 0.046913 0.091469 0.006526
v 0.046972 0.091078 0.012467
v 0.047102 0.090671 0.018417
v 0.047700 0.094844 0.000678
v 0.047956 0.090202 0.036131
v 0.047755 0.090292 0.030260
v 0.047296 0.090494 0.024369
v 0.047245 0.092813 0.000621
v 0.047295 0.097979 -0.011295
v 0.046571 0.097470 -0.017291
v 0.047187 0.096973 -0.011267
v 0.046452 0.096462 -0.017257
v 0.046875 0.095947 -0.011233
v 0.046029 0.097043 -0.023220
v 0.047844 0.096535 -0.005248
v 0.045744 0.096710 -0.029090
v 0.045110 0.096680 -0.040623
v 0.045796 0.096448 -0.034905
v 0.045843 0.096045 -0.023193
v 0.045294 0.095799 -0.029072
v 0.045459 0.095484 -0.034914
v 0.046278 0.095401 -0.017234
v 0.047496 0.095394 -0.005272
v 0.047211 0.094808 -0.011307
v 0.046009 0.094242 -0.017217
v 0.047157 0.094459 -0.005284
v 0.046923 0.093860 -0.011297
v 0.046295 0.093296 -0.017288
v 0.045647 0.094987 -0.023179
v 0.045101 0.094739 -0.029080
v 0.044757 0.094665 -0.034944
v 0.045378 0.093827 -0.023176
v 0.044777 0.093591 -0.029097
v 0.044487 0.093505 -0.035000
v 0.044548 0.094860 -0.040773
v 0.044592 0.092616 -0.029126
v 0.045234 0.092846 -0.023193
v 0.045251 0.095674 -0.040710
v 0.044177 0.092563 -0.035049
v 0.043968 0.097029 -0.046232
v 0.042878 0.097591 -0.051844
v 0.044576 0.096230 -0.046419
v 0.044706 0.095168 -0.046571
v 0.042911 0.096574 -0.051922
v 0.043400 0.098007 -0.057542
v 0.043644 0.095832 -0.052206
v 0.041877 0.102515 -0.067838
v 0.042387 0.097899 -0.057469
v 0.042801 0.099715 -0.062956
v 0.041804 0.099495 -0.062906
v 0.041908 0.101564 -0.068214
v 0.042199 0.098548 -0.063248
v 0.042640 0.096892 -0.057772
v 0.044017 0.094202 -0.046697
v 0.043404 0.096032 -0.058096
v 0.044219 0.094824 -0.052488
v 0.043628 0.093295 -0.046816
v 0.044173 0.093733 -0.040866
v 0.043630 0.095105 -0.058375
v 0.043606 0.094057 -0.052633
v 0.042091 0.100571 -0.068604
v 0.042472 0.099514 -0.069015
v 0.042811 0.098642 -0.069353
v 0.042817 0.097594 -0.063611
v 0.043160 0.096716 -0.063930
v 0.043874 0.092791 -0.040951
v 0.046943 0.093578 -0.005302
v 0.047483 0.093937 0.000652
v 0.046355 0.093155 -0.011298
v 0.046300 0.092390 -0.017307
v 0.046182 0.092059 -0.011309
v 0.045555 0.091574 -0.017311
v 0.045368 0.090847 -0.023295
v 0.046587 0.092518 -0.005306
v 0.045318 0.091945 -0.023239
v 0.044482 0.091717 -0.029162
v 0.043974 0.091680 -0.035101
v 0.044498 0.090624 -0.029229
v 0.043813 0.090604 -0.035174
v 0.043313 0.090893 -0.041135
v 0.043786 0.089681 -0.035246
v 0.044923 0.090026 -0.023300
v 0.044550 0.089698 -0.029292
v 0.046356 0.091603 -0.005308
v 0.045753 0.091224 -0.011302
v 0.045424 0.090648 -0.017318
v 0.043167 0.089989 -0.041236
v 0.043328 0.092447 -0.046932
v 0.043299 0.094285 -0.058578
v 0.043188 0.093266 -0.052782
v 0.042999 0.091430 -0.047075
v 0.043658 0.091915 -0.041036
v 0.042768 0.093389 -0.058816
v 0.042801 0.092285 -0.052972
v 0.042922 0.094870 -0.064555
v 0.043139 0.095854 -0.064216
v 0.043052 0.097829 -0.069681
v 0.043099 0.096857 -0.070099
v 0.042549 0.094092 -0.064836
v 0.042412 0.092580 -0.059030
v 0.043012 0.096036 -0.070477
v 0.042721 0.090565 -0.047200
v 0.042485 0.091444 -0.053137
vt 0.001500 0.029200
vt 0.020500 0.029200
vt 0.011000 0.039600
vt 0.001500 0.050000
vt 0.087100 0.036400
vt 0.106100 0.047400
vt 0.087100 0.049100
vt 0.024100 0.081100
vt 0.010800 0.081100
vt 0.019600 0.059600
vt 0.008100 0.060400
vt 0.096600 0.029200
vt 0.077600 0.029200
vt 0.541700 0.382300
vt 0.552800 0.403200
vt 0.535800 0.392800
vt 0.017900 0.101900
vt 0.029200 0.111500
vt 0.019200 0.122700
vt 0.248600 0.818700
vt 0.258100 0.804700
vt 0.267700 0.818700
vt 0.018500 0.164200
vt 0.001500 0.153900
vt 0.015300 0.148500
vt 0.001500 0.133100
vt 0.001500 0.112300
vt 0.007800 0.122700
vt 0.416600 0.224200
vt 0.407400 0.234300
vt 0.397300 0.218700
vt 0.001500 0.091500
vt 0.001500 0.070700
vt 0.296200 0.041700
vt 0.315600 0.049800
vt 0.296200 0.058000
vt 0.172800 0.710200
vt 0.186100 0.721800
vt 0.164700 0.721300
vt 0.001500 0.174600
vt 0.156400 0.759200
vt 0.168800 0.754000
vt 0.165700 0.768600
vt 0.018500 0.205800
vt 0.023400 0.226600
vt 0.010400 0.226600
vt 0.001500 0.195400
vt 0.015000 0.190600
vt 0.016200 0.704500
vt 0.025000 0.721100
vt 0.011700 0.725200
vt 0.025000 0.754800
vt 0.033800 0.746000
vt 0.042900 0.766800
vt 0.001500 0.237000
vt 0.018500 0.247400
vt 0.001500 0.818700
vt 0.001500 0.798000
vt 0.011000 0.808300
vt 0.013400 0.268100
vt 0.001500 0.278500
vt 0.001500 0.257700
vt 0.001500 0.216200
vt 0.015600 0.792800
vt 0.008600 0.766800
vt 0.001500 0.777200
vt 0.001500 0.756400
vt 0.013800 0.135000
vt 0.029200 0.129900
vt 0.029200 0.143100
vt 0.016800 0.642100
vt 0.034800 0.642100
vt 0.025800 0.650100
vt 0.058500 0.029200
vt 0.056000 0.042700
vt 0.042300 0.042600
vt 0.055100 0.612200
vt 0.061600 0.596400
vt 0.068500 0.609300
vt 0.237500 0.795900
vt 0.239100 0.809600
vt 0.220100 0.801700
vt 0.372200 0.728700
vt 0.356400 0.733700
vt 0.361600 0.721100
vt 0.078800 0.060300
vt 0.068000 0.046300
vt 0.112000 0.062300
vt 0.126300 0.049900
vt 0.125100 0.069800
vt 0.193200 0.057500
vt 0.182100 0.040200
vt 0.201100 0.048600
vt 0.172600 0.029200
vt 0.191600 0.029200
vt 0.009100 0.309700
vt 0.017100 0.288900
vt 0.021100 0.308500
vt 0.044600 0.375400
vt 0.057100 0.368000
vt 0.062500 0.383500
vt 0.139400 0.076300
vt 0.153300 0.083700
vt 0.141600 0.090900
vt 0.133700 0.060400
vt 0.144100 0.053600
vt 0.033200 0.360000
vt 0.026700 0.373400
vt 0.201100 0.036000
vt 0.220100 0.047400
vt 0.049000 0.797600
vt 0.026700 0.803700
vt 0.029700 0.787600
vt 0.021100 0.352400
vt 0.009100 0.351200
vt 0.013500 0.330500
vt 0.227100 0.059500
vt 0.211200 0.059500
vt 0.014100 0.778900
vt 0.196700 0.069400
vt 0.183800 0.069400
vt 0.067100 0.087000
vt 0.075300 0.076500
vt 0.085200 0.095100
vt 0.276700 0.049800
vt 0.277200 0.036800
vt 0.097400 0.060300
vt 0.115600 0.029200
vt 0.001500 0.340900
vt 0.001500 0.320100
vt 0.144100 0.039100
vt 0.134600 0.029200
vt 0.153600 0.029200
vt 0.266100 0.059700
vt 0.253600 0.066400
vt 0.258100 0.047000
vt 0.124600 0.335800
vt 0.119300 0.316200
vt 0.134900 0.330800
vt 0.001500 0.361600
vt 0.047400 0.559600
vt 0.058800 0.547000
vt 0.061200 0.560100
vt 0.030000 0.044800
vt 0.034900 0.060900
vt 0.042900 0.625500
vt 0.025800 0.624500
vt 0.545300 0.268100
vt 0.540900 0.288900
vt 0.533200 0.268100
vt 0.046100 0.434400
vt 0.034400 0.443200
vt 0.034400 0.425600
vt 0.521800 0.149900
vt 0.534900 0.143500
vt 0.527700 0.164200
vt 0.010100 0.434400
vt 0.001500 0.444700
vt 0.001500 0.424000
vt 0.013900 0.406200
vt 0.001500 0.403200
vt 0.017500 0.392800
vt 0.182100 0.138800
vt 0.190300 0.122500
vt 0.197500 0.137500
vt 0.552800 0.112300
vt 0.552800 0.133100
vt 0.542000 0.122700
vt 0.017400 0.475900
vt 0.001500 0.486300
vt 0.001500 0.465500
vt 0.552800 0.050000
vt 0.552800 0.070700
vt 0.538800 0.060400
vt 0.049900 0.640400
vt 0.013800 0.489100
vt 0.026700 0.483800
vt 0.026700 0.496700
vt 0.462100 0.093400
vt 0.448300 0.078100
vt 0.464000 0.074000
vt 0.088100 0.637400
vt 0.079500 0.657000
vt 0.076200 0.643200
vt 0.400700 0.029200
vt 0.391200 0.036000
vt 0.381700 0.029200
vt 0.329100 0.780800
vt 0.334200 0.797000
vt 0.315200 0.788600
vt 0.016300 0.538200
vt 0.024600 0.555300
vt 0.011400 0.559000
vt 0.467300 0.790900
vt 0.467300 0.806800
vt 0.448300 0.798900
vt 0.016000 0.579800
vt 0.014400 0.594600
vt 0.001500 0.590200
vt 0.001500 0.569400
vt 0.419400 0.576800
vt 0.407400 0.581500
vt 0.402800 0.568500
vt 0.476800 0.818700
vt 0.457800 0.818700
vt 0.038500 0.728300
vt 0.036300 0.714400
vt 0.053000 0.716100
vt 0.533800 0.818700
vt 0.514800 0.818700
vt 0.524300 0.803100
vt 0.001500 0.673300
vt 0.016800 0.683700
vt 0.001500 0.694100
vt 0.001500 0.735600
vt 0.016300 0.746000
vt 0.552800 0.818700
vt 0.543300 0.808300
vt 0.001500 0.652500
vt 0.011800 0.662900
vt 0.494700 0.719000
vt 0.508600 0.704500
vt 0.512800 0.721500
vt 0.072400 0.681000
vt 0.053800 0.681100
vt 0.063800 0.662900
vt 0.552800 0.652500
vt 0.546800 0.642100
vt 0.552800 0.631700
vt 0.001500 0.507100
vt 0.017400 0.517500
vt 0.001500 0.527800
vt 0.552800 0.029200
vt 0.543300 0.039600
vt 0.028300 0.185000
vt 0.013800 0.177000
vt 0.028300 0.171900
vt 0.036300 0.097100
vt 0.020500 0.818700
vt 0.045900 0.067600
vt 0.036300 0.083400
vt 0.049000 0.810800
vt 0.068000 0.802500
vt 0.077600 0.818700
vt 0.058500 0.818700
vt 0.048500 0.081100
vt 0.050400 0.096600
vt 0.077600 0.792800
vt 0.087100 0.807600
vt 0.103500 0.453500
vt 0.121000 0.442100
vt 0.118500 0.457600
vt 0.096600 0.818700
vt 0.107300 0.800900
vt 0.101800 0.789700
vt 0.125100 0.787800
vt 0.149400 0.320700
vt 0.135000 0.313000
vt 0.143500 0.303900
vt 0.137000 0.805800
vt 0.134600 0.818700
vt 0.125100 0.805100
vt 0.391200 0.640500
vt 0.375800 0.642300
vt 0.380500 0.626000
vt 0.182100 0.812200
vt 0.191600 0.818700
vt 0.172600 0.818700
vt 0.201100 0.800500
vt 0.033200 0.579800
vt 0.055100 0.571600
vt 0.153600 0.818700
vt 0.380600 0.607300
vt 0.371100 0.616600
vt 0.364900 0.600700
vt 0.115600 0.818700
vt 0.065000 0.248300
vt 0.044100 0.243600
vt 0.056900 0.233100
vt 0.258100 0.787100
vt 0.249300 0.795900
vt 0.163100 0.048200
vt 0.001500 0.382400
vt 0.059700 0.076700
vt 0.060400 0.055700
vt 0.305700 0.029200
vt 0.286700 0.029200
vt 0.039500 0.818700
vt 0.352400 0.049500
vt 0.353200 0.036700
vt 0.372200 0.047400
vt 0.533200 0.310800
vt 0.519200 0.324600
vt 0.521000 0.311200
vt 0.049000 0.054100
vt 0.362700 0.029200
vt 0.296200 0.088600
vt 0.297300 0.073300
vt 0.315100 0.089600
vt 0.448300 0.038500
vt 0.429200 0.047900
vt 0.429200 0.035600
vt 0.039500 0.029200
vt 0.419700 0.029200
vt 0.438700 0.029200
vt 0.476800 0.029200
vt 0.495800 0.029200
vt 0.486300 0.035900
vt 0.486300 0.048300
vt 0.505300 0.039600
vt 0.467300 0.047400
vt 0.476200 0.062200
vt 0.525100 0.049400
vt 0.524300 0.036600
vt 0.533800 0.029200
vt 0.505300 0.054300
vt 0.514800 0.029200
vt 0.457800 0.029200
vt 0.510400 0.205800
vt 0.511100 0.228700
vt 0.496000 0.216100
vt 0.524700 0.065800
vt 0.047400 0.257900
vt 0.057200 0.268100
vt 0.542000 0.164200
vt 0.546300 0.143500
vt 0.519400 0.787100
vt 0.508400 0.780000
vt 0.517600 0.765200
vt 0.048300 0.111500
vt 0.530000 0.081100
vt 0.540700 0.074000
vt 0.552800 0.091500
vt 0.507000 0.106600
vt 0.518500 0.101200
vt 0.526700 0.110100
vt 0.534700 0.788300
vt 0.536100 0.226600
vt 0.532700 0.205800
vt 0.544900 0.205800
vt 0.517800 0.751500
vt 0.535600 0.746000
vt 0.530000 0.766800
vt 0.552800 0.216200
vt 0.552800 0.195400
vt 0.484400 0.800800
vt 0.528500 0.094100
vt 0.517600 0.077500
vt 0.485900 0.204700
vt 0.476200 0.213700
vt 0.471900 0.199600
vt 0.520400 0.666200
vt 0.506100 0.670600
vt 0.510100 0.656000
vt 0.515200 0.258300
vt 0.518600 0.273700
vt 0.459700 0.625000
vt 0.454900 0.604900
vt 0.464100 0.613000
vt 0.491600 0.674300
vt 0.494800 0.653100
vt 0.552800 0.278500
vt 0.552800 0.299300
vt 0.536000 0.371700
vt 0.552800 0.361600
vt 0.410200 0.811900
vt 0.429200 0.806800
vt 0.419700 0.818700
vt 0.543900 0.413600
vt 0.552800 0.424000
vt 0.500400 0.457900
vt 0.483200 0.459400
vt 0.491300 0.442600
vt 0.434800 0.563300
vt 0.445900 0.570000
vt 0.442100 0.583200
vt 0.552800 0.465500
vt 0.536300 0.475800
vt 0.539100 0.455100
vt 0.438700 0.818700
vt 0.478000 0.642100
vt 0.479100 0.661200
vt 0.469700 0.652300
vt 0.552800 0.777200
vt 0.552800 0.798000
vt 0.546200 0.787600
vt 0.508400 0.163700
vt 0.508600 0.143500
vt 0.546000 0.517500
vt 0.536700 0.496700
vt 0.552800 0.507100
vt 0.091000 0.426700
vt 0.089600 0.445600
vt 0.077800 0.438800
vt 0.270300 0.805600
vt 0.001500 0.631700
vt 0.377200 0.757500
vt 0.374600 0.771200
vt 0.361900 0.770400
vt 0.343200 0.777100
vt 0.448200 0.228200
vt 0.464700 0.240800
vt 0.452700 0.249700
vt 0.541700 0.538200
vt 0.534400 0.517100
vt 0.362700 0.818700
vt 0.343700 0.818700
vt 0.353200 0.805500
vt 0.363900 0.679400
vt 0.363800 0.653100
vt 0.377100 0.657600
vt 0.286700 0.818700
vt 0.503900 0.067900
vt 0.552800 0.527800
vt 0.519000 0.428100
vt 0.530900 0.413600
vt 0.535800 0.434400
vt 0.025800 0.662900
vt 0.043500 0.675200
vt 0.025800 0.675700
vt 0.260500 0.704400
vt 0.244200 0.698800
vt 0.258100 0.688000
vt 0.448300 0.769800
vt 0.442400 0.784300
vt 0.429800 0.769400
vt 0.098300 0.767700
vt 0.078600 0.755000
vt 0.084800 0.741200
vt 0.400700 0.818700
vt 0.381700 0.818700
vt 0.391200 0.810100
vt 0.372200 0.800200
vt 0.391200 0.796500
vt 0.067300 0.746000
vt 0.063800 0.764700
vt 0.505300 0.793600
vt 0.493400 0.792200
vt 0.151800 0.783000
vt 0.164500 0.789000
vt 0.495800 0.818700
vt 0.511900 0.805300
vt 0.020300 0.766800
vt 0.429200 0.790900
vt 0.125100 0.755200
vt 0.115100 0.738400
vt 0.133300 0.738000
vt 0.482300 0.768100
vt 0.486900 0.781200
vt 0.468000 0.776300
vt 0.025000 0.735400
vt 0.552800 0.548600
vt 0.249600 0.713800
vt 0.210600 0.818700
vt 0.546200 0.600600
vt 0.536500 0.621300
vt 0.534600 0.599900
vt 0.491500 0.067900
vt 0.524700 0.551400
vt 0.534400 0.559400
vt 0.413200 0.065400
vt 0.417300 0.081200
vt 0.403900 0.076900
vt 0.552800 0.694100
vt 0.536000 0.683700
vt 0.552800 0.673300
vt 0.343100 0.129100
vt 0.349600 0.151000
vt 0.337400 0.153000
vt 0.420600 0.097200
vt 0.400800 0.093600
vt 0.491000 0.563700
vt 0.499500 0.576300
vt 0.488200 0.582000
vt 0.552800 0.611000
vt 0.552800 0.714800
vt 0.544400 0.704500
vt 0.546700 0.185000
vt 0.552800 0.174600
vt 0.523200 0.734900
vt 0.536500 0.725200
vt 0.196700 0.085700
vt 0.182100 0.083500
vt 0.552800 0.153900
vt 0.552800 0.756400
vt 0.546800 0.746000
vt 0.552800 0.735600
vt 0.543300 0.766800
vt 0.525600 0.288900
vt 0.060100 0.792800
vt 0.041300 0.781000
vt 0.552800 0.237000
vt 0.552800 0.257700
vt 0.540900 0.247400
vt 0.294100 0.165200
vt 0.279400 0.168000
vt 0.282900 0.153300
vt 0.368100 0.140300
vt 0.383900 0.146100
vt 0.376600 0.162500
vt 0.536500 0.103700
vt 0.353200 0.788600
vt 0.029300 0.317700
vt 0.061200 0.106700
vt 0.035900 0.475900
vt 0.049000 0.472800
vt 0.048000 0.491900
vt 0.013900 0.462500
vt 0.053100 0.445200
vt 0.065100 0.443100
vt 0.067100 0.458900
vt 0.552800 0.486300
vt 0.475800 0.267000
vt 0.492000 0.261700
vt 0.491600 0.279200
vt 0.045300 0.690900
vt 0.013800 0.628600
vt 0.001500 0.611000
vt 0.014500 0.614000
vt 0.168500 0.803900
vt 0.176000 0.789000
vt 0.201100 0.768000
vt 0.198400 0.747200
vt 0.206900 0.756500
vt 0.001500 0.714800
vt 0.145400 0.796500
vt 0.498300 0.200300
vt 0.505400 0.188100
vt 0.519900 0.135000
vt 0.540600 0.351200
vt 0.552800 0.340900
vt 0.485100 0.225500
vt 0.479100 0.239200
vt 0.471400 0.226600
vt 0.315200 0.036800
vt 0.334200 0.047000
vt 0.173400 0.123300
vt 0.187000 0.104100
vt 0.527700 0.122700
vt 0.535500 0.184500
vt 0.516800 0.177400
vt 0.391200 0.048500
vt 0.410200 0.044400
vt 0.400600 0.059500
vt 0.383300 0.095700
vt 0.378000 0.109600
vt 0.364900 0.097700
vt 0.435800 0.065300
vt 0.448300 0.052500
vt 0.505300 0.081500
vt 0.501700 0.118900
vt 0.391200 0.771900
vt 0.396200 0.758500
vt 0.407400 0.766200
vt 0.456000 0.782300
vt 0.315200 0.805500
vt 0.324700 0.818700
vt 0.305700 0.818700
vt 0.320500 0.768400
vt 0.334200 0.764600
vt 0.546000 0.559000
vt 0.536700 0.579800
vt 0.500000 0.500500
vt 0.495800 0.519300
vt 0.485200 0.500100
vt 0.478600 0.789900
vt 0.410700 0.799400
vt 0.417300 0.779100
vt 0.535600 0.642100
vt 0.539300 0.662900
vt 0.525800 0.652400
vt 0.493800 0.633900
vt 0.492000 0.614100
vt 0.506800 0.621300
vt 0.520200 0.690700
vt 0.531700 0.704500
vt 0.505300 0.766400
vt 0.028300 0.156400
vt 0.040700 0.150000
vt 0.038000 0.164200
vt 0.029500 0.296100
vt 0.040300 0.313600
vt 0.048600 0.131200
vt 0.066800 0.066200
vt 0.116800 0.042100
vt 0.087100 0.071500
vt 0.163100 0.035800
vt 0.157000 0.065500
vt 0.058300 0.423800
vt 0.038900 0.502900
vt 0.035900 0.517500
vt 0.026700 0.509600
vt 0.014200 0.364400
vt 0.014300 0.378600
vt 0.047200 0.411700
vt 0.055500 0.218300
vt 0.038000 0.205800
vt 0.051300 0.202000
vt 0.049300 0.304400
vt 0.057600 0.330500
vt 0.210600 0.029200
vt 0.169700 0.061000
vt 0.239100 0.039500
vt 0.229600 0.029200
vt 0.248600 0.029200
vt 0.229400 0.129500
vt 0.242000 0.120500
vt 0.247300 0.135900
vt 0.306700 0.764800
vt 0.302500 0.787800
vt 0.291400 0.781100
vt 0.024600 0.569400
vt 0.039800 0.608500
vt 0.072700 0.555900
vt 0.071700 0.540100
vt 0.088400 0.543000
vt 0.014800 0.448600
vt 0.039700 0.456300
vt 0.026700 0.468700
vt 0.552800 0.444700
vt 0.025800 0.694400
vt 0.059700 0.649500
vt 0.044800 0.662400
vt 0.155700 0.804800
vt 0.192000 0.789000
vt 0.182100 0.799800
vt 0.206500 0.785100
vt 0.220100 0.778100
vt 0.241100 0.772300
vt 0.068000 0.783100
vt 0.113700 0.767400
vt 0.106000 0.757000
vt 0.034800 0.683700
vt 0.052200 0.752200
vt 0.090600 0.792800
vt 0.135500 0.763200
vt 0.137700 0.780400
vt 0.125300 0.771500
vt 0.182100 0.778200
vt 0.521600 0.193100
vt 0.521600 0.218800
vt 0.524300 0.232900
vt 0.545300 0.309700
vt 0.537200 0.330500
vt 0.239100 0.054300
vt 0.381200 0.059500
vt 0.372100 0.080700
vt 0.358400 0.084100
vt 0.366500 0.062600
vt 0.326200 0.059400
vt 0.310800 0.069300
vt 0.453800 0.065300
vt 0.491900 0.086800
vt 0.479500 0.079200
vt 0.464600 0.060000
vt 0.402700 0.784200
vt 0.347800 0.762900
vt 0.379400 0.784200
vt 0.297100 0.800400
vt 0.286400 0.805800
vt 0.275800 0.770500
vt 0.279700 0.782800
vt 0.524700 0.525100
vt 0.480600 0.515700
vt 0.507800 0.441600
vt 0.498800 0.427800
vt 0.448300 0.811600
vt 0.525800 0.631200
vt 0.503800 0.606600
vt 0.522800 0.615300
vt 0.527100 0.538200
vt 0.520200 0.710100
vt 0.500500 0.751600
vt 0.507800 0.738200
vt 0.525000 0.722000
vt 0.044300 0.272500
vt 0.034400 0.254400
vt 0.030600 0.239700
vt 0.028300 0.198200
vt 0.028300 0.214100
vt 0.051700 0.164200
vt 0.049800 0.187000
vt 0.039200 0.122700
vt 0.113300 0.077400
vt 0.126600 0.088400
vt 0.115200 0.093400
vt 0.167700 0.083700
vt 0.026700 0.412500
vt 0.014800 0.420100
vt 0.026700 0.456200
vt 0.026700 0.385800
vt 0.026700 0.400000
vt 0.001500 0.299300
vt 0.028800 0.330500
vt 0.050300 0.342200
vt 0.036200 0.344300
vt 0.043200 0.330400
vt 0.036000 0.392800
vt 0.033800 0.281900
vt 0.182100 0.055300
vt 0.267700 0.029200
vt 0.229600 0.818700
vt 0.278800 0.795900
vt 0.226400 0.789900
vt 0.268800 0.759800
vt 0.256300 0.770500
vt 0.001500 0.548600
vt 0.034800 0.594600
vt 0.049700 0.585100
vt 0.066200 0.579800
vt 0.049200 0.599100
vt 0.037200 0.549500
vt 0.024600 0.604300
vt 0.026700 0.528500
vt 0.519000 0.399100
vt 0.496000 0.351200
vt 0.510600 0.343500
vt 0.513300 0.357900
vt 0.490500 0.340200
vt 0.479100 0.339700
vt 0.479000 0.323500
vt 0.074200 0.771600
vt 0.085900 0.768000
vt 0.106400 0.778100
vt 0.525600 0.247400
vt 0.552800 0.320100
vt 0.481600 0.292900
vt 0.493400 0.299700
vt 0.324700 0.029200
vt 0.343700 0.029200
vt 0.283000 0.063900
vt 0.493300 0.175200
vt 0.492000 0.155400
vt 0.492800 0.135500
vt 0.484200 0.118800
vt 0.480800 0.096500
vt 0.494900 0.103600
vt 0.462700 0.137300
vt 0.467300 0.123500
vt 0.478000 0.131100
vt 0.485600 0.145100
vt 0.410000 0.190900
vt 0.398400 0.196100
vt 0.403100 0.180700
vt 0.483100 0.187900
vt 0.353200 0.069800
vt 0.432100 0.083500
vt 0.391200 0.070500
vt 0.443200 0.091900
vt 0.408400 0.110800
vt 0.391200 0.113100
vt 0.424500 0.060300
vt 0.447200 0.106200
vt 0.420400 0.110400
vt 0.469800 0.107400
vt 0.384500 0.082100
vt 0.458200 0.113500
vt 0.334200 0.810400
vt 0.366400 0.787000
vt 0.552800 0.569400
vt 0.552800 0.590200
vt 0.513400 0.556100
vt 0.500300 0.553000
vt 0.513400 0.540800
vt 0.513400 0.520400
vt 0.524400 0.441000
vt 0.419200 0.752800
vt 0.437400 0.751100
vt 0.470800 0.762100
vt 0.471100 0.743000
vt 0.455700 0.752200
vt 0.492100 0.739000
vt 0.484900 0.754400
vt 0.397400 0.732900
vt 0.408800 0.736300
vt 0.406600 0.750200
vt 0.392300 0.744600
vt 0.423200 0.635100
vt 0.421800 0.649800
vt 0.404100 0.644300
vt 0.358500 0.753500
vt 0.369900 0.744100
vt 0.516300 0.600600
vt 0.503900 0.686800
vt 0.516000 0.642100
vt 0.496300 0.698900
vt 0.471900 0.683300
vt 0.479900 0.674000
vt 0.483500 0.703100
vt 0.524900 0.678500
vt 0.480000 0.731000
vt 0.505900 0.634600
vt 0.478300 0.716500
vt 0.467300 0.724400
vt 0.453800 0.734500
vt 0.462500 0.702900
vt 0.028600 0.268100
vt 0.043200 0.224300
vt 0.060000 0.126100
vt 0.167600 0.141500
vt 0.156600 0.130800
vt 0.131500 0.100700
vt 0.120200 0.105700
vt 0.131400 0.121600
vt 0.113200 0.123700
vt 0.117900 0.190100
vt 0.137800 0.200800
vt 0.118800 0.205000
vt 0.103200 0.144900
vt 0.097900 0.127800
vt 0.087200 0.109400
vt 0.079100 0.120700
vt 0.099900 0.074500
vt 0.142800 0.105800
vt 0.176600 0.096100
vt 0.167800 0.106100
vt 0.145600 0.121100
vt 0.096500 0.098300
vt 0.103900 0.088300
vt 0.100200 0.110500
vt 0.155400 0.099000
vt 0.022800 0.434400
vt 0.043200 0.292700
vt 0.207900 0.077600
vt 0.206400 0.097900
vt 0.014500 0.503000
vt 0.507100 0.413600
vt 0.503700 0.382700
vt 0.503200 0.396500
vt 0.495200 0.328700
vt 0.506800 0.323500
vt 0.189200 0.767500
vt 0.073800 0.698300
vt 0.065700 0.713100
vt 0.059100 0.698600
vt 0.147200 0.768700
vt 0.147900 0.748900
vt 0.497600 0.231900
vt 0.512400 0.243600
vt 0.500200 0.250200
vt 0.490600 0.242500
vt 0.480500 0.254300
vt 0.505700 0.288900
vt 0.465600 0.259200
vt 0.515600 0.299000
vt 0.503900 0.268100
vt 0.495600 0.368300
vt 0.485200 0.359400
vt 0.372800 0.352400
vt 0.360400 0.360800
vt 0.359200 0.347100
vt 0.397800 0.268700
vt 0.415100 0.271700
vt 0.410000 0.285300
vt 0.407300 0.211500
vt 0.506200 0.309700
vt 0.342000 0.060200
vt 0.280500 0.079400
vt 0.428900 0.119700
vt 0.452600 0.127200
vt 0.407900 0.169100
vt 0.393100 0.161200
vt 0.406700 0.151000
vt 0.415100 0.125700
vt 0.322700 0.746200
vt 0.333400 0.751500
vt 0.522100 0.571500
vt 0.512000 0.581100
vt 0.506800 0.487000
vt 0.512900 0.470100
vt 0.520700 0.486500
vt 0.522100 0.504900
vt 0.497000 0.475900
vt 0.522500 0.455100
vt 0.525400 0.468700
vt 0.524100 0.587200
vt 0.481500 0.627700
vt 0.473100 0.696500
vt 0.454600 0.685800
vt 0.452500 0.591200
vt 0.465000 0.589000
vt 0.454100 0.716600
vt 0.443000 0.701000
vt 0.464400 0.668300
vt 0.457300 0.653100
vt 0.446700 0.668700
vt 0.434400 0.654700
vt 0.445700 0.650800
vt 0.472100 0.600800
vt 0.458400 0.639000
vt 0.409100 0.715500
vt 0.392500 0.721000
vt 0.394400 0.704200
vt 0.440400 0.735200
vt 0.439600 0.720400
vt 0.427000 0.734800
vt 0.062500 0.155000
vt 0.052700 0.143900
vt 0.069900 0.141800
vt 0.068700 0.220900
vt 0.053900 0.393400
vt 0.092500 0.407800
vt 0.079800 0.411800
vt 0.071700 0.392800
vt 0.054200 0.283200
vt 0.046400 0.355700
vt 0.063900 0.354400
vt 0.070500 0.372900
vt 0.237600 0.075300
vt 0.220100 0.071500
vt 0.233900 0.106600
vt 0.222500 0.093100
vt 0.239200 0.091500
vt 0.046400 0.524000
vt 0.077900 0.592800
vt 0.055700 0.626400
vt 0.052600 0.458600
vt 0.484400 0.473500
vt 0.524300 0.382100
vt 0.552800 0.382400
vt 0.525200 0.351200
vt 0.525700 0.337000
vt 0.149100 0.729200
vt 0.123800 0.683700
vt 0.127700 0.665800
vt 0.140400 0.678600
vt 0.164300 0.740300
vt 0.258000 0.122600
vt 0.227500 0.081500
vt 0.342400 0.083000
vt 0.328000 0.074300
vt 0.478300 0.159600
vt 0.464000 0.160100
vt 0.474200 0.144500
vt 0.341900 0.742400
vt 0.501800 0.591400
vt 0.510200 0.507500
vt 0.492800 0.489000
vt 0.499700 0.538200
vt 0.434000 0.668700
vt 0.439100 0.684600
vt 0.428000 0.692800
vt 0.424900 0.678400
vt 0.129300 0.150900
vt 0.129400 0.134700
vt 0.139400 0.142200
vt 0.091100 0.342100
vt 0.081300 0.357000
vt 0.074800 0.337900
vt 0.072900 0.100000
vt 0.066800 0.409200
vt 0.103400 0.349900
vt 0.096000 0.364600
vt 0.102400 0.519900
vt 0.089700 0.523200
vt 0.082700 0.509500
vt 0.067800 0.286100
vt 0.063600 0.341500
vt 0.113500 0.343400
vt 0.111200 0.363100
vt 0.096100 0.657300
vt 0.064700 0.636500
vt 0.045400 0.537300
vt 0.055000 0.503800
vt 0.094700 0.561600
vt 0.083000 0.561900
vt 0.099200 0.580100
vt 0.093800 0.598200
vt 0.082600 0.574800
vt 0.083300 0.604900
vt 0.072300 0.568800
vt 0.124600 0.608600
vt 0.111600 0.594600
vt 0.124400 0.594500
vt 0.233300 0.687000
vt 0.238100 0.673000
vt 0.245600 0.684700
vt 0.106000 0.568100
vt 0.104600 0.607700
vt 0.079700 0.617700
vt 0.093400 0.611200
vt 0.091100 0.623800
vt 0.103300 0.534300
vt 0.119700 0.538200
vt 0.108600 0.550600
vt 0.115600 0.618200
vt 0.471200 0.473100
vt 0.478900 0.486200
vt 0.465000 0.488300
vt 0.478300 0.424900
vt 0.489500 0.409300
vt 0.474600 0.409000
vt 0.491300 0.384600
vt 0.482300 0.396200
vt 0.166700 0.666400
vt 0.151100 0.669900
vt 0.154200 0.655600
vt 0.147700 0.713500
vt 0.161900 0.702600
vt 0.182100 0.736300
vt 0.181700 0.757200
vt 0.263200 0.083400
vt 0.250100 0.080600
vt 0.354100 0.121900
vt 0.354800 0.137000
vt 0.268900 0.129300
vt 0.273000 0.116200
vt 0.449100 0.212100
vt 0.463600 0.213000
vt 0.478200 0.174300
vt 0.452300 0.155800
vt 0.445600 0.637700
vt 0.441900 0.618100
vt 0.463200 0.548700
vt 0.480800 0.552700
vt 0.470400 0.561700
vt 0.424600 0.707100
vt 0.098100 0.267400
vt 0.115500 0.252100
vt 0.108700 0.275500
vt 0.079900 0.286000
vt 0.074000 0.265000
vt 0.088200 0.276500
vt 0.077800 0.231800
vt 0.078800 0.247100
vt 0.093100 0.152200
vt 0.087200 0.140700
vt 0.073800 0.424700
vt 0.132600 0.455100
vt 0.071000 0.320700
vt 0.061500 0.306400
vt 0.081500 0.327000
vt 0.057900 0.532400
vt 0.072900 0.524200
vt 0.072800 0.729200
vt 0.076800 0.717100
vt 0.086200 0.726900
vt 0.057200 0.517800
vt 0.068400 0.510800
vt 0.077900 0.469600
vt 0.061700 0.477700
vt 0.066200 0.496700
vt 0.090600 0.496400
vt 0.118300 0.564400
vt 0.126700 0.551800
vt 0.117900 0.580300
vt 0.133300 0.584400
vt 0.466100 0.425500
vt 0.512000 0.372600
vt 0.475800 0.377200
vt 0.460700 0.385600
vt 0.460500 0.369200
vt 0.457700 0.400300
vt 0.469500 0.396000
vt 0.428800 0.233500
vt 0.410600 0.248200
vt 0.479200 0.307300
vt 0.491100 0.314400
vt 0.472100 0.359000
vt 0.088200 0.691600
vt 0.087700 0.712400
vt 0.096200 0.702300
vt 0.136700 0.723600
vt 0.121700 0.723600
vt 0.194700 0.733600
vt 0.329200 0.089800
vt 0.324400 0.106800
vt 0.304200 0.118700
vt 0.305000 0.102100
vt 0.287700 0.105600
vt 0.270200 0.072300
vt 0.297200 0.134500
vt 0.273400 0.142200
vt 0.210600 0.129000
vt 0.199300 0.111000
vt 0.217100 0.113800
vt 0.251800 0.104700
vt 0.381000 0.128000
vt 0.390600 0.135500
vt 0.341400 0.114700
vt 0.323500 0.124500
vt 0.416000 0.140400
vt 0.429200 0.142900
vt 0.483700 0.594700
vt 0.475800 0.614300
vt 0.410200 0.657400
vt 0.427000 0.720800
vt 0.408000 0.696500
vt 0.416100 0.726000
vt 0.080700 0.208400
vt 0.064300 0.206900
vt 0.062900 0.185000
vt 0.105300 0.204200
vt 0.108000 0.180000
vt 0.094100 0.239100
vt 0.089300 0.257000
vt 0.101900 0.334300
vt 0.106600 0.310400
vt 0.114500 0.330500
vt 0.079800 0.455200
vt 0.076100 0.305600
vt 0.098900 0.286500
vt 0.112700 0.290500
vt 0.088400 0.310400
vt 0.093000 0.323900
vt 0.087800 0.296000
vt 0.080500 0.382200
vt 0.115300 0.517200
vt 0.131100 0.536700
vt 0.131700 0.524100
vt 0.460400 0.413600
vt 0.458000 0.435500
vt 0.443500 0.421000
vt 0.447200 0.361800
vt 0.459700 0.347700
vt 0.130700 0.710400
vt 0.087500 0.673100
vt 0.118500 0.710700
vt 0.145000 0.698000
vt 0.099000 0.729100
vt 0.113000 0.657300
vt 0.106500 0.674900
vt 0.213000 0.736200
vt 0.239300 0.754200
vt 0.218700 0.754600
vt 0.228300 0.740700
vt 0.353000 0.107800
vt 0.339500 0.100400
vt 0.365900 0.116400
vt 0.350500 0.094500
vt 0.310100 0.137000
vt 0.296200 0.148800
vt 0.327000 0.160200
vt 0.330500 0.141800
vt 0.400800 0.120700
vt 0.439400 0.131200
vt 0.402200 0.133600
vt 0.436900 0.157700
vt 0.450200 0.142300
vt 0.421500 0.158900
vt 0.420700 0.173800
vt 0.391200 0.207400
vt 0.372100 0.203100
vt 0.379400 0.190200
vt 0.385600 0.172400
vt 0.435200 0.172900
vt 0.364400 0.194000
vt 0.448500 0.168800
vt 0.435900 0.219200
vt 0.428300 0.186100
vt 0.420900 0.196800
vt 0.454000 0.180100
vt 0.444500 0.187500
vt 0.479200 0.572500
vt 0.476000 0.584900
vt 0.351500 0.681100
vt 0.351400 0.662400
vt 0.093500 0.196900
vt 0.093400 0.211200
vt 0.084000 0.483100
vt 0.071900 0.484800
vt 0.097500 0.394700
vt 0.135500 0.380900
vt 0.126100 0.388800
vt 0.120600 0.374600
vt 0.104900 0.437500
vt 0.124400 0.348200
vt 0.143300 0.602800
vt 0.130700 0.570000
vt 0.102700 0.743000
vt 0.234000 0.728600
vt 0.235800 0.715200
vt 0.288200 0.124100
vt 0.367900 0.182100
vt 0.354800 0.182700
vt 0.353200 0.165600
vt 0.359600 0.215400
vt 0.318500 0.148600
vt 0.392100 0.184300
vt 0.462400 0.315100
vt 0.455400 0.272000
vt 0.466700 0.331700
vt 0.440900 0.241400
vt 0.435500 0.200200
vt 0.423700 0.209900
vt 0.409800 0.630900
vt 0.397400 0.624100
vt 0.411600 0.615700
vt 0.427100 0.612300
vt 0.438800 0.600700
vt 0.457500 0.564800
vt 0.101600 0.222400
vt 0.154200 0.147900
vt 0.053400 0.730400
vt 0.045400 0.704500
vt 0.201300 0.721500
vt 0.363500 0.155600
vt 0.312800 0.163300
vt 0.474300 0.280600
vt 0.464800 0.296400
vt 0.274900 0.387100
vt 0.287300 0.382400
vt 0.292800 0.397000
vt 0.278300 0.196300
vt 0.289800 0.195900
vt 0.279800 0.216800
vt 0.440100 0.257100
vt 0.343200 0.176000
vt 0.331900 0.172000
vt 0.424700 0.255600
vt 0.407700 0.261100
vt 0.393800 0.250500
vt 0.381100 0.238000
vt 0.378600 0.221900
vt 0.394700 0.231400
vt 0.428600 0.589200
vt 0.410600 0.595100
vt 0.393800 0.586000
vt 0.109200 0.236900
vt 0.101900 0.251400
vt 0.140700 0.164000
vt 0.143200 0.290800
vt 0.122900 0.301500
vt 0.137300 0.249500
vt 0.142300 0.232300
vt 0.150800 0.244800
vt 0.115000 0.219500
vt 0.125700 0.243800
vt 0.125000 0.229800
vt 0.133700 0.261700
vt 0.123400 0.267700
vt 0.158100 0.116200
vt 0.162200 0.162700
vt 0.122000 0.162600
vt 0.054000 0.777800
vt 0.045300 0.740800
vt 0.111400 0.688400
vt 0.457200 0.198600
vt 0.465600 0.179200
vt 0.431400 0.625000
vt 0.415400 0.562000
vt 0.166600 0.333400
vt 0.160900 0.315300
vt 0.154100 0.338800
vt 0.223000 0.366100
vt 0.221400 0.347400
vt 0.232000 0.357900
vt 0.214700 0.429700
vt 0.206500 0.442200
vt 0.203600 0.420200
vt 0.084900 0.369800
vt 0.123000 0.361300
vt 0.119300 0.142000
vt 0.190700 0.150700
vt 0.120000 0.697600
vt 0.131800 0.695600
vt 0.108800 0.702700
vt 0.433900 0.641300
vt 0.397300 0.606200
vt 0.421800 0.600300
vt 0.127500 0.285000
vt 0.174000 0.299500
vt 0.172500 0.320200
vt 0.176700 0.364700
vt 0.165900 0.369300
vt 0.167600 0.355100
vt 0.133300 0.368100
vt 0.104900 0.375200
vt 0.142000 0.178600
vt 0.163900 0.178000
vt 0.177400 0.159500
vt 0.129100 0.181800
vt 0.130400 0.214800
vt 0.357400 0.584100
vt 0.374000 0.586700
vt 0.155400 0.303000
vt 0.155500 0.289300
vt 0.180800 0.331200
vt 0.175600 0.344300
vt 0.140300 0.347300
vt 0.109100 0.388400
vt 0.093400 0.381200
vt 0.153100 0.204300
vt 0.152700 0.187200
vt 0.165200 0.195400
vt 0.118900 0.175100
vt 0.106000 0.162500
vt 0.383800 0.580500
vt 0.384100 0.594300
vt 0.407100 0.676800
vt 0.379000 0.714100
vt 0.358200 0.707700
vt 0.360300 0.634900
vt 0.324600 0.622800
vt 0.319200 0.594900
vt 0.334800 0.613500
vt 0.395600 0.657400
vt 0.353400 0.646000
vt 0.358400 0.616400
vt 0.385900 0.669600
vt 0.392500 0.687400
vt 0.375600 0.698200
vt 0.379000 0.683100
vt 0.384600 0.568100
vt 0.156600 0.361800
vt 0.182600 0.449200
vt 0.171400 0.431000
vt 0.189000 0.431100
vt 0.144000 0.360700
vt 0.144400 0.373200
vt 0.155500 0.375700
vt 0.345800 0.588400
vt 0.332200 0.595100
vt 0.337100 0.578800
vt 0.393800 0.559800
vt 0.117300 0.405200
vt 0.150000 0.445900
vt 0.155300 0.466300
vt 0.142800 0.468700
vt 0.105200 0.405100
vt 0.103500 0.418300
vt 0.145900 0.414300
vt 0.138500 0.399700
vt 0.158000 0.407800
vt 0.117000 0.424300
vt 0.127500 0.509000
vt 0.134800 0.439800
vt 0.097500 0.481000
vt 0.105100 0.498200
vt 0.093000 0.464600
vt 0.157900 0.433500
vt 0.144800 0.429000
vt 0.111200 0.483700
vt 0.128500 0.476500
vt 0.128600 0.488800
vt 0.138600 0.494400
vt 0.170900 0.444700
vt 0.108300 0.468700
vt 0.146600 0.513600
vt 0.119500 0.496000
vt 0.169000 0.416300
vt 0.146500 0.385500
vt 0.158000 0.393100
vt 0.366900 0.567700
vt 0.326200 0.670200
vt 0.328300 0.654700
vt 0.340800 0.673900
vt 0.348000 0.601700
vt 0.345300 0.627500
vt 0.341400 0.648800
vt 0.321600 0.580700
vt 0.330000 0.686200
vt 0.317800 0.645000
vt 0.329200 0.636500
vt 0.186900 0.488300
vt 0.177100 0.470400
vt 0.188800 0.474900
vt 0.309000 0.604000
vt 0.336200 0.563800
vt 0.322600 0.566500
vt 0.349300 0.567900
vt 0.309900 0.568100
vt 0.313900 0.554600
vt 0.345900 0.553600
vt 0.394000 0.546700
vt 0.405000 0.524700
vt 0.407500 0.549700
vt 0.323600 0.537100
vt 0.310200 0.530100
vt 0.332000 0.523700
vt 0.370300 0.520600
vt 0.366600 0.542000
vt 0.358300 0.516300
vt 0.346400 0.525300
vt 0.338700 0.538800
vt 0.376100 0.551700
vt 0.406300 0.490300
vt 0.414700 0.505300
vt 0.394700 0.502400
vt 0.426800 0.507100
vt 0.418400 0.520200
vt 0.154400 0.498100
vt 0.143600 0.566300
vt 0.143000 0.482000
vt 0.155000 0.480200
vt 0.215700 0.397100
vt 0.221500 0.416100
vt 0.200700 0.403000
vt 0.164000 0.514100
vt 0.169800 0.489700
vt 0.179400 0.504900
vt 0.128900 0.428000
vt 0.132500 0.415100
vt 0.174700 0.458200
vt 0.166600 0.476900
vt 0.163500 0.455700
vt 0.190900 0.416800
vt 0.359400 0.555300
vt 0.376400 0.532800
vt 0.421100 0.548000
vt 0.435000 0.548000
vt 0.156200 0.524000
vt 0.163800 0.534100
vt 0.394500 0.516600
vt 0.391100 0.530600
vt 0.381700 0.514800
vt 0.414600 0.535100
vt 0.353700 0.541700
vt 0.326600 0.553100
vt 0.428000 0.534200
vt 0.448100 0.553400
vt 0.445700 0.538200
vt 0.458900 0.533900
vt 0.166700 0.649800
vt 0.158800 0.638600
vt 0.177000 0.639900
vt 0.139500 0.545400
vt 0.145700 0.530200
vt 0.159100 0.553400
vt 0.176600 0.561100
vt 0.160100 0.571200
vt 0.179200 0.523400
vt 0.147600 0.554400
vt 0.194100 0.443700
vt 0.232200 0.519300
vt 0.243600 0.528300
vt 0.227400 0.540200
vt 0.204700 0.484000
vt 0.185400 0.550400
vt 0.171600 0.546800
vt 0.180300 0.537000
vt 0.153200 0.541300
vt 0.252000 0.474500
vt 0.258800 0.491400
vt 0.239400 0.482000
vt 0.226000 0.378500
vt 0.231500 0.399400
vt 0.232800 0.412300
vt 0.180400 0.408300
vt 0.171500 0.396500
vt 0.188700 0.397000
vt 0.185200 0.382900
vt 0.203400 0.385800
vt 0.212800 0.360000
vt 0.196100 0.370500
vt 0.313400 0.350700
vt 0.332000 0.357900
vt 0.322800 0.369600
vt 0.207300 0.456500
vt 0.199400 0.467800
vt 0.354500 0.491900
vt 0.370200 0.503900
vt 0.291500 0.566300
vt 0.301100 0.552800
vt 0.247300 0.433000
vt 0.240000 0.445100
vt 0.230700 0.428100
vt 0.271000 0.498200
vt 0.256200 0.516400
vt 0.282200 0.369100
vt 0.263400 0.380400
vt 0.263700 0.449600
vt 0.250300 0.458900
vt 0.212800 0.471500
vt 0.220100 0.458600
vt 0.245900 0.399000
vt 0.237600 0.386100
vt 0.242600 0.419500
vt 0.260400 0.432500
vt 0.224800 0.442400
vt 0.077600 0.156100
vt 0.064100 0.170500
vt 0.068000 0.117000
vt 0.090300 0.165100
vt 0.090200 0.181200
vt 0.076000 0.187500
vt 0.078000 0.172300
vt 0.229100 0.764600
vt 0.285600 0.726000
vt 0.273000 0.727400
vt 0.275200 0.707700
vt 0.290600 0.763400
vt 0.276500 0.749800
vt 0.334500 0.708300
vt 0.323400 0.725200
vt 0.319600 0.709300
vt 0.299400 0.754300
vt 0.314400 0.735400
vt 0.306300 0.716700
vt 0.344400 0.692500
vt 0.362900 0.694000
vt 0.342300 0.724200
vt 0.346400 0.711500
vt 0.330900 0.736000
vt 0.302900 0.741700
vt 0.294000 0.716100
vt 0.264900 0.738000
vt 0.258100 0.753800
vt 0.288600 0.741400
vt 0.292500 0.702600
vt 0.306000 0.701900
vt 0.243800 0.736700
vt 0.282000 0.697300
vt 0.315100 0.691000
vt 0.254600 0.731300
vt 0.261800 0.720900
vt 0.269500 0.694400
vt 0.297800 0.682500
vt 0.311000 0.675400
vt 0.300600 0.643300
vt 0.285100 0.651900
vt 0.285600 0.635300
vt 0.314800 0.659700
vt 0.297800 0.664000
vt 0.292200 0.605500
vt 0.299800 0.594900
vt 0.313500 0.630600
vt 0.307900 0.618000
vt 0.279000 0.684900
vt 0.228900 0.700000
vt 0.221700 0.681600
vt 0.213500 0.699400
vt 0.218500 0.717900
vt 0.201400 0.661500
vt 0.212300 0.670700
vt 0.203600 0.683200
vt 0.269100 0.673700
vt 0.273000 0.658700
vt 0.283100 0.668700
vt 0.211000 0.145800
vt 0.235900 0.141100
vt 0.181000 0.172400
vt 0.232100 0.154100
vt 0.219100 0.157500
vt 0.263800 0.107300
vt 0.272800 0.098100
vt 0.246200 0.151100
vt 0.258900 0.145800
vt 0.269400 0.157100
vt 0.255900 0.161600
vt 0.192900 0.234800
vt 0.211300 0.231800
vt 0.199200 0.247400
vt 0.452400 0.331900
vt 0.407700 0.318700
vt 0.398400 0.309500
vt 0.412300 0.304300
vt 0.450300 0.289400
vt 0.443700 0.276000
vt 0.445500 0.302900
vt 0.462300 0.283200
vt 0.442000 0.345200
vt 0.449000 0.317400
vt 0.439200 0.327900
vt 0.429200 0.315700
vt 0.410500 0.339900
vt 0.427100 0.348500
vt 0.414600 0.358200
vt 0.432500 0.270400
vt 0.425400 0.299800
vt 0.437200 0.287500
vt 0.423300 0.284400
vt 0.361600 0.280300
vt 0.371100 0.268100
vt 0.381000 0.288200
vt 0.400700 0.296000
vt 0.387200 0.276200
vt 0.486700 0.531500
vt 0.448800 0.523000
vt 0.463300 0.519400
vt 0.472700 0.535000
vt 0.432400 0.519200
vt 0.450200 0.507400
vt 0.470500 0.502500
vt 0.467000 0.455300
vt 0.104400 0.641300
vt 0.118700 0.631500
vt 0.127400 0.647500
vt 0.103800 0.622900
vt 0.167800 0.610700
vt 0.154400 0.611100
vt 0.169500 0.594500
vt 0.143300 0.620300
vt 0.146000 0.637500
vt 0.132600 0.633300
vt 0.131100 0.619900
vt 0.157100 0.683000
vt 0.146500 0.580900
vt 0.179300 0.655600
vt 0.180500 0.671500
vt 0.191500 0.645400
vt 0.270600 0.636900
vt 0.139600 0.656400
vt 0.296200 0.623600
vt 0.173100 0.688000
vt 0.241300 0.652800
vt 0.255000 0.672200
vt 0.198300 0.697700
vt 0.225600 0.667100
vt 0.222700 0.652400
vt 0.189400 0.684100
vt 0.160000 0.624500
vt 0.205000 0.708800
vt 0.185400 0.706700
vt 0.173900 0.624500
vt 0.210300 0.651900
vt 0.359100 0.234000
vt 0.346400 0.274200
vt 0.335400 0.263100
vt 0.349700 0.258300
vt 0.323000 0.219600
vt 0.322500 0.198900
vt 0.330500 0.209000
vt 0.337200 0.193100
vt 0.353400 0.197000
vt 0.374100 0.252300
vt 0.384800 0.262500
vt 0.362400 0.257900
vt 0.368000 0.294300
vt 0.372500 0.309100
vt 0.346200 0.362000
vt 0.346700 0.346300
vt 0.341600 0.301200
vt 0.350800 0.289800
vt 0.353700 0.307900
vt 0.387100 0.303800
vt 0.138900 0.273200
vt 0.174500 0.285900
vt 0.167000 0.264300
vt 0.180700 0.262700
vt 0.153200 0.263300
vt 0.207700 0.324900
vt 0.222600 0.324400
vt 0.208300 0.341300
vt 0.185600 0.297200
vt 0.181600 0.310500
vt 0.150800 0.276700
vt 0.163900 0.279100
vt 0.183000 0.354000
vt 0.166800 0.382000
vt 0.193800 0.330500
vt 0.194600 0.353300
vt 0.208000 0.305000
vt 0.205600 0.289400
vt 0.222000 0.301400
vt 0.259500 0.404200
vt 0.250600 0.381900
vt 0.193800 0.306600
vt 0.240500 0.370600
vt 0.195600 0.220800
vt 0.206800 0.220400
vt 0.238100 0.312400
vt 0.250300 0.320200
vt 0.234000 0.324000
vt 0.219500 0.286000
vt 0.233800 0.343800
vt 0.382100 0.496500
vt 0.300300 0.499500
vt 0.311900 0.491400
vt 0.316100 0.505800
vt 0.371400 0.487200
vt 0.158000 0.588900
vt 0.175400 0.582300
vt 0.186500 0.589500
vt 0.218000 0.617800
vt 0.229900 0.618300
vt 0.218500 0.633100
vt 0.180100 0.601800
vt 0.206300 0.525400
vt 0.192200 0.533400
vt 0.198300 0.514500
vt 0.186600 0.572400
vt 0.195400 0.559800
vt 0.187900 0.614000
vt 0.200800 0.609900
vt 0.187200 0.628900
vt 0.200600 0.625100
vt 0.216100 0.559400
vt 0.199700 0.572400
vt 0.205600 0.552600
vt 0.251900 0.586300
vt 0.253900 0.565800
vt 0.264900 0.581700
vt 0.199000 0.585800
vt 0.264600 0.467100
vt 0.234100 0.459100
vt 0.226600 0.572100
vt 0.226400 0.553100
vt 0.259500 0.656700
vt 0.278800 0.616900
vt 0.205800 0.639100
vt 0.275900 0.597400
vt 0.253200 0.638700
vt 0.232100 0.644300
vt 0.245300 0.626200
vt 0.268100 0.623500
vt 0.258900 0.599200
vt 0.298800 0.581400
vt 0.259600 0.554100
vt 0.272000 0.565700
vt 0.287500 0.592200
vt 0.281900 0.579800
vt 0.280900 0.527100
vt 0.270000 0.513300
vt 0.283900 0.503400
vt 0.285800 0.550400
vt 0.270400 0.548000
vt 0.295400 0.536400
vt 0.236800 0.559000
vt 0.251200 0.544500
vt 0.263200 0.529900
vt 0.324600 0.494800
vt 0.330200 0.508700
vt 0.295800 0.517300
vt 0.308300 0.516500
vt 0.256800 0.617900
vt 0.249100 0.607400
vt 0.243600 0.595700
vt 0.236800 0.607800
vt 0.231700 0.595100
vt 0.219200 0.594100
vt 0.242600 0.570800
vt 0.238500 0.583400
vt 0.217500 0.533500
vt 0.243300 0.510000
vt 0.192200 0.501600
vt 0.207700 0.500900
vt 0.218300 0.520800
vt 0.218200 0.507500
vt 0.295100 0.457900
vt 0.295400 0.471900
vt 0.278600 0.457600
vt 0.238800 0.545500
vt 0.229500 0.502600
vt 0.207100 0.539400
vt 0.211500 0.575700
vt 0.196100 0.545400
vt 0.204900 0.159900
vt 0.214700 0.171300
vt 0.201300 0.178300
vt 0.191700 0.165900
vt 0.189300 0.183500
vt 0.181500 0.242700
vt 0.168500 0.231900
vt 0.182200 0.226800
vt 0.176400 0.185000
vt 0.324100 0.181800
vt 0.214900 0.211700
vt 0.208000 0.201000
vt 0.216200 0.191500
vt 0.394200 0.489000
vt 0.384400 0.481200
vt 0.472800 0.440200
vt 0.333800 0.331300
vt 0.324100 0.344200
vt 0.242100 0.332800
vt 0.259900 0.344900
vt 0.247300 0.355100
vt 0.362600 0.318900
vt 0.300700 0.327900
vt 0.308400 0.309000
vt 0.317400 0.327200
vt 0.430200 0.368100
vt 0.444200 0.380500
vt 0.335800 0.314700
vt 0.391500 0.436400
vt 0.374700 0.446500
vt 0.371300 0.430000
vt 0.348100 0.325400
vt 0.271400 0.353100
vt 0.264500 0.366200
vt 0.325100 0.299500
vt 0.312200 0.288100
vt 0.327200 0.276000
vt 0.337200 0.287000
vt 0.386100 0.327300
vt 0.361800 0.333600
vt 0.340900 0.386500
vt 0.336400 0.373400
vt 0.350900 0.377800
vt 0.393500 0.390700
vt 0.399500 0.370800
vt 0.407400 0.393400
vt 0.287000 0.448400
vt 0.271200 0.438900
vt 0.373700 0.389800
vt 0.373200 0.368500
vt 0.382700 0.380500
vt 0.300300 0.383500
vt 0.295200 0.361700
vt 0.309800 0.363600
vt 0.363100 0.376200
vt 0.183000 0.201500
vt 0.170500 0.213200
vt 0.143600 0.214400
vt 0.155200 0.221400
vt 0.164400 0.249300
vt 0.157000 0.234000
vt 0.192300 0.258500
vt 0.209000 0.257500
vt 0.186600 0.284100
vt 0.197500 0.280800
vt 0.200300 0.268800
vt 0.213600 0.272300
vt 0.221200 0.251500
vt 0.226700 0.312700
vt 0.189000 0.271600
vt 0.266000 0.172100
vt 0.288600 0.335100
vt 0.284500 0.310800
vt 0.244600 0.273000
vt 0.239300 0.290500
vt 0.227300 0.272900
vt 0.194300 0.207200
vt 0.343800 0.507200
vt 0.212600 0.605600
vt 0.240900 0.496100
vt 0.276000 0.470300
vt 0.270000 0.483500
vt 0.290200 0.491500
vt 0.232300 0.631100
vt 0.307100 0.477300
vt 0.284600 0.479200
vt 0.352900 0.423000
vt 0.336900 0.418800
vt 0.355000 0.404500
vt 0.346600 0.480600
vt 0.337100 0.490400
vt 0.327600 0.468600
vt 0.339100 0.461700
vt 0.382300 0.468400
vt 0.360400 0.478400
vt 0.406400 0.450500
vt 0.399900 0.462200
vt 0.388400 0.457200
vt 0.397500 0.475600
vt 0.431200 0.421300
vt 0.430300 0.434800
vt 0.444000 0.441100
vt 0.450300 0.456000
vt 0.410700 0.470100
vt 0.370800 0.465400
vt 0.351200 0.467300
vt 0.360200 0.455600
vt 0.312500 0.459000
vt 0.325500 0.453300
vt 0.345700 0.449200
vt 0.332500 0.439900
vt 0.344900 0.434600
vt 0.359000 0.440300
vt 0.219400 0.489700
vt 0.227500 0.472600
vt 0.265500 0.418100
vt 0.283300 0.436000
vt 0.304600 0.435000
vt 0.307500 0.421000
vt 0.287200 0.421800
vt 0.242500 0.166100
vt 0.198000 0.194100
vt 0.233500 0.242700
vt 0.248100 0.255100
vt 0.234000 0.258800
vt 0.420600 0.485100
vt 0.418000 0.456800
vt 0.432600 0.495200
vt 0.424800 0.469100
vt 0.439400 0.483900
vt 0.451600 0.483500
vt 0.457500 0.469400
vt 0.440700 0.470500
vt 0.433800 0.454600
vt 0.379600 0.418900
vt 0.367500 0.413600
vt 0.445400 0.399300
vt 0.433400 0.403800
vt 0.422800 0.411500
vt 0.414900 0.427700
vt 0.407300 0.411300
vt 0.427900 0.391200
vt 0.418200 0.399200
vt 0.416400 0.378100
vt 0.233300 0.301100
vt 0.260200 0.288600
vt 0.262200 0.311600
vt 0.249900 0.302100
vt 0.275200 0.337900
vt 0.284800 0.349600
vt 0.263800 0.328500
vt 0.301600 0.347100
vt 0.271000 0.399800
vt 0.277900 0.410900
vt 0.230000 0.167800
vt 0.252400 0.177900
vt 0.238100 0.180800
vt 0.244900 0.232400
vt 0.225400 0.224400
vt 0.235900 0.211700
vt 0.246500 0.218800
vt 0.253400 0.195100
vt 0.242500 0.200600
vt 0.382000 0.399800
vt 0.392300 0.415300
vt 0.402000 0.423200
vt 0.397600 0.403300
vt 0.361400 0.389600
vt 0.404500 0.436300
vt 0.418300 0.442500
vt 0.304300 0.448700
vt 0.318200 0.439700
vt 0.271700 0.186000
vt 0.288900 0.180000
vt 0.231300 0.195800
vt 0.224900 0.180600
vt 0.304900 0.176700
vt 0.341300 0.215000
vt 0.386600 0.365900
vt 0.425900 0.331700
vt 0.375400 0.337300
vt 0.399500 0.330800
vt 0.400700 0.355300
vt 0.387200 0.350800
vt 0.340500 0.400600
vt 0.326800 0.383600
vt 0.327500 0.405900
vt 0.287100 0.273600
vt 0.289200 0.292500
vt 0.273600 0.281000
vt 0.298000 0.248000
vt 0.284600 0.237900
vt 0.296300 0.233300
vt 0.322600 0.313800
vt 0.261200 0.267500
vt 0.273900 0.297600
vt 0.276400 0.323000
vt 0.291100 0.262000
vt 0.300800 0.278400
vt 0.313500 0.380500
vt 0.305800 0.400500
vt 0.318000 0.394600
vt 0.296100 0.304600
vt 0.320400 0.419200
vt 0.297400 0.412000
vt 0.308500 0.206500
vt 0.310400 0.191000
vt 0.328800 0.249500
vt 0.311100 0.245000
vt 0.322400 0.235400
vt 0.347200 0.227900
vt 0.309800 0.226900
vt 0.336900 0.236900
vt 0.333700 0.224700
vt 0.348900 0.243600
vt 0.302400 0.262700
vt 0.313100 0.273800
vt 0.320600 0.262100
vt 0.292900 0.214600
vt 0.264600 0.195600
vt 0.270800 0.205900
vt 0.258900 0.220400
vt 0.275500 0.263800
vt 0.260200 0.241300
vt 0.271600 0.249500
vt 0.285000 0.251600
vt 0.274300 0.230100
vt 0.562100 0.083500
vt 0.577000 0.083500
vt 0.569500 0.091800
vt 0.562100 0.100000
vt 0.666000 0.083500
vt 0.658500 0.098100
vt 0.651100 0.083500
vt 0.569600 0.124800
vt 0.576800 0.107600
vt 0.580300 0.124800
vt 0.567500 0.108300
vt 0.653000 0.106400
vt 0.643600 0.106900
vt 0.649500 0.094000
vt 0.978500 0.356300
vt 0.983300 0.348000
vt 0.992300 0.364600
vt 0.575300 0.141400
vt 0.584400 0.149000
vt 0.576300 0.157900
vt 0.754900 0.711900
vt 0.762400 0.700600
vt 0.769800 0.711900
vt 0.575900 0.191000
vt 0.562100 0.182700
vt 0.573300 0.178400
vt 0.562100 0.166200
vt 0.562100 0.149600
vt 0.567200 0.157900
vt 0.985000 0.372900
vt 0.992300 0.381100
vt 0.562100 0.133100
vt 0.562100 0.116600
vt 0.731500 0.131200
vt 0.737100 0.141800
vt 0.723100 0.139400
vt 0.733700 0.610900
vt 0.749200 0.622900
vt 0.735800 0.625600
vt 0.562100 0.199200
vt 0.630900 0.634600
vt 0.640800 0.628200
vt 0.642500 0.643500
vt 0.583700 0.197000
vt 0.583700 0.207500
vt 0.572000 0.201100
vt 0.575900 0.224000
vt 0.562100 0.215800
vt 0.573000 0.212000
vt 0.574000 0.620900
vt 0.581000 0.634200
vt 0.570300 0.637500
vt 0.604300 0.686300
vt 0.598200 0.677600
vt 0.610000 0.668600
vt 0.579800 0.240600
vt 0.569300 0.240600
vt 0.573300 0.691600
vt 0.569500 0.703600
vt 0.562100 0.695300
vt 0.562100 0.298500
vt 0.571100 0.306700
vt 0.562100 0.315000
vt 0.562100 0.232300
vt 0.562100 0.248900
vt 0.562100 0.711900
vt 0.568000 0.670500
vt 0.562100 0.678800
vt 0.562100 0.662300
vt 0.572000 0.167700
vt 0.584400 0.163700
vt 0.584400 0.174200
vt 0.574500 0.571300
vt 0.588900 0.571300
vt 0.581700 0.577700
vt 0.603800 0.093400
vt 0.594200 0.094000
vt 0.591800 0.083500
vt 0.740100 0.711900
vt 0.732700 0.698900
vt 0.745900 0.693700
vt 0.621500 0.083500
vt 0.636300 0.083500
vt 0.628900 0.098400
vt 0.795700 0.111400
vt 0.786100 0.106300
vt 0.792000 0.096700
vt 0.830900 0.147400
vt 0.821700 0.132800
vt 0.835300 0.130300
vt 0.621600 0.106900
vt 0.612500 0.097700
vt 0.620900 0.093500
vt 0.599700 0.148900
vt 0.590100 0.137500
vt 0.601400 0.137100
vt 0.712000 0.106400
vt 0.703000 0.092400
vt 0.717900 0.098700
vt 0.666900 0.106400
vt 0.658500 0.114800
vt 0.562100 0.265400
vt 0.575100 0.273700
vt 0.562100 0.281900
vt 0.604200 0.339500
vt 0.596500 0.331800
vt 0.612400 0.333800
vt 0.695600 0.083500
vt 0.710500 0.083500
vt 0.690100 0.134900
vt 0.689200 0.118800
vt 0.703000 0.127000
vt 0.567600 0.323300
vt 0.576900 0.323500
vt 0.747500 0.103000
vt 0.743400 0.114000
vt 0.735400 0.103600
vt 0.581800 0.700300
vt 0.584400 0.687800
vt 0.594000 0.687000
vt 0.562100 0.331500
vt 0.762400 0.097700
vt 0.754900 0.083500
vt 0.769800 0.083500
vt 0.703000 0.104500
vt 0.614800 0.129500
vt 0.620500 0.140200
vt 0.610100 0.145100
vt 0.777200 0.089800
vt 0.784600 0.083500
vt 0.634200 0.106900
vt 0.593100 0.344200
vt 0.589000 0.356300
vt 0.581700 0.350400
vt 0.672600 0.094600
vt 0.732700 0.116500
vt 0.724200 0.108600
vt 0.626900 0.407400
vt 0.612700 0.408800
vt 0.619000 0.401400
vt 0.627600 0.417800
vt 0.638800 0.414500
vt 0.610800 0.493200
vt 0.607000 0.472400
vt 0.618900 0.480600
vt 0.584400 0.095600
vt 0.588300 0.107400
vt 0.799000 0.648600
vt 0.809400 0.647100
vt 0.802300 0.660000
vt 0.981000 0.240600
vt 0.974200 0.257100
vt 0.967400 0.240600
vt 0.562100 0.381100
vt 0.562100 0.364600
vt 0.570500 0.372900
vt 0.973800 0.160800
vt 0.984400 0.157900
vt 0.980300 0.174400
vt 0.575700 0.406000
vt 0.562100 0.397700
vt 0.568800 0.389400
vt 0.708400 0.158400
vt 0.698500 0.158900
vt 0.705400 0.148000
vt 0.986400 0.124800
vt 0.992300 0.116600
vt 0.992300 0.133100
vt 0.690700 0.532100
vt 0.701500 0.530400
vt 0.694200 0.543400
vt 0.972600 0.095100
vt 0.981100 0.103800
vt 0.970000 0.107500
vt 0.642500 0.581300
vt 0.627900 0.592600
vt 0.621600 0.584200
vt 0.562100 0.447300
vt 0.575000 0.439000
vt 0.572000 0.449600
vt 0.950200 0.109100
vt 0.956100 0.118000
vt 0.946700 0.127700
vt 0.562100 0.430800
vt 0.874300 0.160400
vt 0.876700 0.138600
vt 0.885500 0.147300
vt 0.992300 0.100000
vt 0.574000 0.488600
vt 0.580700 0.502200
vt 0.570100 0.505200
vt 0.960300 0.108500
vt 0.573800 0.521700
vt 0.572500 0.533500
vt 0.562100 0.530000
vt 0.562100 0.513400
vt 0.984800 0.091800
vt 0.817700 0.682700
vt 0.821700 0.695200
vt 0.806900 0.688700
vt 0.588100 0.654000
vt 0.596700 0.639000
vt 0.601600 0.655900
vt 0.910700 0.696600
vt 0.895900 0.690500
vt 0.906100 0.685400
vt 0.562100 0.596100
vt 0.574500 0.604400
vt 0.562100 0.612700
vt 0.562100 0.645700
vt 0.574000 0.654000
vt 0.940700 0.565700
vt 0.951100 0.556000
vt 0.954100 0.566200
vt 0.562100 0.579600
vt 0.570400 0.587900
vt 0.847900 0.396000
vt 0.859400 0.391100
vt 0.858100 0.407500
vt 0.613600 0.616700
vt 0.620600 0.627600
vt 0.607500 0.629900
vt 0.962600 0.083500
vt 0.977400 0.083500
vt 0.562100 0.463800
vt 0.575000 0.472100
vt 0.562100 0.480400
vt 0.992300 0.083500
vt 0.977400 0.711900
vt 0.962600 0.711900
vt 0.970000 0.699800
vt 0.577000 0.711900
vt 0.572400 0.680300
vt 0.897400 0.571300
vt 0.910300 0.567300
vt 0.902700 0.584900
vt 0.612700 0.113200
vt 0.608700 0.122100
vt 0.596500 0.114200
vt 0.599200 0.705900
vt 0.599200 0.695800
vt 0.620800 0.252900
vt 0.627500 0.243700
vt 0.629700 0.259600
vt 0.614000 0.698800
vt 0.621500 0.711900
vt 0.606600 0.711900
vt 0.992300 0.711900
vt 0.984800 0.703600
vt 0.621700 0.691200
vt 0.628900 0.702800
vt 0.599200 0.103400
vt 0.636300 0.711900
vt 0.642900 0.685100
vt 0.644800 0.698100
vt 0.632200 0.691200
vt 0.690200 0.098500
vt 0.673400 0.705500
vt 0.658500 0.701700
vt 0.674100 0.695200
vt 0.721400 0.293500
vt 0.725500 0.304300
vt 0.712800 0.303700
vt 0.703000 0.697400
vt 0.710500 0.711900
vt 0.695600 0.711900
vt 0.708500 0.689000
vt 0.717900 0.701900
vt 0.562100 0.348100
vt 0.574500 0.356300
vt 0.666000 0.711900
vt 0.680800 0.711900
vt 0.599900 0.124800
vt 0.651100 0.711900
vt 0.590100 0.126600
vt 0.752600 0.701500
vt 0.762400 0.686800
vt 0.597400 0.389400
vt 0.588200 0.400200
vt 0.588200 0.382200
vt 0.932900 0.711900
vt 0.918100 0.711900
vt 0.925500 0.702700
vt 0.806900 0.090300
vt 0.821700 0.094100
vt 0.805700 0.100800
vt 0.591800 0.711900
vt 0.829100 0.083500
vt 0.814300 0.083500
vt 0.835400 0.097100
vt 0.834700 0.112000
vt 0.821700 0.107500
vt 0.851400 0.093500
vt 0.843900 0.083500
vt 0.858800 0.083500
vt 0.918100 0.083500
vt 0.910700 0.096100
vt 0.903300 0.083500
vt 0.877900 0.095500
vt 0.877200 0.113700
vt 0.866200 0.097500
vt 0.606600 0.083500
vt 0.896900 0.110500
vt 0.896800 0.096900
vt 0.913200 0.106300
vt 0.873600 0.083500
vt 0.940300 0.096100
vt 0.929600 0.094700
vt 0.932900 0.083500
vt 0.955200 0.099600
vt 0.955200 0.089500
vt 0.947800 0.083500
vt 0.982000 0.115000
vt 0.600000 0.164700
vt 0.609100 0.160600
vt 0.973800 0.149600
vt 0.966800 0.141400
vt 0.973800 0.134500
vt 0.940300 0.697200
vt 0.947800 0.711900
vt 0.966000 0.687900
vt 0.977600 0.687800
vt 0.992300 0.149600
vt 0.980700 0.141400
vt 0.953600 0.139500
vt 0.958400 0.156100
vt 0.992300 0.232300
vt 0.992300 0.248900
vt 0.992300 0.678800
vt 0.992300 0.695300
vt 0.986900 0.687100
vt 0.964200 0.658700
vt 0.978500 0.654000
vt 0.974500 0.670500
vt 0.992300 0.215800
vt 0.979700 0.207500
vt 0.992300 0.199200
vt 0.979100 0.191000
vt 0.982400 0.323300
vt 0.992300 0.315000
vt 0.992300 0.331500
vt 0.934300 0.618200
vt 0.940300 0.609700
vt 0.942000 0.624900
vt 0.981000 0.273700
vt 0.974200 0.281800
vt 0.967400 0.273700
vt 0.888400 0.711900
vt 0.895900 0.702700
vt 0.903300 0.711900
vt 0.881400 0.697000
vt 0.955700 0.224900
vt 0.955600 0.213200
vt 0.972400 0.214100
vt 0.925000 0.538200
vt 0.919300 0.528800
vt 0.929400 0.526000
vt 0.980100 0.439000
vt 0.992300 0.430800
vt 0.992300 0.447300
vt 0.847500 0.544700
vt 0.856000 0.539500
vt 0.863400 0.555500
vt 0.836500 0.701700
vt 0.836500 0.688700
vt 0.975000 0.453600
vt 0.847000 0.361400
vt 0.853900 0.372700
vt 0.841500 0.372900
vt 0.947500 0.276600
vt 0.936500 0.261900
vt 0.946400 0.257100
vt 0.962600 0.505200
vt 0.951300 0.498800
vt 0.958100 0.487100
vt 0.978700 0.339600
vt 0.958100 0.548800
vt 0.959100 0.538200
vt 0.967800 0.548200
vt 0.992300 0.265400
vt 0.992300 0.281900
vt 0.599100 0.280400
vt 0.612400 0.290900
vt 0.603400 0.295800
vt 0.978500 0.389400
vt 0.964700 0.384600
vt 0.974400 0.372900
vt 0.628900 0.115400
vt 0.772100 0.701500
vt 0.851400 0.642600
vt 0.849500 0.654500
vt 0.838400 0.646300
vt 0.855300 0.664800
vt 0.853200 0.675300
vt 0.843300 0.674700
vt 0.828700 0.679800
vt 0.830200 0.606000
vt 0.820500 0.619600
vt 0.814300 0.606200
vt 0.981600 0.472100
vt 0.992300 0.463800
vt 0.992300 0.480400
vt 0.888000 0.661100
vt 0.877900 0.656500
vt 0.884000 0.643000
vt 0.784600 0.711900
vt 0.982500 0.461100
vt 0.587700 0.521700
vt 0.599000 0.505700
vt 0.605400 0.515100
vt 0.662500 0.452100
vt 0.653300 0.461100
vt 0.646500 0.450700
vt 0.910700 0.674300
vt 0.896300 0.673900
vt 0.562100 0.563100
vt 0.873600 0.711900
vt 0.858800 0.711900
vt 0.866200 0.705200
vt 0.851400 0.697600
vt 0.866200 0.694800
vt 0.865300 0.254800
vt 0.872700 0.264200
vt 0.858300 0.264500
vt 0.773400 0.624700
vt 0.767800 0.636500
vt 0.763000 0.622900
vt 0.949400 0.701300
vt 0.945700 0.687100
vt 0.955200 0.692600
vt 0.960400 0.701500
vt 0.615100 0.654000
vt 0.619500 0.640900
vt 0.630000 0.652400
vt 0.743600 0.658200
vt 0.752000 0.668700
vt 0.739200 0.670100
vt 0.930700 0.657500
vt 0.941600 0.665100
vt 0.925500 0.670400
vt 0.612300 0.587900
vt 0.605200 0.602700
vt 0.597000 0.588700
vt 0.992300 0.530000
vt 0.978900 0.521700
vt 0.992300 0.513400
vt 0.582400 0.430000
vt 0.582400 0.445300
vt 0.975000 0.480000
vt 0.968500 0.472100
vt 0.986200 0.538200
vt 0.962800 0.129000
vt 0.698100 0.689000
vt 0.992300 0.579600
vt 0.987200 0.587900
vt 0.979100 0.571300
vt 0.983900 0.604400
vt 0.978000 0.587900
vt 0.960300 0.260300
vt 0.929700 0.186300
vt 0.935200 0.175700
vt 0.939900 0.191400
vt 0.978900 0.554800
vt 0.976500 0.538200
vt 0.922600 0.103600
vt 0.992300 0.546500
vt 0.970900 0.614400
vt 0.978000 0.620900
vt 0.788500 0.146400
vt 0.789400 0.163200
vt 0.776000 0.152600
vt 0.972600 0.604400
vt 0.979100 0.637500
vt 0.992300 0.645700
vt 0.985000 0.670500
vt 0.992300 0.662300
vt 0.577600 0.670500
vt 0.607100 0.644700
vt 0.592000 0.666400
vt 0.679100 0.685100
vt 0.690100 0.673000
vt 0.689000 0.689000
vt 0.581000 0.660900
vt 0.858100 0.105500
vt 0.992300 0.612700
vt 0.992300 0.596100
vt 0.976800 0.124800
vt 0.581000 0.645600
vt 0.843900 0.711900
vt 0.829100 0.711900
vt 0.584700 0.296300
vt 0.576900 0.289900
vt 0.604800 0.306700
vt 0.628200 0.521400
vt 0.637200 0.512900
vt 0.639000 0.526700
vt 0.595400 0.558100
vt 0.581700 0.557300
vt 0.562100 0.414200
vt 0.594500 0.428800
vt 0.610300 0.426600
vt 0.601300 0.441600
vt 0.979000 0.422400
vt 0.960200 0.290300
vt 0.951100 0.286400
vt 0.957000 0.271300
vt 0.572000 0.560600
vt 0.562100 0.546500
vt 0.572600 0.548900
vt 0.692400 0.700400
vt 0.717900 0.689000
vt 0.723000 0.680100
vt 0.732700 0.680600
vt 0.614000 0.683500
vt 0.562100 0.629200
vt 0.586700 0.676500
vt 0.844100 0.116000
vt 0.847100 0.105500
vt 0.844100 0.136000
vt 0.768300 0.109400
vt 0.766800 0.120800
vt 0.754200 0.115600
vt 0.982600 0.230000
vt 0.943600 0.161400
vt 0.947200 0.149700
vt 0.965800 0.251300
vt 0.936300 0.273700
vt 0.929500 0.112800
vt 0.940300 0.111100
vt 0.925600 0.123900
vt 0.914600 0.125500
vt 0.866200 0.113600
vt 0.992300 0.166200
vt 0.992300 0.182700
vt 0.965100 0.207500
vt 0.951000 0.202600
vt 0.954700 0.190300
vt 0.967800 0.118800
vt 0.940300 0.139900
vt 0.966000 0.186300
vt 0.966900 0.172500
vt 0.944800 0.181000
vt 0.935700 0.128900
vt 0.866200 0.675800
vt 0.870100 0.665500
vt 0.878800 0.671400
vt 0.916700 0.683900
vt 0.806900 0.701700
vt 0.814300 0.711900
vt 0.799400 0.711900
vt 0.802200 0.680200
vt 0.975000 0.490600
vt 0.985200 0.488600
vt 0.980100 0.505200
vt 0.937700 0.422600
vt 0.934400 0.412900
vt 0.947200 0.422500
vt 0.953400 0.509700
vt 0.951100 0.520500
vt 0.941900 0.505300
vt 0.955200 0.671700
vt 0.886500 0.681400
vt 0.987200 0.620900
vt 0.992300 0.629200
vt 0.970900 0.594400
vt 0.954200 0.647100
vt 0.968800 0.647100
vt 0.964700 0.669400
vt 0.970200 0.629800
vt 0.935100 0.688100
vt 0.593000 0.202300
vt 0.602300 0.207500
vt 0.592400 0.213000
vt 0.575900 0.257100
vt 0.583700 0.184700
vt 0.591500 0.191000
vt 0.620100 0.120400
vt 0.639800 0.095200
vt 0.657200 0.126300
vt 0.641400 0.121500
vt 0.678300 0.106400
vt 0.608900 0.393900
vt 0.589900 0.472100
vt 0.582400 0.465800
vt 0.598400 0.453800
vt 0.572400 0.333800
vt 0.572200 0.345200
vt 0.598300 0.371300
vt 0.567600 0.290200
vt 0.584700 0.317100
vt 0.725300 0.083500
vt 0.687700 0.108500
vt 0.747500 0.091500
vt 0.740100 0.083500
vt 0.715200 0.115800
vt 0.715200 0.129200
vt 0.799400 0.083500
vt 0.797200 0.121700
vt 0.777200 0.118600
vt 0.797800 0.689600
vt 0.793100 0.681100
vt 0.580700 0.513400
vt 0.628900 0.555400
vt 0.620800 0.561900
vt 0.616900 0.551700
vt 0.597500 0.487900
vt 0.608200 0.503200
vt 0.572000 0.422500
vt 0.584600 0.410000
vt 0.588300 0.419700
vt 0.603800 0.406000
vt 0.602200 0.421100
vt 0.992300 0.397700
vt 0.992300 0.414200
vt 0.981200 0.406000
vt 0.963800 0.306700
vt 0.955300 0.315100
vt 0.953900 0.304200
vt 0.581700 0.612900
vt 0.595600 0.578500
vt 0.604000 0.573900
vt 0.716400 0.672400
vt 0.703000 0.680700
vt 0.702700 0.664600
vt 0.737100 0.689800
vt 0.746600 0.680500
vt 0.621500 0.665000
vt 0.638100 0.660500
vt 0.626900 0.676600
vt 0.658500 0.688700
vt 0.593000 0.621600
vt 0.590200 0.631500
vt 0.603400 0.619300
vt 0.641100 0.617100
vt 0.631700 0.620600
vt 0.636500 0.607600
vt 0.616800 0.599800
vt 0.597600 0.610200
vt 0.588900 0.604400
vt 0.581700 0.598000
vt 0.596700 0.598800
vt 0.624300 0.609800
vt 0.648700 0.606700
vt 0.650300 0.621200
vt 0.663300 0.652500
vt 0.656500 0.642200
vt 0.669900 0.639600
vt 0.607600 0.560900
vt 0.650500 0.632700
vt 0.659200 0.615500
vt 0.672100 0.625000
vt 0.660700 0.626600
vt 0.692600 0.656400
vt 0.650400 0.654000
vt 0.648300 0.664900
vt 0.658500 0.664200
vt 0.640300 0.594600
vt 0.660700 0.604400
vt 0.640600 0.672200
vt 0.654100 0.676400
vt 0.665000 0.678900
vt 0.888400 0.083500
vt 0.887500 0.094000
vt 0.815700 0.116300
vt 0.934700 0.243000
vt 0.945000 0.245700
vt 0.972400 0.199600
vt 0.984700 0.290200
vt 0.974200 0.292700
vt 0.980300 0.306700
vt 0.908400 0.115500
vt 0.958200 0.167100
vt 0.887800 0.117200
vt 0.885300 0.105500
vt 0.875100 0.685300
vt 0.821700 0.670200
vt 0.832300 0.668900
vt 0.857000 0.685300
vt 0.792800 0.697900
vt 0.784300 0.701800
vt 0.778800 0.693700
vt 0.774900 0.680100
vt 0.949300 0.408200
vt 0.959700 0.417400
vt 0.945900 0.436300
vt 0.956300 0.428400
vt 0.955800 0.395700
vt 0.948800 0.384500
vt 0.992300 0.563100
vt 0.967800 0.528300
vt 0.968800 0.560700
vt 0.968800 0.515800
vt 0.925500 0.690500
vt 0.962100 0.617800
vt 0.950700 0.616800
vt 0.962100 0.606200
vt 0.962100 0.591000
vt 0.962600 0.571300
vt 0.952800 0.659500
vt 0.938800 0.678300
vt 0.593800 0.292600
vt 0.586800 0.280400
vt 0.583700 0.218000
vt 0.583700 0.230700
vt 0.591500 0.224000
vt 0.592500 0.157900
vt 0.599300 0.184500
vt 0.680800 0.083500
vt 0.704700 0.115800
vt 0.581700 0.372100
vt 0.578900 0.389400
vt 0.581700 0.340500
vt 0.582800 0.306700
vt 0.593800 0.304700
vt 0.593800 0.320900
vt 0.728100 0.094900
vt 0.777200 0.100100
vt 0.725300 0.711900
vt 0.727600 0.669300
vt 0.763300 0.673600
vt 0.562100 0.496900
vt 0.589100 0.533600
vt 0.601000 0.525800
vt 0.614300 0.521700
vt 0.600300 0.537100
vt 0.590900 0.497500
vt 0.580700 0.541200
vt 0.582400 0.455600
vt 0.582400 0.480900
vt 0.964700 0.361200
vt 0.968000 0.335400
vt 0.970000 0.323300
vt 0.914400 0.335800
vt 0.902300 0.327800
vt 0.914000 0.321600
vt 0.625200 0.544600
vt 0.652100 0.589900
vt 0.670200 0.662800
vt 0.899600 0.121200
vt 0.899500 0.132400
vt 0.888700 0.135600
vt 0.881100 0.126600
vt 0.867000 0.129200
vt 0.855800 0.117100
vt 0.825200 0.120100
vt 0.982600 0.263000
vt 0.982600 0.251300
vt 0.974200 0.224300
vt 0.965100 0.229600
vt 0.982400 0.218000
vt 0.992300 0.298500
vt 0.821700 0.705500
vt 0.846800 0.687400
vt 0.775700 0.665900
vt 0.783300 0.673400
vt 0.992300 0.496900
vt 0.967900 0.461300
vt 0.971400 0.500400
vt 0.958600 0.457300
vt 0.960100 0.439200
vt 0.970100 0.443300
vt 0.970000 0.416900
vt 0.969100 0.430200
vt 0.969300 0.394700
vt 0.914200 0.654800
vt 0.916600 0.665400
vt 0.903700 0.662700
vt 0.923300 0.650100
vt 0.863000 0.643000
vt 0.867000 0.654800
vt 0.935300 0.644300
vt 0.845600 0.620600
vt 0.842200 0.633500
vt 0.833000 0.619500
vt 0.840700 0.661700
vt 0.952800 0.629100
vt 0.944700 0.638300
vt 0.948600 0.590000
vt 0.951600 0.604400
vt 0.968700 0.581400
vt 0.959000 0.581100
vt 0.961300 0.637500
vt 0.600200 0.269700
vt 0.609600 0.273300
vt 0.598600 0.242800
vt 0.639300 0.136000
vt 0.631300 0.144000
vt 0.630200 0.129700
vt 0.673100 0.123800
vt 0.679900 0.116600
vt 0.589800 0.366700
vt 0.593100 0.262200
vt 0.600000 0.253900
vt 0.610900 0.323300
vt 0.586300 0.329700
vt 0.723700 0.122400
vt 0.592800 0.544800
vt 0.572600 0.460600
vt 0.955000 0.372900
vt 0.968400 0.347800
vt 0.972000 0.302400
vt 0.581700 0.587900
vt 0.624200 0.573800
vt 0.629900 0.565600
vt 0.639000 0.568300
vt 0.681000 0.651000
vt 0.675400 0.674300
vt 0.856500 0.136400
vt 0.806700 0.121000
vt 0.816300 0.147500
vt 0.955600 0.246900
vt 0.945300 0.217500
vt 0.825400 0.650000
vt 0.806000 0.671200
vt 0.813100 0.657800
vt 0.967800 0.406000
vt 0.950500 0.576100
vt 0.947300 0.542900
vt 0.936800 0.549300
vt 0.958100 0.527700
vt 0.939900 0.532500
vt 0.941200 0.521700
vt 0.901600 0.647000
vt 0.891400 0.634600
vt 0.943700 0.651900
vt 0.925500 0.639300
vt 0.622000 0.155200
vt 0.618000 0.164900
vt 0.589900 0.439000
vt 0.616200 0.386700
vt 0.608700 0.379800
vt 0.622400 0.370800
vt 0.624100 0.430000
vt 0.623000 0.444700
vt 0.612000 0.436700
vt 0.608800 0.365700
vt 0.603100 0.354500
vt 0.584800 0.269200
vt 0.586500 0.251300
vt 0.629600 0.180800
vt 0.612800 0.184500
vt 0.621500 0.174800
vt 0.626900 0.279100
vt 0.640600 0.281500
vt 0.630100 0.291400
vt 0.616900 0.281000
vt 0.613200 0.239600
vt 0.603700 0.229600
vt 0.613600 0.226500
vt 0.610200 0.255500
vt 0.618700 0.264700
vt 0.625800 0.320600
vt 0.616700 0.311100
vt 0.631800 0.304000
vt 0.602900 0.317200
vt 0.621400 0.338200
vt 0.629600 0.347200
vt 0.613200 0.345500
vt 0.694100 0.146500
vt 0.683000 0.149100
vt 0.784600 0.137000
vt 0.791200 0.129800
vt 0.743900 0.128400
vt 0.775200 0.137600
vt 0.759500 0.129100
vt 0.751200 0.141500
vt 0.764600 0.139400
vt 0.598300 0.477300
vt 0.610500 0.535000
vt 0.620100 0.530900
vt 0.948100 0.361700
vt 0.955500 0.350900
vt 0.992300 0.348100
vt 0.614100 0.570200
vt 0.682000 0.663700
vt 0.952300 0.235900
vt 0.958300 0.327200
vt 0.944600 0.311200
vt 0.948900 0.449200
vt 0.896400 0.655900
vt 0.901600 0.631300
vt 0.912500 0.639100
vt 0.931800 0.600000
vt 0.938500 0.591500
vt 0.626000 0.386000
vt 0.638200 0.374600
vt 0.615900 0.418200
vt 0.637200 0.448800
vt 0.636700 0.438500
vt 0.614300 0.455600
vt 0.653900 0.277300
vt 0.645700 0.270000
vt 0.648100 0.306700
vt 0.638600 0.314500
vt 0.635200 0.270500
vt 0.616800 0.356300
vt 0.643800 0.363000
vt 0.630900 0.359800
vt 0.653800 0.370300
vt 0.639600 0.327400
vt 0.631900 0.335700
vt 0.656800 0.353700
vt 0.650800 0.338200
vt 0.665400 0.340700
vt 0.661600 0.287200
vt 0.650600 0.291900
vt 0.663800 0.135500
vt 0.677500 0.136700
vt 0.672900 0.146800
vt 0.682700 0.127200
vt 0.752900 0.151600
vt 0.762400 0.150800
vt 0.707800 0.137000
vt 0.605000 0.547500
vt 0.605700 0.461400
vt 0.617000 0.507000
vt 0.647300 0.518300
vt 0.645500 0.506200
vt 0.636600 0.544400
vt 0.629900 0.534200
vt 0.628100 0.506100
vt 0.942300 0.396000
vt 0.927800 0.397500
vt 0.914400 0.391200
vt 0.921800 0.383000
vt 0.940800 0.372100
vt 0.932100 0.381300
vt 0.926800 0.372500
vt 0.934500 0.390900
vt 0.935600 0.402900
vt 0.933700 0.353500
vt 0.931800 0.363400
vt 0.942300 0.349800
vt 0.926600 0.347000
vt 0.935800 0.339600
vt 0.946600 0.323300
vt 0.946600 0.335700
vt 0.957600 0.339200
vt 0.947000 0.296000
vt 0.933400 0.309400
vt 0.922000 0.300800
vt 0.936400 0.298100
vt 0.881000 0.204500
vt 0.889400 0.199100
vt 0.886700 0.214700
vt 0.939300 0.285800
vt 0.703000 0.648500
vt 0.712500 0.656800
vt 0.812600 0.137400
vt 0.633500 0.399700
vt 0.641600 0.404700
vt 0.663800 0.304300
vt 0.847800 0.383400
vt 0.721400 0.257100
vt 0.718200 0.268600
vt 0.709900 0.253700
vt 0.717300 0.151000
vt 0.729100 0.147700
vt 0.737100 0.163200
vt 0.630200 0.484700
vt 0.628500 0.473400
vt 0.624800 0.494600
vt 0.641100 0.496100
vt 0.925000 0.278700
vt 0.919400 0.358900
vt 0.917100 0.372900
vt 0.691000 0.639000
vt 0.733900 0.660900
vt 0.725300 0.646200
vt 0.734900 0.643300
vt 0.724700 0.657100
vt 0.802900 0.140200
vt 0.618000 0.467800
vt 0.630800 0.456400
vt 0.663600 0.151600
vt 0.673700 0.161500
vt 0.603400 0.174800
vt 0.703000 0.171300
vt 0.691800 0.169000
vt 0.645600 0.147500
vt 0.684300 0.160700
vt 0.655600 0.144500
vt 0.768400 0.158700
vt 0.778500 0.166500
vt 0.749500 0.173500
vt 0.747200 0.159800
vt 0.727100 0.169700
vt 0.727500 0.158100
vt 0.882500 0.349000
vt 0.888600 0.331700
vt 0.891400 0.347500
vt 0.942900 0.230800
vt 0.928300 0.290300
vt 0.926600 0.266800
vt 0.927000 0.253400
vt 0.915000 0.256100
vt 0.914900 0.273700
vt 0.905000 0.268600
vt 0.934400 0.219200
vt 0.919600 0.214500
vt 0.936900 0.207500
vt 0.930700 0.230500
vt 0.718000 0.638800
vt 0.762100 0.647300
vt 0.753500 0.654100
vt 0.756400 0.635600
vt 0.762400 0.660400
vt 0.771800 0.655100
vt 0.781700 0.650700
vt 0.789900 0.664700
vt 0.744300 0.635000
vt 0.745200 0.646600
vt 0.783900 0.684500
vt 0.640900 0.350300
vt 0.637800 0.387600
vt 0.649700 0.399600
vt 0.658600 0.393200
vt 0.665800 0.401700
vt 0.666900 0.492200
vt 0.666700 0.479100
vt 0.676100 0.487600
vt 0.716600 0.164500
vt 0.691700 0.185300
vt 0.695600 0.194200
vt 0.689400 0.201300
vt 0.654100 0.155000
vt 0.650000 0.135000
vt 0.645900 0.160900
vt 0.634200 0.157000
vt 0.658400 0.164600
vt 0.757000 0.164900
vt 0.642000 0.464500
vt 0.648600 0.437500
vt 0.639100 0.478800
vt 0.652500 0.474500
vt 0.647000 0.486500
vt 0.657400 0.488600
vt 0.655600 0.508900
vt 0.796700 0.671700
vt 0.790800 0.654300
vt 0.819100 0.629600
vt 0.806900 0.616800
vt 0.648200 0.320100
vt 0.648900 0.424000
vt 0.657400 0.428800
vt 0.635700 0.426300
vt 0.652300 0.411900
vt 0.661600 0.419400
vt 0.669800 0.429500
vt 0.660500 0.438800
vt 0.664400 0.465400
vt 0.673800 0.466000
vt 0.677200 0.456500
vt 0.683500 0.445700
vt 0.692400 0.454000
vt 0.695100 0.414100
vt 0.703500 0.425700
vt 0.692400 0.428500
vt 0.665900 0.317200
vt 0.658400 0.324200
vt 0.656900 0.312900
vt 0.671600 0.443600
vt 0.681700 0.433100
vt 0.737700 0.481000
vt 0.730100 0.471800
vt 0.740200 0.466000
vt 0.678800 0.474700
vt 0.686100 0.464700
vt 0.660700 0.594100
vt 0.789400 0.640800
vt 0.800300 0.603800
vt 0.808600 0.591900
vt 0.828100 0.632100
vt 0.821200 0.640000
vt 0.811900 0.636000
vt 0.801500 0.628700
vt 0.857400 0.633600
vt 0.641100 0.339600
vt 0.672900 0.387600
vt 0.675800 0.403900
vt 0.695100 0.440600
vt 0.671500 0.418900
vt 0.724700 0.461000
vt 0.734200 0.456700
vt 0.725400 0.622700
vt 0.728000 0.634000
vt 0.658100 0.521700
vt 0.666500 0.509800
vt 0.779000 0.634400
vt 0.621000 0.299400
vt 0.651200 0.384900
vt 0.668700 0.364900
vt 0.677200 0.368200
vt 0.664700 0.380200
vt 0.707600 0.441900
vt 0.682500 0.496400
vt 0.689500 0.488800
vt 0.789100 0.628300
vt 0.640200 0.296200
vt 0.721900 0.449100
vt 0.711700 0.458200
vt 0.692500 0.476000
vt 0.636200 0.173000
vt 0.628200 0.166100
vt 0.639200 0.219500
vt 0.644800 0.210600
vt 0.647800 0.225900
vt 0.626000 0.201600
vt 0.615900 0.197700
vt 0.631100 0.191400
vt 0.650500 0.186700
vt 0.648300 0.173800
vt 0.654000 0.572800
vt 0.649300 0.561900
vt 0.665500 0.560300
vt 0.680300 0.634000
vt 0.684700 0.620400
vt 0.691200 0.628400
vt 0.674300 0.609500
vt 0.929200 0.161500
vt 0.924400 0.141100
vt 0.911600 0.151400
vt 0.911800 0.137100
vt 0.603800 0.193900
vt 0.611400 0.206300
vt 0.615000 0.215400
vt 0.624700 0.217400
vt 0.623800 0.228100
vt 0.600700 0.218700
vt 0.636000 0.230200
vt 0.639400 0.246300
vt 0.642900 0.258900
vt 0.660500 0.185300
vt 0.666000 0.176100
vt 0.668000 0.192700
vt 0.705300 0.243800
vt 0.698100 0.251600
vt 0.646400 0.237500
vt 0.651400 0.247900
vt 0.675200 0.244000
vt 0.663900 0.250700
vt 0.662200 0.233700
vt 0.632500 0.210900
vt 0.641700 0.200300
vt 0.656700 0.262200
vt 0.691700 0.260900
vt 0.681500 0.267800
vt 0.685600 0.251400
vt 0.671200 0.271900
vt 0.673100 0.290300
vt 0.682100 0.281200
vt 0.705000 0.296900
vt 0.692700 0.284500
vt 0.709100 0.287000
vt 0.659700 0.219400
vt 0.682800 0.212800
vt 0.675400 0.223600
vt 0.667300 0.207300
vt 0.666300 0.262800
vt 0.675000 0.258200
vt 0.686600 0.307400
vt 0.674400 0.312000
vt 0.676500 0.301000
vt 0.707300 0.266400
vt 0.691500 0.272500
vt 0.679300 0.233900
vt 0.692000 0.243100
vt 0.684100 0.293300
vt 0.702000 0.277400
vt 0.695000 0.296300
vt 0.696400 0.214100
vt 0.681300 0.173700
vt 0.679400 0.187200
vt 0.677500 0.200600
vt 0.653800 0.206400
vt 0.706900 0.232900
vt 0.722100 0.240000
vt 0.723300 0.197700
vt 0.713500 0.201500
vt 0.714300 0.188900
vt 0.710000 0.212100
vt 0.702300 0.205900
vt 0.739000 0.199500
vt 0.729800 0.212200
vt 0.716100 0.232400
vt 0.689000 0.221600
vt 0.704300 0.221800
vt 0.689300 0.232700
vt 0.810900 0.319900
vt 0.799900 0.337700
vt 0.801600 0.315800
vt 0.843200 0.412100
vt 0.719800 0.223100
vt 0.771100 0.282200
vt 0.771100 0.262400
vt 0.780000 0.274400
vt 0.723900 0.278900
vt 0.734400 0.297700
vt 0.702900 0.183600
vt 0.704600 0.195700
vt 0.719500 0.177600
vt 0.734500 0.265500
vt 0.744700 0.336500
vt 0.756500 0.331300
vt 0.758000 0.345100
vt 0.790700 0.349700
vt 0.779600 0.337000
vt 0.788400 0.339000
vt 0.683900 0.321500
vt 0.693900 0.318000
vt 0.741100 0.305500
vt 0.733200 0.312900
vt 0.722500 0.315500
vt 0.712600 0.323800
vt 0.729500 0.185800
vt 0.759500 0.176100
vt 0.922300 0.152600
vt 0.858200 0.163600
vt 0.857200 0.151700
vt 0.866200 0.144800
vt 0.848500 0.125900
vt 0.847100 0.146700
vt 0.852100 0.179900
vt 0.839700 0.168700
vt 0.848000 0.162000
vt 0.839300 0.156100
vt 0.872400 0.233500
vt 0.884700 0.226400
vt 0.885700 0.238000
vt 0.736700 0.174700
vt 0.823700 0.153600
vt 0.814500 0.158600
vt 0.806500 0.174100
vt 0.804400 0.156500
vt 0.823800 0.163700
vt 0.830500 0.177100
vt 0.840500 0.192100
vt 0.829200 0.197300
vt 0.761000 0.196700
vt 0.768800 0.184100
vt 0.769700 0.204700
vt 0.797700 0.149000
vt 0.818700 0.174700
vt 0.919100 0.234500
vt 0.922600 0.224600
vt 0.895500 0.207500
vt 0.920400 0.183400
vt 0.923100 0.196100
vt 0.911100 0.186400
vt 0.906000 0.242800
vt 0.909300 0.223700
vt 0.932600 0.198200
vt 0.919400 0.172900
vt 0.903300 0.172600
vt 0.911400 0.163900
vt 0.918400 0.204600
vt 0.955000 0.177400
vt 0.909500 0.202600
vt 0.898900 0.147000
vt 0.935900 0.151400
vt 0.899900 0.160000
vt 0.887200 0.170900
vt 0.902800 0.193600
vt 0.897700 0.231000
vt 0.852000 0.192400
vt 0.841300 0.180300
vt 0.894700 0.178400
vt 0.892900 0.189200
vt 0.916000 0.245100
vt 0.868900 0.177800
vt 0.877000 0.171100
vt 0.878700 0.189000
vt 0.914800 0.288200
vt 0.851900 0.246100
vt 0.899100 0.218900
vt 0.872200 0.217400
vt 0.931800 0.501500
vt 0.934300 0.514000
vt 0.918800 0.514700
vt 0.956000 0.473600
vt 0.947000 0.484000
vt 0.931100 0.559700
vt 0.649900 0.530200
vt 0.710600 0.541900
vt 0.703100 0.551500
vt 0.667000 0.572600
vt 0.678500 0.569700
vt 0.675900 0.580500
vt 0.923700 0.607800
vt 0.917000 0.574800
vt 0.927400 0.586200
vt 0.921600 0.596200
vt 0.915300 0.585000
vt 0.938300 0.580400
vt 0.925700 0.570300
vt 0.918800 0.564000
vt 0.877500 0.553000
vt 0.885700 0.545100
vt 0.890600 0.561100
vt 0.927600 0.548000
vt 0.933900 0.540000
vt 0.920400 0.554400
vt 0.921800 0.629600
vt 0.913000 0.625400
vt 0.924500 0.619500
vt 0.899600 0.553200
vt 0.909900 0.555700
vt 0.928900 0.489800
vt 0.935200 0.479900
vt 0.939500 0.493500
vt 0.913000 0.603400
vt 0.901300 0.614400
vt 0.898400 0.597800
vt 0.908900 0.593400
vt 0.915300 0.614400
vt 0.921100 0.500800
vt 0.910600 0.491300
vt 0.909700 0.524700
vt 0.910400 0.541900
vt 0.937000 0.446100
vt 0.948200 0.461200
vt 0.909800 0.364200
vt 0.899900 0.339600
vt 0.916600 0.346400
vt 0.924000 0.336800
vt 0.899300 0.362100
vt 0.902000 0.378600
vt 0.906900 0.349000
vt 0.876800 0.341400
vt 0.860800 0.340400
vt 0.867000 0.328200
vt 0.876300 0.379400
vt 0.868200 0.365500
vt 0.884100 0.370300
vt 0.911300 0.381300
vt 0.889500 0.358500
vt 0.904000 0.315700
vt 0.936700 0.320000
vt 0.930200 0.328800
vt 0.922500 0.313300
vt 0.894100 0.371600
vt 0.879300 0.358200
vt 0.859700 0.313500
vt 0.856600 0.329900
vt 0.847500 0.324300
vt 0.815000 0.329800
vt 0.868600 0.351400
vt 0.849600 0.313500
vt 0.857300 0.303700
vt 0.858700 0.363700
vt 0.877800 0.329500
vt 0.833500 0.338300
vt 0.824400 0.333500
vt 0.835500 0.327500
vt 0.856400 0.353500
vt 0.846500 0.338000
vt 0.838000 0.348100
vt 0.823700 0.347800
vt 0.831200 0.314800
vt 0.836800 0.304100
vt 0.847800 0.348500
vt 0.880900 0.248400
vt 0.888100 0.258600
vt 0.868100 0.318000
vt 0.892800 0.316300
vt 0.848000 0.302700
vt 0.815900 0.356400
vt 0.811400 0.339900
vt 0.762100 0.274400
vt 0.759500 0.291700
vt 0.750100 0.286100
vt 0.903100 0.280400
vt 0.883600 0.320700
vt 0.876400 0.313100
vt 0.867900 0.306300
vt 0.877600 0.297500
vt 0.852600 0.290900
vt 0.859000 0.280200
vt 0.863300 0.296000
vt 0.874000 0.282400
vt 0.886000 0.306200
vt 0.889900 0.287400
vt 0.888000 0.271500
vt 0.883200 0.280300
vt 0.912400 0.307600
vt 0.902200 0.296200
vt 0.893500 0.245800
vt 0.896400 0.305700
vt 0.899900 0.257900
vt 0.871500 0.244400
vt 0.797200 0.170100
vt 0.782400 0.178200
vt 0.795100 0.180800
vt 0.705000 0.633600
vt 0.714400 0.626400
vt 0.762400 0.608400
vt 0.717800 0.614400
vt 0.639000 0.557200
vt 0.652700 0.540900
vt 0.755600 0.576900
vt 0.767000 0.569700
vt 0.767800 0.582500
vt 0.911800 0.506100
vt 0.680500 0.536300
vt 0.665800 0.540200
vt 0.671700 0.531600
vt 0.673400 0.500600
vt 0.696500 0.307000
vt 0.694900 0.351200
vt 0.683100 0.341800
vt 0.699500 0.336100
vt 0.704100 0.313800
vt 0.671400 0.326000
vt 0.702100 0.325000
vt 0.680000 0.331500
vt 0.668000 0.352600
vt 0.659800 0.363000
vt 0.678600 0.352200
vt 0.678700 0.377900
vt 0.691500 0.384100
vt 0.705300 0.381600
vt 0.699500 0.390300
vt 0.681300 0.394700
vt 0.689900 0.403000
vt 0.680200 0.413900
vt 0.688500 0.372800
vt 0.684200 0.362000
vt 0.867400 0.273800
vt 0.845900 0.203300
vt 0.822000 0.186400
vt 0.803500 0.191600
vt 0.785900 0.282000
vt 0.780200 0.289800
vt 0.741600 0.186700
vt 0.741500 0.212000
vt 0.811600 0.184300
vt 0.793600 0.191400
vt 0.749500 0.196500
vt 0.752700 0.208000
vt 0.778700 0.189500
vt 0.767300 0.168900
vt 0.762300 0.213000
vt 0.815300 0.200000
vt 0.805400 0.202500
vt 0.800300 0.212000
vt 0.795900 0.201500
vt 0.786100 0.198300
vt 0.789700 0.209500
vt 0.754900 0.186200
vt 0.733200 0.228000
vt 0.750900 0.222400
vt 0.741300 0.222400
vt 0.885200 0.159200
vt 0.860000 0.173900
vt 0.943600 0.472100
vt 0.891600 0.623000
vt 0.881700 0.614600
vt 0.891400 0.607800
vt 0.878000 0.596600
vt 0.888300 0.594900
vt 0.873500 0.645500
vt 0.880900 0.628700
vt 0.869700 0.632700
vt 0.869600 0.612900
vt 0.670200 0.550400
vt 0.658500 0.550100
vt 0.646800 0.550000
vt 0.680200 0.552800
vt 0.674600 0.560700
vt 0.890100 0.583700
vt 0.860100 0.622900
vt 0.858100 0.608600
vt 0.881400 0.568800
vt 0.877200 0.582200
vt 0.866200 0.574700
vt 0.871100 0.563300
vt 0.866700 0.599900
vt 0.867700 0.585400
vt 0.835700 0.547600
vt 0.838400 0.533200
vt 0.769200 0.384000
vt 0.772500 0.373200
vt 0.779600 0.382700
vt 0.878100 0.536700
vt 0.865400 0.527700
vt 0.870300 0.512000
vt 0.875600 0.522700
vt 0.900800 0.542700
vt 0.900000 0.528200
vt 0.885500 0.529700
vt 0.886200 0.519200
vt 0.845600 0.572600
vt 0.842700 0.585400
vt 0.832700 0.576500
vt 0.864800 0.544200
vt 0.893100 0.536400
vt 0.844300 0.598400
vt 0.833300 0.593500
vt 0.855400 0.515300
vt 0.838200 0.503200
vt 0.849200 0.505300
vt 0.841500 0.518900
vt 0.903900 0.460800
vt 0.909000 0.476500
vt 0.894300 0.472100
vt 0.890900 0.508100
vt 0.901400 0.504100
vt 0.899700 0.517100
vt 0.885500 0.481200
vt 0.900200 0.479900
vt 0.895500 0.488700
vt 0.876800 0.489600
vt 0.875600 0.479000
vt 0.872200 0.501800
vt 0.879900 0.511300
vt 0.881700 0.501100
vt 0.924200 0.478900
vt 0.931800 0.466400
vt 0.896700 0.388900
vt 0.887200 0.383100
vt 0.931000 0.430000
vt 0.832000 0.387100
vt 0.829600 0.374400
vt 0.825900 0.361800
vt 0.864800 0.379000
vt 0.836500 0.362700
vt 0.877800 0.390600
vt 0.887100 0.395500
vt 0.909300 0.400100
vt 0.899600 0.400200
vt 0.870000 0.398000
vt 0.867500 0.407800
vt 0.884300 0.407600
vt 0.922100 0.439900
vt 0.906400 0.435100
vt 0.917700 0.426900
vt 0.890000 0.440000
vt 0.895100 0.428300
vt 0.900200 0.445900
vt 0.879900 0.469500
vt 0.888500 0.456600
vt 0.851500 0.530000
vt 0.822900 0.387600
vt 0.827900 0.397000
vt 0.838100 0.401400
vt 0.828500 0.407800
vt 0.894100 0.415400
vt 0.740600 0.280700
vt 0.747500 0.297400
vt 0.843100 0.251300
vt 0.832100 0.263700
vt 0.831200 0.246500
vt 0.825600 0.302500
vt 0.820300 0.313800
vt 0.845700 0.272300
vt 0.844400 0.283700
vt 0.848300 0.261200
vt 0.861600 0.243000
vt 0.817900 0.247500
vt 0.825100 0.255400
vt 0.782100 0.218000
vt 0.813100 0.304800
vt 0.859400 0.225700
vt 0.679800 0.597400
vt 0.690600 0.608700
vt 0.668700 0.588500
vt 0.712800 0.603400
vt 0.706800 0.613500
vt 0.701600 0.602800
vt 0.724900 0.608400
vt 0.723200 0.598800
vt 0.778200 0.614400
vt 0.795300 0.587800
vt 0.785000 0.593700
vt 0.779500 0.582500
vt 0.794700 0.617300
vt 0.787900 0.605900
vt 0.777800 0.603000
vt 0.822200 0.599700
vt 0.852200 0.582800
vt 0.840700 0.609800
vt 0.808400 0.576900
vt 0.854600 0.561900
vt 0.853800 0.599300
vt 0.822100 0.588900
vt 0.838200 0.560600
vt 0.820600 0.575800
vt 0.784200 0.570000
vt 0.846800 0.555400
vt 0.813400 0.562900
vt 0.802000 0.556400
vt 0.796600 0.569900
vt 0.827100 0.566100
vt 0.855900 0.573100
vt 0.858800 0.590500
vt 0.825200 0.554300
vt 0.743400 0.422100
vt 0.750400 0.408500
vt 0.757800 0.416800
vt 0.829000 0.526700
vt 0.823900 0.537500
vt 0.817600 0.521900
vt 0.789200 0.557600
vt 0.812300 0.548000
vt 0.856600 0.421500
vt 0.844200 0.425400
vt 0.851800 0.493600
vt 0.865900 0.494100
vt 0.861200 0.505000
vt 0.859600 0.466500
vt 0.853800 0.479400
vt 0.850500 0.469800
vt 0.810400 0.532700
vt 0.827800 0.514600
vt 0.802500 0.545600
vt 0.800800 0.521500
vt 0.819300 0.477200
vt 0.830000 0.473200
vt 0.827700 0.484900
vt 0.800900 0.532000
vt 0.692100 0.595400
vt 0.698500 0.584800
vt 0.690800 0.572900
vt 0.685100 0.585200
vt 0.688500 0.518800
vt 0.688000 0.505400
vt 0.700400 0.515200
vt 0.689300 0.560500
vt 0.659900 0.582300
vt 0.669800 0.599500
vt 0.719300 0.577800
vt 0.729600 0.585100
vt 0.720900 0.588900
vt 0.707400 0.575100
vt 0.685300 0.544700
vt 0.700300 0.563800
vt 0.711500 0.588100
vt 0.742500 0.578800
vt 0.745000 0.589100
vt 0.717400 0.559500
vt 0.697900 0.620700
vt 0.728900 0.538900
vt 0.733200 0.525500
vt 0.746500 0.533000
vt 0.747000 0.608400
vt 0.678100 0.512500
vt 0.701800 0.457600
vt 0.699600 0.502300
vt 0.709200 0.508000
vt 0.669300 0.521200
vt 0.710300 0.519700
vt 0.725900 0.328100
vt 0.716700 0.336700
vt 0.707800 0.347500
vt 0.792500 0.320600
vt 0.710900 0.372900
vt 0.715900 0.361800
vt 0.720700 0.372700
vt 0.712900 0.393600
vt 0.701200 0.400900
vt 0.694600 0.362600
vt 0.705000 0.364400
vt 0.698700 0.373100
vt 0.707400 0.412500
vt 0.807000 0.247600
vt 0.798500 0.255000
vt 0.798400 0.240300
vt 0.764100 0.224400
vt 0.863400 0.189200
vt 0.871000 0.198500
vt 0.835300 0.221800
vt 0.849400 0.225100
vt 0.833400 0.232900
vt 0.859900 0.201500
vt 0.861500 0.213600
vt 0.919400 0.462600
vt 0.730100 0.373400
vt 0.718500 0.383900
vt 0.837800 0.441400
vt 0.830500 0.434300
vt 0.832000 0.423900
vt 0.869400 0.417700
vt 0.905200 0.409900
vt 0.879400 0.417100
vt 0.829900 0.456700
vt 0.821600 0.465100
vt 0.816800 0.453800
vt 0.816700 0.488900
vt 0.800600 0.492000
vt 0.806500 0.480000
vt 0.756600 0.428300
vt 0.765900 0.437900
vt 0.747500 0.437100
vt 0.852700 0.434900
vt 0.880600 0.427800
vt 0.867000 0.433300
vt 0.859900 0.456000
vt 0.863400 0.446400
vt 0.868500 0.460100
vt 0.810400 0.415400
vt 0.821300 0.419400
vt 0.812100 0.429400
vt 0.759300 0.401700
vt 0.769300 0.397000
vt 0.766600 0.410400
vt 0.818400 0.379000
vt 0.875900 0.436700
vt 0.830100 0.446700
vt 0.822800 0.440800
vt 0.805800 0.401700
vt 0.818000 0.407400
vt 0.785800 0.372500
vt 0.796100 0.363400
vt 0.795500 0.374100
vt 0.808700 0.376500
vt 0.818200 0.368400
vt 0.818000 0.395900
vt 0.808700 0.390700
vt 0.808800 0.365600
vt 0.800700 0.350400
vt 0.761700 0.370300
vt 0.765600 0.358900
vt 0.750800 0.359300
vt 0.737700 0.367200
vt 0.738500 0.351900
vt 0.784100 0.358200
vt 0.767400 0.334200
vt 0.786300 0.328700
vt 0.791700 0.295100
vt 0.783000 0.304800
vt 0.794700 0.307800
vt 0.915500 0.408300
vt 0.905100 0.421200
vt 0.926000 0.419900
vt 0.911700 0.447900
vt 0.925400 0.408100
vt 0.911200 0.466800
vt 0.876000 0.446900
vt 0.928200 0.454400
vt 0.841000 0.453400
vt 0.878400 0.457600
vt 0.866400 0.475500
vt 0.850800 0.447100
vt 0.862000 0.484600
vt 0.817400 0.509600
vt 0.851000 0.459500
vt 0.841200 0.471300
vt 0.839000 0.487100
vt 0.825300 0.496500
vt 0.848100 0.236000
vt 0.813300 0.214100
vt 0.774400 0.314400
vt 0.770200 0.300600
vt 0.729300 0.573300
vt 0.757700 0.516400
vt 0.772300 0.514400
vt 0.770700 0.524700
vt 0.738400 0.597000
vt 0.754200 0.592500
vt 0.751100 0.562600
vt 0.760600 0.562000
vt 0.794200 0.539500
vt 0.774700 0.557700
vt 0.785500 0.525300
vt 0.781900 0.514100
vt 0.791900 0.509600
vt 0.761700 0.598300
vt 0.770400 0.595000
vt 0.745700 0.521500
vt 0.736300 0.511700
vt 0.784000 0.536700
vt 0.742600 0.568100
vt 0.734100 0.562700
vt 0.708500 0.493800
vt 0.717400 0.347200
vt 0.773600 0.344300
vt 0.775000 0.362700
vt 0.729800 0.340600
vt 0.724500 0.354200
vt 0.751100 0.386400
vt 0.736600 0.381000
vt 0.751700 0.375600
vt 0.780100 0.394900
vt 0.790100 0.388200
vt 0.793100 0.405800
vt 0.807800 0.465100
vt 0.782300 0.406400
vt 0.792600 0.418200
vt 0.797300 0.395800
vt 0.800800 0.383200
vt 0.781200 0.418000
vt 0.734500 0.407700
vt 0.742700 0.403000
vt 0.769300 0.424500
vt 0.803000 0.423600
vt 0.748700 0.450300
vt 0.726800 0.401100
vt 0.743100 0.392900
vt 0.760400 0.390100
vt 0.821800 0.429900
vt 0.808000 0.442900
vt 0.794600 0.430500
vt 0.798100 0.470300
vt 0.787500 0.467900
vt 0.799000 0.458700
vt 0.780800 0.433300
vt 0.758400 0.449200
vt 0.751600 0.460500
vt 0.779200 0.481200
vt 0.774400 0.470500
vt 0.806000 0.510400
vt 0.811100 0.499300
vt 0.765400 0.477500
vt 0.799300 0.502600
vt 0.788200 0.493200
vt 0.807200 0.453300
vt 0.780700 0.447500
vt 0.789000 0.439500
vt 0.793400 0.480900
vt 0.779300 0.502700
vt 0.769400 0.492000
vt 0.754500 0.489000
vt 0.769800 0.449500
vt 0.777000 0.458900
vt 0.763900 0.462800
vt 0.775200 0.543100
vt 0.751800 0.505200
vt 0.760800 0.497400
vt 0.765700 0.506800
vt 0.750600 0.475100
vt 0.742200 0.494800
vt 0.739300 0.446900
vt 0.738900 0.431700
vt 0.729000 0.432100
vt 0.730100 0.442900
vt 0.732000 0.420000
vt 0.766000 0.535900
vt 0.762400 0.551800
vt 0.786300 0.457800
vt 0.792100 0.449900
vt 0.719700 0.511300
vt 0.718700 0.499000
vt 0.733800 0.501000
vt 0.703500 0.481600
vt 0.724300 0.481200
vt 0.723600 0.415500
vt 0.756900 0.541900
vt 0.756500 0.529200
vt 0.727900 0.491900
vt 0.713900 0.483800
vt 0.718800 0.471500
vt 0.718500 0.406900
vt 0.727200 0.390400
vt 0.752800 0.552400
vt 0.702400 0.468400
vt 0.735500 0.549800
vt 0.724400 0.550000
vt 0.746600 0.544500
vt 0.736600 0.324900
vt 0.748300 0.348500
vt 0.776700 0.327600
vt 0.747700 0.325900
vt 0.753700 0.315800
vt 0.757900 0.306000
vt 0.763000 0.319400
vt 0.743900 0.315700
vt 0.795100 0.281900
vt 0.791900 0.267800
vt 0.805300 0.267700
vt 0.732700 0.275400
vt 0.729000 0.249000
vt 0.749300 0.269300
vt 0.739600 0.249500
vt 0.747000 0.257900
vt 0.743100 0.236400
vt 0.757600 0.257500
vt 0.805200 0.292100
vt 0.806100 0.279900
vt 0.733300 0.239000
vt 0.755300 0.239700
vt 0.773900 0.251700
vt 0.763500 0.247600
vt 0.800200 0.226200
vt 0.783800 0.254400
vt 0.787900 0.243400
vt 0.772400 0.240700
vt 0.787500 0.231500
vt 0.812400 0.231400
vt 0.822600 0.236400
vt 0.814100 0.259500
vt 0.819500 0.272600
vt 0.835800 0.290100
vt 0.815300 0.281600
vt 0.834200 0.276900
vt 0.819000 0.290800
vt 0.803500 0.302700
vt 0.717400 0.423300
vt 0.718300 0.437100
vt 0.764100 0.235100
vt 0.776200 0.228800
vt 0.836300 0.208100
vt 0.825800 0.210200
vt 0.825000 0.223400
vt 0.844100 0.215800
vt 0.719400 0.537700
vt 0.718400 0.527400
vt 0.727800 0.516800
vt 0.003600 0.925400
vt 0.003600 0.919500
vt 0.020700 0.919500
vt 0.022700 0.925400
vt 0.037800 0.919500
vt 0.003600 0.929200
vt 0.022700 0.929200
vt 0.041700 0.925400
vt 0.041700 0.929200
vt 0.022700 0.933200
vt 0.054900 0.919500
vt 0.072000 0.919500
vt 0.060800 0.925400
vt 0.089100 0.919500
vt 0.106200 0.919500
vt 0.098900 0.925400
vt 0.079900 0.925400
vt 0.060800 0.929200
vt 0.079900 0.929200
vt 0.118000 0.925400
vt 0.098900 0.929200
vt 0.118000 0.929200
vt 0.123300 0.919500
vt 0.041700 0.933200
vt 0.003600 0.933200
vt 0.022700 0.937700
vt 0.060800 0.937700
vt 0.060800 0.933200
vt 0.041700 0.937700
vt 0.003600 0.937700
vt 0.022700 0.941400
vt 0.060800 0.941400
vt 0.041700 0.941400
vt 0.079900 0.933200
vt 0.098900 0.933200
vt 0.118000 0.933200
vt 0.079900 0.937700
vt 0.098900 0.937700
vt 0.118000 0.937700
vt 0.098900 0.941400
vt 0.137100 0.933200
vt 0.079900 0.941400
vt 0.137100 0.925400
vt 0.140400 0.919500
vt 0.156200 0.925400
vt 0.157500 0.919500
vt 0.175200 0.925400
vt 0.137100 0.929200
vt 0.156200 0.929200
vt 0.156200 0.933200
vt 0.174600 0.919500
vt 0.191700 0.919500
vt 0.208800 0.919500
vt 0.194300 0.925400
vt 0.225900 0.919500
vt 0.243000 0.919500
vt 0.232400 0.925400
vt 0.213400 0.925400
vt 0.175200 0.929200
vt 0.213400 0.929200
vt 0.251500 0.925400
vt 0.232400 0.929200
vt 0.194300 0.929200
vt 0.260100 0.919500
vt 0.251500 0.929200
vt 0.137100 0.937700
vt 0.175200 0.933200
vt 0.194300 0.933200
vt 0.156200 0.937700
vt 0.137100 0.941400
vt 0.175200 0.937700
vt 0.175200 0.941400
vt 0.156200 0.941400
vt 0.213400 0.933200
vt 0.251500 0.933200
vt 0.232400 0.933200
vt 0.194300 0.937700
vt 0.213400 0.937700
vt 0.232400 0.937700
vt 0.270600 0.933200
vt 0.194300 0.941400
vt 0.270600 0.925400
vt 0.118000 0.941400
vt 0.003600 0.941400
vt 0.022700 0.944700
vt 0.041700 0.944700
vt 0.022700 0.949200
vt 0.003600 0.944700
vt 0.060800 0.949100
vt 0.060800 0.944700
vt 0.041700 0.949100
vt 0.079900 0.944700
vt 0.098900 0.944700
vt 0.118000 0.944700
vt 0.098900 0.949100
vt 0.079900 0.949100
vt 0.118000 0.949100
vt 0.137100 0.949000
vt 0.118000 0.952700
vt 0.098900 0.952700
vt 0.137100 0.944700
vt 0.022700 0.952800
vt 0.003600 0.949200
vt 0.041700 0.952800
vt 0.060800 0.952800
vt 0.003600 0.959300
vt 0.003600 0.952900
vt 0.022700 0.959300
vt 0.041700 0.959300
vt 0.079900 0.952700
vt 0.098900 0.959300
vt 0.118000 0.959300
vt 0.060800 0.959300
vt 0.079900 0.959300
vt 0.137100 0.952600
vt 0.156200 0.944700
vt 0.194300 0.944700
vt 0.175200 0.944700
vt 0.156200 0.949000
vt 0.194300 0.949000
vt 0.175200 0.949000
vt 0.213400 0.944700
vt 0.213400 0.941400
vt 0.232400 0.941400
vt 0.251500 0.937700
vt 0.251500 0.941400
vt 0.232400 0.944700
vt 0.232400 0.948900
vt 0.251500 0.948900
vt 0.232400 0.952500
vt 0.251500 0.952400
vt 0.251500 0.944700
vt 0.213400 0.949000
vt 0.270600 0.937700
vt 0.156200 0.952600
vt 0.175200 0.952600
vt 0.194300 0.952500
vt 0.137100 0.959300
vt 0.156200 0.959300
vt 0.175200 0.959300
vt 0.213400 0.952500
vt 0.232400 0.959300
vt 0.194300 0.959300
vt 0.213400 0.959300
vt 0.251500 0.959300
vt 0.270600 0.929200
vt 0.277200 0.919500
vt 0.289700 0.925400
vt 0.294300 0.919500
vt 0.289700 0.929200
vt 0.308700 0.925400
vt 0.308700 0.929200
vt 0.289700 0.933200
vt 0.311400 0.919500
vt 0.328500 0.919500
vt 0.327800 0.925400
vt 0.345600 0.919500
vt 0.362600 0.919500
vt 0.346900 0.925400
vt 0.327800 0.929200
vt 0.365900 0.925400
vt 0.385000 0.925400
vt 0.379700 0.919500
vt 0.346900 0.929200
vt 0.365900 0.929200
vt 0.308700 0.933200
vt 0.308700 0.937700
vt 0.327800 0.933200
vt 0.289700 0.937700
vt 0.270600 0.941400
vt 0.289700 0.941400
vt 0.308700 0.941400
vt 0.346900 0.933200
vt 0.327800 0.937700
vt 0.365900 0.933200
vt 0.327800 0.941400
vt 0.346900 0.937700
vt 0.385000 0.933200
vt 0.365900 0.937700
vt 0.385000 0.937700
vt 0.346900 0.941400
vt 0.385000 0.929200
vt 0.365900 0.941400
vt 0.270600 0.944700
vt 0.396800 0.919500
vt 0.404100 0.925400
vt 0.423100 0.925400
vt 0.413900 0.919500
vt 0.404100 0.929200
vt 0.404100 0.933200
vt 0.423100 0.929200
vt 0.431000 0.919500
vt 0.442200 0.925400
vt 0.423100 0.933200
vt 0.448100 0.919500
vt 0.465200 0.919500
vt 0.482300 0.919500
vt 0.480400 0.925400
vt 0.461300 0.925400
vt 0.442200 0.929200
vt 0.499400 0.925400
vt 0.480400 0.929200
vt 0.499400 0.919500
vt 0.461300 0.929200
vt 0.499400 0.929200
vt 0.423100 0.937700
vt 0.442200 0.933200
vt 0.442200 0.937700
vt 0.385000 0.941400
vt 0.404100 0.937700
vt 0.423100 0.941400
vt 0.404100 0.941400
vt 0.461300 0.937700
vt 0.461300 0.933200
vt 0.480400 0.933200
vt 0.499400 0.933200
vt 0.480400 0.937700
vt 0.499400 0.937700
vt 0.480400 0.941400
vt 0.461300 0.941400
vt 0.442200 0.941400
vt 0.499400 0.941400
vt 0.289700 0.944700
vt 0.308700 0.944700
vt 0.327800 0.944700
vt 0.289700 0.948900
vt 0.308700 0.948900
vt 0.327800 0.948800
vt 0.270600 0.948900
vt 0.346900 0.944700
vt 0.346900 0.948800
vt 0.365900 0.944700
vt 0.327800 0.952300
vt 0.365900 0.948800
vt 0.385000 0.948800
vt 0.385000 0.944700
vt 0.365900 0.952200
vt 0.385000 0.952200
vt 0.346900 0.952300
vt 0.270600 0.952400
vt 0.289700 0.952400
vt 0.308700 0.952300
vt 0.270600 0.959300
vt 0.289700 0.959300
vt 0.327800 0.959300
vt 0.365900 0.959300
vt 0.346900 0.959300
vt 0.308700 0.959300
vt 0.385000 0.959300
vt 0.404100 0.944700
vt 0.423100 0.944700
vt 0.423100 0.948700
vt 0.442200 0.948700
vt 0.442200 0.944700
vt 0.461300 0.948700
vt 0.404100 0.948800
vt 0.461300 0.944700
vt 0.480400 0.944700
vt 0.499400 0.944700
vt 0.480400 0.948700
vt 0.499400 0.948700
vt 0.499400 0.952000
vt 0.480400 0.952000
vt 0.461300 0.952100
vt 0.404100 0.952200
vt 0.423100 0.952100
vt 0.442200 0.952100
vt 0.404100 0.959300
vt 0.423100 0.959300
vt 0.442200 0.959300
vt 0.461300 0.959300
vt 0.480400 0.959300
vt 0.499400 0.953300
vt 0.499400 0.959300
vt 0.500400 0.926000
vt 0.500400 0.919600
vt 0.517500 0.919600
vt 0.519400 0.926000
vt 0.534500 0.919600
vt 0.500400 0.929800
vt 0.519400 0.929800
vt 0.538500 0.926000
vt 0.538500 0.929800
vt 0.519400 0.933800
vt 0.551600 0.919600
vt 0.568700 0.919600
vt 0.557500 0.926000
vt 0.585700 0.919600
vt 0.602800 0.919600
vt 0.595600 0.926000
vt 0.576600 0.926000
vt 0.557500 0.929800
vt 0.576600 0.929800
vt 0.614600 0.926000
vt 0.595600 0.929800
vt 0.614600 0.929800
vt 0.619900 0.919600
vt 0.538500 0.933800
vt 0.500400 0.933800
vt 0.519400 0.938100
vt 0.557500 0.938100
vt 0.557500 0.933800
vt 0.538500 0.938100
vt 0.500400 0.938100
vt 0.519400 0.941800
vt 0.557500 0.941800
vt 0.538500 0.941800
vt 0.576600 0.933800
vt 0.595600 0.933800
vt 0.614600 0.933800
vt 0.576600 0.938100
vt 0.595600 0.938100
vt 0.614600 0.938100
vt 0.595600 0.941800
vt 0.633700 0.929800
vt 0.576600 0.941800
vt 0.633700 0.926000
vt 0.637000 0.919600
vt 0.652700 0.926000
vt 0.654000 0.919600
vt 0.671800 0.926000
vt 0.652700 0.929800
vt 0.652700 0.933800
vt 0.671100 0.919600
vt 0.633700 0.933800
vt 0.688200 0.919600
vt 0.705300 0.919600
vt 0.690800 0.926000
vt 0.722300 0.919600
vt 0.739400 0.919600
vt 0.728900 0.926000
vt 0.709900 0.926000
vt 0.671800 0.929800
vt 0.709900 0.929800
vt 0.747900 0.926000
vt 0.728900 0.929800
vt 0.690800 0.929800
vt 0.756500 0.919600
vt 0.747900 0.929800
vt 0.652700 0.938100
vt 0.671800 0.933800
vt 0.690800 0.933800
vt 0.671800 0.938100
vt 0.633700 0.938100
vt 0.633700 0.941800
vt 0.671800 0.941800
vt 0.652700 0.941800
vt 0.709900 0.933800
vt 0.747900 0.933800
vt 0.728900 0.933800
vt 0.690800 0.938100
vt 0.709900 0.938100
vt 0.728900 0.938100
vt 0.767000 0.933800
vt 0.690800 0.941800
vt 0.767000 0.926000
vt 0.614600 0.941800
vt 0.500400 0.941800
vt 0.519400 0.945100
vt 0.538500 0.945100
vt 0.519400 0.949500
vt 0.500400 0.945100
vt 0.557500 0.949500
vt 0.557500 0.945100
vt 0.538500 0.949500
vt 0.576600 0.945100
vt 0.595600 0.945100
vt 0.614600 0.945100
vt 0.595600 0.949400
vt 0.576600 0.949500
vt 0.614600 0.949400
vt 0.633700 0.949400
vt 0.595600 0.953000
vt 0.614600 0.953000
vt 0.500400 0.952100
vt 0.500400 0.949500
vt 0.519400 0.953200
vt 0.538500 0.953100
vt 0.500400 0.959100
vt 0.500400 0.953200
vt 0.519400 0.959100
vt 0.538500 0.959100
vt 0.557500 0.953100
vt 0.576600 0.953100
vt 0.576600 0.959100
vt 0.595600 0.959100
vt 0.557500 0.959100
vt 0.614600 0.959100
vt 0.652700 0.945100
vt 0.690800 0.945100
vt 0.671800 0.945100
vt 0.652700 0.949400
vt 0.633700 0.945100
vt 0.690800 0.949300
vt 0.671800 0.949400
vt 0.709900 0.945100
vt 0.709900 0.941800
vt 0.728900 0.941800
vt 0.747900 0.938100
vt 0.709900 0.949300
vt 0.728900 0.949300
vt 0.728900 0.945100
vt 0.747900 0.945100
vt 0.747900 0.949300
vt 0.728900 0.952800
vt 0.747900 0.952800
vt 0.652700 0.952900
vt 0.652700 0.959100
vt 0.671800 0.959100
vt 0.671800 0.952900
vt 0.633700 0.953000
vt 0.633700 0.959100
vt 0.690800 0.952900
vt 0.709900 0.952800
vt 0.709900 0.959100
vt 0.728900 0.959100
vt 0.690800 0.959100
vt 0.747900 0.959100
vt 0.747900 0.941800
vt 0.767000 0.929800
vt 0.773600 0.919600
vt 0.786000 0.926000
vt 0.790600 0.919600
vt 0.786000 0.929800
vt 0.805100 0.929800
vt 0.805100 0.926000
vt 0.786000 0.933800
vt 0.807700 0.919600
vt 0.824800 0.919600
vt 0.824100 0.926000
vt 0.841800 0.919600
vt 0.858900 0.919600
vt 0.843200 0.926000
vt 0.824100 0.929800
vt 0.876000 0.919600
vt 0.881200 0.926000
vt 0.862200 0.926000
vt 0.893100 0.919600
vt 0.862200 0.929800
vt 0.843200 0.929800
vt 0.881200 0.929800
vt 0.767000 0.938100
vt 0.805100 0.938100
vt 0.805100 0.933800
vt 0.824100 0.933800
vt 0.786000 0.938100
vt 0.767000 0.941800
vt 0.786000 0.941800
vt 0.805100 0.941800
vt 0.843200 0.933800
vt 0.862200 0.933800
vt 0.824100 0.938100
vt 0.843200 0.938100
vt 0.862200 0.938100
vt 0.881200 0.933800
vt 0.843200 0.941800
vt 0.824100 0.941800
vt 0.862200 0.941800
vt 0.900300 0.926000
vt 0.900300 0.929800
vt 0.910100 0.919600
vt 0.919300 0.926000
vt 0.927200 0.919600
vt 0.900300 0.933800
vt 0.919300 0.929800
vt 0.938400 0.926000
vt 0.919300 0.933800
vt 0.938400 0.929800
vt 0.944300 0.919600
vt 0.961400 0.919600
vt 0.957400 0.926000
vt 0.978400 0.919600
vt 0.995500 0.919600
vt 0.995500 0.926000
vt 0.976500 0.926000
vt 0.957400 0.929800
vt 0.976500 0.929800
vt 0.995500 0.929800
vt 0.938400 0.933800
vt 0.900300 0.938100
vt 0.938400 0.938100
vt 0.919300 0.938100
vt 0.881200 0.941800
vt 0.881200 0.938100
vt 0.919300 0.941800
vt 0.900300 0.941800
vt 0.957400 0.933800
vt 0.976500 0.933800
vt 0.995500 0.933800
vt 0.957400 0.938100
vt 0.976500 0.938100
vt 0.995500 0.938100
vt 0.976500 0.941800
vt 0.957400 0.941800
vt 0.938400 0.941800
vt 0.995500 0.941800
vt 0.767000 0.945100
vt 0.786000 0.945100
vt 0.805100 0.945100
vt 0.786000 0.949200
vt 0.805100 0.949200
vt 0.824100 0.949200
vt 0.767000 0.949300
vt 0.824100 0.945100
vt 0.843200 0.945100
vt 0.862200 0.945100
vt 0.843200 0.949200
vt 0.862200 0.949200
vt 0.881200 0.949100
vt 0.862200 0.952600
vt 0.824100 0.952600
vt 0.843200 0.952600
vt 0.767000 0.952700
vt 0.786000 0.952700
vt 0.805100 0.952700
vt 0.767000 0.959100
vt 0.786000 0.959100
vt 0.824100 0.959100
vt 0.843200 0.959100
vt 0.862200 0.959100
vt 0.805100 0.959100
vt 0.881200 0.959100
vt 0.881200 0.952500
vt 0.900300 0.945100
vt 0.938400 0.945100
vt 0.919300 0.945100
vt 0.900300 0.949100
vt 0.881200 0.945100
vt 0.938400 0.949100
vt 0.919300 0.949100
vt 0.957400 0.945100
vt 0.976500 0.945100
vt 0.995500 0.945100
vt 0.976500 0.949000
vt 0.957400 0.949100
vt 0.995500 0.949000
vt 0.995500 0.952300
vt 0.976500 0.952400
vt 0.900300 0.952500
vt 0.919300 0.952500
vt 0.938400 0.952400
vt 0.900300 0.959100
vt 0.919300 0.959100
vt 0.938400 0.959100
vt 0.957400 0.952400
vt 0.995500 0.959100
vt 0.976500 0.959100
vt 0.957400 0.959100
vt 0.520200 0.965200
vt 0.501100 0.965200
vt 0.501100 0.959600
vt 0.520200 0.959600
vt 0.539200 0.965200
vt 0.539200 0.959600
vt 0.520200 0.968700
vt 0.501100 0.968700
vt 0.539200 0.968700
vt 0.501100 0.972400
vt 0.558200 0.965200
vt 0.558200 0.959600
vt 0.577200 0.959600
vt 0.577200 0.965200
vt 0.596200 0.959600
vt 0.615200 0.959600
vt 0.615200 0.965200
vt 0.596200 0.965200
vt 0.558200 0.968700
vt 0.577200 0.968700
vt 0.596200 0.968700
vt 0.615200 0.968700
vt 0.634300 0.959600
vt 0.539200 0.972400
vt 0.520200 0.972400
vt 0.501100 0.976500
vt 0.558200 0.976500
vt 0.558200 0.972400
vt 0.539200 0.976500
vt 0.520200 0.976500
vt 0.501100 0.979900
vt 0.558200 0.979900
vt 0.539200 0.979900
vt 0.577200 0.972400
vt 0.596200 0.972400
vt 0.615200 0.972400
vt 0.577200 0.976500
vt 0.596200 0.976500
vt 0.615200 0.976500
vt 0.596200 0.979900
vt 0.634300 0.972400
vt 0.577200 0.979900
vt 0.634300 0.965200
vt 0.653300 0.959600
vt 0.634300 0.968700
vt 0.653300 0.965200
vt 0.672300 0.965200
vt 0.653300 0.968700
vt 0.653300 0.972400
vt 0.672300 0.968700
vt 0.691300 0.965200
vt 0.672300 0.972400
vt 0.672300 0.959600
vt 0.691300 0.959600
vt 0.710300 0.959600
vt 0.729400 0.959600
vt 0.710300 0.965200
vt 0.691300 0.968700
vt 0.710300 0.968700
vt 0.729400 0.965200
vt 0.748400 0.959600
vt 0.748400 0.965200
vt 0.729400 0.968700
vt 0.748400 0.968700
vt 0.691300 0.972400
vt 0.634300 0.976500
vt 0.672300 0.976500
vt 0.653300 0.976500
vt 0.634300 0.979900
vt 0.672300 0.979900
vt 0.653300 0.979900
vt 0.691300 0.976500
vt 0.710300 0.972400
vt 0.729400 0.972400
vt 0.748400 0.972400
vt 0.710300 0.976500
vt 0.710300 0.979900
vt 0.729400 0.976500
vt 0.748400 0.976500
vt 0.729400 0.979900
vt 0.767400 0.972400
vt 0.691300 0.979900
vt 0.767400 0.965200
vt 0.615200 0.979900
vt 0.520200 0.979900
vt 0.520200 0.983100
vt 0.539200 0.983100
vt 0.520200 0.987100
vt 0.501100 0.983100
vt 0.558200 0.987100
vt 0.558200 0.983100
vt 0.539200 0.987100
vt 0.577200 0.983100
vt 0.596200 0.983100
vt 0.615200 0.983100
vt 0.596200 0.987100
vt 0.577200 0.987100
vt 0.615200 0.987100
vt 0.634300 0.987000
vt 0.577200 0.990500
vt 0.596200 0.990400
vt 0.615200 0.990400
vt 0.634300 0.983100
vt 0.501100 0.987200
vt 0.520200 0.990600
vt 0.539200 0.990500
vt 0.501100 0.990600
vt 0.501100 0.996500
vt 0.518200 0.996500
vt 0.535200 0.996500
vt 0.558200 0.990500
vt 0.552300 0.996500
vt 0.569300 0.996500
vt 0.586400 0.996500
vt 0.603400 0.996500
vt 0.653300 0.983100
vt 0.691300 0.983100
vt 0.672300 0.983100
vt 0.653300 0.987000
vt 0.691300 0.987000
vt 0.672300 0.987000
vt 0.710300 0.983100
vt 0.729400 0.983100
vt 0.748400 0.979900
vt 0.767400 0.976500
vt 0.748400 0.983100
vt 0.710300 0.987000
vt 0.729400 0.986900
vt 0.748400 0.986900
vt 0.691300 0.990300
vt 0.710300 0.990300
vt 0.729400 0.990200
vt 0.748400 0.990200
vt 0.634300 0.990400
vt 0.620500 0.996500
vt 0.653300 0.990300
vt 0.672300 0.990300
vt 0.654600 0.996500
vt 0.637500 0.996500
vt 0.671600 0.996500
vt 0.705700 0.996500
vt 0.722800 0.996500
vt 0.688700 0.996500
vt 0.739800 0.996500
vt 0.767400 0.959600
vt 0.786400 0.965200
vt 0.786400 0.959600
vt 0.805400 0.965200
vt 0.767400 0.968700
vt 0.786400 0.968700
vt 0.786400 0.972400
vt 0.805400 0.959600
vt 0.824400 0.959600
vt 0.843500 0.959600
vt 0.824400 0.965200
vt 0.862500 0.965200
vt 0.862500 0.959600
vt 0.881500 0.965200
vt 0.843500 0.965200
vt 0.805400 0.968700
vt 0.824400 0.968700
vt 0.843500 0.968700
vt 0.862500 0.968700
vt 0.805400 0.972400
vt 0.805400 0.976500
vt 0.824400 0.972400
vt 0.786400 0.976500
vt 0.767400 0.979900
vt 0.786400 0.979900
vt 0.805400 0.979900
vt 0.843500 0.972400
vt 0.824400 0.976500
vt 0.862500 0.972400
vt 0.824400 0.979900
vt 0.843500 0.976500
vt 0.881500 0.972400
vt 0.862500 0.976500
vt 0.881500 0.976500
vt 0.843500 0.979900
vt 0.881500 0.968700
vt 0.862500 0.979900
vt 0.881500 0.959600
vt 0.767400 0.983100
vt 0.900500 0.965200
vt 0.900500 0.968700
vt 0.900500 0.959600
vt 0.919500 0.965200
vt 0.919500 0.959600
vt 0.900500 0.972400
vt 0.919500 0.968700
vt 0.938500 0.965200
vt 0.919500 0.972400
vt 0.938500 0.959600
vt 0.957600 0.959600
vt 0.957600 0.965200
vt 0.976600 0.959600
vt 0.995600 0.959600
vt 0.995600 0.965200
vt 0.976600 0.965200
vt 0.957600 0.968700
vt 0.995600 0.968700
vt 0.976600 0.968700
vt 0.938500 0.968700
vt 0.919500 0.976500
vt 0.938500 0.972400
vt 0.938500 0.976500
vt 0.900500 0.979900
vt 0.900500 0.976500
vt 0.938500 0.979900
vt 0.919500 0.979900
vt 0.957600 0.976500
vt 0.957600 0.972400
vt 0.976600 0.972400
vt 0.995600 0.972400
vt 0.976600 0.976500
vt 0.995600 0.976500
vt 0.995600 0.979900
vt 0.976600 0.979900
vt 0.957600 0.979900
vt 0.881500 0.979900
vt 0.767400 0.986900
vt 0.786400 0.983100
vt 0.805400 0.983100
vt 0.786400 0.986900
vt 0.805400 0.986900
vt 0.824400 0.986900
vt 0.786400 0.990100
vt 0.805400 0.990100
vt 0.824400 0.983100
vt 0.843500 0.983100
vt 0.862500 0.983100
vt 0.843500 0.986800
vt 0.862500 0.986800
vt 0.881500 0.990000
vt 0.862500 0.990000
vt 0.824400 0.990100
vt 0.881500 0.986800
vt 0.843500 0.990000
vt 0.767400 0.990200
vt 0.773900 0.996500
vt 0.756900 0.996500
vt 0.791000 0.996500
vt 0.808000 0.996500
vt 0.859200 0.996500
vt 0.842100 0.996500
vt 0.825100 0.996500
vt 0.876200 0.996500
vt 0.881500 0.983100
vt 0.900500 0.983100
vt 0.919500 0.983100
vt 0.900500 0.986800
vt 0.919500 0.986800
vt 0.938500 0.983100
vt 0.938500 0.986700
vt 0.957600 0.983100
vt 0.976600 0.983100
vt 0.995600 0.983100
vt 0.957600 0.986700
vt 0.976600 0.986700
vt 0.995600 0.986700
vt 0.976600 0.989800
vt 0.995600 0.989800
vt 0.938500 0.989900
vt 0.957600 0.989900
vt 0.900500 0.989900
vt 0.919500 0.989900
vt 0.910300 0.996500
vt 0.893300 0.996500
vt 0.927400 0.996500
vt 0.995600 0.991000
vt 0.944400 0.996500
vt 0.961500 0.996500
vt 0.978600 0.996500
vt 0.995600 0.996500
vt 0.022400 0.965900
vt 0.003400 0.965900
vt 0.003400 0.959900
vt 0.022400 0.959900
vt 0.041500 0.965900
vt 0.041500 0.959900
vt 0.003400 0.969400
vt 0.022400 0.969400
vt 0.041500 0.969400
vt 0.022400 0.973000
vt 0.060500 0.959900
vt 0.079600 0.959900
vt 0.079600 0.965900
vt 0.098600 0.959900
vt 0.117700 0.959900
vt 0.117700 0.965900
vt 0.098600 0.965900
vt 0.060500 0.969400
vt 0.060500 0.965900
vt 0.079600 0.969400
vt 0.098600 0.969400
vt 0.117700 0.969400
vt 0.136700 0.959900
vt 0.041500 0.973000
vt 0.003400 0.973000
vt 0.003400 0.977100
vt 0.060500 0.977100
vt 0.060500 0.973000
vt 0.041500 0.977100
vt 0.022400 0.977100
vt 0.003400 0.980500
vt 0.060500 0.980500
vt 0.041500 0.980500
vt 0.079600 0.973000
vt 0.098600 0.973000
vt 0.117700 0.973000
vt 0.079600 0.977100
vt 0.098600 0.977100
vt 0.117700 0.977100
vt 0.098600 0.980500
vt 0.136700 0.969400
vt 0.079600 0.980500
vt 0.136700 0.965900
vt 0.155800 0.959900
vt 0.155800 0.965900
vt 0.174800 0.959900
vt 0.155800 0.969400
vt 0.174800 0.965900
vt 0.174800 0.969400
vt 0.155800 0.973000
vt 0.193900 0.959900
vt 0.136700 0.973000
vt 0.212900 0.959900
vt 0.212900 0.965900
vt 0.232000 0.959900
vt 0.251000 0.959900
vt 0.232000 0.965900
vt 0.193900 0.969400
vt 0.193900 0.965900
vt 0.212900 0.969400
vt 0.251000 0.965900
vt 0.232000 0.969400
vt 0.251000 0.969400
vt 0.270100 0.959900
vt 0.174800 0.973000
vt 0.136700 0.977100
vt 0.174800 0.977100
vt 0.193900 0.973000
vt 0.155800 0.977100
vt 0.136700 0.980500
vt 0.174800 0.980500
vt 0.155800 0.980500
vt 0.212900 0.973000
vt 0.232000 0.973000
vt 0.251000 0.973000
vt 0.193900 0.977100
vt 0.212900 0.977100
vt 0.232000 0.977100
vt 0.212900 0.980500
vt 0.270100 0.969400
vt 0.193900 0.980500
vt 0.270100 0.965900
vt 0.117700 0.980500
vt 0.022400 0.980500
vt 0.003400 0.983600
vt 0.041500 0.983600
vt 0.022400 0.987700
vt 0.022400 0.983600
vt 0.041500 0.987700
vt 0.060500 0.983600
vt 0.060500 0.987600
vt 0.079600 0.983600
vt 0.098600 0.983600
vt 0.117700 0.983600
vt 0.079600 0.987600
vt 0.098600 0.987600
vt 0.117700 0.987600
vt 0.117700 0.990900
vt 0.098600 0.990900
vt 0.079600 0.991000
vt 0.060500 0.991000
vt 0.003400 0.990100
vt 0.003400 0.987700
vt 0.022400 0.991100
vt 0.041500 0.991000
vt 0.020400 0.996500
vt 0.003400 0.991100
vt 0.003400 0.996500
vt 0.037500 0.996500
vt 0.054600 0.996500
vt 0.071700 0.996500
vt 0.088800 0.996500
vt 0.105800 0.996500
vt 0.155800 0.983600
vt 0.174800 0.983600
vt 0.155800 0.987500
vt 0.136700 0.983600
vt 0.174800 0.987500
vt 0.193900 0.987500
vt 0.193900 0.983600
vt 0.136700 0.987600
vt 0.212900 0.983600
vt 0.232000 0.980500
vt 0.251000 0.977100
vt 0.232000 0.983600
vt 0.212900 0.987500
vt 0.232000 0.987500
vt 0.251000 0.990700
vt 0.232000 0.990700
vt 0.212900 0.990800
vt 0.193900 0.990800
vt 0.251000 0.980500
vt 0.136700 0.990900
vt 0.155800 0.990800
vt 0.157100 0.996500
vt 0.174800 0.990800
vt 0.140000 0.996500
vt 0.122900 0.996500
vt 0.191200 0.996500
vt 0.208300 0.996500
vt 0.174200 0.996500
vt 0.225400 0.996500
vt 0.242500 0.996500
vt 0.251000 0.987500
vt 0.289100 0.959900
vt 0.289100 0.965900
vt 0.308200 0.965900
vt 0.308200 0.959900
vt 0.289100 0.969400
vt 0.308200 0.969400
vt 0.289100 0.973000
vt 0.327200 0.965900
vt 0.270100 0.973000
vt 0.327200 0.959900
vt 0.346300 0.959900
vt 0.346300 0.965900
vt 0.365300 0.959900
vt 0.384400 0.959900
vt 0.384400 0.965900
vt 0.365300 0.965900
vt 0.327200 0.969400
vt 0.346300 0.969400
vt 0.365300 0.969400
vt 0.403400 0.959900
vt 0.308200 0.973000
vt 0.270100 0.977100
vt 0.289100 0.977100
vt 0.308200 0.977100
vt 0.270100 0.980500
vt 0.289100 0.980500
vt 0.308200 0.980500
vt 0.327200 0.973000
vt 0.346300 0.973000
vt 0.365300 0.973000
vt 0.327200 0.977100
vt 0.346300 0.977100
vt 0.365300 0.977100
vt 0.384400 0.973000
vt 0.346300 0.980500
vt 0.327200 0.980500
vt 0.384400 0.969400
vt 0.365300 0.980500
vt 0.403400 0.965900
vt 0.422500 0.959900
vt 0.422500 0.965900
vt 0.441500 0.959900
vt 0.403400 0.969400
vt 0.403400 0.973000
vt 0.422500 0.969400
vt 0.441500 0.965900
vt 0.422500 0.973000
vt 0.479600 0.965900
vt 0.460600 0.959900
vt 0.479600 0.959900
vt 0.498700 0.959900
vt 0.498700 0.965900
vt 0.441500 0.969400
vt 0.460600 0.965900
vt 0.460600 0.969400
vt 0.479600 0.969400
vt 0.460600 0.973000
vt 0.498700 0.969400
vt 0.441500 0.973000
vt 0.403400 0.977100
vt 0.441500 0.977100
vt 0.422500 0.977100
vt 0.403400 0.980500
vt 0.384400 0.977100
vt 0.441500 0.980500
vt 0.422500 0.980500
vt 0.479600 0.973000
vt 0.498700 0.973000
vt 0.479600 0.977100
vt 0.479600 0.980500
vt 0.460600 0.977100
vt 0.498700 0.977100
vt 0.460600 0.980500
vt 0.384400 0.980500
vt 0.498700 0.980500
vt 0.270100 0.983600
vt 0.251000 0.983600
vt 0.289100 0.983600
vt 0.308200 0.983600
vt 0.289100 0.987400
vt 0.308200 0.987400
vt 0.327200 0.987400
vt 0.270100 0.987400
vt 0.327200 0.983600
vt 0.346300 0.983600
vt 0.365300 0.983600
vt 0.346300 0.987400
vt 0.365300 0.987300
vt 0.384400 0.987300
vt 0.365300 0.990500
vt 0.327200 0.990600
vt 0.346300 0.990500
vt 0.270100 0.990700
vt 0.289100 0.990600
vt 0.308200 0.990600
vt 0.276600 0.996500
vt 0.259600 0.996500
vt 0.293700 0.996500
vt 0.310800 0.996500
vt 0.362000 0.996500
vt 0.345000 0.996500
vt 0.327900 0.996500
vt 0.379100 0.996500
vt 0.384400 0.990500
vt 0.403400 0.983600
vt 0.441500 0.983600
vt 0.422500 0.983600
vt 0.403400 0.987300
vt 0.384400 0.983600
vt 0.441500 0.987300
vt 0.422500 0.987300
vt 0.460600 0.987300
vt 0.460600 0.983600
vt 0.479600 0.983600
vt 0.498700 0.983600
vt 0.479600 0.987200
vt 0.460600 0.990400
vt 0.441500 0.990400
vt 0.498700 0.987200
vt 0.498700 0.990300
vt 0.479600 0.990300
vt 0.403400 0.990500
vt 0.422500 0.990400
vt 0.413300 0.996500
vt 0.396200 0.996500
vt 0.430400 0.996500
vt 0.481600 0.996500
vt 0.447400 0.996500
vt 0.464500 0.996500
vt 0.498700 0.996500
vn -0.232811 0.622835 0.746911
vn -0.282032 0.954004 -0.101660
vn -0.923660 0.206973 0.322514
vn 0.077705 -0.161460 0.983815
vn -0.990026 -0.128585 -0.057565
vn -0.939139 0.220405 0.263514
vn -0.994954 0.098247 -0.020324
vn -0.944128 -0.032250 0.327998
vn -0.424337 -0.189364 0.885483
vn -0.950559 -0.044440 0.307347
vn -0.453872 -0.095726 0.885910
vn -0.196278 0.964638 0.175924
vn -0.373885 0.881088 -0.289646
vn 0.417517 -0.632752 -0.652154
vn 0.492678 -0.175260 -0.852381
vn 0.269732 -0.325232 -0.906349
vn -0.457001 -0.093942 0.884492
vn -0.947120 -0.042491 0.318053
vn -0.489869 -0.164129 0.856207
vn 0.314921 -0.926652 0.205283
vn -0.081543 -0.994617 0.063942
vn 0.165588 -0.964031 0.207907
vn 0.480752 -0.517118 0.708143
vn 0.601147 -0.557315 0.572732
vn 0.303735 -0.404485 0.862633
vn 0.565103 -0.292797 0.771316
vn 0.392586 0.049442 0.918385
vn 0.201971 -0.094291 0.974842
vn -0.796744 0.486892 -0.357961
vn -0.807593 0.456415 -0.373469
vn -0.778880 0.483129 -0.399914
vn 0.428014 -0.184302 0.884781
vn 0.438675 -0.175431 0.881356
vn -0.470099 0.866252 0.169160
vn -0.388711 0.913265 0.121861
vn -0.487344 0.843709 0.225057
vn -0.869949 -0.493047 0.009707
vn -0.845890 -0.531974 -0.038385
vn -0.847306 -0.530887 0.015232
vn 0.666910 -0.411645 0.621111
vn -0.406517 -0.913566 0.011867
vn -0.537951 -0.842777 -0.018314
vn 0.017405 -0.999820 0.007524
vn 0.252798 -0.413729 0.874598
vn -0.250196 -0.771078 0.585526
vn 0.002298 -0.648661 0.761074
vn 0.567101 -0.166223 0.806701
vn 0.462861 -0.320902 0.826306
vn 0.134908 0.409121 0.902452
vn -0.257899 0.317645 0.912463
vn 0.129728 0.338794 0.931874
vn -0.143341 -0.927416 0.345474
vn -0.229362 -0.727764 0.646338
vn 0.203280 -0.893300 0.400864
vn -0.022243 -0.624008 0.781101
vn -0.270392 -0.618319 0.737950
vn -0.797274 0.530149 0.288609
vn -0.100785 0.845130 0.524974
vn -0.192364 0.980556 -0.038819
vn -0.083148 -0.087226 0.992712
vn 0.134938 -0.047799 0.989700
vn -0.054189 -0.514396 0.855839
vn 0.401906 -0.162054 0.901227
vn -0.712338 0.510889 0.481214
vn -0.500923 -0.865491 -0.000501
vn -0.948019 0.297361 0.113298
vn -0.239190 -0.069588 0.968476
vn -0.033800 -0.127700 0.991237
vn -0.870160 0.070603 0.487685
vn -0.614502 0.247059 0.749232
vn 0.026996 0.014293 0.999533
vn -0.460530 -0.032814 0.887037
vn -0.534518 -0.002256 0.845154
vn -0.568626 0.730156 -0.378861
vn -0.802384 0.331830 -0.496053
vn -0.848373 0.456087 -0.268792
vn -0.360128 -0.036408 0.932192
vn -0.451459 0.061725 0.890155
vn -0.493316 -0.002186 0.869848
vn -0.048678 -0.988077 -0.146062
vn 0.113893 -0.992254 -0.049603
vn 0.116851 -0.954541 0.274221
vn -0.758650 -0.439584 0.480849
vn -0.705019 -0.498996 0.503935
vn -0.710830 -0.548341 0.440504
vn -0.962934 0.201548 -0.179264
vn -0.919314 0.062314 -0.388560
vn -0.642808 0.583315 0.496529
vn -0.797772 0.564011 0.213191
vn -0.915769 0.393714 0.079731
vn -0.577616 0.779021 -0.243899
vn -0.580342 0.805503 0.119868
vn -0.609868 0.768351 -0.194156
vn 0.144084 0.983778 0.106867
vn 0.065729 0.992335 -0.104651
vn -0.026473 -0.335145 0.941795
vn -0.236011 -0.149784 0.960137
vn -0.315789 -0.239161 0.918193
vn 0.289596 -0.459251 0.839776
vn -0.022989 -0.305970 0.951764
vn -0.034135 -0.308628 0.950570
vn -0.751790 0.618877 0.227604
vn -0.337950 0.824312 0.454202
vn -0.407936 0.799957 0.440064
vn -0.944033 0.327289 0.041045
vn -0.899252 0.435825 -0.037445
vn 0.291365 -0.426555 0.856246
vn 0.280223 -0.477173 0.832935
vn -0.680945 0.724638 -0.105898
vn -0.686205 0.726121 0.043248
vn 0.283772 -0.156797 0.945985
vn -0.996953 0.074766 -0.022244
vn -0.113266 -0.906167 0.407471
vn 0.148158 -0.527248 0.836695
vn 0.401206 -0.515163 0.757391
vn 0.169577 -0.404558 0.898653
vn -0.455944 0.874292 0.166515
vn -0.544511 0.833657 -0.092324
vn -0.640442 -0.766988 0.039538
vn -0.569140 0.797129 -0.201656
vn -0.576203 0.799449 0.169917
vn -0.953156 0.160528 -0.256370
vn -0.942860 0.294221 -0.156362
vn -0.657488 0.517383 0.547745
vn -0.481390 0.875699 -0.037616
vn -0.590534 0.804303 -0.066068
vn -0.771222 0.470862 0.428376
vn -0.251755 0.959157 0.128981
vn 0.549264 -0.503006 0.667303
vn 0.410842 -0.488807 0.769595
vn -0.799084 0.596769 -0.073013
vn -0.048568 0.988147 0.145624
vn 0.181456 0.982222 0.048094
vn -0.466010 0.871425 -0.153146
vn -0.475071 0.849870 0.228096
vn -0.484085 0.867129 0.117259
vn -0.673425 -0.123354 0.728891
vn -0.664680 -0.180942 0.724886
vn -0.696566 -0.132878 0.705081
vn 0.647182 -0.410982 0.642067
vn -0.280958 0.187712 0.941184
vn -0.375644 0.155448 0.913634
vn -0.492650 0.161733 0.855066
vn -0.867028 0.441664 -0.230642
vn -0.985779 0.135223 -0.099774
vn -0.319316 -0.158967 0.934220
vn -0.403512 -0.049062 0.913658
vn -0.483326 -0.353386 -0.800946
vn -0.427678 0.048550 -0.902626
vn -0.349121 -0.425593 -0.834856
vn -0.040911 0.168615 0.984833
vn -0.454068 0.688544 0.565447
vn -0.101130 0.274683 0.956202
vn -0.662886 0.039807 -0.747662
vn -0.435997 -0.206327 -0.875977
vn -0.459798 -0.252610 -0.851336
vn -0.245389 0.694084 0.676780
vn -0.103896 0.784808 0.610968
vn -0.097148 0.613312 0.783843
vn -0.020551 0.147800 0.988804
vn 0.062397 0.138116 0.988449
vn 0.274322 -0.510783 0.814769
vn -0.783495 0.580924 0.220597
vn -0.813646 0.555256 0.172251
vn -0.779986 0.615897 0.110871
vn 0.389592 -0.252895 -0.885586
vn 0.643502 -0.073277 -0.761929
vn 0.032499 -0.111611 -0.993220
vn -0.162099 0.500837 0.850227
vn 0.008327 0.214408 0.976709
vn -0.155137 0.657287 0.737500
vn 0.079733 -0.199876 -0.976572
vn 0.213512 -0.138828 -0.967026
vn -0.565457 -0.118496 -0.816221
vn -0.261966 -0.015260 0.964956
vn -0.108586 0.476839 0.872258
vn -0.109227 0.524223 0.844547
vn -0.147743 0.233915 0.960966
vn -0.589494 0.800614 0.107304
vn -0.527809 0.848897 -0.028148
vn -0.797906 0.437483 0.414675
vn -0.660340 0.019478 0.750715
vn -0.544860 0.099103 0.832650
vn -0.436331 0.045308 0.898645
vn -0.350391 0.936127 -0.029879
vn -0.848937 0.523147 -0.074992
vn -0.335145 0.929852 -0.151833
vn -0.724182 -0.687193 0.057678
vn -0.741311 -0.569536 0.355087
vn -0.627235 -0.639302 -0.444824
vn 0.056497 0.143794 0.987994
vn -0.172694 0.075423 0.982084
vn 0.234789 0.128320 0.963539
vn -0.917339 -0.375936 -0.131002
vn -0.393882 -0.903195 -0.170575
vn -0.554645 -0.825140 -0.107300
vn 0.255641 0.133981 0.957443
vn 0.198672 0.184933 0.962460
vn 0.601295 0.097730 0.793028
vn 0.553000 0.047067 0.831851
vn -0.816690 0.042934 -0.575477
vn -0.894172 -0.048350 -0.445105
vn -0.893577 -0.020565 -0.448439
vn 0.032275 -0.999399 0.012624
vn 0.467938 -0.883677 -0.012238
vn -0.578438 0.054865 0.813879
vn -0.437163 0.302192 0.847094
vn -0.656186 0.128796 0.743527
vn -0.519309 -0.817926 0.247619
vn -0.446777 -0.890471 -0.086324
vn -0.896978 0.335069 0.288374
vn 0.756066 0.134839 0.640454
vn 0.271386 0.282229 0.920161
vn 0.615147 0.329706 0.716162
vn 0.149851 0.450294 0.880216
vn -0.180029 -0.355505 0.917173
vn -0.390753 -0.514064 -0.763577
vn -0.939659 0.326305 -0.102793
vn 0.673167 0.134525 0.727151
vn 0.084386 0.299583 0.950331
vn -0.496145 -0.540589 -0.679415
vn -0.467288 0.257765 -0.845694
vn -0.569555 -0.291699 -0.768452
vn -0.561317 0.124425 0.818194
vn -0.412521 0.340646 0.844859
vn -0.330789 0.225909 0.916266
vn 0.259358 0.665066 -0.700300
vn 0.250472 0.640928 -0.725586
vn 0.268459 0.594639 -0.757849
vn 0.334543 -0.017291 0.942222
vn 0.034399 0.104994 0.993878
vn 0.430972 0.057038 0.900561
vn -0.034738 0.751711 -0.658577
vn -0.806180 0.429475 -0.406970
vn -0.064319 -0.453263 0.889053
vn 0.427558 -0.359867 0.829271
vn -0.050535 -0.524701 0.849785
vn -0.990891 -0.030271 0.131218
vn -0.744669 -0.236997 -0.623939
vn -0.883615 0.037980 -0.466672
vn -0.996908 0.019323 -0.076166
vn -0.330726 -0.011748 0.943654
vn -0.180876 -0.731360 0.657569
vn 0.030264 -0.985964 -0.164191
vn -0.350940 -0.854556 0.382851
vn -0.871444 -0.008981 -0.490412
vn -0.873751 0.115716 -0.472408
vn -0.368553 -0.904577 0.214265
vn -0.241887 -0.865662 -0.438316
vn -0.007530 0.737756 0.675025
vn -0.112647 0.557495 0.822502
vn -0.113714 0.734737 0.668753
vn 0.099800 -0.788601 -0.606752
vn -0.335565 -0.744789 -0.576789
vn -0.172071 -0.736075 -0.654664
vn -0.085194 -0.943328 -0.320741
vn -0.790182 -0.011021 0.612773
vn -0.732052 -0.116378 0.671235
vn -0.806275 0.007560 0.591492
vn -0.358852 -0.920933 -0.152013
vn -0.151609 -0.963282 -0.221593
vn -0.445923 -0.827000 -0.342378
vn -0.794812 -0.602693 0.070958
vn -0.737250 -0.655799 0.162449
vn -0.812447 -0.580425 0.055107
vn -0.230613 -0.971225 -0.059490
vn -0.059332 -0.997378 -0.041431
vn -0.008535 -0.999183 -0.039494
vn -0.035207 -0.972112 0.231858
vn -0.228546 0.143169 0.962948
vn -0.398425 0.092953 0.912479
vn -0.147815 -0.983675 -0.102639
vn -0.893109 -0.441863 -0.084343
vn -0.807459 -0.587489 0.053532
vn -0.890106 -0.452831 -0.051528
vn -0.031141 -0.908136 -0.417515
vn -0.101166 -0.503857 0.857842
vn -0.149628 -0.664712 0.731962
vn -0.165310 -0.713339 0.681043
vn -0.237515 -0.969973 -0.052335
vn -0.045082 -0.985748 -0.162075
vn -0.719241 0.645235 0.257612
vn 0.514470 -0.399270 0.758883
vn -0.850141 0.019741 -0.526184
vn -0.788958 0.080009 -0.609216
vn 0.279311 0.959359 0.040184
vn 0.129440 0.984887 0.115076
vn -0.792772 -0.400098 -0.459819
vn -0.167463 0.953977 -0.248766
vn -0.545167 0.818332 -0.182005
vn -0.497063 0.857489 -0.132819
vn -0.382323 0.197987 -0.902569
vn -0.438070 -0.121582 -0.890681
vn -0.520966 0.341381 -0.782338
vn -0.883426 0.293478 -0.365280
vn -0.251014 0.967949 -0.008185
vn -0.679958 0.726818 0.096915
vn -0.583473 0.799736 0.141357
vn -0.688072 0.708218 0.158064
vn -0.922500 0.250049 0.294058
vn -0.876719 0.456282 0.152219
vn -0.994223 0.033122 0.102100
vn -0.387063 0.907261 -0.164497
vn -0.112734 0.980067 -0.163584
vn 0.438505 0.867311 0.235553
vn -0.249724 0.940422 0.230748
vn 0.096733 0.919649 0.380641
vn -0.649964 0.710607 0.269414
vn -0.632313 0.675462 0.379382
vn -0.518106 0.823348 0.231655
vn -0.783524 0.532905 0.319535
vn -0.794466 0.441269 0.417260
vn -0.858377 0.481307 -0.177574
vn -0.559261 0.818624 0.130697
vn -0.143339 0.955503 0.257812
vn -0.819280 0.572979 0.021791
vn -0.052816 0.986635 0.154151
vn -0.161227 0.917486 0.363627
vn -0.337795 -0.312933 -0.887675
vn -0.354370 -0.472901 -0.806714
vn -0.464842 -0.329976 -0.821607
vn -0.842986 0.215706 -0.492793
vn -0.144225 -0.318984 0.936722
vn -0.168835 -0.150933 0.974020
vn 0.115675 -0.244226 -0.962794
vn 0.407225 -0.193177 -0.892665
vn -0.740635 0.671907 0.000513
vn -0.708971 0.610093 -0.353761
vn -0.972163 -0.059619 -0.226594
vn -0.984007 0.043172 -0.172819
vn -0.500273 -0.129456 -0.856136
vn -0.276790 -0.074611 -0.958029
vn 0.140210 -0.222728 -0.964745
vn -0.866455 -0.421914 -0.266915
vn -0.814608 -0.288423 -0.503216
vn -0.713150 -0.282460 -0.641586
vn -0.720985 0.548277 0.423761
vn -0.207862 -0.371251 -0.904968
vn -0.262112 -0.349180 -0.899650
vn -0.077997 -0.336357 -0.938499
vn -0.776964 -0.383132 -0.499536
vn -0.946646 -0.144510 -0.288060
vn -0.969539 0.099731 0.223714
vn 0.188867 -0.241164 -0.951929
vn 0.386804 -0.143389 -0.910946
vn -0.620926 -0.761047 -0.187773
vn -0.560915 -0.150840 -0.814016
vn -0.786265 0.097682 -0.610120
vn -0.726838 0.023161 -0.686418
vn -0.772118 0.074099 -0.631145
vn -0.853074 0.375263 -0.362551
vn 0.318103 0.810708 -0.491491
vn -0.155157 0.519679 -0.840155
vn 0.083489 0.761985 -0.642190
vn -0.334069 -0.578729 -0.743956
vn -0.392140 -0.431418 -0.812468
vn -0.299891 0.342391 -0.890412
vn -0.347367 0.163482 -0.923369
vn 0.169606 0.207419 -0.963437
vn -0.416967 0.162884 -0.894208
vn -0.137772 0.614702 -0.776634
vn -0.554195 -0.188980 -0.810650
vn -0.423272 0.075765 -0.902829
vn 0.018050 -0.441686 -0.896988
vn 0.438201 -0.600424 -0.668932
vn 0.074828 -0.996530 0.036447
vn 0.018344 -0.998305 0.055228
vn 0.393004 -0.919320 0.019979
vn 0.166876 -0.047493 -0.984833
vn 0.667515 -0.116806 -0.735378
vn -0.197832 0.088470 -0.976235
vn -0.509793 -0.068502 -0.857565
vn -0.155465 -0.079950 -0.984601
vn -0.654917 0.121840 -0.745814
vn -0.507454 0.196039 -0.839082
vn -0.608120 0.165274 -0.776450
vn 0.676434 0.070338 -0.733136
vn 0.382256 -0.074601 -0.921040
vn 0.286322 0.107569 -0.952076
vn 0.495347 -0.867291 0.049370
vn -0.180349 0.495596 -0.849623
vn -0.422997 0.202342 -0.883250
vn -0.502683 0.039913 -0.863549
vn 0.002526 0.200562 -0.979678
vn 0.073778 0.162846 -0.983889
vn -0.771332 0.421755 -0.476623
vn -0.728828 0.046709 -0.683102
vn -0.855237 0.269363 -0.442733
vn 0.428026 -0.087461 -0.899525
vn 0.456006 -0.098104 -0.884553
vn 0.356111 -0.011506 -0.934373
vn -0.660701 -0.233008 0.713569
vn -0.415555 0.301322 0.858207
vn -0.362990 -0.159400 0.918058
vn -0.134314 -0.979673 0.148997
vn 0.582980 -0.004435 0.812474
vn -0.729153 -0.480270 0.487521
vn -0.718619 -0.528238 0.452274
vn -0.674786 -0.386181 0.628910
vn -0.672875 -0.482401 0.560828
vn -0.804771 0.156662 -0.572539
vn -0.640543 -0.258414 -0.723136
vn -0.672702 -0.238180 -0.700530
vn 0.441933 -0.128595 -0.887783
vn 0.559294 -0.068740 -0.826115
vn 0.092243 -0.992080 -0.085258
vn -0.235469 -0.966422 0.102875
vn -0.508566 -0.722663 0.468101
vn -0.678306 -0.674336 0.291842
vn -0.671496 -0.702177 0.236729
vn -0.718401 -0.658165 0.225210
vn -0.018313 -0.992615 0.119918
vn -0.816941 0.464842 -0.341362
vn 0.182834 -0.009927 -0.983094
vn -0.115036 0.113366 -0.986871
vn -0.149784 -0.158513 -0.975929
vn 0.119668 0.093694 -0.988383
vn -0.436361 0.295164 0.849981
vn -0.385520 0.473427 0.791985
vn -0.454514 0.472655 0.754993
vn -0.748050 -0.583109 -0.316868
vn -0.787184 -0.587039 -0.189017
vn -0.769227 -0.583231 -0.261019
vn -0.882237 -0.157691 -0.443611
vn -0.907029 -0.242650 -0.344122
vn -0.831993 -0.386651 -0.397855
vn -0.552291 -0.818758 -0.156876
vn -0.737010 -0.578866 0.348898
vn -0.831622 -0.439036 0.340077
vn 0.459360 -0.888119 0.015296
vn 0.313349 -0.947524 -0.063336
vn -0.003723 -0.997267 0.073788
vn -0.262772 -0.955824 0.131724
vn -0.329555 -0.930799 0.158136
vn -0.745900 -0.425110 0.512752
vn -0.174786 -0.669577 0.721884
vn -0.923154 0.281819 -0.261468
vn -0.893515 0.007172 -0.448976
vn 0.234786 -0.971305 0.037982
vn 0.130550 -0.988036 0.082113
vn -0.463908 -0.879740 -0.104150
vn -0.988489 -0.063077 0.137513
vn 0.000164 -0.998439 0.055856
vn -0.562791 -0.820683 -0.098723
vn -0.408894 -0.907000 -0.100784
vn -0.800468 -0.568230 0.190696
vn -0.731528 -0.681613 0.016460
vn -0.872942 0.312770 -0.374362
vn -0.761088 0.550699 -0.342747
vn -0.941891 0.291817 -0.166388
vn -0.348228 -0.004982 0.937397
vn 0.049396 -0.062948 -0.996794
vn -0.767890 -0.597859 -0.230022
vn 0.266236 -0.948926 0.169287
vn -0.041423 0.264810 -0.963411
vn 0.247257 0.560444 -0.790422
vn 0.079381 0.363711 -0.928123
vn -0.806695 0.522809 0.275524
vn 0.396789 -0.246678 -0.884143
vn 0.438314 -0.247223 -0.864154
vn -0.160797 0.921325 -0.353985
vn -0.207633 0.927839 -0.309844
vn -0.273533 0.930931 -0.241964
vn 0.600852 0.741526 -0.298522
vn 0.285634 0.854993 -0.432898
vn 0.467747 0.803139 -0.369027
vn -0.815795 0.575918 0.052885
vn -0.827927 0.557935 0.056965
vn -0.839293 0.541201 0.051847
vn -0.392002 0.897167 -0.203532
vn -0.514879 0.841936 -0.161381
vn 0.073990 0.013504 -0.997168
vn 0.282170 -0.262264 -0.922821
vn 0.266738 -0.208041 -0.941047
vn -0.041074 0.234128 -0.971338
vn 0.539924 0.686030 -0.487694
vn 0.282300 0.746839 -0.602112
vn 0.219600 -0.239731 -0.945677
vn 0.564922 -0.046478 -0.823834
vn -0.509136 -0.501927 -0.699178
vn -0.276205 0.410838 -0.868863
vn -0.604414 0.796123 -0.029521
vn -0.669932 0.726689 0.152037
vn 0.628052 -0.149324 -0.763710
vn 0.034718 0.164728 -0.985728
vn -0.541649 0.078282 -0.836952
vn 0.397508 0.484635 -0.779177
vn -0.923707 0.366415 0.111827
vn -0.467193 0.083310 -0.880222
vn 0.176253 -0.458832 0.870866
vn 0.400641 -0.727846 0.556531
vn -0.143402 -0.296686 -0.944147
vn -0.416430 -0.399389 -0.816746
vn -0.310268 -0.549559 -0.775706
vn -0.852229 0.518936 0.066413
vn -0.844741 0.530088 0.073621
vn -0.813396 0.573807 0.095559
vn -0.838678 0.544019 -0.025744
vn -0.896224 0.408675 -0.172531
vn -0.906769 0.380075 -0.182518
vn -0.057847 -0.185251 -0.980987
vn -0.631037 -0.371751 0.680877
vn -0.025185 -0.068786 0.997314
vn -0.894503 0.271954 -0.354831
vn -0.326791 0.773425 0.543158
vn -0.319242 0.865591 0.385793
vn -0.269127 0.486205 0.831370
vn -0.203324 0.742633 0.638087
vn -0.316853 0.577174 0.752645
vn -0.025083 0.092217 0.995423
vn -0.332345 0.907202 0.257938
vn 0.545254 -0.070096 -0.835335
vn -0.432498 -0.499590 -0.750570
vn -0.241161 -0.495425 -0.834503
vn -0.275022 -0.446076 -0.851692
vn -0.471280 0.433519 0.768087
vn 0.351663 0.060651 0.934160
vn 0.654011 0.124138 0.746230
vn 0.144988 0.097091 0.984658
vn -0.109430 -0.993369 -0.035259
vn 0.207283 -0.977957 -0.025170
vn -0.113260 -0.990267 0.080892
vn -0.628769 -0.774272 -0.071787
vn -0.569001 -0.813172 -0.122431
vn 0.353957 0.525164 0.773898
vn 0.062570 -0.997849 -0.019578
vn -0.607198 -0.016997 -0.794368
vn -0.603935 -0.067068 -0.794207
vn -0.862672 0.031678 -0.504770
vn 0.025168 -0.398756 -0.916712
vn 0.278745 -0.537611 -0.795786
vn -0.537037 -0.289165 -0.792449
vn -0.506335 -0.394779 -0.766665
vn -0.731928 -0.059372 -0.678791
vn -0.305586 0.952162 -0.002397
vn -0.283952 0.939959 -0.189335
vn -0.759825 0.586994 0.279472
vn -0.703425 0.685637 0.187338
vn -0.832314 -0.324216 -0.449598
vn -0.287669 -0.290939 -0.912470
vn -0.466359 -0.139322 -0.873555
vn -0.353773 0.927717 -0.119102
vn -0.784381 0.614440 -0.084915
vn -0.212231 0.954970 -0.207340
vn -0.613877 0.782126 -0.106932
vn -0.746843 0.663699 -0.041593
vn -0.690085 0.722044 -0.049350
vn -0.623222 0.781794 0.019830
vn -0.828969 0.417922 0.371688
vn -0.888433 -0.127008 -0.441086
vn -0.902257 -0.201359 -0.381296
vn -0.645163 -0.712997 0.274591
vn -0.758764 -0.600760 0.251724
vn -0.745542 -0.650367 -0.145564
vn -0.987215 -0.102065 -0.122430
vn -0.707605 -0.592108 -0.385619
vn -0.419172 -0.907850 0.010188
vn -0.327797 -0.936626 -0.123613
vn -0.637326 -0.708622 -0.302771
vn -0.720252 -0.659683 0.214605
vn 0.200959 -0.146942 -0.968516
vn 0.077454 -0.051722 -0.995653
vn -0.207307 -0.001296 -0.978275
vn -0.249137 -0.060898 -0.966552
vn -0.359241 0.075489 -0.930186
vn -0.971149 -0.167919 -0.169331
vn -0.169605 -0.983050 0.069624
vn -0.674048 -0.730731 -0.108124
vn 0.393368 0.578052 -0.714925
vn 0.375001 0.821051 -0.430406
vn 0.483002 0.675449 -0.557206
vn 0.054551 0.771158 -0.634302
vn 0.196815 0.540504 -0.817997
vn 0.076509 0.784137 -0.615853
vn -0.315995 0.399310 -0.860639
vn -0.317180 0.682371 -0.658609
vn -0.905434 -0.054107 -0.421025
vn -0.219345 -0.273199 0.936617
vn -0.701686 0.574205 0.421812
vn -0.555409 -0.066700 0.828898
vn -0.184795 -0.149983 0.971265
vn -0.039017 -0.062544 0.997279
vn -0.955470 0.295084 0.001437
vn -0.844143 0.151053 -0.514399
vn -0.678394 0.593861 0.432563
vn -0.804345 0.469908 0.363615
vn -0.806778 0.576839 0.127929
vn -0.584015 0.732653 0.349494
vn 0.219867 -0.161172 0.962124
vn -0.175712 -0.002501 0.984438
vn -0.202769 0.024785 0.978913
vn -0.288332 0.031959 0.956997
vn 0.269712 -0.473758 0.838337
vn 0.365784 -0.505936 0.781173
vn 0.346275 -0.278470 0.895850
vn -0.337082 -0.588465 0.734905
vn -0.273916 -0.576387 0.769901
vn -0.513183 -0.424012 0.746228
vn -0.044654 -0.081111 0.995704
vn -0.136562 -0.133656 0.981574
vn -0.233574 0.969340 -0.076305
vn -0.380103 0.711818 0.590623
vn -0.635610 0.726294 0.261717
vn -0.451083 0.887658 -0.092663
vn 0.184646 0.943763 0.274258
vn -0.806681 0.580895 0.108755
vn -0.824046 0.558945 0.092349
vn -0.785800 0.612333 0.086987
vn -0.492157 -0.538711 -0.683792
vn -0.421661 -0.455877 -0.783823
vn -0.526907 -0.651443 -0.545885
vn -0.178186 0.189184 0.965639
vn -0.348723 -0.049878 0.935898
vn -0.542389 0.033030 0.839478
vn -0.449101 0.030741 0.892952
vn -0.595976 -0.091114 0.797816
vn -0.339065 0.789477 0.511625
vn -0.419035 0.870030 0.259724
vn -0.315034 0.770190 0.554581
vn 0.678147 0.090736 -0.729304
vn -0.382018 0.424257 0.821017
vn -0.285440 0.123130 0.950454
vn -0.319271 0.230881 0.919108
vn -0.193493 -0.975091 0.108433
vn 0.238772 -0.971064 -0.004748
vn 0.068959 -0.989973 -0.123283
vn 0.114944 -0.944950 0.306362
vn -0.286989 -0.957881 -0.010020
vn -0.323812 -0.933001 -0.157020
vn -0.083985 -0.659779 0.746752
vn -0.023472 -0.926970 -0.374401
vn -0.652068 -0.748013 0.123628
vn -0.342540 0.526215 0.778308
vn -0.219844 -0.747238 0.627139
vn -0.364642 -0.810077 -0.459142
vn -0.185716 -0.982571 0.008035
vn 0.188937 -0.981385 0.034442
vn 0.093981 -0.981552 -0.166504
vn 0.067190 -0.996613 -0.047406
vn -0.365521 -0.276475 -0.888795
vn -0.307399 -0.311021 -0.899317
vn -0.314718 -0.520612 -0.793672
vn -0.266031 0.130484 -0.955092
vn -0.214762 -0.281642 -0.935176
vn -0.430579 0.829172 0.356475
vn -0.186729 0.974089 -0.127606
vn -0.386194 0.911765 -0.139781
vn -0.485808 0.868334 -0.099930
vn -0.174516 0.963489 -0.203060
vn -0.441251 0.897039 -0.024871
vn -0.610496 0.765282 0.204054
vn -0.803353 0.487911 0.341418
vn -0.959933 0.109106 -0.258116
vn -0.760326 0.422541 0.493319
vn -0.832699 0.289246 0.472176
vn -0.510570 -0.850751 0.124662
vn -0.670914 -0.512608 0.535824
vn -0.583735 -0.768432 0.262232
vn -0.377383 -0.837349 -0.395512
vn -0.202120 -0.978982 -0.027233
vn -0.558748 -0.755319 -0.342483
vn -0.426166 -0.884888 -0.188031
vn 0.373986 -0.109171 -0.920987
vn -0.220188 0.008312 -0.975422
vn 0.040081 0.279221 -0.959390
vn 0.144056 0.098018 -0.984703
vn 0.020219 -0.999725 0.011905
vn 0.226984 0.730664 -0.643901
vn 0.246077 0.314130 -0.916934
vn 0.057451 0.672214 -0.738125
vn 0.498885 -0.142308 -0.854904
vn -0.647397 0.478207 -0.593460
vn -0.655305 -0.689268 -0.309007
vn -0.425025 -0.702602 -0.570705
vn -0.562486 0.092962 -0.821564
vn -0.127889 -0.107378 0.985959
vn -0.158149 -0.376272 0.912912
vn -0.195919 -0.813204 0.548010
vn -0.174354 -0.415375 0.892785
vn -0.240450 -0.615599 0.750481
vn -0.726011 0.464335 0.507248
vn -0.476387 -0.272024 0.836097
vn -0.992357 0.084227 0.090185
vn -0.864488 0.449924 0.224117
vn -0.684910 0.677759 0.267471
vn -0.796997 0.535773 0.278824
vn -0.452659 0.757812 0.469916
vn -0.056877 0.155616 0.986179
vn -0.313284 0.523195 0.792540
vn -0.511616 0.796369 0.322562
vn 0.241334 -0.591864 0.769061
vn 0.254355 -0.445649 0.858313
vn 0.216649 -0.270599 0.937998
vn 0.065805 -0.354497 0.932739
vn -0.047129 -0.277903 0.959452
vn 0.156148 -0.390139 0.907419
vn -0.034918 -0.167190 0.985306
vn 0.420984 -0.526716 0.738473
vn -0.249321 -0.100767 0.963164
vn -0.523734 0.760353 0.384144
vn 0.180527 0.979871 -0.085221
vn 0.590520 -0.792068 0.154645
vn -0.325451 -0.938692 -0.113750
vn -0.108902 -0.992593 0.053847
vn -0.646778 -0.682419 -0.340562
vn -0.493095 -0.841483 -0.220827
vn 0.542653 0.098033 0.834217
vn -0.279559 0.134230 0.950699
vn -0.361430 0.072302 0.929592
vn -0.546435 0.091715 0.832465
vn -0.373302 0.056581 0.925983
vn -0.240776 0.193662 0.951063
vn -0.232987 0.065918 0.970243
vn -0.331713 0.192526 0.923526
vn 0.119325 -0.571214 -0.812082
vn -0.175350 -0.215372 -0.960660
vn -0.346388 -0.213087 -0.913570
vn -0.253526 -0.195300 -0.947408
vn -0.411524 0.128574 -0.902284
vn -0.532421 0.367337 -0.762621
vn -0.550706 0.575477 -0.604607
vn -0.473982 -0.731813 0.489684
vn -0.543030 -0.833978 0.097977
vn -0.087903 -0.867429 -0.489735
vn -0.256567 -0.562786 -0.785777
vn -0.075552 -0.319237 -0.944659
vn -0.490878 -0.511829 -0.705031
vn -0.497277 -0.333706 -0.800847
vn 0.191164 0.978596 -0.076195
vn 0.048877 0.989729 -0.134344
vn -0.461738 0.887012 0.002813
vn -0.875037 0.281145 -0.394040
vn -0.907159 0.361641 -0.215125
vn -0.929246 0.093630 -0.357400
vn -0.420120 -0.532126 -0.735079
vn -0.935728 -0.046258 -0.349675
vn -0.566452 -0.579527 -0.585901
vn -0.580280 -0.400566 -0.709100
vn -0.312351 -0.716319 -0.623958
vn -0.713328 -0.222822 -0.664464
vn -0.914309 0.138053 -0.380762
vn -0.851860 0.309416 -0.422606
vn -0.848138 0.277236 -0.451445
vn -0.849497 0.081659 -0.521235
vn -0.824072 0.287929 -0.487855
vn -0.318842 0.931469 -0.175230
vn -0.164935 0.926789 -0.337429
vn -0.212391 0.969659 -0.121042
vn -0.139869 0.939486 -0.312736
vn -0.697833 0.702701 -0.138711
vn -0.729754 0.677915 -0.088826
vn -0.315216 0.909687 -0.270387
vn -0.640395 0.717184 -0.274848
vn -0.732646 0.663420 -0.152002
vn -0.634524 -0.344669 -0.691797
vn -0.352577 0.923804 -0.149249
vn -0.778732 0.392430 -0.489464
vn -0.824305 -0.480026 0.300160
vn -0.648526 -0.594562 0.475301
vn -0.219512 0.147551 -0.964387
vn -0.352208 0.102349 -0.930309
vn 0.274471 -0.289660 -0.916931
vn 0.018644 0.044404 -0.998840
vn 0.080789 -0.058441 -0.995016
vn -0.074914 -0.043215 -0.996253
vn -0.217253 0.226202 -0.949544
vn -0.653094 -0.598686 -0.463728
vn -0.604343 -0.576396 -0.550033
vn -0.859660 -0.242105 -0.449855
vn -0.397569 -0.849699 -0.346338
vn -0.577153 -0.661682 -0.478615
vn -0.349874 -0.882155 -0.315263
vn -0.702855 -0.607642 -0.369818
vn -0.813834 -0.515662 0.267894
vn -0.715761 -0.666441 -0.208670
vn -0.776762 -0.623949 -0.085599
vn -0.787335 -0.483293 0.382795
vn -0.870202 -0.412302 -0.269732
vn -0.843430 -0.491384 -0.217179
vn -0.844454 -0.527445 -0.093273
vn -0.680970 -0.437952 0.586923
vn -0.739992 -0.415854 0.528656
vn 0.184977 0.111839 -0.976358
vn -0.151880 0.164365 -0.974637
vn 0.221898 0.762229 -0.608085
vn -0.415287 -0.022413 -0.909414
vn -0.741313 -0.294330 -0.603179
vn -0.578148 -0.116349 -0.807594
vn -0.623492 -0.219239 -0.750461
vn 0.095018 0.645201 -0.758081
vn -0.317584 -0.914906 -0.249175
vn 0.019095 0.805750 -0.591947
vn -0.560963 -0.723023 -0.403185
vn -0.383140 -0.871507 -0.306071
vn -0.346054 -0.870201 -0.350710
vn -0.635582 -0.656534 -0.406200
vn -0.340217 -0.117307 0.933001
vn -0.248279 -0.744070 0.620256
vn -0.856677 0.511702 -0.065309
vn -0.796720 0.509350 0.325268
vn -0.752556 0.537148 0.380961
vn -0.527287 0.730856 0.433381
vn -0.594108 0.637524 0.490509
vn -0.702673 0.524831 0.480419
vn -0.740512 0.354080 0.571200
vn -0.695322 0.656605 0.292229
vn -0.755874 0.590507 0.282766
vn -0.792009 0.525449 0.310846
vn -0.683047 0.495558 0.536534
vn -0.679604 0.227703 0.697344
vn -0.608180 0.115114 0.785408
vn -0.698659 0.440045 0.564125
vn -0.537591 0.521772 0.662382
vn -0.622324 0.663104 0.415940
vn -0.668452 0.662992 0.337065
vn -0.716110 0.605580 0.347071
vn -0.727888 0.526498 0.439293
vn -0.719459 0.525831 0.453741
vn -0.711259 0.491241 0.502785
vn -0.757038 0.458466 0.465514
vn -0.576713 0.701152 0.419271
vn -0.524888 0.592177 0.611407
vn -0.040639 -0.065160 0.997047
vn -0.445958 0.894926 0.015150
vn -0.610142 0.785547 0.103163
vn -0.018778 0.163784 0.986318
vn 0.022234 -0.373653 -0.927302
vn -0.138900 -0.214768 -0.966738
vn -0.054791 -0.546112 -0.835919
vn -0.476954 0.357648 -0.802872
vn -0.573180 0.337324 -0.746778
vn -0.159843 -0.986202 -0.043069
vn -0.744967 -0.077707 0.662560
vn -0.813753 -0.059822 0.578123
vn -0.621411 0.227752 0.749652
vn 0.014921 -0.999228 0.036347
vn -0.572906 -0.819406 0.018765
vn -0.320755 -0.494647 -0.807738
vn -0.364812 -0.525874 -0.768354
vn -0.248301 -0.534551 -0.807838
vn -0.343240 -0.464365 -0.816426
vn -0.438296 -0.457273 -0.773820
vn -0.408443 -0.186424 -0.893544
vn -0.516067 -0.435072 -0.737826
vn -0.626073 0.252553 -0.737732
vn -0.234975 -0.512355 -0.826002
vn -0.167176 -0.009734 -0.985879
vn -0.284966 -0.042836 -0.957580
vn -0.762365 0.276856 -0.584936
vn -0.912760 0.075019 -0.401549
vn -0.856060 0.216545 -0.469328
vn -0.865461 0.125529 -0.484995
vn -0.793042 -0.080819 -0.603782
vn -0.760645 -0.164231 -0.628051
vn -0.805246 0.444823 -0.392060
vn -0.688976 0.264672 -0.674730
vn -0.338373 0.929219 -0.148510
vn -0.627997 0.778060 -0.015560
vn -0.898179 0.383939 -0.214163
vn -0.818231 -0.241664 -0.521629
vn -0.876504 -0.055014 -0.478240
vn -0.907612 0.164940 -0.386051
vn -0.935973 0.147990 -0.319459
vn -0.876462 0.428137 -0.220256
vn -0.608087 -0.665764 -0.432421
vn -0.721322 -0.685155 0.101273
vn 0.334448 -0.323470 -0.885162
vn 0.314348 -0.236397 -0.919403
vn -0.131644 0.159663 -0.978355
vn -0.033002 0.154529 -0.987437
vn 0.123918 0.090667 -0.988142
vn 0.293803 0.002074 -0.955864
vn -0.273809 0.231690 -0.933460
vn -0.052494 0.172058 -0.983687
vn -0.058591 0.121586 -0.990850
vn 0.299497 -0.054413 -0.952544
vn 0.059172 0.738214 -0.671967
vn -0.692836 -0.454123 -0.560134
vn -0.728885 -0.470366 -0.497475
vn -0.469555 0.205706 -0.858605
vn -0.123894 0.147988 -0.981198
vn -0.518142 -0.785574 -0.338235
vn -0.686116 -0.652260 -0.322184
vn -0.660213 -0.255138 -0.706416
vn -0.668168 -0.253859 -0.699362
vn -0.758805 -0.434562 -0.485150
vn -0.818678 -0.455154 -0.350145
vn -0.767600 -0.342898 -0.541490
vn 0.174265 0.025780 -0.984361
vn -0.555911 0.015109 -0.831104
vn -0.821487 -0.569958 0.017528
vn -0.806647 -0.466482 0.362926
vn -0.801766 -0.514589 0.303923
vn -0.393491 -0.821430 -0.412816
vn -0.534433 -0.773742 -0.340153
vn -0.513648 -0.751735 -0.413594
vn -0.510634 0.824151 0.245005
vn -0.611258 0.779035 0.139532
vn -0.504805 0.843881 0.181762
vn -0.369413 -0.423481 0.827163
vn 0.332127 -0.453920 0.826830
vn -0.671655 -0.190708 0.715898
vn -0.422428 -0.262132 0.867664
vn -0.325185 -0.242517 0.914024
vn -0.137310 -0.000481 0.990528
vn 0.092333 -0.330747 0.939192
vn -0.222609 -0.256695 0.940507
vn -0.316018 -0.243285 0.917030
vn -0.380751 0.870142 0.312862
vn -0.406925 0.904822 0.125338
vn -0.786064 0.610267 0.098376
vn -0.570992 0.810138 0.132834
vn -0.588062 0.791961 0.164255
vn -0.198145 0.047287 0.979031
vn -0.620557 0.101793 0.777527
vn -0.314025 -0.109932 0.943029
vn -0.410736 0.904168 0.117366
vn -0.522613 0.251187 -0.814728
vn 0.205490 -0.492487 -0.845713
vn 0.346534 -0.520596 -0.780316
vn -0.368352 -0.324524 -0.871207
vn -0.406758 -0.328115 -0.852578
vn -0.818375 -0.573897 0.030084
vn -0.900152 -0.257791 0.351099
vn -0.898080 -0.223550 0.378785
vn -0.917705 -0.314909 0.242176
vn -0.724397 -0.689383 -0.000235
vn -0.797188 0.599981 0.067193
vn -0.369326 0.916003 0.156643
vn -0.588884 0.808135 0.011543
vn -0.621137 0.779959 0.076507
vn -0.920412 0.323279 -0.219846
vn -0.872730 0.144483 -0.466333
vn -0.823863 -0.081025 -0.560968
vn -0.692167 -0.595765 0.407393
vn 0.302897 -0.180982 -0.935681
vn -0.099975 -0.000796 -0.994990
vn -0.384099 0.145008 -0.911834
vn -0.218010 0.103903 -0.970400
vn -0.816013 -0.522015 -0.248238
vn -0.773367 -0.552473 -0.310929
vn -0.791398 -0.583681 -0.181677
vn -0.815191 -0.561497 -0.142071
vn -0.739303 0.402432 0.539889
vn -0.764285 0.347836 0.543027
vn -0.757053 0.397189 0.518761
vn -0.486734 -0.227731 0.843344
vn -0.415177 -0.240236 0.877448
vn -0.351430 -0.214539 0.911301
vn -0.896627 0.245400 0.368564
vn 0.220418 -0.377677 0.899320
vn -0.568162 -0.249254 0.784260
vn -0.562669 -0.270498 0.781175
vn -0.592691 -0.123788 0.795860
vn -0.541369 -0.092873 0.835640
vn -0.467951 -0.035359 0.883047
vn -0.166364 0.008906 0.986024
vn -0.198861 -0.206406 0.958045
vn -0.650728 -0.160601 0.742132
vn -0.602484 -0.315451 0.733147
vn -0.773663 -0.038923 0.632401
vn -0.367776 -0.027387 0.929511
vn -0.290998 0.225535 0.929760
vn -0.220586 0.026478 0.975008
vn -0.682298 -0.052933 0.729155
vn -0.664046 -0.038042 0.746723
vn -0.714303 0.103070 0.692205
vn -0.722923 0.104419 0.682993
vn -0.741085 0.121176 0.660386
vn -0.640167 0.061796 0.765747
vn -0.610397 0.073643 0.788665
vn -0.819459 -0.008925 0.573068
vn -0.747693 0.078448 0.659395
vn -0.804168 0.001053 0.594402
vn -0.823293 -0.556898 -0.109791
vn -0.835751 -0.539627 -0.101603
vn -0.806823 -0.566418 -0.167953
vn -0.686119 -0.008796 0.727436
vn -0.768319 0.062481 0.637010
vn -0.545847 0.026286 0.837473
vn -0.701276 0.064216 0.709992
vn -0.705644 0.028664 0.707987
vn -0.648552 -0.146782 0.746884
vn -0.701670 -0.148978 0.696753
vn -0.662302 -0.149066 0.734258
vn -0.815619 -0.018992 0.578277
vn -0.400806 0.243516 -0.883207
vn -0.469346 0.267315 -0.841580
vn -0.234002 0.308265 -0.922072
vn -0.138977 -0.078856 -0.987151
vn 0.113411 -0.299216 -0.947422
vn -0.360780 -0.225353 -0.905016
vn -0.162968 -0.071206 -0.984059
vn -0.183836 -0.304825 -0.934498
vn -0.918119 -0.377538 0.120507
vn -0.923848 -0.321584 0.207578
vn -0.928694 -0.286051 0.236011
vn -0.872601 -0.484278 0.063576
vn -0.883807 -0.464946 0.052065
vn -0.746201 -0.664844 -0.034145
vn -0.433986 -0.900197 -0.036066
vn -0.679436 0.733645 -0.011458
vn -0.606075 0.777096 0.169689
vn -0.804341 0.593234 0.033304
vn -0.824371 0.564726 0.038681
vn -0.781572 0.619291 0.074998
vn -0.758147 0.650997 0.037616
vn -0.766120 0.500479 -0.403213
vn -0.812085 0.305448 -0.497213
vn -0.828330 0.521917 -0.203644
vn -0.661925 -0.343415 -0.666274
vn -0.747916 -0.147069 -0.647296
vn -0.694678 0.017171 -0.719116
vn -0.185645 0.238672 -0.953190
vn -0.145934 0.283104 -0.947922
vn -0.142625 0.292843 -0.945463
vn -0.743945 -0.633562 -0.212474
vn -0.536283 -0.159897 0.828754
vn -0.816753 -0.005731 0.576959
vn -0.722252 -0.103671 0.683816
vn -0.142200 -0.035969 0.989184
vn -0.079184 -0.222409 0.971732
vn -0.169077 -0.160671 0.972418
vn -0.445866 -0.364532 0.817508
vn -0.160667 -0.462217 0.872090
vn -0.491828 0.837122 0.239441
vn -0.496917 0.756755 0.424729
vn -0.061342 -0.285552 0.956398
vn -0.233392 0.607724 0.759078
vn -0.277023 -0.172747 0.945207
vn -0.134334 -0.055511 0.989380
vn -0.421503 -0.203412 0.883719
vn -0.273680 0.086111 0.957958
vn -0.412316 -0.026563 0.910654
vn -0.867989 -0.202149 0.453576
vn -0.833737 -0.205670 0.512428
vn -0.837152 -0.282257 0.468517
vn -0.235396 -0.004509 0.971889
vn -0.322945 -0.015331 0.946294
vn -0.121013 0.989547 0.078442
vn -0.287630 0.889939 0.353945
vn -0.327459 0.298299 0.896542
vn -0.492129 0.174967 0.852758
vn -0.683265 -0.059469 0.727744
vn -0.735836 -0.119223 0.666582
vn -0.722772 0.045585 0.689582
vn -0.809181 -0.041038 0.586125
vn -0.623026 -0.202618 -0.755502
vn -0.170699 0.049278 -0.984090
vn -0.364945 -0.024100 -0.930717
vn -0.567105 -0.111501 -0.816063
vn -0.558738 0.054250 -0.827568
vn -0.574281 -0.175917 -0.799534
vn -0.578421 -0.109065 -0.808414
vn -0.830325 0.331686 -0.447823
vn -0.848673 0.287627 -0.443875
vn -0.601456 -0.095448 -0.793184
vn -0.548794 0.507486 -0.664291
vn -0.471639 0.143447 -0.870046
vn -0.804478 -0.144310 0.576185
vn -0.798761 -0.275672 0.534777
vn -0.857981 -0.294363 0.420973
vn -0.866670 -0.494762 0.063978
vn -0.872422 -0.434363 0.224071
vn -0.801440 -0.588638 -0.105824
vn -0.708874 0.690686 0.143005
vn -0.743975 0.656892 0.122453
vn -0.747629 0.656099 0.102878
vn -0.711227 0.692708 0.119629
vn -0.720811 0.690668 0.058385
vn -0.518450 0.850525 -0.088410
vn -0.790064 0.606279 0.090685
vn -0.811969 0.579083 0.073275
vn -0.828768 0.545972 0.122708
vn -0.812068 0.567515 0.135912
vn -0.800326 0.589490 0.109453
vn -0.801287 0.596270 0.049002
vn -0.820979 0.570048 -0.032217
vn -0.879829 0.452959 -0.143980
vn -0.788773 0.610743 0.069495
vn -0.786227 0.613058 0.077498
vn -0.947766 0.132654 -0.290073
vn -0.927791 -0.088367 -0.362484
vn 0.326903 -0.055661 -0.943417
vn 0.245436 0.313498 -0.917322
vn -0.825991 -0.555193 -0.097463
vn -0.661987 -0.696763 -0.276215
vn -0.829250 -0.558704 0.013947
vn -0.680197 -0.680417 -0.272698
vn -0.645994 -0.046283 0.761938
vn -0.580054 -0.220342 0.784211
vn -0.732222 0.027677 0.680503
vn -0.784238 0.475989 0.398003
vn -0.641319 0.727192 0.244748
vn -0.543193 -0.172417 0.821714
vn -0.215656 -0.271066 0.938092
vn -0.613831 -0.159322 0.773193
vn -0.619673 -0.196438 0.759880
vn -0.680684 -0.132394 0.720514
vn -0.190447 0.685850 0.702381
vn -0.239132 -0.059065 0.969189
vn -0.526671 -0.213015 0.822947
vn -0.686078 -0.183613 0.703977
vn -0.473809 -0.180214 0.861990
vn -0.529848 -0.173771 0.830099
vn -0.405803 -0.159469 0.899941
vn -0.456675 -0.215849 0.863051
vn -0.696408 -0.161942 0.699135
vn -0.811630 -0.125942 0.570435
vn -0.791787 -0.168667 0.587047
vn -0.563326 -0.180359 -0.806309
vn -0.498926 -0.227559 -0.836236
vn -0.396923 -0.179862 -0.900056
vn -0.616596 0.312311 -0.722683
vn -0.571997 0.500785 -0.649641
vn -0.898680 -0.403802 0.171226
vn -0.752445 -0.011944 0.658546
vn -0.876832 -0.326837 0.352625
vn -0.903393 -0.410517 0.123922
vn -0.844357 -0.363281 0.393811
vn -0.859303 -0.131583 0.494251
vn -0.866366 -0.152851 0.475443
vn -0.764733 -0.624499 -0.158693
vn -0.645467 -0.739887 -0.189579
vn -0.625731 -0.763190 -0.161247
vn -0.735482 -0.655488 -0.171469
vn -0.781258 0.623236 0.034817
vn -0.754571 0.650885 0.083491
vn -0.795203 0.606279 0.008815
vn -0.717140 0.696633 0.020293
vn -0.792519 0.604930 0.077292
vn -0.816522 0.571537 0.081468
vn -0.847493 0.529801 0.032640
vn -0.820938 0.569227 0.045181
vn -0.817820 0.559629 -0.134109
vn -0.943183 0.097025 -0.317793
vn -0.916712 0.357871 -0.177672
vn -0.778427 -0.330982 -0.533388
vn -0.700012 -0.423366 -0.575103
vn -0.882815 -0.181049 -0.433427
vn -0.829685 0.024565 -0.557692
vn -0.792771 0.390542 -0.467965
vn -0.830590 0.351985 -0.431539
vn -0.863448 0.213614 -0.456976
vn -0.905355 0.127413 -0.405091
vn -0.836332 0.000373 -0.548223
vn -0.892067 0.322814 -0.316240
vn -0.832276 0.056005 -0.551526
vn -0.798585 0.477106 -0.366923
vn -0.789795 0.353987 -0.500916
vn -0.776411 0.465504 -0.424844
vn -0.834147 0.461216 -0.302454
vn -0.794957 0.453943 -0.402468
vn -0.032024 0.124027 -0.991762
vn 0.183909 -0.082588 -0.979468
vn -0.673329 -0.704169 0.225332
vn -0.653620 -0.733579 0.186126
vn -0.773742 0.425147 0.469652
vn -0.743836 0.041771 0.667056
vn -0.220575 0.873460 0.434066
vn -0.310588 0.718647 0.622159
vn -0.638134 -0.205895 0.741884
vn -0.617558 -0.423940 0.662493
vn -0.641122 -0.388653 0.661748
vn -0.609101 -0.392052 0.689414
vn -0.505837 0.177084 0.844257
vn -0.700299 -0.132473 0.701450
vn -0.874940 -0.091193 0.475566
vn -0.758897 -0.055985 0.648800
vn -0.815617 -0.463205 0.346713
vn -0.783798 -0.597944 -0.167699
vn -0.781985 -0.601023 -0.165136
vn -0.756319 0.649715 0.076498
vn -0.917995 0.316095 -0.239517
vn -0.909373 0.403265 -0.102070
vn -0.871319 0.489703 -0.031528
vn -0.920781 0.317097 -0.227183
vn -0.834599 0.548069 0.055358
vn -0.879572 0.083798 -0.468328
vn -0.622635 0.095344 -0.776682
vn -0.526256 -0.447841 -0.722837
vn -0.636744 0.608116 -0.474080
vn -0.795444 0.072581 -0.601665
vn -0.738681 0.561531 -0.372872
vn -0.780626 0.511017 -0.359840
vn -0.870438 -0.448230 -0.203538
vn -0.875211 -0.471361 -0.108741
vn -0.904335 -0.277810 -0.324037
vn -0.862626 -0.079983 -0.499479
vn -0.696509 0.104718 -0.709865
vn -0.310682 0.255565 -0.915513
vn -0.745069 0.092442 0.660550
vn -0.798635 0.397825 0.451572
vn -0.755818 -0.174198 0.631185
vn -0.509672 0.323643 0.797176
vn -0.830526 -0.548023 -0.099485
vn -0.874780 0.481461 -0.054355
vn -0.855083 0.516034 0.050413
vn -0.461414 -0.512771 -0.723991
vn -0.449980 -0.492441 -0.744996
vn -0.997521 0.068381 0.016625
vn -0.995524 0.091068 -0.025261
vn -0.998759 0.046878 -0.016791
vn -0.892900 0.445247 0.066967
vn -0.887961 0.457160 0.050304
vn -0.904413 0.420520 0.072108
vn -0.667559 -0.251096 -0.700939
vn -0.870925 0.488765 0.050966
vn -0.860251 0.507539 0.048698
vn -0.816670 0.060855 -0.573887
vn -0.870835 0.151660 -0.467596
vn -0.863869 0.341880 -0.369931
vn -0.868113 0.385016 -0.313278
vn -0.845327 0.380182 -0.375345
vn -0.816102 0.434307 -0.381254
vn -0.761782 0.072361 -0.643779
vn -0.897185 -0.110890 -0.427507
vn -0.927787 -0.136514 -0.347239
vn -0.822979 0.121800 0.554861
vn -0.641877 -0.119101 0.757502
vn -0.722182 0.507708 0.469772
vn -0.853494 0.060131 0.517621
vn -0.739004 -0.126360 0.661745
vn -0.908157 0.198531 0.368559
vn -0.886675 0.337730 0.315825
vn -0.909706 0.267181 0.317884
vn -0.857901 0.305222 0.413334
vn -0.896053 0.188532 0.401925
vn -0.881032 0.284963 0.377596
vn -0.901975 0.116184 0.415863
vn -0.844008 0.021538 0.535897
vn -0.710662 0.613477 0.344392
vn -0.799148 0.447976 0.400849
vn -0.653879 0.634393 0.412296
vn 0.326837 -0.330558 0.885386
vn -0.605234 -0.261108 0.752007
vn -0.877727 -0.245808 0.411308
vn -0.787520 0.532599 -0.310082
vn -0.829426 0.499459 -0.250187
vn -0.858108 -0.249076 -0.449012
vn -0.796295 0.056618 -0.602253
vn -0.833404 0.058426 0.549567
vn -0.855589 0.149148 0.495703
vn -0.740860 -0.112218 0.662219
vn -0.983237 0.182229 0.006180
vn -0.967938 0.246253 0.049543
vn -0.981062 0.193625 0.005231
vn -0.996122 -0.084603 0.024135
vn -0.988461 -0.124101 0.086855
vn -0.991664 -0.051288 0.118203
vn -0.477932 -0.235233 0.846314
vn -0.649411 -0.247505 0.719031
vn -0.712547 0.440876 0.545806
vn -0.796288 0.577368 0.180473
vn -0.889355 -0.312909 0.333370
vn -0.909064 -0.339975 0.240871
vn -0.864114 -0.308789 0.397436
vn -0.837108 -0.381984 -0.391586
vn -0.923421 -0.289760 -0.251661
vn -0.865964 -0.064848 -0.495885
vn -0.811554 -0.042748 0.582711
vn -0.896304 0.209870 0.390631
vn -0.886899 0.197956 0.417401
vn -0.740610 -0.052402 0.669889
vn -0.665653 -0.196447 0.719940
vn -0.757103 -0.110792 0.643832
vn -0.688159 -0.270482 0.673259
vn -0.629362 -0.322698 0.706944
vn -0.716269 0.595546 0.363709
vn -0.790403 0.523200 0.318631
vn -0.834248 0.452609 0.314921
vn -0.657550 0.680997 0.322290
vn -0.857325 0.421301 0.295803
vn -0.938987 -0.332690 -0.087297
vn -0.943832 -0.290573 -0.157316
vn -0.880558 0.123178 0.457652
vn -0.899501 0.174924 0.400374
vn -0.902683 0.197269 0.382424
vn -0.846639 0.068142 0.527788
vn -0.706291 -0.168076 0.687679
vn -0.703057 -0.297117 0.646090
vn -0.629653 -0.244193 0.737501
vn -0.813925 0.511858 0.274824
vn -0.740623 0.590305 0.320963
vn -0.805510 0.535675 0.253388
vn -0.567065 0.767305 0.299466
vn -0.566643 0.752449 0.335763
vn -0.948710 -0.184020 -0.257072
vn -0.941673 -0.299645 -0.153182
vn -0.811990 -0.580773 0.058100
vn -0.749225 -0.496944 0.437845
vn -0.700649 -0.604282 0.379388
vn -0.724567 -0.675704 0.135746
vn -0.746863 -0.659222 -0.087308
vn -0.853498 -0.518326 -0.053657
vn -0.766943 -0.641367 -0.021163
vn -0.792424 -0.599589 0.112058
vn -0.655937 -0.739536 0.151106
vn -0.772402 -0.632137 0.061631
vn -0.746011 -0.618540 0.246730
vn -0.780672 -0.567055 0.262677
vn -0.736359 -0.552263 0.390872
vn -0.714594 -0.604175 0.352603
vn -0.939757 -0.070585 -0.334478
vn -0.711726 -0.221169 0.666732
vn -0.925588 -0.084627 0.368951
vn -0.668913 0.200400 0.715818
vn -0.925207 -0.020112 0.378930
vn -0.747680 -0.201977 0.632598
vn -0.731752 -0.270822 0.625455
vn -0.672606 -0.299268 0.676786
vn -0.927070 -0.370890 -0.054597
vn -0.874942 -0.482953 -0.035102
vn -0.947140 -0.316117 -0.054742
vn -0.914950 -0.010664 -0.403427
vn -0.693263 -0.252824 0.674883
vn -0.452449 0.450924 0.769388
vn -0.769703 0.139920 0.622881
vn -0.621647 0.310247 0.719237
vn -0.777766 -0.253324 0.575245
vn -0.770391 -0.196746 0.606456
vn -0.366565 0.213305 0.905611
vn -0.582799 -0.260801 0.769629
vn -0.412892 0.131742 0.901201
vn -0.533656 0.033761 0.845028
vn -0.768828 -0.179235 0.613822
vn -0.149157 0.556131 0.817600
vn -0.347090 0.745021 0.569625
vn -0.615406 0.041036 0.787141
vn 0.056755 0.903787 0.424202
vn -0.380538 0.375143 0.845256
vn -0.252283 0.437696 0.863004
vn -0.589525 0.431557 0.682802
vn -0.475220 0.479073 0.738008
vn -0.724344 -0.008862 0.689382
vn -0.803602 -0.178537 0.567757
vn -0.694908 0.221826 0.684029
vn -0.133885 0.800808 0.583764
vn -0.830372 -0.226311 0.509181
vn -0.706448 -0.044090 0.706391
vn -0.466384 0.265933 0.843662
vn -0.646709 -0.335675 0.684901
vn -0.570515 -0.216083 0.792351
vn -0.964239 -0.167659 -0.205264
vn -0.637506 -0.754400 -0.156417
vn -0.644710 -0.757793 -0.100489
vn -0.649629 -0.759802 0.026141
vn -0.823543 -0.567190 -0.008443
vn -0.705016 -0.708336 0.034822
vn -0.646598 -0.762209 0.030806
vn -0.940211 -0.337221 -0.047809
vn -0.642120 -0.756704 -0.122804
vn -0.647422 -0.735000 -0.201544
vn -0.655559 -0.751211 -0.076970
vn -0.937336 -0.256466 0.235852
vn -0.928983 -0.215906 0.300625
vn -0.954046 -0.224717 0.198238
vn -0.815795 -0.567194 -0.112999
vn -0.972146 -0.228125 -0.053762
vn -0.969023 -0.242503 -0.046767
vn -0.964831 -0.246904 -0.090219
vn -0.970923 -0.238919 -0.015031
vn -0.985989 -0.165190 -0.023201
vn -0.983571 -0.154264 -0.093757
vn -0.907979 -0.048438 -0.416206
vn -0.825242 0.007895 -0.564724
vn -0.849049 0.005551 -0.528284
vn -0.991150 -0.126142 -0.041341
vn -0.991944 -0.125228 -0.019131
vn -0.993265 -0.089965 -0.073019
vn -0.962717 -0.097639 -0.252277
vn -0.962443 -0.075552 -0.260758
vn -0.976600 -0.075532 -0.201363
vn -0.987044 -0.068608 -0.145044
vn -0.989964 -0.111309 -0.087069
vn -0.947977 -0.052718 -0.313943
vn -0.731892 0.049322 -0.679633
vn -0.727300 0.074685 -0.682244
vn -0.822507 0.011197 -0.568645
vn -0.556411 0.141028 -0.818852
vn -0.684848 0.094603 -0.722519
vn -0.845013 -0.222867 0.486089
vn -0.832456 -0.080968 0.548144
vn -0.790659 -0.062543 0.609054
vn -0.833387 -0.136824 0.535486
vn -0.998198 0.059783 0.005179
vn -0.999957 -0.006944 0.006108
vn -0.980392 0.040494 0.192849
vn -0.882123 -0.240195 0.405174
vn -0.895826 -0.258115 0.361762
vn -0.924563 -0.228366 0.305011
vn -0.249216 0.368278 0.895691
vn -0.494979 0.031412 0.868337
vn -0.856346 -0.030389 0.515508
vn -0.869263 -0.112340 0.481415
vn -0.762474 0.137244 0.632295
vn -0.803054 0.109185 0.585818
vn -0.972096 -0.108139 -0.208173
vn -0.939382 -0.091869 -0.330335
vn -0.737873 0.069248 -0.671378
vn -0.570812 0.138991 -0.809231
vn -0.862812 -0.202579 0.463161
vn -0.894618 -0.154023 0.419446
vn -0.841165 0.003983 -0.540764
vn -0.902783 -0.078331 -0.422902
vn -0.922721 -0.074821 -0.378137
vn -0.759220 0.033086 -0.649993
vn -0.978725 -0.078529 -0.189555
vn -0.984762 -0.167342 -0.047325
vn -0.620403 0.104629 -0.777273
vn -0.404648 0.206207 -0.890920
vn -0.415658 0.141774 -0.898404
vn -0.220014 0.087699 -0.971546
vn -0.932504 -0.314321 0.177872
vn -0.934822 -0.263845 0.237685
vn -0.937064 -0.307304 0.165756
vn -0.839957 -0.082837 0.536293
vn -0.857433 -0.160683 0.488865
vn -0.910527 -0.076452 0.406319
vn -0.932872 -0.125664 0.337578
vn -0.911821 -0.109842 0.395623
vn -0.919312 -0.178184 0.350879
vn -0.886988 -0.061957 0.457618
vn -0.974189 -0.157338 0.161865
vn -0.978701 -0.157226 0.132005
vn -0.982154 -0.158583 0.101116
vn -0.976784 -0.167444 0.133623
vn -0.961159 -0.217708 0.169634
vn -0.936718 -0.139411 0.321130
vn -0.914713 -0.102852 0.390797
vn -0.912285 -0.147116 0.382222
vn -0.880331 -0.084074 0.466849
vn -0.993181 -0.108253 0.043281
vn -0.990681 -0.121887 0.060782
vn -0.987479 -0.136554 0.078978
vn -0.992216 0.123176 -0.018298
vn -0.997286 0.063123 -0.037908
vn -0.998907 0.007014 -0.046223
vn -0.568016 0.120475 0.814152
vn -0.507046 0.012705 0.861825
vn -0.748228 0.106400 0.654854
vn -0.734490 -0.007945 0.678573
vn -0.969243 0.136740 0.204620
vn -0.964773 0.226217 0.134310
vn -0.905016 0.132983 0.404056
vn -0.987678 0.138617 -0.072642
vn -0.997190 0.065925 -0.035594
vn -0.991609 0.098817 -0.083346
vn -0.979137 -0.177294 0.099282
vn -0.967013 -0.200064 0.157672
vn -0.982571 -0.067294 -0.173277
vn -0.967507 -0.072227 -0.242308
vn -0.975525 -0.218083 0.028124
vn -0.985898 -0.167151 0.008088
vn -0.999137 -0.040181 -0.010489
vn -0.997086 -0.075871 0.007991
vn -0.998464 -0.052959 -0.016269
vn -0.992828 -0.112786 0.039652
vn -0.988375 -0.134859 0.070195
vn -0.992545 0.121188 0.012994
vn -0.996255 0.084301 0.019208
vn -0.998521 -0.054186 0.004326
vn -0.995955 -0.086964 0.022620
vn -0.977525 -0.183868 0.103134
vn -0.986954 -0.150158 0.058094
vn -0.997741 0.052932 -0.041366
vn -0.994243 0.099868 -0.038820
vn -0.999659 0.006043 -0.025421
vn -0.999718 -0.021110 -0.010876
vn -0.993635 -0.110346 0.022670
vn -0.458623 0.850991 0.255891
vn -0.671583 0.547550 0.499165
vn -0.947475 0.310489 -0.076736
vn -0.500692 0.843018 0.196541
vn -0.676933 0.655852 0.334095
vn -0.716136 0.209414 0.665804
vn -0.643556 0.680842 0.349700
vn -0.521753 -0.842358 -0.134929
vn -0.641737 -0.546750 -0.537809
vn -0.686434 -0.520488 -0.507839
vn -0.668855 -0.582530 -0.461836
vn -0.624743 -0.497088 -0.602162
vn -0.683276 -0.541593 -0.489704
vn -0.664993 -0.746332 -0.027777
vn -0.647156 -0.733453 -0.207931
vn -0.634862 -0.723855 -0.270156
vn -0.595277 -0.525111 -0.608197
vn -0.627592 -0.660240 -0.412568
vn -0.609672 -0.646584 -0.458508
vn -0.669567 -0.723713 0.167093
vn -0.694555 -0.641975 0.324749
vn -0.689620 -0.699511 0.187374
vn -0.681535 -0.678457 0.274238
vn -0.657437 -0.749911 -0.073554
vn -0.637886 -0.553478 -0.535503
vn -0.614762 -0.609501 -0.500575
vn -0.719682 -0.577963 -0.384729
vn -0.687615 -0.667642 -0.285375
vn -0.665436 -0.469393 -0.580401
vn -0.633255 -0.610216 -0.476051
vn -0.622331 -0.649406 -0.437008
vn -0.744776 -0.630855 -0.217557
vn -0.669892 -0.594947 -0.444165
vn -0.626481 -0.714055 -0.312484
vn -0.749121 -0.596775 -0.287537
vn -0.732721 -0.577481 -0.360048
vn -0.718097 -0.589237 -0.370319
vn -0.644692 -0.640734 -0.416932
vn -0.629548 -0.723000 -0.284501
vn -0.686654 -0.676643 -0.265820
vn -0.722421 -0.628290 -0.288719
vn -0.784495 -0.586542 -0.201336
vn -0.641324 -0.724972 -0.251235
vn -0.646926 -0.680694 -0.343720
vn -0.864169 -0.495684 -0.086650
vn -0.898541 -0.436549 -0.045271
vn -0.701261 -0.689515 -0.181113
vn -0.782740 -0.605635 -0.143263
vn -0.684350 -0.601644 -0.411935
vn -0.811175 -0.573007 -0.116871
vn -0.844051 -0.532748 -0.061304
vn -0.836011 -0.544057 -0.071324
vn -0.805240 -0.577554 -0.134235
vn -0.897476 -0.439181 0.040707
vn -0.874334 -0.485303 -0.004519
vn -0.863596 -0.503742 -0.021101
vn -0.746823 -0.593638 -0.299748
vn -0.764347 -0.588691 -0.263092
vn -0.680595 -0.627146 -0.378786
vn -0.762440 0.635250 0.123056
vn -0.781515 0.613958 0.110863
vn -0.846890 0.427731 0.315947
vn -0.815323 0.572575 0.086061
vn -0.834154 0.542164 0.101223
vn -0.782266 0.622944 0.000420
vn -0.731057 0.681060 -0.041402
vn -0.821181 0.565629 0.075665
vn -0.811342 0.579718 0.075176
vn -0.816576 0.572297 0.075369
vn -0.821557 0.565322 0.073862
vn -0.908510 0.377208 0.179786
vn -0.909884 0.389084 0.143963
vn -0.912110 0.369250 0.178075
vn -0.574665 0.601939 -0.554464
vn -0.603445 -0.204928 -0.770622
vn -0.644756 -0.353820 -0.677570
vn -0.575978 -0.424735 -0.698462
vn -0.438084 -0.507585 -0.741916
vn -0.527126 -0.400517 -0.749483
vn -0.451221 -0.450933 -0.770103
vn -0.433823 -0.535471 -0.724616
vn -0.520898 0.669293 -0.529823
vn -0.575091 -0.076726 -0.814483
vn -0.588897 0.366377 -0.720395
vn -0.546416 -0.318053 -0.774772
vn -0.629554 0.460906 -0.625482
vn -0.623234 0.629175 -0.464455
vn -0.659860 0.513590 -0.548461
vn -0.663089 -0.263166 -0.700754
vn -0.528625 -0.440319 -0.725724
vn -0.499112 -0.438023 -0.747679
vn -0.636885 -0.315344 -0.703516
vn -0.915843 0.300056 -0.266829
vn -0.903116 0.296759 -0.310346
vn -0.881999 0.110753 -0.458052
vn -0.772863 -0.117744 -0.623554
vn -0.864256 0.109111 -0.491077
vn -0.187277 0.059179 -0.980523
vn -0.394993 0.133579 -0.908921
vn -0.188399 0.121168 -0.974589
vn -0.106447 0.103830 -0.988882
vn -0.530300 0.156549 -0.833231
vn -0.359912 0.226638 -0.905041
vn -0.278693 0.241559 -0.929505
vn -0.431902 -0.114147 -0.894668
vn -0.802649 -0.046735 0.594618
vn -0.844489 -0.074626 0.530348
vn -0.884589 -0.155874 0.439552
vn -0.774067 0.011548 0.632998
vn -0.940975 -0.216358 0.260298
vn -0.921199 -0.165002 0.352372
vn -0.936364 -0.179781 0.301497
vn -0.908587 -0.154812 0.387946
vn -0.919779 -0.210674 0.331094
vn -0.890581 -0.139733 0.432827
vn -0.865681 -0.085953 0.493161
vn -0.905701 -0.408868 0.111949
vn -0.862186 -0.093041 0.497975
vn -0.920278 -0.379175 0.096515
vn -0.901211 -0.429360 0.058892
vn -0.924089 -0.370003 0.095699
vn -0.809773 -0.557739 -0.182197
vn -0.918792 -0.248567 0.306653
vn -0.780161 -0.599352 -0.179235
vn -0.889228 -0.455471 0.042656
vn -0.850697 -0.520381 -0.074292
vn -0.808293 -0.562688 -0.173333
vn -0.855568 -0.516248 -0.038627
vn -0.859662 -0.509451 -0.037963
vn -0.888100 -0.459571 0.008525
vn -0.879244 -0.476211 0.012369
vn -0.931411 -0.211699 0.296068
vn -0.840713 -0.536255 -0.075048
vn -0.863755 -0.503216 -0.026496
vn -0.941966 -0.260913 0.211246
vn -0.903232 -0.426763 0.045222
vn -0.909460 0.351779 -0.221660
vn -0.922590 0.375485 -0.088533
vn -0.932366 0.357555 -0.053369
vn -0.912927 0.392049 -0.113409
vn -0.912753 0.407772 0.024590
vn -0.901965 0.428515 0.053235
vn -0.918889 0.394515 -0.000345
vn -0.908980 0.416794 0.006214
vn -0.929472 0.350038 -0.116429
vn -0.883413 0.376022 -0.279623
vn -0.878940 0.299478 -0.371183
vn -0.906128 0.377460 -0.190935
vn -0.898172 0.203349 -0.389791
vn -0.837492 -0.096990 -0.537773
vn -0.988608 0.050630 -0.141744
vn -0.985718 0.088703 -0.143146
vn -0.965388 0.260582 -0.011094
vn -0.926303 0.324429 -0.191596
vn -0.933828 0.203846 -0.293958
vn -0.789030 -0.189983 -0.584241
vn -0.880186 0.134036 0.455309
vn -0.917732 0.252089 0.306950
vn -0.916119 0.270792 0.295630
vn -0.917939 0.326625 0.225176
vn -0.907792 0.204327 0.366284
vn -0.942182 0.288126 0.171106
vn -0.957341 0.273235 0.094030
vn -0.951354 0.266474 0.154651
vn -0.927709 0.273996 0.253541
vn -0.914528 0.240498 0.325268
vn -0.895675 0.169594 0.411101
vn -0.909037 0.200737 0.365181
vn -0.870659 0.119459 0.477161
vn -0.607466 -0.157248 0.778626
vn -0.923701 0.252798 0.287871
vn -0.933423 0.230153 0.275230
vn -0.942745 0.296928 0.151872
vn -0.936207 0.309023 0.167397
vn -0.942891 0.309741 0.122542
vn -0.998660 0.050515 -0.011271
vn -0.995718 0.090798 -0.017360
vn -0.932544 0.284174 0.222725
vn -0.989580 0.143282 -0.014200
vn -0.887836 0.422893 0.181408
vn -0.889382 0.428234 0.160047
vn -0.959222 0.276309 0.059557
vn -0.966072 0.254936 0.041381
vn -0.965100 0.255293 0.058374
vn -0.941243 0.317122 0.116167
vn -0.972578 0.230141 0.033583
vn -0.906980 -0.031341 -0.420005
vn -0.995798 -0.090679 -0.012803
vn -0.996240 -0.067612 -0.054170
vn -0.994620 -0.089707 -0.051810
vn -0.957323 -0.050609 -0.284555
vn -0.915980 -0.137300 0.377000
vn -0.936809 -0.157875 0.312193
vn -0.950484 -0.215138 0.224269
vn -0.939503 -0.327421 0.100644
vn -0.933760 -0.350814 0.070873
vn -0.920875 -0.384687 0.063288
vn -0.948934 -0.226405 0.219692
vn -0.967127 -0.162271 0.195791
vn -0.950926 -0.151748 0.269651
vn -0.954385 -0.169138 0.246053
vn -0.951522 -0.177938 0.250887
vn -0.953405 -0.172759 0.247332
vn -0.946863 -0.261844 0.186783
vn -0.950153 -0.267496 0.160170
vn -0.940151 -0.305237 0.151482
vn -0.938107 -0.326925 0.114345
vn -0.969858 -0.185608 0.157878
vn -0.961292 -0.193475 0.196174
vn -0.966978 -0.174106 0.186122
vn -0.963312 -0.253007 0.089541
vn -0.973217 -0.210342 0.092759
vn -0.961884 -0.267399 0.057245
vn -0.956704 -0.231043 0.177024
vn -0.996709 -0.078564 0.019973
vn -0.991968 -0.118877 0.043210
vn -0.966725 -0.221987 0.127139
vn -0.972339 -0.182395 0.145909
vn -0.812649 -0.558851 -0.165186
vn -0.873454 -0.480472 -0.078901
vn -0.924035 -0.373633 0.080973
vn -0.928073 -0.372391 0.002305
vn -0.869605 -0.489931 -0.061279
vn -0.896693 -0.442536 0.010183
vn -0.914384 -0.404018 0.025928
vn -0.880352 -0.466629 -0.085074
vn -0.933974 -0.356972 0.016235
vn -0.944887 -0.327043 -0.015219
vn -0.979089 -0.186336 0.081632
vn -0.976083 -0.208581 0.061281
vn -0.925472 -0.378744 -0.007350
vn -0.959012 -0.281164 0.035246
vn -0.989747 -0.137149 0.039890
vn -0.990572 -0.128333 0.047946
vn -0.993434 -0.112300 0.021857
vn -0.985013 -0.167344 0.041783
vn -0.984327 -0.164681 0.063094
vn -0.990196 -0.138596 0.017383
vn -0.974186 -0.195168 0.113448
vn -0.980416 -0.173906 0.092414
vn -0.986156 -0.150974 0.068583
vn -0.994581 -0.066301 -0.080078
vn -0.992375 -0.076996 -0.096251
vn -0.993106 -0.116782 0.010128
vn -0.993960 -0.105061 -0.031699
vn -0.911867 -0.410458 -0.004827
vn -0.930993 -0.360529 0.057194
vn -0.952449 -0.290963 0.090447
vn -0.940117 -0.330783 0.082234
vn -0.956810 -0.268768 0.110804
vn -0.959945 -0.246149 0.133855
vn -0.968825 -0.223234 0.107449
vn -0.962923 -0.245207 0.112486
vn -0.976531 -0.166167 0.137028
vn -0.986190 -0.138531 0.090763
vn -0.950322 -0.204889 0.234328
vn -0.965490 -0.182433 0.185869
vn -0.973517 -0.160862 0.162447
vn -0.972804 -0.164155 0.163420
vn -0.998609 -0.046235 -0.025330
vn -0.997832 -0.063386 -0.017732
vn -0.998538 -0.054038 0.001227
vn -0.977532 -0.175609 0.116589
vn -0.982130 -0.148069 0.116173
vn -0.968964 -0.163181 0.185691
vn -0.964174 -0.218544 0.150354
vn -0.975627 -0.157029 0.153275
vn -0.847554 0.512360 0.138346
vn -0.885682 0.447802 0.122637
vn -0.881457 0.447541 0.150800
vn -0.863005 0.443544 0.241849
vn -0.849689 0.461923 0.254276
vn -0.911442 0.364229 0.191338
vn -0.898391 0.387742 0.206277
vn -0.889687 0.416529 0.186978
vn -0.815512 0.518025 0.258051
vn -0.881300 0.468376 0.062722
vn -0.878984 0.467373 0.094598
vn -0.866586 0.475136 0.152560
vn -0.874885 0.471206 0.111991
vn -0.815647 0.001744 -0.578547
vn -0.877351 -0.023604 -0.479268
vn -0.507984 -0.341073 -0.790962
vn -0.984265 0.169233 0.050813
vn -0.991496 0.129580 0.012035
vn -0.974835 0.220999 0.029246
vn -0.981368 0.190173 0.027414
vn -0.982960 0.183604 0.008886
vn -0.767067 0.005012 -0.641548
vn -0.971704 0.232630 -0.040913
vn -0.971640 0.236398 -0.005589
vn -0.981365 0.190661 -0.023886
vn -0.633612 0.252538 -0.731273
vn -0.570105 -0.033541 -0.820887
vn -0.970952 0.238067 0.024017
vn -0.859455 0.074495 -0.505755
vn -0.941764 0.038550 -0.334057
vn -0.938451 0.078177 -0.336449
vn -0.955426 0.159475 -0.248455
vn -0.986223 0.160643 0.039478
vn -0.990077 0.139869 0.013584
vn -0.962016 0.272548 0.015553
vn -0.958975 0.283417 -0.006406
vn -0.941890 0.335717 -0.011725
vn -0.942470 0.334209 -0.007430
vn -0.725370 -0.055745 -0.686098
vn -0.796805 0.164460 -0.581425
vn -0.980535 0.048288 -0.190313
vn -0.993717 0.096174 -0.057244
vn -0.969905 0.019967 -0.242663
vn -0.887475 0.141653 -0.438546
vn -0.792716 0.259218 -0.551731
vn -0.788877 0.142958 -0.597692
vn -0.999350 -0.031220 -0.018037
vn -0.999625 -0.027295 -0.002212
vn -0.880562 0.079905 -0.467147
vn -0.859613 0.050408 -0.508453
vn -0.883535 0.062001 -0.464243
vn -0.993575 0.097285 -0.057839
vn -0.991835 0.118502 -0.047130
vn -0.990227 0.116384 -0.076850
vn -0.886437 -0.010987 -0.462718
vn -0.849557 0.484195 0.209303
vn -0.862167 0.455679 0.221415
vn -0.845624 0.456148 0.277216
vn -0.863775 0.432572 0.258408
vn -0.915964 0.318931 0.243502
vn -0.894394 0.365005 0.258517
vn -0.912632 0.368055 0.177874
vn -0.916026 0.362675 0.171357
vn -0.922759 0.299805 0.242144
vn -0.929582 0.318655 0.185299
vn -0.922639 0.346657 0.169015
vn -0.928986 0.339053 0.148416
vn -0.922343 0.366664 0.121827
vn -0.952608 0.287025 0.100775
vn -0.922612 0.319472 0.216160
vn -0.839953 0.538638 0.065939
vn -0.977051 0.212845 0.008314
vn -0.966382 0.256275 0.020690
vn -0.938387 0.338157 0.071269
vn -0.945546 0.315530 0.079891
vn -0.936376 0.336111 0.101144
vn -0.874947 0.447874 0.184059
vn -0.987430 -0.070717 -0.141357
vn -0.950848 -0.285388 0.120171
vn -0.987124 -0.135953 0.084280
vn -0.997255 -0.073506 0.008906
vn -0.995065 -0.095316 0.027567
vn -0.996149 -0.087663 0.001617
vn -0.915766 -0.399629 0.040865
vn -0.997057 -0.064744 -0.041047
vn -0.996751 -0.080201 0.007464
vn -0.974598 0.015160 -0.223450
vn -0.987644 0.005491 -0.156619
vn -0.961129 0.053208 -0.270922
vn -0.989298 -0.045301 -0.138699
vn -0.990750 -0.059302 -0.122060
vn -0.994348 -0.050696 -0.093285
vn -0.990007 -0.026670 -0.138474
vn -0.882410 -0.017061 -0.470171
vn -0.987986 -0.044204 -0.148090
vn -0.681305 0.012298 -0.731896
vn -0.762418 -0.013758 -0.646939
vn -0.856765 0.018974 -0.515358
vn -0.775705 0.005360 -0.631073
vn -0.380269 -0.114692 -0.917737
vn -0.296394 -0.109831 -0.948730
vn -0.335271 -0.133285 -0.932646
vn -0.299416 0.069120 -0.951616
vn -0.627068 0.049569 -0.777386
vn -0.960525 -0.003863 -0.278168
vn -0.986394 -0.016642 -0.163554
vn -0.980456 0.016920 -0.196008
vn -0.997532 -0.040996 -0.057008
vn -0.993741 -0.019929 -0.109914
vn -0.986400 0.000977 -0.164357
vn -0.991437 -0.010396 -0.130174
vn -0.982319 -0.002415 -0.187198
vn -0.978218 0.019061 -0.206706
vn -0.978132 -0.168860 0.121427
vn -0.984441 -0.156680 0.079542
vn -0.999960 0.006504 -0.006215
vn -0.999761 -0.016983 -0.013753
vn -0.999051 -0.017752 -0.039763
vn -0.998140 -0.002992 -0.060883
vn -0.999787 -0.010095 -0.018013
vn -0.836606 0.539624 0.094321
vn -0.864953 0.470604 0.174322
vn -0.912839 0.398933 0.087045
vn -0.924660 0.373947 0.071881
vn -0.928755 0.360716 0.085432
vn -0.572852 0.125221 -0.810037
vn -0.436934 0.032339 -0.898912
vn -0.488390 0.157284 -0.858334
vn -0.443582 0.179290 -0.878118
vn -0.410877 0.212093 -0.886678
vn -0.220754 0.286092 -0.932427
vn -0.216668 0.288514 -0.932639
vn -0.273320 0.286675 -0.918212
vn -0.282287 0.080667 -0.955932
vn -0.887145 0.144713 -0.438214
vn -0.914677 0.110339 -0.388833
vn -0.486141 -0.120553 -0.865525
vn -0.490505 -0.075088 -0.868197
vn -0.530608 -0.020584 -0.847367
vn -0.542736 -0.040801 -0.838912
vn -0.725648 0.057465 -0.685662
vn -0.544038 0.027067 -0.838624
vn -0.608778 0.059803 -0.791083
vn -0.685583 0.215374 -0.695407
vn -0.948202 0.305959 0.085456
vn -0.949112 0.309740 0.056978
vn -0.962889 0.265445 0.048820
vn -0.956336 0.287497 0.052600
vn -0.979325 0.197239 0.044940
vn -0.987439 0.157660 0.010368
vn -0.973579 0.224863 0.039760
vn -0.984838 0.163765 -0.057221
vn -0.998992 0.042624 0.014086
vn -0.999805 0.019710 0.001460
vn -0.862203 0.495232 0.106542
vn -0.872799 0.478700 0.095226
vn -0.886750 0.445520 0.123229
vn -0.907946 0.411129 0.081281
vn -0.898866 0.428497 0.091813
vn -0.882918 0.460704 0.090593
vn -0.893905 0.438537 0.092837
vn -0.897567 0.429407 0.099912
vn -0.891509 0.437974 0.115723
vn -0.895515 0.132179 -0.424948
vn -0.893028 0.122822 -0.432914
vn -0.782134 0.051272 -0.620997
vn -0.879809 0.134070 -0.456027
vn -0.925347 0.052487 -0.375470
vn -0.690433 -0.013145 -0.723277
vn -0.450094 -0.042921 -0.891949
vn -0.998686 -0.025758 -0.044310
vn -0.996740 -0.014497 -0.079364
vn -0.885952 0.460249 0.057106
vn -0.881917 0.468503 0.052224
vn -0.883008 0.455807 0.111967
vn -0.886218 0.440518 0.143393
vn -0.882755 0.467109 0.050523
vn -0.931848 0.352115 -0.087605
vn -0.783243 0.249016 -0.569667
vn -0.614713 0.354874 -0.704409
vn -0.678324 0.293685 -0.673518
vn -0.627262 0.157855 -0.762643
vn -0.600545 0.516620 -0.610286
vn -0.615290 0.413106 -0.671388
vn -0.992947 0.030251 -0.114634
vn -0.994741 0.071448 -0.073383
vn -0.994096 0.057890 -0.091767
vn -0.942470 0.330962 0.047054
vn -0.956918 0.289373 0.023915
vn -0.944554 0.323400 0.056827
vn -0.930451 0.364187 0.040363
vn -0.921289 0.384572 0.057717
vn -0.920265 0.388373 0.047730
vn -0.978832 0.203372 0.022972
vn -0.935741 0.347648 0.059406
vn -0.956539 0.286505 0.054296
vn -0.970922 0.235240 0.044403
vn -0.935099 0.352141 0.039825
vn -0.946633 0.322273 0.005032
vn -0.990344 0.094333 -0.101584
vn -0.995761 0.046912 -0.079116
vn -0.990903 0.061769 -0.119566
vn -0.967036 0.254090 -0.016719
vn -0.995029 0.018871 -0.097782
vn -0.999434 0.012117 -0.031387
vn -0.899670 0.434979 0.037257
vn -0.887297 0.457536 0.058000
vn -0.931152 0.356900 -0.074680
vn -0.933872 0.357536 0.007146
vn -0.932060 0.361264 -0.027445
vn -0.940977 0.318140 -0.115535
vn -0.913176 0.406748 0.025787
vn -0.937433 0.328448 -0.115505
vn -0.932692 0.354229 -0.067881
vn -0.918642 0.372504 -0.131672
vn -0.940999 0.338302 0.008485
vn -0.947083 0.320694 -0.013774
vn -0.942247 0.333881 -0.026332
vn -0.903857 0.425594 0.043730
vn -0.898403 0.430363 0.087522
vn -0.895375 0.438456 0.077850
vn -0.900856 0.425713 0.085014
vn -0.935099 0.349654 0.057714
vn -0.918864 0.387926 0.072120
vn -0.927054 0.370150 0.059673
vn -0.929314 0.365445 0.053161
vn -0.914044 0.400034 0.067053
vn 0.720885 0.581238 -0.377476
vn 0.629672 0.769902 -0.103752
vn 0.257590 -0.130076 -0.957459
vn 0.819307 0.284486 -0.497799
vn 0.605626 0.164938 -0.778468
vn 0.371810 -0.180446 -0.910602
vn 0.629864 0.774834 0.053885
vn 0.699507 0.698627 0.150370
vn 0.698479 0.682539 0.215097
vn 0.198517 -0.234561 0.951616
vn 0.538975 -0.438520 0.719171
vn 0.268931 -0.291067 -0.918126
vn 0.402478 -0.234450 -0.884898
vn 0.187703 -0.363111 -0.912643
vn 0.217536 -0.919787 0.326604
vn 0.314529 -0.084196 -0.945506
vn 0.382051 -0.242839 -0.891665
vn 0.319240 -0.238784 -0.917098
vn 0.014420 -0.021781 0.999659
vn 0.638411 0.769487 -0.017908
vn 0.673338 0.738794 0.028276
vn 0.606405 0.794891 -0.020538
vn 0.803634 -0.594848 -0.018108
vn 0.748108 -0.663562 0.004483
vn 0.758165 -0.652055 -0.003021
vn 0.707486 -0.665104 -0.238957
vn 0.693255 -0.709840 -0.124601
vn 0.578010 -0.814886 0.043194
vn 0.109612 0.057092 -0.992333
vn 0.066785 -0.043268 -0.996829
vn 0.122073 -0.051895 -0.991163
vn 0.080944 -0.132701 -0.987845
vn 0.217226 -0.040222 -0.975292
vn 0.397629 0.742024 -0.539715
vn 0.286688 0.797444 -0.530936
vn 0.548756 0.676572 -0.491038
vn 0.562377 -0.818270 -0.119023
vn 0.683796 -0.605044 -0.407854
vn 0.682615 -0.671414 -0.288512
vn 0.031337 -0.029416 -0.999076
vn 0.002356 -0.042442 -0.999096
vn 0.459792 -0.268039 -0.846609
vn 0.329783 -0.715281 -0.616130
vn 0.016249 -0.231469 -0.972707
vn 0.254810 0.163775 -0.953021
vn 0.296241 -0.251490 -0.921409
vn 0.280721 -0.260298 -0.923818
vn 0.272047 -0.236225 -0.932839
vn 0.122653 0.651501 -0.748667
vn 0.072825 0.601910 -0.795236
vn 0.031907 0.670694 -0.741047
vn 0.329112 0.880955 0.340006
vn 0.550617 0.824091 0.133024
vn 0.179918 -0.982348 -0.051207
vn 0.317091 -0.942343 0.106975
vn 0.622761 0.753640 0.210227
vn 0.652315 0.701910 0.286018
vn 0.607571 0.757279 0.239554
vn 0.688711 0.708404 0.154407
vn 0.552074 0.745027 -0.374365
vn 0.607973 0.729556 -0.313236
vn 0.604530 0.706348 -0.368260
vn 0.666800 0.673196 0.319663
vn 0.556096 0.745180 0.368056
vn 0.518143 0.810759 0.272393
vn 0.723785 0.089980 -0.684134
vn 0.628802 0.047276 -0.776127
vn 0.748652 0.627609 -0.213607
vn 0.448798 0.893361 -0.022078
vn 0.276968 0.960851 -0.007394
vn 0.334683 0.942311 0.006098
vn 0.603061 0.750433 -0.270496
vn 0.527880 0.846270 -0.071900
vn -0.075978 -0.336947 -0.938453
vn 0.090817 -0.459388 -0.883581
vn 0.149180 -0.498374 -0.854031
vn 0.275585 -0.368860 -0.887691
vn 0.532880 0.823353 -0.195267
vn 0.578967 0.769170 -0.270509
vn 0.612342 0.772182 -0.169626
vn 0.105168 -0.655607 -0.747743
vn 0.020889 -0.625487 -0.779955
vn 0.480972 0.870173 0.107076
vn 0.585381 0.806853 0.079480
vn 0.437210 0.899322 -0.008162
vn 0.266391 -0.938618 -0.219162
vn 0.633908 -0.529764 -0.563481
vn 0.557189 -0.707596 -0.434566
vn 0.530995 0.846909 0.028087
vn 0.539853 0.828434 -0.149184
vn 0.552690 0.817594 0.161473
vn 0.580206 0.797339 0.166167
vn 0.777558 0.589026 -0.220116
vn 0.632835 0.772898 0.046352
vn 0.688747 0.697090 0.199231
vn -0.006761 -0.549519 -0.835454
vn -0.143365 -0.442498 -0.885236
vn -0.162931 -0.632014 -0.757636
vn 0.465540 0.843380 -0.268296
vn 0.636497 0.770884 -0.024686
vn 0.488601 0.872453 -0.009673
vn 0.090084 0.269758 -0.958705
vn 0.116075 0.188240 -0.975240
vn 0.156818 -0.107221 -0.981790
vn 0.074933 0.422192 -0.903404
vn 0.112465 0.387013 -0.915190
vn 0.030012 0.129922 -0.991070
vn 0.018557 0.150663 -0.988411
vn 0.125181 0.151523 -0.980495
vn 0.604760 0.774126 0.187066
vn 0.802432 0.589312 -0.093888
vn 0.470536 -0.848788 0.241151
vn 0.480397 -0.876890 0.016816
vn 0.490424 -0.829631 0.266829
vn 0.440185 -0.041447 0.896950
vn 0.284442 -0.336028 0.897874
vn 0.387445 0.071116 0.919146
vn 0.062416 -0.366534 -0.928309
vn 0.742694 -0.212781 0.634926
vn 0.679377 -0.084855 0.728867
vn 0.726836 -0.388504 0.566368
vn 0.337311 -0.114917 -0.934353
vn 0.388567 -0.248116 -0.887386
vn 0.717573 0.695697 -0.033083
vn 0.679778 0.724194 -0.115957
vn 0.627712 0.773657 -0.086214
vn 0.682743 -0.060885 0.728118
vn 0.963024 -0.159926 -0.216812
vn 0.969991 -0.208701 -0.124742
vn 0.960731 -0.254164 -0.111342
vn 0.499171 0.836202 0.227144
vn 0.767019 -0.009945 0.641547
vn 0.766964 0.068505 0.638023
vn 0.449394 0.235196 -0.861817
vn 0.399808 0.385710 -0.831493
vn 0.106888 0.602380 -0.791020
vn 0.187236 0.067295 -0.980007
vn -0.089422 0.086498 -0.992231
vn 0.614892 0.773451 0.153888
vn 0.778720 0.224796 0.585715
vn 0.796709 0.317094 0.514496
vn 0.796762 0.602338 -0.048570
vn 0.718092 0.693995 -0.052097
vn 0.769168 0.637476 -0.044776
vn -0.221652 0.116835 -0.968101
vn -0.498567 0.264856 -0.825398
vn -0.352516 0.161623 -0.921743
vn 0.706389 0.474904 0.524862
vn -0.376351 0.196725 -0.905350
vn -0.210354 -0.056418 -0.975996
vn 0.614370 0.535554 0.579424
vn 0.509280 -0.860269 0.023911
vn 0.559408 -0.820100 -0.120410
vn 0.571816 -0.766914 0.291323
vn 0.649170 -0.101488 -0.753843
vn 0.628157 0.079999 -0.773963
vn 0.700647 -0.371749 -0.609013
vn 0.431406 -0.798884 -0.419133
vn 0.286166 -0.954169 -0.087583
vn 0.238415 -0.937098 -0.254963
vn 0.229767 0.811583 -0.537159
vn 0.398475 0.229447 -0.888016
vn 0.431900 0.089021 0.897518
vn 0.250380 0.064913 0.965969
vn 0.186006 0.090575 0.978365
vn 0.131671 0.671773 -0.728960
vn 0.967660 -0.070615 0.242173
vn 0.948683 -0.118096 0.293348
vn 0.933840 -0.112738 0.339460
vn 0.469613 0.421631 -0.775687
vn 0.742907 -0.207560 -0.636402
vn 0.621948 0.160135 -0.766510
vn -0.061325 0.060686 -0.996271
vn -0.580710 -0.812192 0.055864
vn 0.547418 -0.187290 -0.815632
vn 0.833269 -0.031755 0.551954
vn 0.766784 0.032654 0.641074
vn 0.825878 -0.032679 0.562900
vn 0.652009 0.676302 0.342783
vn 0.631756 0.740389 0.229584
vn 0.697124 0.714866 -0.054630
vn 0.035042 -0.996370 -0.077585
vn 0.322303 -0.938671 -0.122544
vn 0.695148 0.071340 -0.715318
vn 0.736497 0.120978 -0.665534
vn 0.735542 0.098435 -0.670290
vn 0.342600 -0.935375 0.087739
vn -0.806481 -0.475374 0.351579
vn 0.462167 -0.837875 0.290460
vn 0.517204 -0.835937 0.183601
vn 0.666117 0.730447 0.150784
vn 0.463597 -0.875446 0.136647
vn 0.589409 -0.805922 0.055569
vn 0.450415 -0.869650 0.202077
vn 0.398921 0.900597 -0.172590
vn 0.643731 -0.765239 -0.004477
vn 0.632718 -0.774382 -0.000454
vn 0.544353 -0.838699 -0.016210
vn 0.964919 0.241535 -0.102919
vn 0.970512 0.222737 -0.092167
vn 0.967870 0.218878 -0.123772
vn 0.431490 -0.850910 -0.299616
vn 0.373078 -0.838501 -0.397151
vn 0.247344 -0.926356 -0.284052
vn 0.003444 -0.542286 -0.840187
vn 0.728529 0.675279 -0.115080
vn 0.694173 0.608934 -0.383828
vn 0.171627 -0.977878 0.119580
vn 0.453645 -0.832069 0.319166
vn 0.161786 -0.407820 -0.898615
vn 0.137019 -0.259673 -0.955927
vn 0.132260 -0.508017 -0.851132
vn 0.441802 -0.684462 -0.579934
vn 0.778413 0.624407 -0.064716
vn 0.594181 0.752976 -0.282800
vn 0.719204 0.683831 -0.122966
vn 0.516704 0.834126 -0.193003
vn 0.705676 0.638554 -0.307033
vn 0.709450 0.612256 -0.349032
vn 0.363862 0.926899 -0.091993
vn 0.224420 0.973796 0.036847
vn 0.363843 0.917325 0.161659
vn 0.463316 0.885462 0.035978
vn 0.366035 0.928735 0.058904
vn 0.344680 0.930609 -0.123137
vn 0.286548 0.953628 -0.092106
vn 0.357257 0.933430 0.032793
vn 0.280051 0.952586 -0.118962
vn 0.229322 0.973178 0.018309
vn 0.422263 0.906402 -0.011418
vn 0.169150 0.981579 -0.088830
vn 0.781612 -0.105530 0.614774
vn 0.537207 -0.127438 -0.833767
vn 0.824263 0.172246 -0.539372
vn 0.698298 0.028472 0.715240
vn 0.652135 0.003459 0.758095
vn 0.680131 0.055768 0.730967
vn 0.289766 -0.894117 -0.341455
vn 0.149188 -0.677657 0.720086
vn -0.229356 -0.706742 0.669262
vn 0.573382 0.011749 0.819204
vn 0.710077 0.024008 0.703715
vn 0.723774 -0.110847 0.681076
vn -0.639258 0.519419 0.567057
vn 0.593910 -0.172232 0.785880
vn 0.471223 0.208578 0.856997
vn 0.512369 -0.509557 0.691252
vn 0.616614 -0.205120 0.760074
vn 0.679266 -0.512145 0.525647
vn 0.289249 -0.599381 0.746376
vn 0.718080 -0.008514 0.695908
vn 0.453719 0.230171 0.860907
vn 0.698492 0.026195 0.715138
vn 0.016469 -0.290464 0.956744
vn 0.069999 -0.030582 0.997078
vn 0.005709 -0.359037 0.933306
vn 0.348868 -0.923783 -0.157848
vn 0.191295 -0.973587 -0.124639
vn 0.400284 0.020683 0.916158
vn 0.419860 0.210258 0.882898
vn 0.503773 0.043830 0.862723
vn 0.653755 0.064761 0.753930
vn 0.677299 0.109268 0.727548
vn 0.629478 0.110582 0.769109
vn 0.017822 0.354246 0.934982
vn 0.954618 -0.150691 0.256900
vn 0.942389 -0.122062 0.311453
vn 0.938207 -0.142503 0.315375
vn 0.398268 -0.870884 -0.287999
vn 0.404174 -0.797059 -0.448710
vn 0.173520 -0.080929 0.981499
vn 0.993182 -0.023070 0.114266
vn 0.981535 -0.075277 0.175848
vn 0.989356 -0.029671 0.142461
vn 0.496021 -0.127777 0.858858
vn 0.609195 0.069321 0.789985
vn 0.490066 -0.006680 0.871660
vn 0.115306 -0.006582 0.993308
vn 0.327640 0.031674 0.944271
vn 0.160827 0.020945 0.986760
vn 0.352252 -0.690285 0.632001
vn 0.139298 0.071669 0.987654
vn 0.157363 0.115737 0.980735
vn 0.113095 0.043238 0.992643
vn 0.311724 -0.167282 -0.935331
vn 0.506510 -0.138560 -0.851028
vn 0.368560 -0.140380 -0.918943
vn -0.301178 0.475828 0.826365
vn -0.363726 0.543911 0.756217
vn -0.170924 0.211121 0.962399
vn 0.534495 0.803922 0.260813
vn 0.349057 -0.871963 0.343278
vn 0.504316 -0.803724 -0.315742
vn 0.507392 -0.789161 -0.346090
vn 0.455601 -0.800790 -0.388798
vn 0.496790 -0.803141 -0.328884
vn 0.448226 -0.840766 -0.303654
vn 0.479845 -0.747921 -0.458653
vn 0.483714 -0.775491 -0.405751
vn 0.561994 -0.811777 -0.158684
vn 0.454376 -0.873892 -0.172788
vn 0.490058 -0.868768 -0.071308
vn 0.197888 0.023361 0.979946
vn 0.419317 -0.903851 -0.085017
vn 0.506712 -0.852674 -0.127235
vn 0.593706 -0.795054 -0.124109
vn 0.184965 -0.162837 0.969160
vn -0.149360 -0.030398 -0.988315
vn -0.121827 0.073244 -0.989845
vn -0.023782 -0.007883 -0.999686
vn 0.597649 -0.027394 -0.801290
vn 0.516363 0.042916 -0.855294
vn 0.397219 0.085256 -0.913755
vn 0.250410 -0.921667 -0.296352
vn 0.251958 -0.961905 -0.106092
vn 0.145730 -0.986347 -0.076693
vn 0.163784 -0.983007 -0.082898
vn 0.124228 -0.989027 -0.079960
vn 0.930816 0.214001 0.296284
vn 0.870125 0.200887 0.450030
vn 0.948063 0.232606 0.216958
vn 0.559474 -0.777219 0.287958
vn 0.572493 -0.761170 0.304750
vn 0.679859 -0.724235 0.115217
vn -0.008587 -0.999007 0.043711
vn 0.651364 -0.757833 0.037615
vn 0.316313 -0.800911 0.508418
vn -0.562205 -0.761804 0.321838
vn 0.710381 -0.627187 -0.319368
vn 0.736153 -0.511021 -0.443775
vn 0.641040 -0.763887 -0.074454
vn 0.628994 -0.773011 0.082582
vn 0.611909 -0.772018 0.171917
vn 0.610671 -0.790848 0.040505
vn 0.727732 -0.680707 0.083926
vn 0.753163 -0.633593 0.176934
vn 0.512167 -0.797469 -0.318948
vn 0.108530 0.665063 -0.738859
vn 0.198561 0.699426 -0.686569
vn 0.176116 0.692350 -0.699739
vn 0.282124 0.092041 0.954953
vn -0.265707 0.211153 -0.940646
vn -0.373705 0.146269 -0.915942
vn 0.021258 0.122094 0.992291
vn 0.049338 0.124349 0.991011
vn 0.435641 0.128509 0.890900
vn 0.662681 -0.025171 0.748478
vn 0.378929 -0.892491 -0.244689
vn 0.454092 0.196659 0.868980
vn 0.291917 0.109334 0.950174
vn 0.427390 0.300699 0.852595
vn 0.199514 0.184321 0.962403
vn 0.262392 -0.184204 0.947217
vn 0.555347 -0.374890 0.742326
vn 0.633410 -0.363317 0.683222
vn 0.629231 -0.190671 0.753467
vn 0.358286 0.089241 0.929337
vn 0.136698 0.101579 0.985391
vn 0.166179 0.976481 0.137365
vn 0.302045 0.501681 0.810608
vn 0.367767 0.633107 0.681119
vn 0.635351 0.720006 0.279143
vn 0.675013 0.693432 0.252012
vn 0.667566 0.723100 0.177430
vn 0.285987 0.187868 0.939637
vn 0.368536 0.582573 0.724424
vn 0.167574 -0.380053 0.909658
vn 0.568315 -0.148873 -0.809231
vn 0.726968 -0.294370 -0.620374
vn 0.674822 -0.368546 -0.639366
vn 0.477401 -0.876441 -0.062763
vn 0.426710 -0.886281 -0.180068
vn 0.445138 -0.893338 -0.061637
vn 0.596533 -0.139138 -0.790436
vn 0.548669 0.827446 -0.119560
vn 0.672197 -0.040899 0.739242
vn 0.518013 0.406506 -0.752606
vn 0.101388 -0.016421 -0.994711
vn 0.211129 -0.206024 -0.955499
vn 0.459351 -0.168920 -0.872045
vn 0.220184 0.083082 -0.971914
vn 0.436874 0.110245 -0.892741
vn 0.446429 0.125892 -0.885919
vn -0.039595 0.251552 -0.967034
vn 0.021729 0.277719 -0.960417
vn 0.001623 0.363542 -0.931576
vn 0.063907 0.419592 -0.905460
vn 0.016299 0.285651 -0.958195
vn -0.213067 0.736546 0.641952
vn 0.165584 -0.391518 0.905149
vn 0.383280 -0.329975 0.862677
vn 0.197714 -0.231024 0.952647
vn 0.040360 0.418048 -0.907528
vn -0.073533 0.003810 -0.997285
vn 0.576708 -0.813843 -0.071191
vn 0.439825 -0.859437 -0.260617
vn 0.518287 -0.834642 -0.186417
vn 0.551714 -0.829892 -0.083014
vn 0.549502 -0.831909 0.077298
vn 0.604337 -0.420318 -0.676838
vn 0.676133 0.677814 -0.288811
vn 0.622282 0.755937 -0.203285
vn 0.557730 0.753287 -0.348562
vn 0.530943 0.846511 0.038984
vn 0.642229 0.763941 0.062740
vn 0.564211 0.823518 0.059020
vn 0.398736 -0.141796 0.906037
vn 0.749345 -0.297710 0.591482
vn 0.775218 -0.033977 0.630780
vn 0.193059 0.130436 0.972479
vn 0.562445 -0.048112 0.825434
vn 0.425923 0.901061 0.081727
vn 0.504655 0.855353 0.117022
vn 0.661726 0.739003 0.126466
vn 0.668693 0.737711 0.092907
vn 0.572022 0.814194 -0.099393
vn 0.579865 0.025195 0.814323
vn 0.542415 0.107082 0.833258
vn 0.715508 -0.311542 0.625292
vn 0.632833 0.004854 0.774273
vn 0.824898 0.177424 0.536716
vn 0.765577 -0.465929 0.443624
vn 0.769735 -0.359236 0.527690
vn 0.680868 -0.409541 0.607203
vn 0.776210 0.543783 0.319060
vn 0.310126 -0.936418 -0.164145
vn 0.470475 -0.862386 -0.186934
vn 0.329150 -0.942838 -0.052116
vn 0.301081 -0.829680 -0.470086
vn 0.646128 -0.686076 0.334392
vn 0.551648 -0.751926 0.360960
vn 0.007702 -0.025742 0.999639
vn 0.221162 0.037480 0.974517
vn 0.231117 0.032336 0.972389
vn 0.417554 0.045502 0.907512
vn 0.336418 0.192993 0.921725
vn 0.191541 0.223769 0.955636
vn 0.192685 0.027325 0.980880
vn 0.217118 0.014464 0.976038
vn 0.502128 0.080686 0.861021
vn 0.629536 -0.586287 0.509855
vn 0.245402 -0.969375 0.009516
vn 0.423078 0.636946 0.644441
vn 0.284666 0.132661 0.949403
vn 0.651928 0.090523 0.752858
vn 0.586364 0.358672 0.726314
vn 0.455733 -0.456519 0.764132
vn 0.375350 0.594687 0.710957
vn 0.496925 -0.722553 -0.480606
vn 0.434468 0.056307 -0.898925
vn 0.618283 0.011917 -0.785865
vn 0.466987 0.034639 -0.883585
vn -0.036727 -0.183298 -0.982371
vn 0.180416 -0.204941 -0.962003
vn 0.362577 0.032634 -0.931382
vn 0.509498 0.793575 0.332642
vn 0.652091 0.739104 0.168829
vn 0.466630 0.884440 -0.004752
vn 0.508403 0.844823 0.166734
vn 0.646943 0.698762 -0.305280
vn 0.127302 -0.231240 -0.964532
vn -0.200497 0.108353 -0.973684
vn -0.420969 0.064861 -0.904753
vn -0.123828 0.141638 -0.982143
vn -0.036979 -0.672095 -0.739541
vn 0.144974 -0.595519 -0.790152
vn 0.109953 -0.622495 -0.774861
vn -0.309689 -0.112440 -0.944166
vn 0.146902 -0.492862 -0.857617
vn 0.664090 0.696767 -0.271108
vn 0.474754 0.879192 0.040363
vn 0.665040 0.744618 -0.057138
vn 0.626230 0.777553 -0.056980
vn 0.629315 0.729278 0.268545
vn 0.627449 0.741163 0.238716
vn 0.565177 -0.643451 0.516280
vn 0.561473 -0.650329 0.511684
vn -0.352239 0.122507 -0.927858
vn -0.028569 0.007659 -0.999562
vn -0.142754 0.069629 -0.987306
vn -0.131862 -0.090638 -0.987116
vn -0.156366 0.151428 -0.976022
vn -0.001268 0.090150 -0.995927
vn 0.274831 0.167569 -0.946778
vn 0.036390 0.126620 -0.991284
vn -0.030297 0.355951 -0.934014
vn 0.092563 0.083523 -0.992197
vn 0.078546 0.387597 -0.918477
vn -0.307865 0.688134 0.657031
vn 0.237712 -0.556000 0.796465
vn 0.323490 -0.645640 0.691739
vn 0.285728 -0.564515 0.774392
vn 0.008243 0.735353 -0.677635
vn 0.163034 0.639545 -0.751267
vn 0.103838 0.539380 -0.835636
vn 0.483710 -0.834781 -0.262992
vn 0.378631 -0.877181 -0.295283
vn 0.453438 -0.853589 -0.256477
vn 0.499044 -0.862919 -0.079539
vn 0.580781 -0.802661 0.135753
vn 0.589004 -0.808028 0.012856
vn 0.491580 -0.858751 0.144553
vn 0.457699 -0.864227 0.208862
vn 0.525903 -0.850163 0.025454
vn 0.243525 0.654197 -0.716046
vn 0.337883 0.662715 -0.668315
vn 0.328879 0.595099 -0.733278
vn 0.782416 -0.561817 -0.268677
vn 0.775178 -0.385954 -0.500139
vn 0.752841 -0.113569 -0.648331
vn 0.229649 0.614358 -0.754868
vn 0.250888 0.718731 -0.648445
vn 0.206485 0.748692 -0.629940
vn 0.025188 0.751940 -0.658750
vn 0.203847 0.759335 -0.617946
vn 0.622347 0.174032 -0.763150
vn 0.832757 -0.485397 -0.266282
vn 0.709138 -0.702899 -0.055275
vn 0.476335 -0.877259 0.059344
vn 0.527940 -0.844847 0.086676
vn 0.527266 -0.849449 0.020649
vn -0.095583 0.126973 -0.987290
vn 0.605269 -0.794873 0.042723
vn 0.707742 -0.705778 -0.031281
vn 0.614661 -0.788769 -0.006011
vn 0.595927 -0.802367 0.032845
vn 0.491990 -0.840521 -0.226871
vn 0.490462 -0.862389 0.125432
vn 0.443173 -0.885652 0.138628
vn 0.465926 -0.879346 0.098303
vn 0.728712 -0.088868 -0.679030
vn 0.795629 -0.601456 -0.072293
vn 0.436090 -0.882023 0.178497
vn 0.462036 -0.882230 0.090513
vn 0.502054 -0.864836 -0.000666
vn 0.416706 0.906226 -0.071483
vn 0.697213 0.651662 -0.298715
vn 0.655654 0.145534 0.740903
vn 0.544321 0.125978 0.829364
vn 0.720009 -0.331786 0.609513
vn 0.119188 -0.176887 0.976988
vn 0.133460 -0.411930 0.901389
vn 0.268224 -0.479694 0.835434
vn 0.503909 0.863413 0.024369
vn 0.783323 -0.321515 0.532009
vn 0.509874 0.854068 -0.102935
vn 0.286783 0.954633 -0.080198
vn 0.207470 -0.972032 -0.110044
vn 0.462761 -0.876010 -0.135860
vn 0.445378 -0.786232 -0.428344
vn 0.278587 -0.956683 -0.084544
vn 0.494521 -0.790630 0.361046
vn 0.411595 -0.883012 0.225565
vn 0.392404 -0.860366 0.325254
vn 0.511628 -0.757453 0.405589
vn -0.059618 0.442425 0.894822
vn -0.095990 0.522366 0.847301
vn 0.305378 -0.004539 0.952221
vn 0.150718 0.142452 0.978259
vn -0.322198 0.548002 0.771934
vn -0.254008 0.580807 0.773397
vn 0.122363 0.119491 0.985266
vn 0.119852 0.100701 0.987671
vn 0.053916 0.019681 0.998351
vn 0.390219 -0.717617 -0.576848
vn 0.225134 0.543753 0.808485
vn 0.211193 0.371785 0.903977
vn 0.185392 0.261195 0.947316
vn 0.192217 0.133573 0.972219
vn 0.152491 0.100590 0.983172
vn 0.712530 -0.359738 0.602403
vn 0.708022 -0.705429 -0.032780
vn 0.153216 -0.138305 -0.978466
vn 0.182903 -0.270622 -0.945151
vn 0.017335 -0.117162 -0.992962
vn 0.139460 -0.121733 -0.982717
vn 0.436349 -0.028005 -0.899341
vn 0.447099 -0.183352 -0.875491
vn 0.433097 -0.171743 -0.884834
vn 0.631344 0.744925 -0.215617
vn -0.166820 -0.409386 -0.896981
vn -0.013178 -0.361833 -0.932150
vn -0.120862 -0.621047 -0.774398
vn 0.181068 -0.171784 -0.968351
vn 0.248223 -0.219933 -0.943406
vn 0.182474 -0.467245 -0.865093
vn 0.368634 0.926277 -0.078236
vn 0.510104 0.854875 0.094782
vn 0.575321 -0.810407 -0.110665
vn 0.581128 -0.756804 0.299228
vn -0.094030 -0.216145 -0.971823
vn -0.074379 -0.100923 -0.992110
vn 0.029596 0.000509 -0.999562
vn -0.131166 -0.203317 -0.970287
vn -0.338627 0.168251 -0.925756
vn -0.002795 -0.137191 -0.990541
vn -0.383169 0.078770 -0.920313
vn -0.441670 0.083301 -0.893302
vn 0.022190 0.045461 0.998720
vn 0.370624 -0.704954 0.604713
vn 0.297622 -0.647032 0.701976
vn 0.043860 -0.350496 0.935537
vn 0.199130 -0.403396 0.893095
vn 0.140732 -0.583738 0.799653
vn -0.018718 -0.058347 -0.998121
vn 0.866183 -0.249166 -0.433177
vn 0.481771 -0.876227 -0.011091
vn 0.610612 0.788909 -0.069102
vn 0.713640 0.700501 -0.004027
vn 0.677864 0.732246 -0.065695
vn 0.615541 0.786410 -0.051654
vn 0.617543 0.777859 -0.116513
vn 0.617040 0.752397 -0.230566
vn 0.701813 0.612237 -0.364177
vn -0.133378 -0.711526 0.689885
vn 0.057189 -0.522920 0.850461
vn 0.618400 -0.014707 0.785726
vn 0.393988 -0.046316 0.917948
vn 0.482783 0.091375 0.870960
vn 0.747868 -0.663823 0.005684
vn 0.364888 -0.857973 -0.361579
vn 0.556212 -0.715441 0.422815
vn 0.554146 -0.679918 0.480243
vn 0.136586 -0.030732 0.990151
vn 0.050654 -0.039156 0.997948
vn 0.154081 0.046645 0.986957
vn 0.191755 0.003891 0.981435
vn 0.249218 0.001246 0.968447
vn -0.275024 0.717420 0.640055
vn 0.015961 0.363194 0.931577
vn -0.443545 0.557680 0.701613
vn 0.578216 -0.811265 -0.086691
vn 0.487042 -0.852058 -0.191801
vn 0.371468 -0.908519 -0.191325
vn 0.713132 -0.694934 0.092249
vn 0.554756 -0.793178 -0.251225
vn 0.534871 -0.806550 -0.251774
vn 0.840836 -0.308204 0.444978
vn 0.605758 -0.768188 -0.207230
vn 0.500089 -0.801823 -0.327095
vn 0.501967 -0.816725 -0.284586
vn 0.452158 -0.778474 -0.435351
vn 0.412474 0.383929 0.826113
vn 0.719871 0.004615 0.694092
vn 0.247012 0.118928 0.961687
vn 0.191398 0.238168 0.952178
vn 0.222846 0.123471 0.967003
vn 0.149887 0.062406 0.986732
vn 0.474190 0.365183 0.801115
vn 0.370712 -0.207524 -0.905266
vn 0.511760 -0.109930 -0.852067
vn 0.444781 -0.021890 -0.895372
vn 0.444797 0.870680 0.209932
vn 0.524550 0.827332 0.200920
vn 0.458143 0.842598 0.283077
vn 0.506356 0.842669 -0.183066
vn 0.618153 0.732691 -0.284692
vn 0.001056 -0.528770 -0.848764
vn 0.328023 -0.230676 -0.916073
vn 0.467377 -0.095202 -0.878917
vn 0.347612 -0.334488 -0.875948
vn 0.031425 -0.578611 -0.814998
vn 0.651097 0.758547 -0.026058
vn -0.106156 -0.134974 -0.985146
vn 0.053167 0.065999 -0.996402
vn -0.261200 0.442421 0.857927
vn 0.288170 -0.373432 0.881763
vn 0.169850 -0.544539 0.821358
vn 0.083615 0.703305 -0.705953
vn 0.000833 0.267449 -0.963572
vn -0.047767 0.092727 -0.994545
vn 0.332875 0.125913 -0.934527
vn 0.498442 -0.862266 -0.089732
vn 0.499813 -0.860488 -0.098733
vn 0.627848 0.739948 -0.241419
vn 0.662090 0.749204 -0.018190
vn 0.578640 0.784754 -0.222119
vn 0.299395 0.107773 0.948023
vn 0.486038 0.217126 0.846536
vn 0.439816 -0.852906 -0.281273
vn 0.485916 -0.860137 0.155082
vn 0.461195 -0.887276 0.006389
vn -0.393175 0.655215 0.645063
vn 0.268418 0.069722 0.960776
vn 0.301365 0.091692 0.949090
vn 0.467638 0.070502 0.881104
vn 0.165101 0.054971 0.984744
vn 0.384702 0.053153 0.921509
vn 0.506111 0.069646 0.859652
vn 0.622121 -0.780242 -0.064717
vn 0.718158 -0.694701 -0.040490
vn 0.806445 -0.358750 0.470047
vn 0.844445 -0.316658 0.432019
vn 0.764691 0.630079 -0.135084
vn 0.809386 0.173294 -0.561127
vn -0.124298 0.220054 -0.967536
vn 0.136616 -0.445601 -0.884746
vn 0.130742 -0.600564 -0.788815
vn 0.126780 -0.641003 -0.756995
vn 0.101869 0.383202 -0.918030
vn 0.157857 0.234775 -0.959146
vn 0.080917 0.312381 -0.946504
vn 0.114370 -0.652995 -0.748677
vn 0.038182 -0.520620 -0.852934
vn 0.270452 -0.310165 -0.911402
vn 0.278525 -0.126705 -0.952035
vn 0.855750 0.164296 -0.490611
vn 0.728944 -0.007150 -0.684536
vn 0.779224 0.134708 -0.612098
vn 0.677712 0.004695 -0.735312
vn 0.760953 0.071194 -0.644889
vn 0.631580 -0.060145 -0.772974
vn 0.577364 -0.089440 -0.811574
vn 0.664141 0.072492 -0.744085
vn 0.583668 0.058052 -0.809915
vn 0.674168 0.115288 -0.729525
vn 0.584010 -0.027197 -0.811291
vn 0.649650 0.005689 -0.760212
vn 0.484845 -0.171335 -0.857653
vn 0.491003 -0.144385 -0.859109
vn 0.597396 -0.055388 -0.800032
vn 0.313380 -0.353022 -0.881572
vn 0.362066 -0.304309 -0.881081
vn 0.335190 -0.349839 -0.874792
vn 0.207487 -0.439768 -0.873815
vn 0.580075 0.800099 -0.152824
vn 0.562324 0.811184 -0.160538
vn 0.633640 0.713127 0.299917
vn 0.626134 0.723369 0.291021
vn 0.646545 0.762358 0.028097
vn 0.658143 0.734910 0.163570
vn 0.641318 0.764738 0.062348
vn 0.672603 0.737681 0.058578
vn 0.669229 0.738429 0.082799
vn -0.142265 0.130438 -0.981197
vn -0.086338 -0.119270 -0.989101
vn 0.028728 -0.003630 -0.999581
vn -0.106784 0.356360 0.928227
vn 0.145688 -0.113449 0.982804
vn 0.006631 0.425918 -0.904738
vn 0.483857 -0.861557 -0.153629
vn 0.308932 0.088834 0.946926
vn 0.338884 -0.778299 0.528591
vn 0.353488 -0.620756 0.699792
vn 0.213897 0.012700 0.976774
vn 0.433180 -0.893114 -0.121254
vn 0.811884 -0.575024 0.100955
vn 0.789070 -0.604402 0.109844
vn 0.590239 0.109553 0.799760
vn 0.388585 0.181380 0.903384
vn 0.144179 -0.447302 -0.882685
vn 0.146354 -0.590686 -0.793518
vn 0.082763 0.413890 -0.906557
vn 0.263070 0.154447 -0.952334
vn 0.214429 0.230773 -0.949086
vn 0.094125 0.197019 -0.975871
vn 0.849273 0.160091 -0.503097
vn 0.813714 0.135770 -0.565187
vn 0.748968 0.063570 -0.659550
vn 0.617496 -0.022643 -0.786248
vn 0.745425 0.075555 -0.662294
vn 0.189493 -0.530098 -0.826492
vn 0.336048 -0.363450 -0.868894
vn 0.233711 -0.496313 -0.836094
vn 0.241349 -0.448893 -0.860375
vn 0.562386 -0.091223 -0.821827
vn 0.459219 -0.221045 -0.860382
vn 0.589443 -0.077818 -0.804053
vn 0.657390 -0.016259 -0.753375
vn 0.817194 0.155785 -0.554911
vn 0.869253 0.170339 -0.464095
vn 0.808038 0.107032 -0.579326
vn 0.466292 0.880560 -0.084773
vn 0.466741 0.865068 -0.183876
vn 0.529069 0.833031 -0.161695
vn 0.493677 0.831029 -0.256267
vn 0.689991 0.722973 0.034968
vn 0.666073 0.742505 0.070946
vn 0.582760 0.806063 -0.103216
vn -0.152491 -0.126980 -0.980113
vn -0.036513 0.146959 -0.988468
vn 0.109151 0.058836 -0.992282
vn 0.594361 0.116973 -0.795646
vn 0.574760 0.090111 -0.813345
vn 0.376989 0.093913 -0.921444
vn 0.191536 0.064369 -0.979373
vn 0.315734 0.093425 -0.944237
vn -0.072664 0.516610 0.853132
vn 0.353038 0.145486 0.924228
vn 0.462783 0.035070 0.885778
vn 0.197529 0.330422 0.922932
vn -0.208639 0.559118 0.802407
vn -0.069660 0.518349 0.852328
vn -0.020262 0.560345 0.828012
vn 0.029701 0.426950 0.903787
vn 0.229083 0.278815 0.932622
vn -0.016392 0.317821 0.948009
vn -0.083880 0.555721 0.827126
vn 0.088715 -0.011348 0.995992
vn 0.074301 0.163548 0.983733
vn 0.165427 -0.227135 0.959710
vn 0.367638 -0.745330 0.556170
vn 0.281568 -0.571114 0.771070
vn 0.314199 -0.560560 0.766193
vn 0.372333 -0.484029 0.791887
vn 0.328827 -0.605357 0.724856
vn 0.423966 -0.354025 0.833618
vn 0.373954 -0.441908 0.815399
vn 0.888987 0.441529 0.121470
vn 0.877490 0.304090 0.370865
vn 0.852105 0.129308 0.507146
vn 0.483835 -0.224723 0.845815
vn 0.569217 -0.798787 -0.194761
vn 0.574326 -0.798323 -0.181189
vn 0.621994 0.774401 -0.115870
vn 0.112828 -0.022602 -0.993357
vn 0.143563 0.126867 -0.981476
vn 0.861923 0.138677 -0.487705
vn 0.976986 -0.071077 0.201112
vn 0.941993 0.329504 -0.063848
vn 0.956165 0.273826 -0.103772
vn 0.944197 0.315096 -0.095953
vn 0.675406 0.736993 -0.025852
vn 0.689448 0.723017 0.043672
vn 0.750085 0.660619 0.030891
vn 0.308809 0.101453 -0.945698
vn 0.246957 0.154942 -0.956559
vn 0.234812 0.100078 -0.966875
vn 0.469508 0.062788 -0.880693
vn 0.565410 0.018639 0.824599
vn 0.028117 0.507924 0.860943
vn 0.131070 0.485168 0.864542
vn 0.552292 -0.813893 -0.180422
vn 0.628824 -0.777523 -0.006244
vn 0.656261 -0.750658 -0.076385
vn 0.686229 -0.727283 0.012247
vn 0.587806 -0.799084 -0.126294
vn 0.628423 0.766616 0.131849
vn 0.131158 0.162598 -0.977936
vn 0.222762 0.165003 -0.960807
vn 0.525787 0.850176 -0.027360
vn 0.633157 0.769400 -0.084477
vn 0.649789 -0.054408 -0.758165
vn 0.789962 0.612117 -0.035668
vn 0.751637 0.651266 -0.104373
vn 0.488168 0.861581 0.139174
vn 0.659446 0.737883 -0.143736
vn 0.468090 0.881820 0.057326
vn 0.707011 0.702405 0.082232
vn 0.715482 0.674771 0.181023
vn 0.784585 0.619781 -0.017285
vn 0.731149 0.682217 0.000747
vn 0.802469 0.596447 0.017159
vn 0.755007 0.655444 0.018928
vn 0.765771 -0.015862 0.642917
vn 0.523394 -0.070916 0.849135
vn 0.151573 0.114195 0.981827
vn 0.541194 0.133803 0.830184
vn 0.480430 -0.160313 0.862257
vn 0.642987 0.119686 0.756468
vn 0.663857 0.173638 0.727423
vn 0.692012 0.187566 0.697092
vn 0.670180 0.173834 0.721554
vn 0.723105 0.211170 0.657667
vn 0.644935 0.237198 0.726496
vn 0.645976 0.185413 0.740498
vn 0.586579 0.217000 0.780280
vn 0.672575 0.166094 0.721149
vn 0.655051 -0.747259 -0.111855
vn 0.596351 -0.759351 0.260294
vn 0.618918 -0.767911 0.165089
vn 0.666901 -0.735167 0.121539
vn 0.585827 -0.755191 0.294097
vn 0.555425 -0.739969 0.379406
vn 0.519873 -0.743220 0.421136
vn 0.516364 -0.726643 0.453165
vn 0.717356 -0.695569 0.039817
vn 0.662283 -0.743947 0.089020
vn 0.540727 -0.730073 0.417861
vn 0.429935 -0.244811 -0.869036
vn 0.116439 -0.354976 -0.927596
vn 0.121838 -0.027225 -0.992177
vn 0.116362 -0.247831 -0.961790
vn 0.192099 0.100373 -0.976229
vn 0.714811 -0.016255 -0.699129
vn 0.713465 -0.052746 -0.698703
vn 0.828178 -0.041656 -0.558915
vn 0.777220 0.629120 0.011722
vn 0.809200 0.584678 -0.057859
vn 0.854623 0.518523 -0.027455
vn 0.864723 0.501096 -0.034025
vn 0.525348 0.847292 0.078133
vn 0.452282 0.887693 0.086272
vn 0.624911 0.778953 0.052144
vn 0.639560 0.763887 0.086257
vn 0.628585 0.776701 0.040205
vn 0.733992 0.678771 0.022908
vn 0.367688 0.112678 -0.923098
vn 0.299409 0.157051 -0.941111
vn 0.417389 0.074967 -0.905630
vn 0.565946 0.002033 -0.824440
vn 0.555381 -0.017910 -0.831403
vn 0.619932 0.005137 -0.784638
vn 0.667625 0.053911 -0.742543
vn 0.511964 -0.735998 0.442944
vn 0.496522 -0.771133 0.398523
vn 0.439345 -0.887846 -0.136765
vn 0.455037 -0.889731 0.036319
vn 0.712663 0.039767 -0.700379
vn 0.197480 0.307134 -0.930951
vn 0.410132 0.103895 -0.906089
vn 0.143875 0.347122 -0.926718
vn 0.109936 0.329991 -0.937561
vn 0.329298 0.170260 -0.928749
vn 0.609466 -0.014737 -0.792675
vn 0.497424 0.025273 -0.867139
vn 0.667922 -0.028396 -0.743689
vn 0.802786 -0.077092 -0.591263
vn 0.809975 -0.097396 -0.578320
vn 0.877351 -0.134537 -0.460602
vn 0.916853 -0.126283 -0.378726
vn 0.969907 -0.062863 -0.235222
vn 0.986967 -0.064494 -0.147434
vn 0.946263 -0.089675 -0.310716
vn 0.861767 0.136088 -0.488711
vn 0.800004 0.117983 -0.588280
vn 0.811792 0.109324 -0.573622
vn 0.724009 -0.083887 -0.684670
vn 0.840773 -0.115549 -0.528913
vn 0.991157 -0.129413 -0.029332
vn 0.993720 -0.102358 -0.045196
vn 0.994812 -0.097516 -0.028974
vn 0.862398 -0.064674 -0.502083
vn 0.909017 -0.096218 -0.405500
vn 0.876665 -0.451042 -0.167389
vn 0.470907 -0.807208 0.355895
vn 0.559270 -0.823956 0.091177
vn 0.667692 -0.744374 -0.009724
vn 0.447134 -0.830057 -0.333283
vn 0.483253 -0.863148 -0.146429
vn 0.474305 -0.879356 0.042045
vn 0.464182 -0.858610 0.217543
vn 0.578043 -0.782970 -0.229835
vn 0.476842 -0.182243 -0.859889
vn 0.439501 -0.096203 -0.893076
vn 0.651615 -0.039934 -0.757498
vn 0.950395 -0.114037 -0.289388
vn 0.570259 -0.011028 -0.821391
vn 0.994221 -0.073514 -0.078231
vn 0.996207 -0.072688 -0.047843
vn 0.773667 -0.633404 -0.015422
vn 0.729460 -0.683347 -0.030403
vn 0.744396 0.063237 -0.664737
vn 0.764655 0.003159 -0.644432
vn 0.501755 -0.783047 0.367530
vn 0.539164 -0.119128 -0.833733
vn 0.133747 -0.463464 -0.875964
vn 0.765178 0.022190 -0.643436
vn 0.824774 0.095626 -0.557319
vn 0.445023 -0.246656 -0.860881
vn 0.984864 -0.079913 -0.153806
vn 0.872188 -0.059584 -0.485528
vn 0.936472 -0.068861 -0.343915
vn 0.492169 -0.812234 0.313122
vn 0.715287 0.022195 -0.698478
vn 0.994452 -0.058473 -0.087446
vn 0.985550 -0.082700 -0.147825
vn 0.929225 -0.075950 -0.361624
vn 0.814549 0.557260 -0.161155
vn 0.843737 0.438138 -0.310071
vn 0.779971 0.180513 -0.599216
vn 0.815819 0.150016 -0.558511
vn 0.838660 0.177833 -0.514805
vn 0.774429 0.035056 -0.631689
vn 0.744749 -0.060982 -0.664553
vn 0.837441 0.053005 -0.543951
vn 0.892434 0.309880 -0.327926
vn 0.718241 0.695768 -0.006086
vn 0.829135 -0.037774 -0.557771
vn 0.714020 0.055971 -0.697885
vn 0.888999 -0.054914 -0.454605
vn 0.546383 -0.835215 -0.062305
vn 0.646806 -0.760409 -0.058474
vn 0.601685 -0.788871 -0.125128
vn 0.729989 -0.682676 -0.032703
vn 0.784782 -0.058058 0.617046
vn 0.834324 0.455545 0.310455
vn 0.833502 0.507929 0.217446
vn 0.777259 0.615825 0.128951
vn 0.518739 -0.018571 -0.854731
vn 0.708921 0.057597 -0.702932
vn 0.679715 0.093471 -0.727496
vn 0.758172 0.171398 -0.629125
vn 0.737013 0.124925 -0.664233
vn 0.606567 0.070019 -0.791943
vn 0.765516 0.140307 -0.627933
vn 0.782800 0.131567 -0.608206
vn 0.814429 0.130273 -0.565450
vn 0.849411 0.523777 -0.064490
vn 0.713476 0.700659 0.005376
vn 0.850925 0.517126 -0.092238
vn 0.932432 0.349940 -0.090068
vn 0.946332 0.271183 -0.175830
vn 0.837825 0.159076 -0.522250
vn 0.863686 0.147465 -0.481976
vn 0.930674 0.214263 -0.296543
vn 0.901261 0.183176 -0.392652
vn 0.907002 0.183474 -0.379056
vn 0.801822 0.117904 -0.585815
vn 0.840330 0.113283 -0.530106
vn 0.860211 0.167523 -0.481636
vn 0.943653 0.243087 -0.224562
vn 0.929904 0.229582 -0.287350
vn 0.936473 0.238073 -0.257565
vn 0.901848 0.202554 -0.381632
vn 0.906733 0.188930 -0.377016
vn 0.928087 0.218944 -0.301196
vn 0.952570 0.232631 -0.196195
vn 0.942610 0.235487 -0.236710
vn 0.957351 0.250015 -0.144815
vn 0.899670 0.192024 -0.392072
vn 0.908081 0.411924 -0.075542
vn 0.940276 0.265528 -0.213018
vn 0.915670 0.356555 -0.185519
vn 0.891265 0.192060 -0.410805
vn 0.921175 0.220506 -0.320645
vn 0.928211 0.201570 -0.312720
vn 0.902469 0.173237 -0.394385
vn 0.912630 0.178722 -0.367647
vn 0.951072 0.259415 -0.167826
vn 0.940612 0.241941 -0.238147
vn 0.936427 0.262858 -0.232400
vn 0.938531 0.294592 -0.179934
vn 0.929344 0.209881 -0.303759
vn 0.952702 0.246828 -0.177299
vn 0.953399 0.216847 -0.209778
vn 0.891722 0.451685 -0.028497
vn 0.731220 0.677389 -0.080382
vn 0.805002 0.592457 -0.031085
vn 0.873382 0.486094 -0.030270
vn 0.892692 0.287605 -0.346965
vn 0.920884 0.379181 -0.090522
vn 0.921825 0.384624 -0.047994
vn 0.855413 0.517761 -0.013863
vn 0.863700 0.504004 -0.001600
vn 0.847937 0.530031 0.008360
vn 0.881517 0.471914 -0.015008
vn 0.873252 0.487066 -0.014064
vn 0.850802 0.523362 -0.047201
vn 0.873958 0.485112 -0.029382
vn 0.912789 0.406798 -0.036501
vn 0.929218 0.354941 -0.102812
vn 0.908212 0.415688 -0.048520
vn 0.929325 0.350454 -0.116346
vn 0.987362 0.157484 -0.017754
vn 0.991576 0.128099 -0.019152
vn 0.984854 0.171845 -0.023054
vn 0.960392 -0.064561 0.271070
vn 0.894454 0.446591 -0.022544
vn 0.962064 0.265173 -0.064162
vn 0.947847 0.310829 -0.070502
vn 0.956023 0.288148 -0.054685
vn 0.962853 0.252218 -0.096440
vn 0.966956 0.241183 -0.082631
vn 0.834213 0.551392 -0.007423
vn 0.859679 0.510835 -0.000033
vn 0.819837 0.572380 0.015798
vn 0.947540 0.312857 -0.065481
vn 0.984634 0.158159 -0.074031
vn 0.984359 0.166941 -0.056278
vn 0.989388 0.137286 -0.047586
vn 0.993948 0.108503 -0.017182
vn 0.990519 0.133152 -0.033817
vn 0.991916 0.124436 -0.024877
vn 0.920380 0.192579 -0.340314
vn 0.942774 0.207539 -0.260969
vn 0.973138 0.217485 -0.075516
vn 0.975613 0.201467 -0.087122
vn 0.975425 0.196202 -0.100253
vn 0.973840 0.189646 -0.125182
vn 0.831259 0.555840 -0.007176
vn 0.777739 0.628574 -0.003986
vn 0.849642 0.275575 0.449631
vn 0.791746 0.604475 -0.088023
vn 0.748012 0.649629 -0.135871
vn 0.734619 0.671576 -0.096542
vn 0.589018 0.734969 -0.335975
vn 0.640902 0.715184 -0.278849
vn 0.811683 0.582748 -0.039688
vn 0.699974 0.690324 -0.183001
vn 0.752595 0.642629 -0.143628
vn 0.632908 0.713019 -0.301714
vn 0.918858 0.256425 0.299909
vn 0.818932 0.169381 0.548326
vn 0.858269 0.142997 0.492875
vn 0.804125 0.594359 -0.010966
vn 0.559933 0.751079 -0.349793
vn 0.577363 0.781692 -0.235816
vn 0.615244 0.779502 -0.117690
vn 0.644402 0.764210 0.027022
vn 0.593643 0.746547 -0.300427
vn 0.708473 0.686304 -0.164476
vn 0.829573 0.557652 -0.028855
vn 0.805392 0.592203 -0.025289
vn 0.827326 0.559137 -0.053831
vn 0.780822 0.624020 0.030268
vn 0.817913 0.574671 -0.027776
vn 0.635472 0.734584 0.237829
vn 0.586227 0.762007 -0.275106
vn 0.696683 0.179162 0.694647
vn 0.697229 0.225979 0.680298
vn 0.712135 -0.032495 0.701290
vn 0.553875 -0.368392 0.746666
vn 0.550296 -0.281311 0.786154
vn 0.743997 -0.070653 0.664437
vn 0.689458 0.169188 0.704289
vn 0.656161 0.137561 0.741976
vn 0.649056 0.061684 0.758236
vn 0.766283 -0.024270 0.642045
vn 0.872448 0.330972 0.359572
vn 0.856829 0.303923 0.416503
vn 0.613453 0.099265 0.783468
vn 0.789117 -0.404177 0.462532
vn 0.585368 -0.101668 0.804368
vn 0.784278 0.619460 0.034318
vn 0.817173 0.095169 0.568481
vn 0.834649 0.538146 0.117302
vn 0.825377 0.564298 0.017914
vn 0.761695 0.073514 0.643752
vn 0.688825 0.135813 0.712092
vn 0.849100 0.528230 0.001541
vn 0.804121 0.590542 -0.068190
vn 0.872772 0.392710 0.289911
vn 0.880507 0.386667 0.274218
vn 0.678244 0.182340 0.711855
vn 0.839804 0.540936 -0.046021
vn 0.822772 0.565659 -0.055464
vn 0.852730 0.521937 -0.020820
vn 0.601367 0.030243 0.798400
vn 0.943449 0.320491 0.084790
vn 0.671478 0.044073 0.739713
vn 0.908339 0.389191 0.153132
vn 0.685027 0.105651 0.720816
vn 0.660808 0.119748 0.740941
vn 0.675636 0.147635 0.722302
vn 0.198476 0.054925 0.978566
vn 0.469565 0.007047 0.882870
vn 0.599361 0.062793 0.798012
vn 0.648874 0.095720 -0.754851
vn 0.956058 -0.288028 -0.054703
vn 0.947726 -0.315423 -0.048202
vn 0.932297 -0.262049 -0.249303
vn 0.935738 -0.335126 -0.109930
vn 0.905471 -0.414693 -0.090283
vn 0.727098 0.013045 0.686410
vn 0.722398 0.057701 0.689066
vn 0.591423 0.109590 0.798879
vn 0.723531 0.038625 0.689210
vn 0.751476 0.039118 0.658600
vn 0.451225 0.089615 0.887899
vn 0.578215 0.081153 0.811838
vn 0.678754 0.084397 0.729500
vn 0.897186 -0.076230 0.435025
vn 0.838262 -0.018449 0.544955
vn 0.853224 -0.037522 0.520193
vn 0.613929 0.057492 0.787265
vn 0.552277 0.059657 0.831524
vn 0.676778 0.052844 0.734288
vn 0.826030 -0.261928 0.499068
vn 0.869760 -0.380294 0.314474
vn 0.865430 -0.180546 0.467370
vn 0.792752 0.016529 0.609320
vn 0.727359 0.045281 0.684762
vn 0.670495 0.007033 0.741881
vn 0.633410 -0.054648 0.771884
vn 0.613912 0.053287 0.787574
vn 0.847268 -0.155989 0.507744
vn 0.882754 -0.364880 0.295987
vn 0.884730 -0.224835 0.408291
vn 0.822656 -0.043853 0.566845
vn 0.858524 -0.215674 0.465211
vn 0.670699 0.084668 0.736881
vn 0.660805 -0.002692 0.750553
vn 0.701697 0.120337 0.702240
vn 0.710627 0.052953 0.701574
vn 0.504213 -0.080527 0.859816
vn 0.416612 -0.021830 0.908822
vn 0.197664 0.450570 0.870583
vn 0.062171 -0.218550 0.973843
vn 0.083256 0.136789 0.987095
vn 0.106398 -0.377722 0.919785
vn 0.191252 0.332758 0.923415
vn 0.479322 0.101408 0.871761
vn 0.059585 0.261334 0.963408
vn 0.943431 0.071077 0.323860
vn 0.991109 0.050948 0.122910
vn 0.974073 0.133829 0.182404
vn 0.908012 -0.214159 0.360071
vn 0.950988 -0.158040 0.265792
vn 0.848473 -0.161560 0.503976
vn 0.402155 0.173232 0.899034
vn 0.574325 0.054071 0.816840
vn 0.388449 -0.313155 0.866626
vn 0.308306 -0.736558 0.602021
vn 0.197944 -0.650773 0.733017
vn 0.266534 -0.645346 0.715883
vn 0.592528 -0.019130 0.805323
vn 0.900932 -0.119213 0.417264
vn 0.971098 0.161455 0.175787
vn 0.986013 0.105828 0.128761
vn 0.989100 0.121192 0.083627
vn 0.991462 0.130394 -0.000238
vn 0.979633 -0.046101 0.195433
vn 0.982601 0.165480 0.084326
vn 0.964035 0.193570 0.182120
vn 0.984557 -0.088651 0.150958
vn 0.909996 0.158991 0.382921
vn 0.996895 0.064242 0.045544
vn 0.993914 0.109475 0.012225
vn 0.993897 0.103380 0.038491
vn 0.994350 -0.018148 0.104588
vn 0.995278 0.056788 0.078719
vn 0.996830 0.028091 0.074440
vn 0.997444 0.060619 0.037821
vn 0.986843 0.160599 0.018669
vn 0.981251 0.191498 0.021786
vn 0.995781 0.008866 0.091338
vn 0.844597 0.156404 0.512048
vn 0.794204 0.162472 0.585528
vn 0.947960 0.194018 0.252446
vn 0.608881 -0.049717 0.791702
vn 0.976909 0.198130 0.079955
vn 0.997311 0.066288 0.031255
vn 0.995959 0.089276 0.009794
vn 0.954888 0.288285 -0.071278
vn 0.967054 0.245124 -0.068710
vn 0.961117 0.265692 -0.075248
vn 0.713382 0.231879 0.661300
vn 0.830497 0.164145 0.532289
vn 0.905081 0.224735 0.361002
vn 0.937082 0.211292 0.277909
vn 0.872820 0.244708 0.422260
vn 0.967223 0.213411 0.137605
vn 0.931260 0.287982 0.223206
vn 0.930977 0.233813 0.280382
vn 0.898750 0.233003 0.371428
vn 0.819109 0.236810 0.522476
vn 0.773426 0.252040 0.581625
vn 0.771519 0.220100 0.596921
vn 0.826514 0.239016 0.509653
vn 0.462698 -0.259289 0.847750
vn 0.666161 0.125139 0.735234
vn 0.744394 0.131850 0.654594
vn 0.674584 0.103312 0.730933
vn 0.729952 0.175222 0.660657
vn 0.896286 0.191507 0.399996
vn 0.677078 0.719004 0.156838
vn 0.711599 0.679983 0.176776
vn 0.641992 0.761618 0.088231
vn 0.637015 -0.758831 -0.135598
vn 0.732249 -0.678948 -0.053299
vn 0.752288 -0.658289 0.026784
vn 0.784832 -0.619524 -0.015119
vn 0.299131 0.093219 -0.949648
vn 0.681650 0.118765 -0.721975
vn 0.894706 -0.441966 -0.064563
vn 0.911110 -0.405027 -0.076361
vn 0.873752 -0.480780 -0.073542
vn 0.669380 0.109289 0.734838
vn 0.927781 -0.095108 -0.360801
vn 0.822719 0.037656 -0.567200
vn 0.863156 0.005481 -0.504908
vn 0.803716 -0.052072 -0.592730
vn 0.944945 0.217219 -0.244736
vn 0.962088 0.193829 -0.191878
vn 0.915019 0.217700 -0.339629
vn 0.958195 0.190273 -0.213680
vn 0.961559 0.205074 -0.182615
vn 0.873028 0.179235 -0.453539
vn 0.962531 0.207319 -0.174796
vn 0.906431 0.205991 -0.368714
vn 0.770442 0.103838 -0.628997
vn 0.538769 -0.123214 -0.833395
vn 0.884525 0.214171 -0.414422
vn 0.833460 0.096750 -0.544044
vn 0.973233 0.108216 -0.202747
vn 0.987162 0.158207 -0.021949
vn 0.990612 0.109109 -0.082355
vn 0.887148 0.007460 -0.461425
vn 0.954383 -0.014695 -0.298223
vn 0.880064 -0.078652 -0.468295
vn 0.954369 0.179296 -0.238816
vn 0.933831 0.224739 -0.278302
vn 0.925597 0.206897 0.316961
vn 0.855333 0.517996 -0.009262
vn 0.696849 0.692800 -0.185553
vn 0.628799 0.775011 -0.063013
vn 0.961738 0.270061 -0.046130
vn 0.968050 0.243709 -0.059026
vn 0.818564 0.573268 -0.036291
vn 0.868994 0.491146 -0.060217
vn 0.623433 0.749510 -0.222635
vn 0.683856 0.723993 0.090416
vn 0.834935 0.547320 -0.057654
vn 0.860385 0.504803 -0.070076
vn 0.761388 0.644137 0.073320
vn 0.747121 0.659395 0.083711
vn 0.865638 0.493039 -0.087078
vn 0.744045 0.661317 -0.095166
vn 0.737650 0.672213 -0.063257
vn 0.825077 0.561652 -0.061605
vn 0.708952 0.704168 -0.039173
vn 0.756803 0.653098 0.026701
vn 0.818461 0.573311 -0.037890
vn 0.805848 0.591087 -0.034997
vn 0.897264 0.439194 -0.045008
vn 0.890652 0.447977 -0.077813
vn 0.889456 0.452839 -0.061674
vn 0.804336 0.593714 -0.023372
vn 0.821091 0.568856 -0.047034
vn 0.521767 -0.056540 0.851212
vn 0.827958 -0.553478 0.090261
vn 0.836092 -0.542063 0.084372
vn 0.882800 -0.413395 0.223090
vn 0.884704 -0.428046 0.184594
vn 0.902922 -0.300062 0.307726
vn 0.603355 -0.782462 -0.154001
vn 0.717140 -0.693959 -0.064280
vn 0.661279 -0.739711 -0.124655
vn 0.776508 -0.630090 0.004678
vn 0.913575 -0.073521 -0.399968
vn 0.807077 0.030565 -0.589655
vn 0.614006 0.122768 -0.779695
vn 0.950931 -0.188567 -0.245300
vn 0.951403 -0.212226 -0.223142
vn 0.890455 -0.144532 0.431510
vn 0.676312 -0.726225 -0.123286
vn 0.723348 -0.687391 -0.065285
vn 0.901873 -0.118791 0.415347
vn 0.918277 -0.249308 0.307593
vn 0.931316 -0.241129 0.272959
vn 0.927068 -0.155414 0.341161
vn 0.850732 -0.511566 0.120650
vn 0.908683 -0.366637 0.199678
vn 0.966379 -0.180571 0.183048
vn 0.963624 -0.154843 0.217834
vn 0.998098 0.058039 -0.020801
vn 0.996375 0.083544 -0.016043
vn 0.998413 0.056302 0.001588
vn 0.880351 -0.058008 0.470762
vn 0.910427 -0.090804 0.403581
vn 0.880718 -0.063092 0.469420
vn 0.858227 -0.038343 0.511836
vn 0.773015 0.017495 0.634146
vn 0.756686 0.055966 0.651378
vn 0.822357 -0.004937 0.568950
vn 0.788244 0.026568 0.614790
vn 0.931767 -0.317984 0.175206
vn 0.865760 -0.493092 0.085554
vn 0.891541 -0.444059 0.089251
vn 0.915783 -0.095617 0.390126
vn 0.802361 0.011541 0.596728
vn 0.772828 -0.634351 -0.018321
vn 0.764491 -0.644420 -0.016621
vn 0.928299 -0.105110 0.356670
vn 0.965725 -0.118359 0.231013
vn 0.946667 -0.107330 0.303812
vn 0.960780 -0.132556 0.243577
vn 0.700648 -0.118012 0.703680
vn 0.667543 -0.094002 0.738613
vn 0.715036 -0.091691 0.693049
vn 0.741091 0.047028 0.669756
vn 0.680203 0.069560 0.729716
vn 0.715612 0.094169 0.692122
vn 0.726472 -0.059327 0.684630
vn 0.693600 -0.074738 0.716473
vn 0.709554 0.018283 0.704414
vn 0.784130 -0.023446 0.620153
vn 0.802912 -0.038764 0.594835
vn 0.846154 -0.040030 0.531433
vn 0.813226 -0.013392 0.581794
vn 0.759857 0.019885 0.649786
vn 0.642531 -0.099357 0.759791
vn 0.602786 -0.102635 0.791274
vn 0.623634 -0.124159 0.771794
vn 0.778628 -0.198163 0.595373
vn 0.536099 -0.065353 0.841622
vn 0.986346 -0.028634 0.162180
vn 0.994379 0.003696 0.105818
vn 0.997104 0.033501 0.068267
vn 0.952443 -0.129428 0.275864
vn 0.994502 0.001741 0.104700
vn 0.886693 -0.200726 0.416514
vn 0.790487 -0.211689 0.574734
vn 0.583915 -0.085461 0.807304
vn 0.704638 -0.187776 0.684270
vn 0.906902 -0.157753 0.390695
vn 0.892596 -0.146819 0.426283
vn 0.828823 -0.182770 0.528817
vn 0.631802 -0.130154 0.764125
vn 0.687550 -0.145494 0.711411
vn 0.640307 -0.112537 0.759831
vn 0.772915 -0.132164 0.620593
vn 0.739493 -0.160481 0.653756
vn 0.712904 -0.141925 0.686749
vn 0.781621 -0.066726 0.620174
vn 0.746812 -0.109134 0.656019
vn 0.946220 -0.135104 0.293964
vn 0.994804 0.001440 0.101797
vn 0.989721 -0.011331 0.142562
vn 0.979156 -0.033605 0.200312
vn 0.983795 -0.036864 0.175469
vn 0.741221 -0.190471 0.643670
vn 0.960900 0.266132 -0.076449
vn 0.967964 0.238942 -0.077153
vn 0.927778 0.370861 -0.041113
vn 0.944809 0.325147 -0.040196
vn 0.920293 0.388940 -0.042259
vn 0.977755 0.209550 -0.009187
vn 0.985713 0.168429 -0.000779
vn 0.965705 0.245811 0.083610
vn 0.972082 0.217593 0.087806
vn 0.953319 0.297763 0.050190
vn 0.935996 0.327921 0.127984
vn 0.936617 0.350293 -0.006592
vn 0.936613 0.347264 -0.046513
vn 0.871511 0.486041 -0.065060
vn 0.977665 0.209784 -0.012685
vn 0.910977 0.412221 0.013944
vn 0.837451 -0.544726 -0.044155
vn 0.762951 -0.645429 -0.036417
vn 0.894410 -0.432839 -0.112611
vn 0.833556 -0.552430 0.002329
vn 0.767237 -0.640906 -0.024220
vn 0.832579 -0.553906 0.000928
vn 0.811796 -0.583941 -0.000401
vn 0.847162 -0.531232 -0.010444
vn 0.610493 -0.762794 0.213174
vn 0.793670 -0.608067 0.018487
vn 0.730399 -0.678765 0.076125
vn 0.868230 -0.494774 -0.037083
vn 0.495862 -0.836740 0.232353
vn 0.597444 -0.776521 0.200192
vn 0.712736 -0.695232 0.093052
vn 0.609245 -0.789246 -0.076878
vn 0.899381 -0.414688 0.138372
vn 0.641966 -0.753731 -0.140604
vn 0.857565 -0.514054 0.018185
vn 0.943197 -0.214260 0.253914
vn 0.805628 -0.592133 0.018494
vn 0.787784 -0.615938 0.004181
vn 0.951205 -0.260553 0.165295
vn 0.892357 -0.448842 0.047321
vn 0.907912 -0.417160 -0.040911
vn 0.952317 -0.198578 0.231646
vn 0.944726 -0.323827 0.051275
vn 0.957393 -0.287696 0.025093
vn 0.913618 -0.406544 -0.004988
vn 0.942722 -0.318670 0.098616
vn 0.932435 -0.292796 0.211744
vn 0.881216 -0.452250 0.137581
vn 0.966480 -0.228290 0.117470
vn 0.999520 0.024224 -0.019306
vn 0.998360 0.029994 -0.048765
vn 0.999217 0.008682 -0.038595
vn 0.971260 -0.153195 0.182170
vn 0.972605 -0.184529 0.141384
vn 0.979884 -0.157788 0.122189
vn 0.958823 -0.283609 -0.014994
vn 0.969937 -0.229744 0.080243
vn 0.922082 -0.087367 0.377005
vn 0.955109 -0.063259 0.289422
vn 0.934436 -0.094049 0.343488
vn 0.874600 -0.065699 0.480373
vn 0.903425 -0.080697 0.421084
vn 0.889303 -0.057153 0.453733
vn 0.926424 -0.070232 0.369874
vn 0.922567 -0.065597 0.380219
vn 0.978016 -0.189645 0.086717
vn 0.974324 -0.130482 0.183487
vn 0.971960 -0.233413 0.028506
vn 0.982960 -0.175063 0.056065
vn 0.982198 -0.101927 0.157789
vn 0.977053 -0.102298 0.186822
vn 0.978415 -0.106833 0.176891
vn 0.979225 -0.200310 0.031546
vn 0.843022 -0.537615 -0.016852
vn 0.879744 -0.475447 0.000951
vn 0.918387 -0.393681 -0.039749
vn 0.890952 -0.451853 -0.045094
vn 0.932080 -0.094368 -0.349744
vn 0.934548 -0.097036 -0.342349
vn 0.968821 -0.150128 -0.197096
vn 0.949277 -0.297401 -0.102108
vn 0.917711 -0.287971 -0.273642
vn 0.827720 -0.558730 -0.051969
vn 0.895714 -0.444495 -0.010982
vn 0.869624 -0.492619 -0.032880
vn 0.866251 -0.499600 -0.003094
vn 0.907392 -0.420284 -0.000824
vn 0.957618 -0.206271 -0.201050
vn 0.931024 -0.364004 -0.026365
vn 0.868957 -0.494757 0.011416
vn 0.886566 -0.460072 -0.048311
vn 0.865161 -0.498751 -0.052385
vn 0.925931 -0.376523 -0.029701
vn 0.699143 -0.711199 -0.073456
vn 0.960893 -0.274417 -0.037157
vn 0.970987 -0.236886 -0.032712
vn 0.965904 -0.256916 -0.031991
vn 0.808586 -0.586368 -0.048594
vn 0.856285 -0.071239 -0.511568
vn 0.958632 -0.106459 -0.263991
vn 0.967824 -0.099751 -0.231012
vn 0.980358 -0.156275 -0.120317
vn 0.838505 -0.003917 -0.544881
vn 0.977291 -0.193353 -0.086703
vn 0.980153 0.176119 -0.091003
vn 0.980615 0.165527 -0.104861
vn 0.983646 0.141118 -0.111926
vn 0.985563 0.165352 -0.036398
vn 0.987815 0.151175 -0.036995
vn 0.988730 0.122774 -0.085670
vn 0.989610 0.119473 -0.079990
vn 0.994574 0.103445 -0.011015
vn 0.995058 0.026954 -0.095565
vn 0.971093 0.209421 -0.114547
vn 0.983694 0.163142 -0.075699
vn 0.982272 0.178842 -0.056196
vn 0.997706 0.003161 -0.067616
vn 0.941297 0.337576 -0.001397
vn 0.947865 0.318033 -0.020156
vn 0.933372 0.358362 -0.019823
vn 0.890681 0.445807 -0.089128
vn 0.852787 0.521555 -0.027124
vn 0.833645 0.548118 -0.067842
vn 0.887649 0.459826 0.025281
vn 0.873043 0.484647 -0.053979
vn 0.902982 0.429372 -0.016203
vn 0.837797 0.545813 -0.013580
vn 0.846793 0.529459 -0.051138
vn 0.645500 -0.131358 0.752379
vn 0.991812 0.101026 -0.078116
vn 0.990170 0.134886 -0.037006
vn 0.956785 -0.063389 0.283802
vn 0.979297 -0.054004 0.195092
vn 0.979066 -0.055304 0.195884
vn 0.888069 -0.135208 0.439378
vn 0.649133 -0.163574 0.742879
vn 0.836256 -0.176696 0.519091
vn 0.978207 -0.085688 0.189124
vn 0.983619 -0.091105 0.155543
vn 0.986956 -0.067697 0.146065
vn 0.982652 -0.113439 0.146719
vn 0.987427 -0.125412 0.096225
vn 0.986387 -0.109116 0.123026
vn 0.999742 -0.003366 -0.022467
vn 0.999572 -0.028796 -0.005111
vn 0.999981 -0.003624 -0.005069
vn 0.921538 -0.082445 0.379434
vn 0.811217 -0.159968 0.562439
vn 0.879816 -0.107076 0.463097
vn 0.891876 -0.066549 0.447356
vn 0.877774 -0.088582 0.470815
vn 0.846438 -0.070085 0.527855
vn 0.995797 -0.024891 0.088145
vn 0.990628 -0.050932 0.126733
vn 0.991592 -0.043223 0.121969
vn 0.998096 0.027564 -0.055176
vn 0.999355 0.030296 -0.019269
vn 0.999719 0.010037 -0.021489
vn 0.996521 0.013406 0.082261
vn 0.829988 -0.121699 0.544343
vn 0.980936 -0.063905 0.183525
vn 0.988820 -0.053116 0.139330
vn 0.997016 -0.008480 0.076731
vn 0.994449 -0.021114 0.103076
vn 0.997322 0.073135 0.000592
vn 0.996667 0.081361 0.005944
vn 0.998141 0.057814 0.019299
vn 0.998059 0.036733 0.050280
vn 0.997250 0.034530 0.065575
vn 0.995227 -0.000466 0.097588
vn 0.997147 0.014590 0.074061
vn 0.997532 0.064631 0.027443
vn 0.996305 0.085693 0.005771
vn 0.995584 0.084819 -0.040230
vn 0.992699 0.115357 -0.035236
vn 0.992215 0.110385 -0.057659
vn 0.992078 0.095981 -0.081047
vn 0.988332 0.128786 -0.081330
vn 0.994879 0.100164 -0.013536
vn 0.986680 0.155159 -0.048862
vn 0.987956 0.150465 -0.036098
vn 0.971931 0.232706 -0.034615
vn 0.977552 0.203943 -0.052918
vn 0.979949 0.196777 -0.031278
vn 0.563401 -0.048745 0.824744
vn 0.678369 -0.146018 0.720066
vn 0.546223 -0.009548 0.837586
vn 0.670842 -0.140661 0.728138
vn 0.464926 0.102242 0.879426
vn 0.662250 -0.126086 0.738598
vn 0.817004 -0.098931 0.568082
vn 0.603284 -0.130653 0.786752
vn 0.954781 -0.065474 0.290009
vn 0.801763 -0.083645 0.591760
vn 0.857047 -0.036044 0.513976
vn 0.923531 -0.068749 0.377313
vn 0.872600 -0.058726 0.484892
vn 0.980707 -0.132492 0.143733
vn 0.921747 -0.063523 0.382554
vn 0.956673 -0.092028 0.276239
vn 0.962834 -0.105300 0.248720
vn 0.977349 -0.118079 0.175632
vn 0.905052 0.423649 -0.037450
vn 0.864881 0.501892 -0.009220
vn 0.981055 0.185712 -0.055151
vn 0.972885 0.222775 -0.062180
vn 0.899142 -0.435946 -0.038657
vn 0.979017 -0.202697 -0.020970
vn 0.981860 -0.189582 -0.003013
vn 0.976560 -0.214990 -0.010523
vn 0.841246 -0.539389 -0.036951
vn 0.851298 -0.520502 -0.066111
vn 0.924561 -0.378655 -0.042504
vn 0.926834 -0.369631 -0.065967
vn 0.973376 -0.229078 0.007919
vn 0.942742 -0.327947 -0.060739
vn 0.980139 -0.197717 0.015353
vn 0.982115 -0.187926 0.011595
vn 0.984472 -0.172126 0.034470
vn 0.834624 -0.546977 -0.064950
vn 0.817277 -0.575904 -0.019794
vn 0.975978 -0.216113 -0.027626
vn 0.980332 -0.195209 -0.029035
vn 0.972574 -0.232561 -0.003896
vn 0.906685 -0.419692 -0.042215
vn 0.922803 -0.383575 -0.036122
vn 0.973948 -0.117664 -0.193857
vn 0.986438 0.129914 -0.100312
vn 0.991844 0.123302 -0.032282
vn 0.994538 0.102418 -0.020121
vn 0.983864 0.155754 -0.088045
vn 0.988768 0.114451 -0.096118
vn 0.996956 0.042775 -0.065184
vn 0.995214 0.071219 -0.066907
vn 0.995061 0.077708 -0.061771
vn 0.999261 0.037408 0.008873
vn 0.998982 0.042109 0.016201
vn 0.998865 0.003763 0.047486
vn 0.987269 -0.086248 0.133644
vn 0.999826 0.014113 0.012236
vn 0.998089 -0.009121 0.061115
vn 0.998668 0.019953 0.047577
vn 0.998518 0.037457 0.039480
vn 0.999829 -0.009437 0.015900
vn 0.999253 0.038400 -0.004322
vn 0.998871 0.038505 -0.027819
vn 0.999747 -0.014782 -0.016932
vn 0.995125 -0.027770 0.094626
vn 0.998547 -0.053151 -0.008844
vn 0.997684 0.067641 -0.007143
vn 0.997605 0.052932 -0.044529
vn 0.997630 0.051766 -0.045336
vn 0.988928 -0.054530 0.138016
vn 0.992988 -0.044925 0.109346
vn 0.997349 -0.033143 0.064785
vn 0.993261 -0.088370 0.074994
vn 0.995934 -0.083336 0.034201
vn 0.994573 -0.078441 0.068344
vn 0.999278 -0.034386 0.016159
vn 0.999129 -0.041467 0.004720
vn 0.996788 -0.079996 -0.003686
vn 0.993508 -0.110881 0.025459
vn 0.995832 -0.086871 0.027781
vn 0.983216 -0.157338 0.092364
vn 0.983637 -0.124577 0.130152
vn 0.993659 -0.112323 0.005050
vn 0.986913 -0.145836 0.068806
vn 0.989344 -0.141685 0.033511
vn 0.994034 -0.061987 0.089740
vn 0.998263 -0.055994 0.018343
vn 0.997431 -0.042966 0.057326
vn 0.992451 -0.109878 0.054474
vn 0.986298 -0.164335 0.014502
vn 0.989284 -0.145802 0.007687
vn 0.989478 -0.143445 -0.018901
vn 0.998512 -0.053609 0.009955
vn 0.996608 -0.077828 0.026730
vn 0.996948 -0.077567 0.008828
vn 0.964147 -0.263393 -0.032316
vn 0.982919 -0.182584 -0.023081
vn 0.986319 -0.164469 -0.011200
vn 0.984074 -0.177652 -0.006160
vn 0.993713 -0.110681 -0.016842
vn 0.987020 -0.158417 -0.026371
vn 0.999210 -0.028410 -0.027806
vn 0.999779 0.006202 -0.020111
vn 0.999256 -0.008653 -0.037593
vn 0.997900 -0.033023 -0.055727
vn 0.999752 0.018649 -0.012139
vn 0.964499 -0.261926 -0.033710
vn 0.951328 -0.303750 -0.052061
vn 0.995886 -0.083748 0.034599
vn 0.996324 -0.056662 0.064253
vn 0.980262 -0.188852 -0.058500
vn 0.983356 -0.161644 -0.082962
vn 0.982563 -0.181037 -0.042369
vn 0.966784 -0.102767 -0.234023
vn 0.990199 -0.125396 -0.061503
vn 0.999632 0.027092 -0.001089
vn 0.958370 -0.283605 -0.033092
vn 0.971202 -0.236448 -0.029309
vn 0.987754 -0.147718 -0.050215
vn 0.984026 -0.125197 -0.126564
vn 0.986194 -0.096984 -0.134219
vn 0.998787 0.045383 -0.019079
vn 0.994691 0.097247 -0.033653
vn 0.941522 -0.334680 -0.039069
vn 0.962943 -0.092552 -0.253328
vn 0.941295 -0.335779 -0.034874
vn 0.944532 -0.325983 -0.039939
vn 0.956182 -0.291105 -0.031220
vn 0.980675 0.175482 -0.086506
vn 0.988629 0.136962 -0.062084
vn 0.984855 0.166638 -0.047883
vn 0.981539 0.178421 -0.068897
vn 0.978929 0.194274 -0.062888
vn 0.975271 0.211341 -0.064665
vn 0.981854 0.181000 -0.056582
vn 0.977947 0.194540 -0.075980
vn 0.961749 0.272723 -0.025713
vn 0.955105 0.294292 -0.034143
vn 0.953775 0.299544 -0.024203
vn 0.959982 0.270536 -0.072416
vn 0.934292 0.353089 -0.049262
vn 0.952378 0.296512 -0.071113
vn 0.929812 0.362449 -0.063877
vn 0.936659 0.343473 -0.068532
vn 0.907960 0.414350 -0.062627
vn 0.939609 0.334394 -0.072908
vn 0.971088 0.237908 -0.019679
vn 0.960626 0.275866 -0.033087
vn 0.916029 0.398173 -0.048475
vn 0.918520 0.388512 -0.073344
vn 0.934080 0.348125 -0.079394
vn 0.929102 0.360531 -0.082383
vn 0.891366 0.451534 -0.039797
vn 0.948077 0.313928 -0.050982
vn 0.933276 0.354406 -0.058247
vn 0.920507 0.381390 -0.084905
vn 0.910750 0.407188 -0.068786
vn 0.922684 0.385369 0.012008
vn 0.922000 0.386998 0.012223
vn 0.945454 0.325337 -0.016497
vn 0.950543 0.307282 -0.045238
vn 0.978564 0.205648 0.010986
vn 0.967463 0.250985 -0.031978
vn 0.968726 0.247249 -0.020908
vn 0.975445 0.219614 -0.016613
vn 0.977226 0.211349 -0.018974
vn 0.998958 -0.019097 -0.041451
vn 0.995978 -0.047289 -0.076098
vn 0.909645 0.405722 -0.089087
vn 0.902047 0.422771 -0.087040
vn 0.865372 0.500096 0.032166
vn 0.857859 0.513247 0.025595
vn 0.906380 0.421307 0.031229
vn 0.874101 0.485071 -0.025583
vn 0.959778 -0.278263 -0.037370
vn 0.970607 -0.235117 -0.051397
vn 0.978546 -0.200770 -0.046255
vn 0.337348 0.914067 0.225117
vn -0.269309 0.155945 -0.950344
vn -0.510258 0.742843 -0.433384
vn -0.305935 0.072892 -0.949258
vn -0.497269 0.135895 -0.856888
vn -0.421542 0.134676 -0.896752
vn -0.418306 0.051519 -0.906844
vn -0.988161 0.131077 0.079724
vn -0.880166 0.316727 0.353541
vn -0.936257 0.234534 0.261566
vn -0.843093 0.452587 -0.290448
vn -0.212566 0.872017 0.440909
vn -0.875979 0.434527 0.209396
vn -0.383033 0.794721 0.470855
vn -0.894161 0.420376 0.154145
vn -0.428395 0.321158 -0.844592
vn 0.036825 0.789605 0.612510
vn -0.369706 0.283795 -0.884748
vn -0.674305 0.734686 -0.074494
vn -0.428883 0.901156 0.063069
vn -0.121350 0.456111 -0.881610
vn -0.751447 0.651315 -0.105431
vn -0.584839 0.085141 -0.806669
vn -0.512447 0.831997 -0.212554
vn -0.210662 0.313698 -0.925859
vn 0.105549 0.909217 0.402721
vn -0.406968 0.829677 0.382116
vn -0.972037 0.233840 -0.021502
vn -0.719474 0.538015 0.439202
vn -0.954710 0.280778 0.098451
vn -0.974228 0.122451 -0.189433
vn -0.996948 -0.067077 0.039943
vn -0.938500 -0.252553 -0.235444
vn -0.872608 0.351696 0.338918
vn -0.913024 0.406562 0.033085
vn -0.966618 0.256129 -0.006910
vn -0.999087 0.016337 -0.039468
vn -0.991382 -0.091502 -0.093747
vn -0.865088 -0.496183 -0.073649
vn -0.778995 -0.604991 -0.164780
vn -0.992246 -0.066987 -0.104695
vn -0.980978 -0.184469 -0.060446
vn -0.984780 -0.151694 -0.084838
vn -0.747757 -0.663798 -0.015226
vn -0.991874 -0.000672 -0.127221
vn -0.994544 -0.046932 -0.093161
vn -0.988005 -0.115493 -0.102505
vn -0.934279 -0.355454 -0.027856
vn -0.944558 -0.327714 -0.020323
vn -0.953308 0.248200 -0.172050
vn -0.578174 -0.815043 -0.037677
vn -0.570031 -0.818980 0.065851
vn -0.927308 -0.313192 -0.204966
vn -0.903248 0.413070 -0.116258
vn -0.648728 -0.760052 -0.038371
vn -0.972461 0.055175 -0.226441
vn -0.725829 0.669881 -0.156306
vn -0.800634 -0.596731 0.053830
vn -0.964624 -0.247416 -0.091028
vn -0.975588 -0.205550 -0.077307
vn -0.523833 -0.844160 0.113982
vn -0.567548 -0.811147 0.141174
vn -0.874753 -0.484557 0.003289
vn -0.962325 -0.271882 -0.003179
vn -0.508331 -0.859261 0.057189
vn -0.970133 0.224994 -0.090667
vn -0.975364 -0.142094 -0.168742
vn -0.512674 0.650698 0.560140
vn -0.568004 0.051336 -0.821423
vn -0.590343 0.277617 -0.757908
vn -0.612550 0.028785 -0.789907
vn -0.701401 0.590839 0.398680
vn -0.433823 0.883680 -0.175804
vn -0.469852 0.881858 -0.039561
vn -0.595191 0.295368 -0.747332
vn -0.969339 0.188846 0.157225
vn -0.947115 -0.265141 -0.180755
vn -0.568083 -0.766976 -0.298378
vn -0.967809 -0.084496 -0.237079
vn -0.783915 0.606686 0.131941
vn -0.778369 -0.487153 -0.396011
vn -0.314973 -0.915941 -0.248685
vn -0.882214 -0.281269 -0.377605
vn -0.806820 -0.480269 -0.344069
vn -0.381191 -0.904091 -0.193164
vn -0.736861 -0.133409 -0.662750
vn -0.577757 0.554510 0.598928
vn -0.783960 0.026766 -0.620234
vn -0.969110 -0.205512 -0.136350
vn -0.095646 -0.510257 0.854687
vn -0.899046 0.111164 0.423507
vn -0.623732 -0.727099 0.286855
vn -0.501470 -0.864241 -0.040190
vn -0.906959 -0.357001 -0.223551
vn -0.089910 -0.957634 -0.273593
vn -0.215861 -0.900918 -0.376497
vn -0.364561 -0.930007 -0.046721
vn -0.181289 -0.959466 -0.215774
vn -0.884335 -0.367603 -0.287783
vn -0.850638 -0.476281 -0.222645
vn -0.904621 -0.403921 -0.136046
vn -0.924683 0.198765 -0.324735
vn -0.006728 -0.999911 0.011493
vn -0.943244 -0.181989 -0.277797
vn -0.748044 -0.641372 -0.170507
vn -0.618335 -0.731759 0.286689
vn -0.503393 -0.823957 0.260173
vn -0.887056 -0.456454 0.069140
vn -0.952607 -0.300344 -0.048311
vn -0.888559 -0.455338 -0.055953
vn -0.863958 -0.480251 0.151448
vn -0.766140 -0.564285 0.307591
vn -0.999409 0.030934 -0.014979
vn -0.324322 -0.854173 0.406453
vn -0.647286 -0.743747 0.166918
vn -0.965866 -0.254002 -0.050855
vn -0.678890 -0.690642 0.249244
vn -0.868176 -0.495169 -0.032819
vn -0.413441 -0.899374 -0.142105
vn 0.315165 -0.915804 0.248945
vn -0.523402 -0.848039 -0.082943
vn -0.394033 -0.844403 -0.362934
vn -0.510829 -0.791794 -0.334839
vn 0.255372 -0.961320 0.103195
vn -0.686750 -0.712974 0.141573
vn 0.476316 -0.844501 0.244828
vn 0.655618 -0.697332 0.289644
vn 0.464298 -0.880373 0.096808
vn 0.471948 -0.870453 0.139916
vn -0.974300 -0.224307 -0.020621
vn -0.917900 0.396740 -0.007540
vn -0.987297 -0.158829 0.004245
vn -0.888158 0.459001 0.022213
vn -0.975433 -0.217263 0.036427
vn -0.918047 -0.396026 -0.018803
vn -0.990132 0.127380 0.058416
vn -0.990346 -0.134921 0.031807
vn -0.919110 -0.393579 0.018222
vn -0.982282 -0.181579 0.046383
vn -0.993064 -0.106700 0.049387
vn -0.978638 -0.204263 0.023325
vn -0.997329 -0.049347 0.053846
vn -0.869053 -0.494409 0.017493
vn -0.980238 -0.191958 0.047807
vn -0.886770 -0.461102 0.032010
vn -0.886397 -0.462819 -0.009906
vn -0.902041 -0.430983 -0.024013
vn -0.998947 0.005255 0.045571
vn -0.953666 0.290091 0.079799
vn -0.969334 -0.236754 0.065875
vn -0.981299 0.169350 0.091499
vn -0.988628 0.109849 0.102703
vn -0.747225 0.654000 0.118061
vn -0.830445 0.543910 0.120509
vn -0.815247 0.564491 0.129316
vn -0.454459 0.882991 0.117444
vn 0.077725 0.991787 0.101572
vn -0.383420 0.915193 0.124139
vn -0.975750 0.198508 0.092225
vn 0.056577 0.994110 0.092434
vn -0.993637 0.112632 0.000152
vn -0.985019 0.148888 0.087003
vn -0.838042 0.523876 0.152445
vn -0.762024 0.632751 0.137643
vn -0.178736 0.975369 0.129265
vn -0.413993 0.897643 0.151151
vn -0.493395 0.841399 0.220473
vn 0.190367 0.974572 0.118193
vn -0.511203 0.858477 0.041094
vn -0.357696 0.891644 0.277534
vn 0.093469 0.984345 0.149426
vn 0.454581 0.456866 -0.764611
vn -0.327890 0.944458 -0.022087
vn 0.120572 0.984568 0.126837
vn 0.493914 -0.534501 -0.685826
vn 0.368000 0.927503 0.065682
vn 0.233769 0.965307 0.116335
vn 0.139451 0.986111 0.090210
vn 0.363629 0.929250 0.065326
vn 0.357094 0.929945 0.087672
vn 0.292787 0.952905 0.079050
vn 0.383763 0.920523 0.073235
vn -0.333806 0.940103 0.069132
vn -0.153640 0.982487 0.105428
vn -0.526581 0.850120 -0.002849
vn -0.421926 0.543993 -0.725293
vn -0.641930 0.765521 -0.043634
vn 0.293586 -0.516834 -0.804170
vn -0.679357 0.733717 0.011543
vn -0.552220 0.828449 0.093410
vn -0.077884 0.992487 0.094361
vn -0.317228 0.018755 -0.948164
vn -0.841149 0.536405 0.068837
vn -0.472063 0.877767 0.081736
vn -0.106117 0.990580 0.086542
vn -0.549615 0.827508 0.114690
vn -0.231837 0.965971 0.114677
vn -0.007666 0.994549 0.103987
vn -0.843806 0.533746 0.055737
vn 0.159352 0.983628 0.084156
vn 0.033875 0.992016 0.121476
vn 0.299915 0.950522 0.080989
vn -0.960601 0.191027 0.201876
vn -0.060866 0.987335 0.146506
vn -0.278190 0.943763 0.178667
vn 0.274800 0.958015 0.081805
vn -0.968045 0.153227 0.198521
vn -0.979694 0.063469 0.190187
vn -0.957590 0.202450 0.205026
vn -0.936691 -0.326803 0.125736
vn -0.984607 -0.033907 0.171460
vn -0.974812 0.109310 0.194406
vn 0.115276 -0.993287 -0.009618
vn -0.146002 -0.989254 -0.007780
vn -0.513056 -0.858002 0.024628
vn -0.702822 -0.708203 0.067013
vn -0.625418 -0.778727 0.049366
vn -0.357235 -0.934009 0.003106
vn -0.756843 -0.647936 0.085835
vn 0.055568 0.989769 0.131417
vn -0.261631 0.954796 0.141118
vn -0.698272 0.689150 0.193621
vn -0.762393 0.631602 0.140841
vn -0.690683 0.710122 0.136692
vn -0.824137 0.555522 0.110426
vn -0.525958 0.827137 0.198021
vn -0.817892 0.566105 0.102843
vn -0.782231 0.616294 0.091087
vn -0.221904 -0.238363 -0.945485
vn -0.825502 0.539877 0.164555
vn -0.888969 0.299923 -0.346093
vn -0.584536 -0.545106 -0.600981
vn -0.853548 0.488693 0.180650
vn -0.945478 0.247841 0.211297
vn -0.980442 -0.056249 0.188597
vn -0.956105 -0.225473 0.187151
vn -0.936795 -0.200153 0.286975
vn -0.800781 -0.589106 0.108182
vn -0.844611 -0.521904 0.119371
vn -0.728034 -0.644635 0.233263
vn -0.592033 -0.742963 0.312254
vn -0.925126 -0.283866 0.252116
vn -0.913188 -0.398220 0.086658
vn -0.640935 0.100621 -0.760972
vn 0.778498 -0.584040 -0.229866
vn 0.511006 -0.847168 -0.145528
vn 0.748794 -0.561508 -0.352160
vn 0.129053 -0.967250 -0.218570
vn 0.695994 -0.697742 -0.169551
vn 0.942305 -0.222472 -0.250134
vn 0.860356 0.500608 -0.095805
vn 0.958449 0.234305 -0.162715
vn 0.287109 -0.928027 -0.237347
vn 0.686145 -0.710528 -0.156063
vn 0.789612 0.610805 -0.058572
vn 0.967955 -0.224403 -0.112726
vn 0.995128 0.071481 -0.067908
vn 0.264561 -0.943681 -0.198681
vn 0.757428 -0.603388 -0.249451
vn 0.148957 -0.969921 -0.192521
vn 0.030481 -0.986664 -0.159893
vn 0.795141 -0.572453 -0.200120
vn 0.679496 -0.678542 -0.279044
vn 0.775877 -0.595704 -0.207727
vn 0.859932 -0.464139 -0.212350
vn 0.448883 -0.878952 -0.161082
vn 0.692379 -0.709096 -0.133391
vn 0.939893 -0.329740 -0.088731
vn 0.161738 -0.973951 -0.158937
vn 0.626845 -0.763782 -0.153956
vn 0.847119 -0.514450 -0.133156
vn 0.103299 -0.986675 -0.125704
vn 0.962948 0.259843 -0.072200
vn 0.213892 -0.959483 -0.183420
vn 0.765430 0.641524 -0.050628
vn 0.779683 0.625763 -0.022717
vn 0.757766 0.651353 -0.039118
vn 0.841275 0.537662 -0.056352
vn 0.995435 0.044816 -0.084260
vn 0.984056 -0.148096 -0.098495
vn 0.825428 0.562906 -0.042496
vn 0.708337 0.705871 0.002142
vn 0.811330 0.584089 -0.024177
vn 0.865215 0.496020 -0.073261
vn 0.557072 0.829422 -0.041596
vn 0.651912 0.757006 -0.044175
vn 0.487127 0.873080 -0.020959
vn 0.629670 0.776028 -0.036008
vn 0.614868 0.788187 -0.026436
vn 0.982221 -0.158347 -0.100837
vn 0.996687 0.033906 -0.073930
vn 0.998397 0.025987 -0.050290
vn 0.997100 -0.032281 -0.068919
vn 0.947722 -0.296080 -0.118995
vn 0.705767 -0.695920 -0.132618
vn 0.974430 -0.203224 -0.095842
vn 0.912953 -0.389778 -0.120792
vn 0.999813 -0.006363 -0.018284
vn 0.992648 0.080188 0.090666
vn 0.997761 0.056934 0.035098
vn 0.998232 -0.051289 -0.030031
vn 0.999635 -0.025646 -0.008493
vn 0.998959 -0.005870 0.045229
vn 0.988181 0.048490 0.145420
vn 0.997437 0.052483 -0.048631
vn 0.714442 0.698332 -0.043645
vn 0.476257 -0.869744 -0.129324
vn 0.579310 -0.765895 -0.278936
vn 0.777469 -0.591355 -0.214108
vn 0.591084 -0.736700 -0.328471
vn 0.828266 -0.519551 -0.209863
vn 0.874787 -0.445164 -0.191251
vn 0.694474 -0.676001 -0.246433
vn 0.543668 -0.819880 -0.179504
vn 0.125786 -0.983351 -0.131140
vn 0.172213 -0.978906 -0.109935
vn 0.786641 -0.588548 -0.186567
vn 0.925238 -0.337811 -0.172678
vn 0.473766 -0.863956 -0.170662
vn 0.338096 -0.930863 -0.138511
vn 0.147096 -0.987495 -0.056707
vn 0.250038 -0.962626 -0.104082
vn 0.232008 -0.961024 -0.150347
vn 0.063185 -0.997631 0.027221
vn -0.332623 -0.942842 0.020286
vn -0.074025 -0.997256 0.000474
vn 0.612511 -0.781230 -0.120457
vn 0.955444 -0.282224 -0.086469
vn 0.813828 -0.570202 -0.112042
vn 0.364384 -0.922652 -0.126243
vn 0.345328 -0.930511 -0.122059
vn 0.729361 -0.674470 -0.114552
vn 0.513452 -0.850110 -0.116964
vn 0.998454 0.033635 -0.044244
vn 0.985620 0.167907 -0.018983
vn 0.974005 0.224192 0.032425
vn 0.993803 -0.004365 0.111074
vn 0.953259 -0.287908 -0.091686
vn 0.990187 0.135370 -0.034701
vn 0.972697 0.231957 -0.007523
vn 0.883279 0.462991 -0.073873
vn 0.928014 0.352683 -0.120021
vn 0.941318 -0.326218 -0.086621
vn 0.996279 0.015186 -0.084834
vn 0.301217 -0.946246 -0.117841
vn 0.388043 -0.912911 -0.126554
vn 0.275837 -0.954418 -0.114016
vn 0.530314 -0.837287 -0.133111
vn 0.699783 -0.702773 -0.128113
vn 0.895431 0.445014 -0.012861
vn 0.754828 0.655081 0.033229
vn 0.746861 0.664970 -0.003662
vn 0.884283 0.465918 0.031040
vn 0.781394 0.623172 0.032859
vn 0.741287 0.669815 0.042907
vn 0.926958 0.373630 0.033912
vn 0.814675 0.579174 0.029375
vn 0.932314 0.356213 0.062475
vn 0.680075 0.731711 0.045790
vn 0.991793 0.048190 -0.118423
vn 0.994264 0.081321 0.069465
vn 0.945943 0.276748 0.169125
vn 0.762349 0.631834 0.140038
vn 0.985786 -0.150770 -0.074120
vn 0.881065 0.471856 -0.032807
vn 0.407632 0.910069 -0.074901
vn 0.671814 0.738870 -0.052320
vn 0.549223 0.835425 0.020494
vn 0.460815 0.874230 -0.152878
vn 0.652479 0.735374 -0.183017
vn 0.517830 0.833704 -0.191806
vn 0.415049 0.906251 -0.080269
vn 0.761104 0.611665 0.215839
vn 0.893567 0.370285 0.253825
vn 0.568902 0.810588 0.138914
vn 0.772970 0.571056 0.276426
vn 0.794374 0.522484 0.309805
vn 0.990802 0.092517 0.098755
vn 0.645049 0.698550 0.309740
vn 0.486198 0.868840 0.093428
vn 0.774173 0.552415 0.309022
vn 0.863520 0.502470 0.043092
vn 0.767582 -0.437851 -0.468085
vn 0.506195 0.828821 0.238374
vn 0.642144 -0.625918 -0.442580
vn 0.974037 -0.084397 -0.210067
vn 0.692475 0.721437 0.002741
vn 0.580280 -0.717139 -0.385987
vn 0.892417 0.426334 0.147756
vn 0.714288 0.235670 0.658979
vn 0.483631 0.202073 0.851627
vn 0.665356 -0.073752 0.742874
vn 0.520957 0.290649 0.802575
vn 0.733909 -0.648899 0.200768
vn 0.883863 -0.395254 -0.250120
vn 0.673293 -0.699512 0.239497
vn 0.473944 -0.779061 -0.410416
vn 0.813195 0.479779 0.329433
vn 0.889661 0.381235 0.251323
vn 0.555838 -0.744786 -0.369241
vn 0.993889 0.092759 0.059831
vn 0.557574 -0.248963 0.791915
vn 0.519576 0.160976 0.839123
vn 0.455907 -0.286102 0.842790
vn 0.451484 0.057755 0.890408
vn 0.413378 -0.085210 0.906564
vn 0.470003 -0.520698 0.712721
vn 0.580431 -0.813262 0.041286
vn 0.653644 0.726249 -0.212863
vn 0.492273 0.842469 -0.218892
vn 0.462823 0.883184 -0.076035
vn 0.706734 0.675146 -0.211434
vn 0.812834 0.580691 -0.045808
vn 0.922086 0.361090 0.139178
vn 0.734764 0.632199 -0.245860
vn 0.487489 0.855527 0.174439
vn 0.377394 0.862722 0.336576
vn 0.631191 0.691054 0.352197
vn 0.835534 0.458104 0.303355
vn 0.667635 0.650155 0.362715
vn 0.635772 0.673285 0.377466
vn 0.681281 -0.726867 -0.086722
vn 0.429589 -0.899530 -0.079364
vn 0.585818 -0.806211 -0.082710
vn 0.985605 0.070103 -0.153847
vn 0.995714 0.090429 -0.019399
vn 0.881501 -0.448158 0.148698
vn 0.775185 -0.631576 -0.014121
vn 0.874205 0.425348 0.234188
vn 0.666814 -0.721738 0.185616
vn 0.932702 -0.314566 -0.176393
vn 0.745452 0.581350 0.326090
vn 0.689680 0.634533 0.348868
vn 0.746011 -0.652217 0.134462
vn 0.986218 0.131423 0.100513
vn 0.577475 -0.244018 0.779088
vn 0.488940 0.006159 0.872296
vn 0.527096 0.009103 0.849757
vn 0.620976 -0.349695 0.701500
vn 0.357758 -0.301085 0.883944
vn 0.794671 -0.606800 0.017086
vn 0.726915 -0.686636 0.011198
vn 0.432901 -0.875288 0.215564
vn 0.285558 -0.660968 0.693958
vn 0.885098 0.465375 0.005229
vn -0.313015 0.936405 -0.158640
vn 0.832245 0.547669 0.086179
vn -0.392420 0.807350 0.440673
vn 0.334589 0.910755 0.242026
vn -0.567857 0.737919 0.364712
vn 0.949233 0.254256 -0.185233
vn -0.825253 0.127190 -0.550255
vn 0.979589 0.200088 0.019247
vn -0.093320 -0.175933 -0.979969
vn 0.471095 0.834961 0.284445
vn -0.533277 0.842342 0.077954
vn -0.195671 0.977418 0.079788
vn 0.803808 0.594538 0.020437
vn -0.373935 0.916584 0.141583
vn -0.427176 0.898358 0.102345
vn 0.768603 0.635053 -0.077188
vn 0.831190 0.544083 -0.114443
vn 0.986114 0.094591 0.136498
vn 0.887105 0.458855 0.049979
vn 0.939005 0.319758 -0.126584
vn 0.996039 -0.017750 -0.087122
vn -0.441762 0.894542 0.068124
vn 0.994783 0.025897 -0.098669
vn 0.970619 -0.010242 -0.240403
vn 0.268914 0.092680 -0.958695
vn 0.999980 0.003870 -0.005026
vn 0.877896 0.448792 0.166988
vn 0.970519 -0.095955 -0.221099
vn 0.971930 0.222288 -0.077075
vn 0.909960 0.378363 -0.169751
vn 0.928629 -0.358316 -0.096219
vn 0.987286 0.025338 -0.156919
vn 0.699153 0.712620 0.057944
vn 0.959524 0.276750 -0.052177
vn 0.980865 -0.192104 -0.031621
vn 0.998714 0.049090 0.012644
vn 0.916871 -0.398961 -0.013367
vn 0.909616 -0.414400 -0.029507
vn 0.847703 -0.528565 -0.044936
vn 0.942834 -0.326694 -0.065834
vn 0.800713 -0.593004 -0.084883
vn 0.904037 0.413611 -0.107906
vn -0.084520 0.995694 -0.038085
vn 0.946186 -0.309469 -0.094662
vn 0.892459 0.437717 -0.109178
vn 0.911794 0.401321 -0.087029
vn 0.922334 -0.381532 -0.061104
vn 0.835832 -0.548025 -0.032463
vn 0.848746 -0.528462 -0.018939
vn 0.937004 0.336994 -0.091972
vn 0.846789 -0.531497 -0.021444
vn -0.157914 0.986389 -0.045831
vn -0.102736 0.991984 -0.073578
vn -0.495382 0.868165 -0.029763
vn -0.109351 0.991860 -0.065233
vn 0.953982 0.279733 -0.108021
vn 0.891657 -0.450288 -0.046789
vn 0.946255 -0.316554 -0.066300
vn 0.989129 0.126463 -0.075044
vn 0.124012 0.992271 -0.004351
vn 0.993492 0.113109 -0.013452
vn 0.962428 -0.267625 -0.045927
vn 0.961327 -0.272335 -0.041047
vn 0.936496 -0.344182 -0.067190
vn 0.869604 -0.493049 -0.026281
vn 0.969677 -0.218884 -0.108700
vn 0.867370 -0.496595 -0.032585
vn 0.918473 -0.393828 -0.036150
vn 0.988478 -0.068524 -0.134969
vn 0.963723 -0.254861 -0.079265
vn 0.987669 -0.096575 -0.123223
vn 0.968757 -0.230133 -0.092456
vn 0.979007 -0.192842 -0.066012
vn 0.981629 -0.188457 -0.029807
vn 0.989930 -0.106205 -0.093590
vn 0.994489 -0.040397 -0.096746
vn 0.987775 -0.144536 -0.058396
vn 0.985629 -0.167575 -0.021313
vn 0.991199 -0.122495 -0.050194
vn 0.977458 -0.211101 -0.003606
vn 0.991048 -0.010926 -0.133059
vn 0.973547 0.228472 -0.002549
vn 0.904577 -0.425258 -0.029934
vn 0.967188 0.253825 -0.010959
vn 0.984378 0.175677 -0.011729
vn 0.993634 -0.084509 -0.074492
vn 0.992566 0.111947 -0.047755
vn 0.318560 0.444763 -0.837081
vn 0.986555 -0.163231 0.008007
vn 0.933274 -0.357452 -0.035043
vn 0.998541 -0.042831 -0.032885
vn 0.923210 -0.382547 -0.036618
vn 0.923131 -0.381968 -0.043914
vn 0.933864 -0.354982 -0.043432
vn 0.943202 -0.331173 -0.026360
vn 0.980909 -0.193450 0.019873
vn 0.952485 -0.299699 -0.054347
vn 0.982851 -0.167283 -0.077597
vn 0.911074 -0.411194 -0.029398
vn 0.952946 -0.302730 -0.015764
vn 0.975678 -0.207639 -0.070274
vn 0.965091 -0.256250 -0.054183
vn -0.010325 0.485340 -0.874264
vn 0.930797 -0.305292 -0.201034
vn 0.869872 -0.476005 -0.129387
vn -0.288506 -0.531718 -0.796267
vn 0.873002 -0.483304 -0.065452
vn 0.985205 -0.119812 -0.122537
vn 0.988653 0.071960 -0.131859
vn 0.985981 0.058608 -0.156224
vn 0.988027 -0.007095 -0.154116
vn 0.982889 0.136351 -0.123849
vn 0.968768 0.178416 -0.172209
vn 0.996454 -0.008823 -0.083675
vn 0.992549 -0.116450 -0.035869
vn 0.987391 -0.156336 -0.024861
vn 0.993237 -0.116065 -0.003169
vn 0.983641 -0.177211 -0.032355
vn 0.997742 0.009574 -0.066478
vn 0.992134 -0.123879 -0.018006
vn 0.981418 -0.189228 -0.031809
vn 0.896056 -0.440127 -0.058063
vn 0.851517 -0.524137 -0.014133
vn 0.874022 -0.485790 0.009631
vn 0.890985 -0.453192 -0.027601
vn 0.991195 -0.069198 -0.112891
vn 0.980696 0.083660 -0.176738
vn 0.968332 -0.207238 -0.139233
vn 0.438413 0.890389 0.122479
vn 0.998531 0.052622 -0.012935
vn 0.180185 0.979113 0.094186
vn 0.950236 0.309886 0.031984
vn 0.859423 -0.509610 -0.041105
vn 0.748508 -0.661984 -0.038912
vn 0.971270 -0.237950 0.003883
vn -0.079790 0.992476 0.092872
vn -0.311957 0.947177 0.074421
vn -0.326370 0.944567 0.035705
vn 0.895082 0.444833 0.030842
vn 0.780306 0.624721 0.029075
vn -0.273183 0.961903 0.010635
vn 0.788971 0.613799 0.027853
vn 0.820000 0.571354 0.033993
vn 0.678599 -0.733497 -0.038538
vn 0.657210 -0.752027 -0.050298
vn 0.677440 -0.734923 -0.031037
vn 0.772202 -0.635351 -0.005822
vn 0.954131 -0.299387 0.000948
vn 0.999100 0.036992 0.020771
vn 0.910158 -0.414115 -0.011007
vn 0.999756 -0.019837 0.009741
vn 0.997832 -0.064058 -0.015102
vn 0.999975 0.004913 -0.005020
vn 0.994399 0.105320 0.008798
vn 0.846831 -0.531617 -0.016144
vn 0.999547 0.009909 0.028413
vn 0.798202 -0.602322 -0.009013
vn 0.955963 0.291998 0.029540
vn 0.995780 -0.088312 0.024974
vn 0.777125 -0.629323 -0.005422
vn 0.972815 -0.231121 0.014612
vn 0.941396 -0.337223 0.007319
vn 0.910359 0.410623 0.051342
vn 0.755342 -0.655310 -0.005220
vn 0.947359 0.314108 0.062029
vn -0.300382 0.953632 0.018877
vn 0.989739 -0.138838 -0.033777
vn 0.389226 0.920919 0.020296
vn 0.931539 -0.362872 0.023641
vn -0.455271 0.890171 0.017988
vn 0.199445 0.979774 0.016254
vn -0.468514 0.883352 -0.013562
vn 0.748044 -0.663632 -0.004817
vn 0.996343 -0.003751 0.085362
vn -0.032058 0.997805 -0.057938
vn 0.831102 -0.554990 0.035432
vn -0.395991 0.900304 -0.180677
vn -0.512612 0.765774 -0.388353
vn 0.082890 0.988421 -0.127094
vn -0.335149 0.876038 -0.346747
vn -0.878767 0.441122 -0.182154
vn 0.068553 0.885297 0.459946
vn 0.445326 0.892497 0.071646
vn 0.941128 0.210413 0.264585
vn -0.693780 0.130293 0.708302
vn 0.875844 0.353464 0.328574
vn 0.986830 0.049422 0.154026
vn 0.828886 -0.559405 0.003821
vn 0.975792 -0.129154 0.176489
vn 0.893994 -0.443637 0.062937
vn 0.984798 -0.170751 0.031875
vn 0.926896 -0.374701 0.021505
vn 0.913316 -0.406538 0.024115
vn 0.957621 -0.286215 0.032300
vn 0.962701 0.163401 0.215653
vn 0.949808 0.169277 0.263079
vn 0.899191 0.308466 0.310328
vn 0.391644 0.292739 0.872307
vn 0.897858 0.305212 0.317326
vn -0.143857 0.008274 0.989564
vn -0.147740 0.035017 0.988406
vn 0.914200 0.273301 0.299239
vn 0.984866 -0.114846 0.129808
vn 0.999147 0.020778 0.035678
vn 0.984337 -0.172577 -0.036033
vn 0.999535 0.002088 -0.030433
vn 0.954623 0.297080 -0.020924
vn 0.968852 -0.237951 -0.068601
vn 0.995583 -0.031624 -0.088400
vn 0.967872 0.247293 -0.045502
vn 0.871751 -0.487249 -0.051363
vn 0.850694 -0.516066 -0.099981
vn 0.788235 0.615335 -0.006935
vn 0.607908 0.792977 0.040443
vn 0.574667 0.816279 0.058711
vn 0.837071 0.547045 -0.007267
vn 0.608096 0.791961 0.054933
vn 0.997907 0.024092 0.060010
vn 0.945964 -0.323575 -0.021236
vn 0.864383 -0.501035 -0.042489
vn 0.388524 0.916965 0.090683
vn 0.905084 -0.423939 -0.033130
vn 0.880276 -0.471654 -0.051533
vn 0.710876 0.697717 0.088579
vn 0.934938 0.352767 0.038036
vn 0.987659 0.150107 0.044704
vn 0.626662 0.773613 0.093906
vn 0.878792 0.475947 0.034634
vn 0.995262 -0.094561 0.022643
vn 0.798566 0.600700 0.038110
vn 0.990185 -0.100187 0.097446
vn 0.905512 0.349972 0.239933
vn -0.722934 -0.189069 0.664544
vn 0.967746 0.246396 0.052498
vn 0.952961 0.243422 0.180584
vn 0.560577 0.405917 0.721793
vn 0.976113 0.035549 0.214336
vn -0.274596 0.096555 0.956700
vn 0.975054 0.219079 0.035689
vn 0.973231 0.201795 0.110002
vn 0.919030 0.366221 0.145831
vn 0.960075 0.269227 0.075979
vn 0.378676 -0.728635 0.570697
vn -0.971458 -0.003177 -0.237192
vn -0.709119 0.624104 -0.328092
vn -0.981839 -0.118480 -0.148170
vn -0.944698 0.174848 -0.277442
vn -0.888655 -0.458550 0.004835
vn -0.420127 0.903969 -0.079582
vn -0.837611 0.543829 -0.051549
vn -0.772413 0.634183 -0.034483
vn -0.946215 -0.267445 -0.182075
vn -0.468344 0.882437 -0.044270
vn -0.995029 -0.071994 -0.068807
vn -0.996345 -0.033954 -0.078380
vn -0.988994 0.138352 -0.052436
vn -0.856307 -0.482447 -0.184346
vn -0.994234 -0.014287 -0.106278
vn -0.978202 -0.184253 -0.095770
vn -0.911179 -0.379479 -0.160464
vn -0.916599 -0.395921 -0.055612
vn -0.981667 0.179307 -0.064647
vn -0.951132 -0.261436 -0.164311
vn -0.979686 -0.194252 -0.049814
vn -0.971346 0.233781 -0.042810
vn -0.740122 0.670625 0.049805
vn -0.953186 0.302262 -0.008638
vn -0.877545 0.478725 0.027153
vn -0.995297 0.096735 -0.005128
vn -0.964581 -0.260567 -0.041100
vn -0.690241 0.718811 0.082937
vn -0.989936 0.140760 -0.014613
vn -0.905004 0.424634 -0.025568
vn -0.716752 0.694017 0.067876
vn -0.688619 0.719157 0.092824
vn -0.542298 0.833691 0.104268
vn -0.851992 0.520904 0.052621
vn -0.973219 0.229755 -0.007517
vn -0.732526 0.675772 0.082084
vn -0.719253 0.694016 0.031892
vn -0.815570 0.578503 0.013396
vn -0.992862 0.102958 -0.060213
vn -0.672920 0.736451 0.069418
vn -0.997485 -0.020694 -0.067787
vn -0.898884 0.437610 0.022465
vn -0.995082 0.079021 -0.059733
vn -0.980008 0.198420 0.014651
vn -0.968576 -0.233734 -0.085017
vn -0.893974 -0.438674 -0.091516
vn -0.884244 -0.457508 -0.093799
vn -0.910371 -0.398633 -0.110982
vn -0.797925 -0.592454 -0.110972
vn -0.626391 -0.773710 -0.094909
vn -0.925611 -0.374425 -0.055226
vn -0.811465 -0.578099 -0.085598
vn -0.975129 -0.213461 -0.059654
vn -0.999103 -0.023849 -0.034995
vn -0.984654 0.172936 0.023437
vn -0.983668 -0.174156 -0.045472
vn -0.999837 -0.008366 -0.016001
vn -0.986451 0.162783 0.020392
vn -0.983171 0.180330 0.029270
vn -0.983235 0.152990 0.099217
vn -0.996591 -0.082204 -0.007049
vn -0.917005 0.392151 0.072931
vn -0.821445 -0.564106 -0.083739
vn -0.926636 -0.372190 -0.053106
vn -0.981077 -0.163102 -0.104329
vn -0.917710 -0.396360 0.026595
vn -0.936816 -0.344485 -0.060878
vn -0.946283 -0.308850 -0.095704
vn -0.976326 -0.214331 -0.029151
vn -0.880567 -0.470720 -0.054990
vn -0.793933 -0.604808 -0.062266
vn -0.694946 -0.714521 -0.080687
vn -0.649813 -0.753257 -0.101720
vn -0.820819 -0.565480 -0.080551
vn -0.832731 -0.547041 -0.085467
vn -0.926231 -0.370249 -0.070797
vn -0.664628 -0.746224 -0.037680
vn -0.572314 -0.817283 -0.067128
vn -0.562796 -0.824742 -0.055337
vn -0.546867 -0.836747 -0.028117
vn -0.707658 -0.702183 0.078483
vn -0.588716 -0.808302 -0.007762
vn -0.967722 -0.250919 -0.023522
vn -0.997741 0.063605 0.021598
vn -0.986890 0.156962 0.037562
vn -0.858812 -0.508065 -0.065663
vn -0.939237 0.338492 0.057076
vn -0.934772 0.350278 0.059215
vn -0.948500 0.312398 0.052490
vn -0.995338 -0.093661 -0.023024
vn -0.937515 0.344158 0.051198
vn -0.959002 0.279444 0.047173
vn -0.964087 0.261745 0.045008
vn -0.957604 0.285978 0.034802
vn -0.944502 0.325320 0.045636
vn -0.962294 0.271140 0.021748
vn -0.993610 -0.106601 0.037092
vn -0.991854 -0.127195 -0.006841
vn -0.988116 -0.153425 0.009383
vn -0.967702 -0.249338 0.037190
vn -0.961956 0.268931 0.048135
vn -0.791670 -0.610943 -0.002616
vn -0.809041 -0.587475 0.018041
vn -0.823173 -0.564710 0.059073
vn -0.975381 0.213607 0.054806
vn -0.935071 0.344705 0.082588
vn -0.897615 0.437164 0.056353
vn -0.978012 0.183739 0.098654
vn -0.983997 0.150616 0.095211
vn -0.989680 0.044137 0.136332
vn -0.874247 0.484025 0.037562
vn -0.988777 0.121332 0.087176
vn -0.856813 0.515626 -0.000979
vn -0.987406 0.069398 0.142170
vn -0.962375 0.263206 0.067502
vn -0.981039 0.179350 0.073453
vn -0.935395 0.352822 0.023530
vn -0.916962 0.398776 0.012566
vn -0.973948 0.209634 0.086476
vn -0.953384 0.299752 0.034752
vn -0.991733 -0.009915 0.127937
vn -0.989980 0.001673 0.141199
vn -0.940002 0.338373 0.043579
vn -0.929008 0.369692 0.016483
vn -0.985216 -0.067723 0.157362
vn -0.974111 0.209164 0.085774
vn -0.972876 0.219231 0.073826
vn -0.911144 0.410566 0.035395
vn -0.975208 0.202231 0.089847
vn -0.968162 0.241947 0.064224
vn -0.959325 0.277425 0.052264
vn -0.888618 0.456994 0.038906
vn -0.983197 0.161256 0.085563
vn -0.989879 -0.014265 0.141194
vn -0.983724 0.162835 0.075976
vn -0.966413 0.250141 0.058954
vn -0.984789 -0.000713 0.173751
vn -0.991389 0.108227 0.073716
vn -0.905439 -0.398171 0.147105
vn -0.977611 0.195059 0.078921
vn -0.972191 -0.191602 0.134659
vn -0.781596 0.616168 0.097183
vn -0.827016 -0.557201 0.074641
vn -0.792970 0.532364 0.296290
vn -0.849408 0.481063 0.216989
vn -0.192986 0.896493 0.398818
vn -0.942772 0.284621 0.173700
vn -0.985178 -0.120930 -0.121660
vn -0.914024 -0.397984 -0.078543
vn -0.853705 -0.520515 -0.015866
vn -0.875003 0.482466 0.039956
vn -0.879234 -0.476206 -0.013233
vn -0.993968 0.081231 0.073680
vn -0.929550 0.363385 0.062353
vn -0.945966 0.320525 0.049118
vn -0.981805 0.165292 0.093480
vn -0.870768 0.487291 0.065657
vn -0.961714 -0.200170 -0.187186
vn -0.911318 -0.343502 -0.226947
vn -0.950725 -0.226874 -0.211307
vn -0.902634 -0.425535 -0.064582
vn -0.993044 -0.112249 0.035554
vn -0.959447 0.274471 0.064246
vn -0.964959 0.253311 0.068463
vn -0.969463 0.238081 0.058808
vn -0.908406 0.417834 0.014617
vn -0.953393 0.295982 0.058627
vn -0.959104 0.277013 0.058160
vn -0.915684 0.401727 0.011775
vn -0.965330 0.253669 0.061568
vn -0.952539 0.296718 0.068026
vn -0.986154 -0.063268 0.153290
vn -0.992999 0.038059 0.111819
vn -0.977424 0.198300 0.072932
vn -0.990666 -0.034448 0.131887
vn -0.992125 0.076424 0.099236
vn -0.969841 0.229899 0.080966
vn -0.885323 -0.454064 0.100141
vn -0.820983 -0.563821 0.089961
vn -0.832184 -0.541630 0.118775
vn -0.964528 -0.242842 0.103511
vn -0.939962 -0.329889 0.087437
vn -0.889491 -0.448516 0.087403
vn -0.928907 -0.366847 0.050546
vn -0.949233 0.305926 0.073259
vn -0.935547 0.342852 0.084879
vn -0.910902 0.406886 0.068572
vn -0.949002 0.305302 0.078656
vn -0.957095 0.280721 0.071868
vn -0.903295 0.421379 0.080605
vn -0.936150 0.343403 0.075483
vn -0.950673 0.303381 0.064653
vn -0.999346 0.026024 0.025094
vn -0.988570 -0.012790 -0.150216
vn -0.991517 0.112342 -0.065367
vn -0.858804 -0.479454 -0.180498
vn -0.874524 -0.474737 -0.099158
vn -0.880279 -0.402313 -0.251502
vn -0.925875 -0.377761 -0.007242
vn -0.902155 -0.427828 -0.055498
f 1/1/1 2/2/2 3/3/3
f 4/4/4 1/1/1 3/3/3
f 5/5/5 6/6/6 7/7/7
f 8/8/8 9/9/9 10/10/10
f 11/11/11 3/3/3 10/10/10
f 12/12/12 5/5/5 13/13/13
f 14/14/14 15/15/15 16/16/16
f 17/17/17 18/18/18 19/19/19
f 20/20/20 21/21/21 22/22/22
f 23/23/23 24/24/24 25/25/25
f 26/26/26 27/27/27 28/28/28
f 29/29/29 30/30/30 31/31/31
f 32/32/32 33/33/33 9/9/9
f 34/34/34 35/35/35 36/36/36
f 37/37/37 38/38/38 39/39/39
f 24/24/24 23/23/23 40/40/40
f 41/41/41 42/42/42 43/43/43
f 44/44/44 45/45/45 46/46/46
f 44/44/44 47/47/47 48/48/48
f 49/49/49 50/50/50 51/51/51
f 52/52/52 53/53/53 54/54/54
f 55/55/55 46/46/46 56/56/56
f 57/57/57 58/58/58 59/59/59
f 60/60/60 61/61/61 62/62/62
f 63/63/63 46/46/46 55/55/55
f 64/64/64 59/59/59 58/58/58
f 63/63/63 47/47/47 44/44/44
f 65/65/65 66/66/66 67/67/67
f 68/68/68 69/69/69 70/70/70
f 71/71/71 72/72/72 73/73/73
f 74/74/74 75/75/75 76/76/76
f 77/77/77 78/78/78 79/79/79
f 17/17/17 19/19/19 28/28/28
f 80/80/80 81/81/81 82/82/82
f 83/83/83 84/84/84 85/85/85
f 7/7/7 86/86/86 87/87/87
f 88/88/88 89/89/89 90/90/90
f 91/91/91 92/92/92 93/93/93
f 94/94/94 95/95/95 92/92/92
f 96/96/96 97/97/97 98/98/98
f 99/99/99 100/100/100 101/101/101
f 102/102/102 103/103/103 104/104/104
f 105/105/105 102/102/102 90/90/90
f 105/105/105 89/89/89 106/106/106
f 107/107/107 99/99/99 108/108/108
f 109/109/109 110/110/110 93/93/93
f 111/111/111 112/112/112 113/113/113
f 114/114/114 115/115/115 116/116/116
f 117/117/117 118/118/118 110/110/110
f 119/119/119 64/64/64 66/66/66
f 120/120/120 121/121/121 91/91/91
f 122/122/122 123/123/123 124/124/124
f 125/125/125 126/126/126 34/34/34
f 7/7/7 127/127/127 86/86/86
f 6/6/6 12/12/12 128/128/128
f 129/129/129 130/130/130 116/116/116
f 131/131/131 132/132/132 133/133/133
f 134/134/134 135/135/135 136/136/136
f 137/137/137 138/138/138 139/139/139
f 129/129/129 115/115/115 140/140/140
f 141/141/141 142/142/142 143/143/143
f 10/10/10 144/144/144 145/145/145
f 146/146/146 72/72/72 147/147/147
f 58/58/58 66/66/66 64/64/64
f 148/148/148 149/149/149 150/150/150
f 151/151/151 152/152/152 153/153/153
f 154/154/154 155/155/155 156/156/156
f 157/157/157 158/158/158 159/159/159
f 160/160/160 161/161/161 162/162/162
f 163/163/163 164/164/164 165/165/165
f 166/166/166 167/167/167 168/168/168
f 169/169/169 170/170/170 171/171/171
f 172/172/172 173/173/173 174/174/174
f 146/146/146 175/175/175 72/72/72
f 176/176/176 177/177/177 178/178/178
f 179/179/179 180/180/180 181/181/181
f 182/182/182 183/183/183 184/184/184
f 185/185/185 186/186/186 187/187/187
f 188/188/188 189/189/189 190/190/190
f 191/191/191 192/192/192 193/193/193
f 194/194/194 195/195/195 196/196/196
f 197/197/197 198/198/198 199/199/199
f 197/197/197 199/199/199 200/200/200
f 201/201/201 202/202/202 203/203/203
f 204/204/204 205/205/205 195/195/195
f 206/206/206 207/207/207 208/208/208
f 209/209/209 210/210/210 211/211/211
f 212/212/212 213/213/213 214/214/214
f 215/215/215 216/216/216 67/67/67
f 217/217/217 209/209/209 218/218/218
f 219/219/219 220/220/220 212/212/212
f 221/221/221 222/222/222 223/223/223
f 224/224/224 225/225/225 226/226/226
f 227/227/227 228/228/228 229/229/229
f 230/230/230 231/231/231 232/232/232
f 233/233/233 172/172/172 234/234/234
f 235/235/235 236/236/236 237/237/237
f 64/64/64 113/113/113 112/112/112
f 8/8/8 238/238/238 17/17/17
f 239/239/239 57/57/57 59/59/59
f 64/64/64 112/112/112 59/59/59
f 33/33/33 4/4/4 11/11/11
f 144/144/144 10/10/10 3/3/3
f 119/119/119 113/113/113 64/64/64
f 145/145/145 240/240/240 241/241/241
f 242/242/242 112/112/112 111/111/111
f 112/112/112 239/239/239 59/59/59
f 87/87/87 74/74/74 13/13/13
f 243/243/243 244/244/244 245/245/245
f 144/144/144 3/3/3 2/2/2
f 246/246/246 122/122/122 247/247/247
f 248/248/248 249/249/249 243/243/243
f 250/250/250 251/251/251 252/252/252
f 253/253/253 244/244/244 249/249/249
f 254/254/254 255/255/255 256/256/256
f 257/257/257 258/258/258 259/259/259
f 127/127/127 7/7/7 6/6/6
f 260/260/260 261/261/261 262/262/262
f 263/263/263 264/264/264 265/265/265
f 266/266/266 267/267/267 268/268/268
f 267/267/267 266/266/266 269/269/269
f 270/270/270 141/141/141 271/271/271
f 260/260/260 272/272/272 261/261/261
f 273/273/273 274/274/274 275/275/275
f 276/276/276 262/262/262 261/261/261
f 277/277/277 278/278/278 279/279/279
f 280/280/280 21/21/21 281/281/281
f 106/106/106 131/131/131 282/282/282
f 161/161/161 283/283/283 162/162/162
f 284/284/284 240/240/240 285/285/285
f 286/286/286 34/34/34 287/287/287
f 288/288/288 239/239/239 112/112/112
f 289/289/289 290/290/290 291/291/291
f 75/75/75 87/87/87 285/285/285
f 292/292/292 293/293/293 294/294/294
f 240/240/240 295/295/295 285/285/285
f 240/240/240 246/246/246 241/241/241
f 291/291/291 296/296/296 187/187/187
f 297/297/297 298/298/298 299/299/299
f 240/240/240 145/145/145 295/295/295
f 300/300/300 301/301/301 302/302/302
f 74/74/74 76/76/76 303/303/303
f 145/145/145 76/76/76 295/295/295
f 304/304/304 305/305/305 302/302/302
f 8/8/8 10/10/10 145/145/145
f 186/186/186 291/291/291 187/187/187
f 306/306/306 307/307/307 308/308/308
f 303/303/303 76/76/76 144/144/144
f 309/309/309 308/308/308 310/310/310
f 3/3/3 11/11/11 4/4/4
f 9/9/9 11/11/11 10/10/10
f 311/311/311 309/309/309 312/312/312
f 234/234/234 313/313/313 314/314/314
f 9/9/9 33/33/33 11/11/11
f 234/234/234 315/315/315 233/233/233
f 310/310/310 313/313/313 316/316/316
f 19/19/19 18/18/18 69/69/69
f 310/310/310 307/307/307 317/317/317
f 17/17/17 9/9/9 8/8/8
f 318/318/318 300/300/300 305/305/305
f 144/144/144 76/76/76 145/145/145
f 319/319/319 320/320/320 321/321/321
f 322/322/322 313/313/313 174/174/174
f 323/323/323 277/277/277 324/324/324
f 325/325/325 155/155/155 326/326/326
f 327/327/327 328/328/328 329/329/329
f 330/330/330 238/238/238 247/247/247
f 331/331/331 332/332/332 333/333/333
f 334/334/334 335/335/335 336/336/336
f 211/211/211 337/337/337 218/218/218
f 338/338/338 339/339/339 340/340/340
f 341/341/341 342/342/342 343/343/343
f 211/211/211 218/218/218 209/209/209
f 344/344/344 340/340/340 345/345/345
f 346/346/346 204/204/204 195/195/195
f 347/347/347 348/348/348 331/331/331
f 349/349/349 350/350/350 351/351/351
f 352/352/352 353/353/353 354/354/354
f 355/355/355 150/150/150 356/356/356
f 357/357/357 358/358/358 359/359/359
f 360/360/360 361/361/361 353/353/353
f 149/149/149 362/362/362 363/363/363
f 364/364/364 365/365/365 14/14/14
f 366/366/366 367/367/367 368/368/368
f 369/369/369 15/15/15 370/370/370
f 371/371/371 372/372/372 373/373/373
f 374/374/374 375/375/375 376/376/376
f 377/377/377 378/378/378 379/379/379
f 368/368/368 367/367/367 380/380/380
f 369/369/369 16/16/16 15/15/15
f 381/381/381 382/382/382 383/383/383
f 2/2/2 303/303/303 144/144/144
f 384/384/384 385/385/385 386/386/386
f 154/154/154 387/387/387 388/388/388
f 27/27/27 32/32/32 17/17/17
f 389/389/389 390/390/390 391/391/391
f 392/392/392 393/393/393 394/394/394
f 395/395/395 22/22/22 21/21/21
f 396/396/396 71/71/71 219/219/219
f 397/397/397 398/398/398 399/399/399
f 188/188/188 400/400/400 189/189/189
f 401/401/401 402/402/402 403/403/403
f 389/389/389 404/404/404 405/405/405
f 406/406/406 407/407/407 408/408/408
f 409/409/409 410/410/410 411/411/411
f 412/412/412 22/22/22 395/395/395
f 322/322/322 348/348/348 413/413/413
f 389/389/389 391/391/391 414/414/414
f 415/415/415 416/416/416 417/417/417
f 418/418/418 419/419/419 420/420/420
f 421/421/421 422/422/422 423/423/423
f 424/424/424 425/425/425 426/426/426
f 427/427/427 428/428/428 429/429/429
f 430/430/430 431/431/431 432/432/432
f 433/433/433 434/434/434 432/432/432
f 242/242/242 245/245/245 288/288/288
f 435/435/435 428/428/428 436/436/436
f 437/437/437 438/438/438 328/328/328
f 439/439/439 43/43/43 440/440/440
f 441/441/441 437/437/437 442/442/442
f 211/211/211 327/327/327 337/337/337
f 443/443/443 65/65/65 216/216/216
f 444/444/444 425/425/425 196/196/196
f 445/445/445 446/446/446 447/447/447
f 448/448/448 449/449/449 450/450/450
f 216/216/216 51/51/51 451/451/451
f 452/452/452 404/404/404 414/414/414
f 422/422/422 421/421/421 453/453/453
f 269/269/269 454/454/454 267/267/267
f 174/174/174 313/313/313 234/234/234
f 455/455/455 456/456/456 457/457/457
f 458/458/458 309/309/309 316/316/316
f 174/174/174 234/234/234 172/172/172
f 459/459/459 404/404/404 460/460/460
f 456/456/456 229/229/229 228/228/228
f 461/461/461 462/462/462 463/463/463
f 464/464/464 465/465/465 466/466/466
f 467/467/467 468/468/468 469/469/469
f 470/470/470 471/471/471 462/462/462
f 472/472/472 473/473/473 474/474/474
f 317/317/317 315/315/315 314/314/314
f 456/456/456 475/475/475 229/229/229
f 476/476/476 477/477/477 464/464/464
f 478/478/478 325/325/325 479/479/479
f 342/342/342 480/480/480 481/481/481
f 121/121/121 482/482/482 483/483/483
f 479/479/479 325/325/325 484/484/484
f 485/485/485 486/486/486 487/487/487
f 488/488/488 485/485/485 384/384/384
f 150/150/150 489/489/489 356/356/356
f 343/343/343 488/488/488 337/337/337
f 243/243/243 111/111/111 490/490/490
f 113/113/113 491/491/491 111/111/111
f 385/385/385 217/217/217 218/218/218
f 492/492/492 493/493/493 494/494/494
f 337/337/337 386/386/386 218/218/218
f 495/495/495 496/496/496 497/497/497
f 486/486/486 488/488/488 342/342/342
f 498/498/498 499/499/499 500/500/500
f 477/477/477 465/465/465 464/464/464
f 501/501/501 166/166/166 168/168/168
f 443/443/443 52/52/52 54/54/54
f 408/408/408 189/189/189 502/502/502
f 503/503/503 116/116/116 98/98/98
f 122/122/122 504/504/504 247/247/247
f 505/505/505 506/506/506 507/507/507
f 508/508/508 169/169/169 171/171/171
f 509/509/509 510/510/510 511/511/511
f 378/378/378 512/512/512 390/390/390
f 513/513/513 514/514/514 515/515/515
f 419/419/419 225/225/225 516/516/516
f 53/53/53 52/52/52 451/451/451
f 517/517/517 518/518/518 519/519/519
f 198/198/198 518/518/518 199/199/199
f 520/520/520 440/440/440 521/521/521
f 522/522/522 523/523/523 524/524/524
f 243/243/243 245/245/245 242/242/242
f 490/490/490 248/248/248 243/243/243
f 51/51/51 215/215/215 525/525/525
f 216/216/216 451/451/451 52/52/52
f 253/253/253 249/249/249 254/254/254
f 526/526/526 439/439/439 440/440/440
f 65/65/65 119/119/119 66/66/66
f 113/113/113 119/119/119 443/443/443
f 216/216/216 65/65/65 67/67/67
f 119/119/119 65/65/65 443/443/443
f 112/112/112 242/242/242 288/288/288
f 243/243/243 242/242/242 111/111/111
f 319/319/319 527/527/527 528/528/528
f 154/154/154 529/529/529 155/155/155
f 530/530/530 531/531/531 365/365/365
f 532/532/532 533/533/533 534/534/534
f 35/35/35 535/535/535 536/536/536
f 164/164/164 537/537/537 538/538/538
f 334/334/334 336/336/336 539/539/539
f 168/168/168 539/539/539 336/336/336
f 340/340/340 540/540/540 478/478/478
f 387/387/387 541/541/541 528/528/528
f 542/542/542 543/543/543 544/544/544
f 545/545/545 546/546/546 547/547/547
f 306/306/306 308/308/308 311/311/311
f 548/548/548 301/301/301 549/549/549
f 310/310/310 317/317/317 314/314/314
f 309/309/309 310/310/310 316/316/316
f 316/316/316 413/413/413 458/458/458
f 306/306/306 311/311/311 318/318/318
f 234/234/234 314/314/314 315/315/315
f 310/310/310 314/314/314 313/313/313
f 173/173/173 332/332/332 174/174/174
f 174/174/174 332/332/332 322/322/322
f 333/333/333 332/332/332 173/173/173
f 322/322/322 332/332/332 331/331/331
f 348/348/348 322/322/322 331/331/331
f 316/316/316 313/313/313 322/322/322
f 347/347/347 333/333/333 501/501/501
f 348/348/348 550/550/550 413/413/413
f 539/539/539 529/529/529 551/551/551
f 550/550/550 348/348/348 335/335/335
f 552/552/552 553/553/553 554/554/554
f 425/425/425 555/555/555 196/196/196
f 556/556/556 557/557/557 558/558/558
f 188/188/188 559/559/559 560/560/560
f 460/460/460 561/561/561 562/562/562
f 563/563/563 564/564/564 565/565/565
f 450/450/450 449/449/449 566/566/566
f 195/195/195 194/194/194 566/566/566
f 432/432/432 567/567/567 366/366/366
f 426/426/426 568/568/568 554/554/554
f 569/569/569 570/570/570 571/571/571
f 572/572/572 573/573/573 574/574/574
f 487/487/487 486/486/486 481/481/481
f 575/575/575 465/465/465 576/576/576
f 488/488/488 384/384/384 386/386/386
f 342/342/342 488/488/488 343/343/343
f 343/343/343 329/329/329 341/341/341
f 487/487/487 481/481/481 476/476/476
f 218/218/218 386/386/386 385/385/385
f 488/488/488 386/386/386 337/337/337
f 210/210/210 442/442/442 211/211/211
f 211/211/211 442/442/442 327/327/327
f 441/441/441 442/442/442 210/210/210
f 327/327/327 442/442/442 437/437/437
f 328/328/328 327/327/327 437/437/437
f 343/343/343 337/337/337 327/327/327
f 438/438/438 441/441/441 346/346/346
f 328/328/328 577/577/577 329/329/329
f 194/194/194 555/555/555 450/450/450
f 577/577/577 328/328/328 449/449/449
f 578/578/578 579/579/579 580/580/580
f 503/503/503 581/581/581 582/582/582
f 70/70/70 578/578/578 25/25/25
f 23/23/23 578/578/578 237/237/237
f 17/17/17 28/28/28 27/27/27
f 68/68/68 28/28/28 19/19/19
f 9/9/9 17/17/17 32/32/32
f 8/8/8 241/241/241 238/238/238
f 69/69/69 583/583/583 70/70/70
f 578/578/578 580/580/580 237/237/237
f 87/87/87 13/13/13 5/5/5
f 285/285/285 87/87/87 584/584/584
f 6/6/6 5/5/5 12/12/12
f 87/87/87 5/5/5 7/7/7
f 132/132/132 89/89/89 585/585/585
f 127/127/127 586/586/586 86/86/86
f 123/123/123 86/86/86 586/586/586
f 87/87/87 86/86/86 584/584/584
f 587/587/587 133/133/133 94/94/94
f 102/102/102 106/106/106 588/588/588
f 509/509/509 589/589/589 510/510/510
f 590/590/590 591/591/591 592/592/592
f 140/140/140 593/593/593 594/594/594
f 595/595/595 151/151/151 153/153/153
f 96/96/96 116/116/116 130/130/130
f 107/107/107 108/108/108 593/593/593
f 596/596/596 597/597/597 598/598/598
f 599/599/599 600/600/600 582/582/582
f 109/109/109 95/95/95 601/601/601
f 602/602/602 588/588/588 282/282/282
f 603/603/603 604/604/604 605/605/605
f 606/606/606 607/607/607 608/608/608
f 21/21/21 81/81/81 281/281/281
f 609/609/609 610/610/610 611/611/611
f 197/197/197 193/193/193 612/612/612
f 146/146/146 147/147/147 613/613/613
f 614/614/614 615/615/615 616/616/616
f 612/612/612 270/270/270 197/197/197
f 157/157/157 617/617/617 158/158/158
f 618/618/618 505/505/505 619/619/619
f 620/620/620 377/377/377 379/379/379
f 489/489/489 149/149/149 292/292/292
f 73/73/73 220/220/220 71/71/71
f 621/621/621 49/49/49 213/213/213
f 519/519/519 147/147/147 517/517/517
f 175/175/175 622/622/622 623/623/623
f 624/624/624 440/440/440 520/520/520
f 625/625/625 269/269/269 626/626/626
f 627/627/627 522/522/522 628/628/628
f 281/281/281 629/629/629 280/280/280
f 443/443/443 491/491/491 113/113/113
f 248/248/248 490/490/490 630/630/630
f 631/631/631 427/427/427 632/632/632
f 256/256/256 262/262/262 254/254/254
f 525/525/525 214/214/214 49/49/49
f 419/419/419 516/516/516 633/633/633
f 436/436/436 634/634/634 435/435/435
f 443/443/443 216/216/216 52/52/52
f 254/254/254 262/262/262 276/276/276
f 256/256/256 526/526/526 260/260/260
f 253/253/253 254/254/254 276/276/276
f 254/254/254 635/635/635 255/255/255
f 636/636/636 637/637/637 638/638/638
f 521/521/521 639/639/639 625/625/625
f 256/256/256 260/260/260 262/262/262
f 260/260/260 526/526/526 624/624/624
f 338/338/338 344/344/344 492/492/492
f 339/339/339 640/640/640 540/540/540
f 320/320/320 641/641/641 642/642/642
f 641/641/641 339/339/339 338/338/338
f 363/363/363 643/643/643 149/149/149
f 292/292/292 643/643/643 644/644/644
f 535/535/535 34/34/34 286/286/286
f 645/645/645 136/136/136 135/135/135
f 326/326/326 167/167/167 484/484/484
f 168/168/168 336/336/336 501/501/501
f 326/326/326 168/168/168 167/167/167
f 539/539/539 168/168/168 155/155/155
f 501/501/501 336/336/336 347/347/347
f 333/333/333 166/166/166 501/501/501
f 479/479/479 345/345/345 478/478/478
f 155/155/155 325/325/325 156/156/156
f 640/640/640 339/339/339 319/319/319
f 156/156/156 325/325/325 540/540/540
f 543/543/543 461/461/461 544/544/544
f 646/646/646 291/291/291 542/542/542
f 647/647/647 648/648/648 649/649/649
f 35/35/35 650/650/650 651/651/651
f 311/311/311 300/300/300 318/318/318
f 301/301/301 300/300/300 549/549/549
f 549/549/549 652/652/652 548/548/548
f 304/304/304 543/543/543 185/185/185
f 310/310/310 308/308/308 307/307/307
f 311/311/311 308/308/308 309/309/309
f 458/458/458 653/653/653 654/654/654
f 655/655/655 181/181/181 652/652/652
f 312/312/312 309/309/309 458/458/458
f 300/300/300 311/311/311 549/549/549
f 433/433/433 431/431/431 406/406/406
f 434/434/434 656/656/656 567/567/567
f 560/560/560 657/657/657 400/400/400
f 658/658/658 434/434/434 433/433/433
f 659/659/659 412/412/412 660/660/660
f 280/280/280 661/661/661 662/662/662
f 561/561/561 404/404/404 452/452/452
f 404/404/404 663/663/663 405/405/405
f 564/564/564 664/664/664 565/565/565
f 665/665/665 666/666/666 415/415/415
f 667/667/667 205/205/205 380/380/380
f 195/195/195 566/566/566 346/346/346
f 667/667/667 195/195/195 205/205/205
f 196/196/196 667/667/667 367/367/367
f 346/346/346 566/566/566 438/438/438
f 441/441/441 204/204/204 346/346/346
f 368/368/368 430/430/430 366/366/366
f 196/196/196 367/367/367 444/444/444
f 656/656/656 434/434/434 552/552/552
f 444/444/444 367/367/367 567/567/567
f 570/570/570 352/352/352 571/571/571
f 668/668/668 456/456/456 569/569/569
f 574/574/574 669/669/669 670/670/670
f 671/671/671 404/404/404 459/459/459
f 481/481/481 477/477/477 476/476/476
f 465/465/465 477/477/477 576/576/576
f 576/576/576 672/672/672 575/575/575
f 466/466/466 570/570/570 227/227/227
f 488/488/488 486/486/486 485/485/485
f 481/481/481 486/486/486 342/342/342
f 341/341/341 673/673/673 674/674/674
f 675/675/675 223/223/223 672/672/672
f 480/480/480 342/342/342 341/341/341
f 477/477/477 481/481/481 576/576/576
f 676/676/676 677/677/677 323/323/323
f 678/678/678 677/677/677 56/56/56
f 23/23/23 236/236/236 40/40/40
f 44/44/44 679/679/679 680/680/680
f 580/580/580 681/681/681 682/682/682
f 679/679/679 597/597/597 680/680/680
f 238/238/238 241/241/241 247/247/247
f 18/18/18 683/683/683 69/69/69
f 17/17/17 238/238/238 18/18/18
f 330/330/330 18/18/18 238/238/238
f 583/583/583 69/69/69 683/683/683
f 68/68/68 70/70/70 25/25/25
f 25/25/25 578/578/578 23/23/23
f 579/579/579 578/578/578 70/70/70
f 24/24/24 26/26/26 25/25/25
f 68/68/68 25/25/25 26/26/26
f 285/285/285 584/584/584 284/284/284
f 75/75/75 285/285/285 295/295/295
f 76/76/76 75/75/75 295/295/295
f 74/74/74 87/87/87 75/75/75
f 6/6/6 88/88/88 127/127/127
f 684/684/684 88/88/88 90/90/90
f 128/128/128 585/585/585 6/6/6
f 684/684/684 685/685/685 686/686/686
f 88/88/88 6/6/6 585/585/585
f 131/131/131 89/89/89 132/132/132
f 131/131/131 133/133/133 587/587/587
f 89/89/89 131/131/131 106/106/106
f 282/282/282 587/587/587 92/92/92
f 687/687/687 588/588/588 602/602/602
f 688/688/688 689/689/689 160/160/160
f 618/618/618 690/690/690 152/152/152
f 593/593/593 108/108/108 594/594/594
f 162/162/162 691/691/691 692/692/692
f 96/96/96 130/130/130 693/693/693
f 116/116/116 694/694/694 114/114/114
f 97/97/97 693/693/693 61/61/61
f 98/98/98 97/97/97 581/581/581
f 695/695/695 696/696/696 697/697/697
f 691/691/691 698/698/698 692/692/692
f 56/56/56 62/62/62 55/55/55
f 97/97/97 699/699/699 581/581/581
f 92/92/92 95/95/95 109/109/109
f 282/282/282 92/92/92 700/700/700
f 110/110/110 601/601/601 604/604/604
f 120/120/120 482/482/482 121/121/121
f 136/136/136 701/701/701 126/126/126
f 701/701/701 287/287/287 126/126/126
f 81/81/81 20/20/20 702/702/702
f 280/280/280 703/703/703 395/395/395
f 82/82/82 702/702/702 454/454/454
f 80/80/80 704/704/704 629/629/629
f 705/705/705 661/661/661 706/706/706
f 659/659/659 556/556/556 558/558/558
f 81/81/81 21/21/21 20/20/20
f 629/629/629 281/281/281 80/80/80
f 280/280/280 395/395/395 21/21/21
f 395/395/395 703/703/703 660/660/660
f 193/193/193 200/200/200 707/707/707
f 708/708/708 198/198/198 270/270/270
f 191/191/191 707/707/707 232/232/232
f 709/709/709 271/271/271 710/710/710
f 711/711/711 708/708/708 709/709/709
f 71/71/71 147/147/147 72/72/72
f 193/193/193 197/197/197 200/200/200
f 612/612/612 192/192/192 712/712/712
f 270/270/270 198/198/198 197/197/197
f 198/198/198 713/713/713 519/519/519
f 170/170/170 169/169/169 176/176/176
f 231/231/231 714/714/714 191/191/191
f 617/617/617 508/508/508 158/158/158
f 169/169/169 619/619/619 177/177/177
f 417/417/417 370/370/370 620/620/620
f 715/715/715 16/16/16 416/416/416
f 716/716/716 717/717/717 718/718/718
f 719/719/719 720/720/720 721/721/721
f 621/621/621 420/420/420 633/633/633
f 213/213/213 220/220/220 420/420/420
f 520/520/520 266/266/266 268/268/268
f 269/269/269 266/266/266 626/626/626
f 626/626/626 521/521/521 625/625/625
f 627/627/627 704/704/704 82/82/82
f 243/243/243 249/249/249 244/244/244
f 254/254/254 249/249/249 635/635/635
f 248/248/248 630/630/630 722/722/722
f 249/249/249 248/248/248 635/635/635
f 51/51/51 216/216/216 215/215/215
f 206/206/206 451/451/451 50/50/50
f 49/49/49 51/51/51 525/525/525
f 451/451/451 51/51/51 50/50/50
f 214/214/214 213/213/213 49/49/49
f 213/213/213 420/420/420 621/621/621
f 248/248/248 723/723/723 635/635/635
f 724/724/724 631/631/631 638/638/638
f 626/626/626 266/266/266 520/520/520
f 637/637/637 439/439/439 526/526/526
f 338/338/338 340/340/340 344/344/344
f 540/540/540 340/340/340 339/339/339
f 494/494/494 338/338/338 492/492/492
f 339/339/339 641/641/641 319/319/319
f 493/493/493 362/362/362 148/148/148
f 494/494/494 725/725/725 642/642/642
f 725/725/725 494/494/494 150/150/150
f 494/494/494 493/493/493 148/148/148
f 643/643/643 363/363/363 726/726/726
f 150/150/150 149/149/149 489/489/489
f 644/644/644 726/726/726 531/531/531
f 727/727/727 515/515/515 728/728/728
f 535/535/535 286/286/286 729/729/729
f 34/34/34 36/36/36 125/125/125
f 536/536/536 729/729/729 730/730/730
f 35/35/35 536/536/536 650/650/650
f 125/125/125 36/36/36 731/731/731
f 701/701/701 136/136/136 605/605/605
f 732/732/732 733/733/733 387/387/387
f 529/529/529 154/154/154 388/388/388
f 529/529/529 388/388/388 551/551/551
f 155/155/155 529/529/529 539/539/539
f 551/551/551 734/734/734 735/735/735
f 736/736/736 737/737/737 735/735/735
f 325/325/325 326/326/326 484/484/484
f 168/168/168 326/326/326 155/155/155
f 334/334/334 539/539/539 551/551/551
f 347/347/347 336/336/336 335/335/335
f 348/348/348 347/347/347 335/335/335
f 333/333/333 347/347/347 331/331/331
f 340/340/340 478/478/478 345/345/345
f 325/325/325 478/478/478 540/540/540
f 640/640/640 319/319/319 528/528/528
f 540/540/540 640/640/640 541/541/541
f 738/738/738 739/739/739 740/740/740
f 734/734/734 741/741/741 740/740/740
f 154/154/154 156/156/156 387/387/387
f 528/528/528 541/541/541 640/640/640
f 321/321/321 349/349/349 527/527/527
f 387/387/387 528/528/528 732/732/732
f 742/742/742 743/743/743 744/744/744
f 527/527/527 745/745/745 528/528/528
f 387/387/387 156/156/156 541/541/541
f 540/540/540 541/541/541 156/156/156
f 641/641/641 320/320/320 319/319/319
f 527/527/527 349/349/349 745/745/745
f 543/543/543 186/186/186 185/185/185
f 291/291/291 186/186/186 542/542/542
f 542/542/542 544/544/544 646/646/646
f 746/746/746 289/289/289 649/649/649
f 300/300/300 302/302/302 305/305/305
f 543/543/543 302/302/302 301/301/301
f 548/548/548 180/180/180 747/747/747
f 544/544/544 748/748/748 646/646/646
f 749/749/749 747/747/747 180/180/180
f 471/471/471 750/750/750 751/751/751
f 301/301/301 548/548/548 752/752/752
f 747/747/747 462/462/462 752/752/752
f 753/753/753 749/749/749 179/179/179
f 462/462/462 747/747/747 470/470/470
f 747/747/747 752/752/752 548/548/548
f 543/543/543 752/752/752 461/461/461
f 750/750/750 470/470/470 754/754/754
f 747/747/747 749/749/749 470/470/470
f 750/750/750 471/471/471 470/470/470
f 752/752/752 462/462/462 461/461/461
f 179/179/179 736/736/736 755/755/755
f 470/470/470 749/749/749 753/753/753
f 545/545/545 471/471/471 751/751/751
f 463/463/463 748/748/748 544/544/544
f 462/462/462 471/471/471 463/463/463
f 756/756/756 463/463/463 471/471/471
f 413/413/413 316/316/316 322/322/322
f 550/550/550 458/458/458 413/413/413
f 737/737/737 551/551/551 735/735/735
f 179/179/179 755/755/755 757/757/757
f 749/749/749 180/180/180 179/179/179
f 311/311/311 312/312/312 655/655/655
f 654/654/654 312/312/312 458/458/458
f 654/654/654 179/179/179 181/181/181
f 653/653/653 458/458/458 550/550/550
f 179/179/179 654/654/654 736/736/736
f 335/335/335 334/334/334 550/550/550
f 736/736/736 654/654/654 653/653/653
f 736/736/736 653/653/653 737/737/737
f 737/737/737 653/653/653 550/550/550
f 652/652/652 181/181/181 180/180/180
f 312/312/312 654/654/654 181/181/181
f 734/734/734 551/551/551 388/388/388
f 735/735/735 739/739/739 755/755/755
f 551/551/551 737/737/737 334/334/334
f 550/550/550 334/334/334 737/737/737
f 548/548/548 652/652/652 180/180/180
f 655/655/655 549/549/549 311/311/311
f 181/181/181 655/655/655 312/312/312
f 549/549/549 655/655/655 652/652/652
f 433/433/433 432/432/432 431/431/431
f 567/567/567 432/432/432 434/434/434
f 408/408/408 433/433/433 406/406/406
f 434/434/434 658/658/658 552/552/552
f 758/758/758 407/407/407 557/557/557
f 408/408/408 502/502/502 759/759/759
f 758/758/758 408/408/408 407/407/407
f 189/189/189 758/758/758 556/556/556
f 558/558/558 412/412/412 659/659/659
f 189/189/189 556/556/556 190/190/190
f 611/611/611 703/703/703 662/662/662
f 556/556/556 659/659/659 610/610/610
f 561/561/561 452/452/452 760/760/760
f 671/671/671 663/663/663 404/404/404
f 562/562/562 760/760/760 761/761/761
f 762/762/762 763/763/763 764/764/764
f 764/764/764 765/765/765 663/663/663
f 391/391/391 390/390/390 512/512/512
f 415/415/415 766/766/766 665/665/665
f 417/417/417 416/416/416 369/369/369
f 767/767/767 768/768/768 426/426/426
f 555/555/555 425/425/425 424/424/424
f 424/424/424 769/769/769 450/450/450
f 196/196/196 555/555/555 194/194/194
f 770/770/770 769/769/769 771/771/771
f 772/772/772 773/773/773 770/770/770
f 424/424/424 450/450/450 555/555/555
f 450/450/450 769/769/769 448/448/448
f 367/367/367 667/667/667 380/380/380
f 195/195/195 667/667/667 196/196/196
f 450/450/450 566/566/566 194/194/194
f 438/438/438 566/566/566 449/449/449
f 328/328/328 438/438/438 449/449/449
f 441/441/441 438/438/438 437/437/437
f 432/432/432 366/366/366 430/430/430
f 367/367/367 366/366/366 567/567/567
f 656/656/656 552/552/552 554/554/554
f 567/567/567 656/656/656 568/568/568
f 774/774/774 775/775/775 776/776/776
f 768/768/768 771/771/771 424/424/424
f 425/425/425 444/444/444 426/426/426
f 554/554/554 568/568/568 656/656/656
f 777/777/777 553/553/553 397/397/397
f 426/426/426 554/554/554 767/767/767
f 778/778/778 779/779/779 780/780/780
f 553/553/553 776/776/776 554/554/554
f 426/426/426 444/444/444 568/568/568
f 567/567/567 568/568/568 444/444/444
f 397/397/397 781/781/781 782/782/782
f 774/774/774 776/776/776 777/777/777
f 570/570/570 228/228/228 227/227/227
f 456/456/456 228/228/228 569/569/569
f 569/569/569 571/571/571 668/668/668
f 783/783/783 457/457/457 670/670/670
f 575/575/575 222/222/222 784/784/784
f 571/571/571 785/785/785 668/668/668
f 786/786/786 784/784/784 222/222/222
f 787/787/787 788/788/788 789/789/789
f 465/465/465 575/575/575 790/790/790
f 784/784/784 353/353/353 790/790/790
f 789/789/789 786/786/786 221/221/221
f 353/353/353 784/784/784 360/360/360
f 784/784/784 790/790/790 575/575/575
f 570/570/570 790/790/790 352/352/352
f 382/382/382 381/381/381 361/361/361
f 784/784/784 786/786/786 360/360/360
f 382/382/382 361/361/361 360/360/360
f 790/790/790 353/353/353 352/352/352
f 772/772/772 770/770/770 791/791/791
f 360/360/360 786/786/786 789/789/789
f 572/572/572 361/361/361 381/381/381
f 354/354/354 785/785/785 571/571/571
f 353/353/353 361/361/361 354/354/354
f 792/792/792 354/354/354 361/361/361
f 329/329/329 343/343/343 327/327/327
f 577/577/577 341/341/341 329/329/329
f 773/773/773 769/769/769 770/770/770
f 221/221/221 791/791/791 793/793/793
f 786/786/786 222/222/222 221/221/221
f 481/481/481 480/480/480 675/675/675
f 674/674/674 480/480/480 341/341/341
f 674/674/674 221/221/221 223/223/223
f 673/673/673 341/341/341 577/577/577
f 221/221/221 674/674/674 772/772/772
f 449/449/449 448/448/448 577/577/577
f 772/772/772 674/674/674 673/673/673
f 772/772/772 673/673/673 773/773/773
f 773/773/773 673/673/673 577/577/577
f 672/672/672 223/223/223 222/222/222
f 480/480/480 674/674/674 223/223/223
f 771/771/771 769/769/769 424/424/424
f 770/770/770 794/794/794 791/791/791
f 769/769/769 773/773/773 448/448/448
f 577/577/577 448/448/448 773/773/773
f 575/575/575 672/672/672 222/222/222
f 675/675/675 576/576/576 481/481/481
f 424/424/424 426/426/426 768/768/768
f 770/770/770 771/771/771 795/795/795
f 793/793/793 791/791/791 794/794/794
f 221/221/221 772/772/772 791/791/791
f 793/793/793 794/794/794 796/796/796
f 221/221/221 793/793/793 789/789/789
f 223/223/223 675/675/675 480/480/480
f 576/576/576 675/675/675 672/672/672
f 44/44/44 46/46/46 63/63/63
f 56/56/56 46/46/46 45/45/45
f 56/56/56 45/45/45 678/678/678
f 60/60/60 56/56/56 797/797/797
f 680/680/680 597/597/597 798/798/798
f 45/45/45 44/44/44 680/680/680
f 682/682/682 237/237/237 580/580/580
f 236/236/236 235/235/235 48/48/48
f 48/48/48 679/679/679 44/44/44
f 682/682/682 679/679/679 235/235/235
f 40/40/40 48/48/48 47/47/47
f 679/679/679 48/48/48 235/235/235
f 241/241/241 8/8/8 145/145/145
f 247/247/247 241/241/241 246/246/246
f 685/685/685 90/90/90 102/102/102
f 583/583/583 330/330/330 799/799/799
f 28/28/28 68/68/68 26/26/26
f 69/69/69 68/68/68 19/19/19
f 106/106/106 282/282/282 588/588/588
f 90/90/90 89/89/89 105/105/105
f 537/537/537 800/800/800 801/801/801
f 802/802/802 803/803/803 685/685/685
f 106/106/106 102/102/102 105/105/105
f 803/803/803 804/804/804 805/805/805
f 806/806/806 807/807/807 808/808/808
f 809/809/809 810/810/810 805/805/805
f 811/811/811 810/810/810 812/812/812
f 684/684/684 813/813/813 88/88/88
f 104/104/104 814/814/814 802/802/802
f 685/685/685 803/803/803 686/686/686
f 687/687/687 815/815/815 816/816/816
f 814/814/814 817/817/817 804/804/804
f 818/818/818 124/124/124 819/819/819
f 813/813/813 586/586/586 127/127/127
f 88/88/88 813/813/813 127/127/127
f 124/124/124 813/813/813 819/819/819
f 685/685/685 684/684/684 90/90/90
f 819/819/819 813/813/813 684/684/684
f 104/104/104 685/685/685 102/102/102
f 804/804/804 802/802/802 814/814/814
f 820/820/820 686/686/686 803/803/803
f 684/684/684 686/686/686 819/819/819
f 104/104/104 103/103/103 821/821/821
f 685/685/685 104/104/104 802/802/802
f 132/132/132 585/585/585 128/128/128
f 88/88/88 585/585/585 89/89/89
f 92/92/92 587/587/587 94/94/94
f 131/131/131 587/587/587 282/282/282
f 689/689/689 157/157/157 159/159/159
f 617/617/617 822/822/822 690/690/690
f 692/692/692 595/595/595 688/688/688
f 822/822/822 157/157/157 689/689/689
f 160/160/160 159/159/159 161/161/161
f 822/822/822 689/689/689 688/688/688
f 97/97/97 96/96/96 693/693/693
f 116/116/116 96/96/96 98/98/98
f 60/60/60 97/97/97 61/61/61
f 676/676/676 823/823/823 699/699/699
f 116/116/116 115/115/115 129/129/129
f 593/593/593 115/115/115 114/114/114
f 283/283/283 594/594/594 162/162/162
f 696/696/696 107/107/107 114/114/114
f 56/56/56 60/60/60 62/62/62
f 97/97/97 60/60/60 797/797/797
f 110/110/110 109/109/109 601/601/601
f 92/92/92 109/109/109 93/93/93
f 603/603/603 110/110/110 604/604/604
f 117/117/117 110/110/110 645/645/645
f 120/120/120 91/91/91 118/118/118
f 824/824/824 825/825/825 482/482/482
f 136/136/136 603/603/603 605/605/605
f 110/110/110 603/603/603 645/645/645
f 82/82/82 81/81/81 702/702/702
f 281/281/281 81/81/81 80/80/80
f 454/454/454 269/269/269 82/82/82
f 82/82/82 269/269/269 627/627/627
f 191/191/191 193/193/193 707/707/707
f 612/612/612 193/193/193 192/192/192
f 232/232/232 231/231/231 191/191/191
f 231/231/231 592/592/592 714/714/714
f 396/396/396 517/517/517 71/71/71
f 708/708/708 711/711/711 613/613/613
f 826/826/826 231/231/231 230/230/230
f 714/714/714 592/592/592 591/591/591
f 152/152/152 690/690/690 822/822/822
f 177/177/177 619/619/619 505/505/505
f 822/822/822 617/617/617 157/157/157
f 619/619/619 508/508/508 690/690/690
f 417/417/417 369/369/369 370/370/370
f 16/16/16 369/369/369 416/416/416
f 379/379/379 417/417/417 620/620/620
f 416/416/416 415/415/415 827/827/827
f 715/715/715 416/416/416 827/827/827
f 828/828/828 715/715/715 829/829/829
f 530/530/530 365/365/365 364/364/364
f 717/717/717 830/830/830 831/831/831
f 623/623/623 73/73/73 72/72/72
f 73/73/73 418/418/418 220/220/220
f 220/220/220 213/213/213 212/212/212
f 419/419/419 418/418/418 623/623/623
f 220/220/220 219/219/219 71/71/71
f 420/420/420 220/220/220 418/418/418
f 625/625/625 639/639/639 832/832/832
f 627/627/627 628/628/628 704/704/704
f 522/522/522 625/625/625 832/832/832
f 832/832/832 523/523/523 522/522/522
f 269/269/269 625/625/625 627/627/627
f 522/522/522 627/627/627 625/625/625
f 833/833/833 834/834/834 835/835/835
f 49/49/49 621/621/621 207/207/207
f 427/427/427 635/635/635 723/723/723
f 256/256/256 255/255/255 724/724/724
f 520/520/520 521/521/521 626/626/626
f 43/43/43 521/521/521 440/440/440
f 268/268/268 272/272/272 520/520/520
f 624/624/624 520/520/520 272/272/272
f 836/836/836 636/636/636 837/837/837
f 639/639/639 521/521/521 43/43/43
f 338/338/338 642/642/642 641/641/641
f 349/349/349 321/321/321 532/532/532
f 494/494/494 642/642/642 338/338/338
f 838/838/838 839/839/839 840/840/840
f 725/725/725 355/355/355 839/839/839
f 532/532/532 841/841/841 533/533/533
f 319/319/319 321/321/321 527/527/527
f 532/532/532 321/321/321 838/838/838
f 839/839/839 642/642/642 725/725/725
f 321/321/321 320/320/320 838/838/838
f 839/839/839 838/838/838 320/320/320
f 532/532/532 534/534/534 350/350/350
f 842/842/842 841/841/841 514/514/514
f 728/728/728 515/515/515 843/843/843
f 841/841/841 532/532/532 838/838/838
f 844/844/844 402/402/402 842/842/842
f 843/843/843 489/489/489 845/845/845
f 355/355/355 356/356/356 846/846/846
f 355/355/355 846/846/846 840/840/840
f 150/150/150 355/355/355 725/725/725
f 514/514/514 840/840/840 846/846/846
f 841/841/841 842/842/842 533/533/533
f 839/839/839 320/320/320 642/642/642
f 355/355/355 840/840/840 839/839/839
f 356/356/356 843/843/843 846/846/846
f 515/515/515 514/514/514 846/846/846
f 716/716/716 847/847/847 848/848/848
f 849/849/849 850/850/850 851/851/851
f 852/852/852 853/853/853 854/854/854
f 855/855/855 743/743/743 742/742/742
f 838/838/838 840/840/840 841/841/841
f 841/841/841 840/840/840 514/514/514
f 149/149/149 148/148/148 362/362/362
f 494/494/494 148/148/148 150/150/150
f 644/644/644 643/643/643 726/726/726
f 149/149/149 643/643/643 292/292/292
f 530/530/530 644/644/644 531/531/531
f 856/856/856 845/845/845 294/294/294
f 536/536/536 535/535/535 729/729/729
f 34/34/34 535/535/535 35/35/35
f 730/730/730 296/296/296 290/290/290
f 536/536/536 289/289/289 857/857/857
f 34/34/34 126/126/126 287/287/287
f 136/136/136 126/126/126 125/125/125
f 858/858/858 731/731/731 298/298/298
f 603/603/603 136/136/136 645/645/645
f 646/646/646 748/748/748 756/756/756
f 746/746/746 857/857/857 289/289/289
f 756/756/756 471/471/471 545/545/545
f 547/547/547 648/648/648 647/647/647
f 291/291/291 646/646/646 649/649/649
f 647/647/647 649/649/649 646/646/646
f 290/290/290 536/536/536 730/730/730
f 291/291/291 649/649/649 289/289/289
f 542/542/542 186/186/186 543/543/543
f 463/463/463 544/544/544 461/461/461
f 859/859/859 754/754/754 753/753/753
f 753/753/753 757/757/757 860/860/860
f 739/739/739 735/735/735 740/740/740
f 861/861/861 862/862/862 863/863/863
f 753/753/753 754/754/754 470/470/470
f 864/864/864 754/754/754 859/859/859
f 735/735/735 755/755/755 736/736/736
f 757/757/757 755/755/755 739/739/739
f 738/738/738 860/860/860 739/739/739
f 179/179/179 757/757/757 753/753/753
f 733/733/733 388/388/388 387/387/387
f 388/388/388 733/733/733 734/734/734
f 433/433/433 759/759/759 658/658/658
f 398/398/398 759/759/759 399/399/399
f 408/408/408 759/759/759 433/433/433
f 657/657/657 399/399/399 400/400/400
f 559/559/559 190/190/190 609/609/609
f 400/400/400 188/188/188 560/560/560
f 559/559/559 865/865/865 866/866/866
f 189/189/189 400/400/400 502/502/502
f 777/777/777 397/397/397 782/782/782
f 502/502/502 400/400/400 399/399/399
f 560/560/560 559/559/559 866/866/866
f 399/399/399 657/657/657 781/781/781
f 553/553/553 552/552/552 397/397/397
f 398/398/398 552/552/552 658/658/658
f 397/397/397 399/399/399 781/781/781
f 502/502/502 399/399/399 759/759/759
f 556/556/556 758/758/758 557/557/557
f 408/408/408 758/758/758 189/189/189
f 395/395/395 660/660/660 412/412/412
f 703/703/703 659/659/659 660/660/660
f 562/562/562 561/561/561 760/760/760
f 404/404/404 561/561/561 460/460/460
f 761/761/761 475/475/475 455/455/455
f 867/867/867 762/762/762 459/459/459
f 867/867/867 460/460/460 562/562/562
f 762/762/762 867/867/867 868/868/868
f 404/404/404 389/389/389 414/414/414
f 390/390/390 389/389/389 405/405/405
f 869/869/869 870/870/870 871/871/871
f 405/405/405 872/872/872 390/390/390
f 405/405/405 663/663/663 872/872/872
f 873/873/873 371/371/371 870/870/870
f 377/377/377 512/512/512 378/378/378
f 379/379/379 874/874/874 766/766/766
f 872/872/872 871/871/871 390/390/390
f 379/379/379 378/378/378 875/875/875
f 668/668/668 785/785/785 792/792/792
f 783/783/783 876/876/876 457/457/457
f 792/792/792 361/361/361 572/572/572
f 572/572/572 877/877/877 573/573/573
f 456/456/456 668/668/668 670/670/670
f 574/574/574 670/670/670 668/668/668
f 455/455/455 562/562/562 761/761/761
f 456/456/456 670/670/670 457/457/457
f 569/569/569 228/228/228 570/570/570
f 354/354/354 571/571/571 352/352/352
f 793/793/793 796/796/796 878/878/878
f 360/360/360 788/788/788 382/382/382
f 796/796/796 879/879/879 878/878/878
f 358/358/358 880/880/880 881/881/881
f 795/795/795 882/882/882 794/794/794
f 796/796/796 882/882/882 883/883/883
f 884/884/884 885/885/885 383/383/383
f 886/886/886 887/887/887 888/888/888
f 789/789/789 788/788/788 360/360/360
f 884/884/884 788/788/788 787/787/787
f 382/382/382 884/884/884 383/383/383
f 358/358/358 881/881/881 889/889/889
f 382/382/382 788/788/788 884/884/884
f 383/383/383 885/885/885 890/890/890
f 787/787/787 878/878/878 879/879/879
f 885/885/885 884/884/884 886/886/886
f 879/879/879 884/884/884 787/787/787
f 891/891/891 892/892/892 893/893/893
f 894/894/894 895/895/895 795/795/795
f 895/895/895 894/894/894 896/896/896
f 798/798/798 45/45/45 680/680/680
f 798/798/798 278/278/278 678/678/678
f 897/897/897 898/898/898 899/899/899
f 900/900/900 279/279/279 596/596/596
f 237/237/237 236/236/236 23/23/23
f 48/48/48 40/40/40 236/236/236
f 122/122/122 246/246/246 284/284/284
f 330/330/330 247/247/247 504/504/504
f 123/123/123 122/122/122 284/284/284
f 586/586/586 124/124/124 123/123/123
f 330/330/330 504/504/504 799/799/799
f 330/330/330 683/683/683 18/18/18
f 602/602/602 282/282/282 700/700/700
f 102/102/102 588/588/588 103/103/103
f 121/121/121 602/602/602 700/700/700
f 121/121/121 687/687/687 602/602/602
f 595/595/595 692/692/692 698/698/698
f 160/160/160 692/692/692 688/688/688
f 698/698/698 901/901/901 595/595/595
f 902/902/902 903/903/903 904/904/904
f 822/822/822 688/688/688 153/153/153
f 595/595/595 153/153/153 688/688/688
f 160/160/160 162/162/162 692/692/692
f 159/159/159 160/160/160 689/689/689
f 676/676/676 905/905/905 823/823/823
f 697/697/697 503/503/503 582/582/582
f 594/594/594 691/691/691 162/162/162
f 99/99/99 691/691/691 108/108/108
f 140/140/140 594/594/594 283/283/283
f 691/691/691 594/594/594 108/108/108
f 906/906/906 695/695/695 907/907/907
f 908/908/908 101/101/101 100/100/100
f 909/909/909 645/645/645 135/135/135
f 118/118/118 117/117/117 910/910/910
f 118/118/118 910/910/910 824/824/824
f 93/93/93 110/110/110 118/118/118
f 121/121/121 483/483/483 687/687/687
f 91/91/91 121/121/121 700/700/700
f 92/92/92 91/91/91 700/700/700
f 118/118/118 91/91/91 93/93/93
f 909/909/909 117/117/117 645/645/645
f 911/911/911 912/912/912 913/913/913
f 629/629/629 704/704/704 628/628/628
f 80/80/80 82/82/82 704/704/704
f 591/591/591 914/914/914 714/714/714
f 191/191/191 714/714/714 712/712/712
f 518/518/518 517/517/517 396/396/396
f 147/147/147 71/71/71 517/517/517
f 78/78/78 710/710/710 915/915/915
f 175/175/175 146/146/146 916/916/916
f 826/826/826 592/592/592 231/231/231
f 590/590/590 592/592/592 178/178/178
f 170/170/170 826/826/826 230/230/230
f 592/592/592 826/826/826 178/178/178
f 507/507/507 177/177/177 505/505/505
f 176/176/176 178/178/178 826/826/826
f 153/153/153 152/152/152 822/822/822
f 618/618/618 152/152/152 509/509/509
f 151/151/151 595/595/595 589/589/589
f 618/618/618 506/506/506 505/505/505
f 509/509/509 152/152/152 151/151/151
f 618/618/618 917/917/917 506/506/506
f 508/508/508 619/619/619 169/169/169
f 618/618/618 619/619/619 690/690/690
f 158/158/158 508/508/508 171/171/171
f 690/690/690 508/508/508 617/617/617
f 417/417/417 766/766/766 415/415/415
f 372/372/372 873/873/873 918/918/918
f 829/829/829 715/715/715 827/827/827
f 364/364/364 14/14/14 919/919/919
f 920/920/920 14/14/14 365/365/365
f 530/530/530 921/921/921 922/922/922
f 715/715/715 828/828/828 919/919/919
f 921/921/921 530/530/530 364/364/364
f 260/260/260 624/624/624 272/272/272
f 440/440/440 624/624/624 526/526/526
f 637/637/637 526/526/526 256/256/256
f 43/43/43 439/439/439 836/836/836
f 638/638/638 637/637/637 256/256/256
f 836/836/836 439/439/439 637/637/637
f 724/724/724 638/638/638 256/256/256
f 636/636/636 638/638/638 445/445/445
f 837/837/837 636/636/636 447/447/447
f 637/637/637 636/636/636 836/836/836
f 447/447/447 923/923/923 837/837/837
f 924/924/924 925/925/925 926/926/926
f 447/447/447 636/636/636 445/445/445
f 927/927/927 837/837/837 923/923/923
f 836/836/836 837/837/837 41/41/41
f 927/927/927 42/42/42 41/41/41
f 647/647/647 545/545/545 547/547/547
f 651/651/651 36/36/36 35/35/35
f 607/607/607 928/928/928 608/608/608
f 929/929/929 913/913/913 912/912/912
f 545/545/545 751/751/751 546/546/546
f 756/756/756 545/545/545 647/647/647
f 930/930/930 857/857/857 746/746/746
f 650/650/650 857/857/857 931/931/931
f 291/291/291 290/290/290 296/296/296
f 536/536/536 290/290/290 289/289/289
f 302/302/302 543/543/543 304/304/304
f 543/543/543 301/301/301 752/752/752
f 932/932/932 933/933/933 934/934/934
f 734/734/734 733/733/733 741/741/741
f 84/84/84 781/781/781 935/935/935
f 777/777/777 782/782/782 83/83/83
f 552/552/552 398/398/398 397/397/397
f 759/759/759 398/398/398 658/658/658
f 867/867/867 459/459/459 460/460/460
f 764/764/764 459/459/459 762/762/762
f 562/562/562 876/876/876 867/867/867
f 936/936/936 868/868/868 783/783/783
f 457/457/457 876/876/876 562/562/562
f 669/669/669 936/936/936 783/783/783
f 764/764/764 663/663/663 671/671/671
f 872/872/872 663/663/663 765/765/765
f 937/937/937 872/872/872 765/765/765
f 563/563/563 938/938/938 869/869/869
f 939/939/939 564/564/564 765/765/765
f 937/937/937 564/564/564 563/563/563
f 564/564/564 937/937/937 765/765/765
f 937/937/937 563/563/563 869/869/869
f 877/877/877 572/572/572 381/381/381
f 792/792/792 572/572/572 574/574/574
f 456/456/456 455/455/455 475/475/475
f 562/562/562 455/455/455 457/457/457
f 466/466/466 465/465/465 570/570/570
f 570/570/570 465/465/465 790/790/790
f 787/787/787 789/789/789 878/878/878
f 793/793/793 878/878/878 789/789/789
f 794/794/794 882/882/882 796/796/796
f 884/884/884 879/879/879 886/886/886
f 887/887/887 886/886/886 940/940/940
f 883/883/883 879/879/879 796/796/796
f 896/896/896 768/768/768 767/767/767
f 941/941/941 942/942/942 943/943/943
f 798/798/798 678/678/678 45/45/45
f 677/677/677 678/678/678 278/278/278
f 323/323/323 677/677/677 278/278/278
f 56/56/56 677/677/677 797/797/797
f 798/798/798 279/279/279 278/278/278
f 323/323/323 324/324/324 676/676/676
f 944/944/944 945/945/945 946/946/946
f 947/947/947 948/948/948 949/949/949
f 240/240/240 284/284/284 246/246/246
f 123/123/123 284/284/284 584/584/584
f 86/86/86 123/123/123 584/584/584
f 586/586/586 813/813/813 124/124/124
f 686/686/686 820/820/820 818/818/818
f 504/504/504 122/122/122 950/950/950
f 698/698/698 691/691/691 99/99/99
f 901/901/901 904/904/904 951/951/951
f 952/952/952 953/953/953 947/947/947
f 954/954/954 955/955/955 956/956/956
f 699/699/699 97/97/97 797/797/797
f 581/581/581 823/823/823 582/582/582
f 677/677/677 676/676/676 797/797/797
f 823/823/823 581/581/581 699/699/699
f 599/599/599 582/582/582 823/823/823
f 697/697/697 600/600/600 695/695/695
f 324/324/324 957/957/957 905/905/905
f 797/797/797 676/676/676 699/699/699
f 115/115/115 593/593/593 140/140/140
f 593/593/593 114/114/114 107/107/107
f 696/696/696 114/114/114 694/694/694
f 99/99/99 107/107/107 906/906/906
f 696/696/696 694/694/694 697/697/697
f 906/906/906 107/107/107 696/696/696
f 503/503/503 697/697/697 694/694/694
f 582/582/582 600/600/600 697/697/697
f 949/949/949 907/907/907 958/958/958
f 696/696/696 695/695/695 906/906/906
f 949/949/949 948/948/948 907/907/907
f 959/959/959 960/960/960 952/952/952
f 958/958/958 695/695/695 600/600/600
f 908/908/908 907/907/907 948/948/948
f 100/100/100 906/906/906 907/907/907
f 901/901/901 698/698/698 99/99/99
f 824/824/824 482/482/482 120/120/120
f 482/482/482 825/825/825 538/538/538
f 118/118/118 824/824/824 120/120/120
f 910/910/910 929/929/929 824/824/824
f 198/198/198 519/519/519 518/518/518
f 147/147/147 519/519/519 713/713/713
f 613/613/613 147/147/147 713/713/713
f 146/146/146 77/77/77 916/916/916
f 708/708/708 613/613/613 713/713/713
f 77/77/77 146/146/146 613/613/613
f 613/613/613 711/711/711 77/77/77
f 182/182/182 961/961/961 183/183/183
f 198/198/198 708/708/708 713/713/713
f 709/709/709 708/708/708 270/270/270
f 270/270/270 612/612/612 141/141/141
f 709/709/709 710/710/710 78/78/78
f 962/962/962 622/622/622 175/175/175
f 72/72/72 175/175/175 623/623/623
f 916/916/916 77/77/77 79/79/79
f 175/175/175 916/916/916 962/962/962
f 712/712/712 714/714/714 963/963/963
f 712/712/712 963/963/963 141/141/141
f 964/964/964 914/914/914 590/590/590
f 965/965/965 966/966/966 616/616/616
f 967/967/967 968/968/968 969/969/969
f 79/79/79 915/915/915 970/970/970
f 622/622/622 962/962/962 184/184/184
f 623/623/623 622/622/622 226/226/226
f 623/623/623 226/226/226 225/225/225
f 623/623/623 418/418/418 73/73/73
f 270/270/270 271/271/271 709/709/709
f 969/969/969 971/971/971 966/966/966
f 709/709/709 78/78/78 711/711/711
f 77/77/77 711/711/711 78/78/78
f 972/972/972 973/973/973 974/974/974
f 975/975/975 976/976/976 977/977/977
f 969/969/969 968/968/968 915/915/915
f 916/916/916 79/79/79 962/962/962
f 969/969/969 915/915/915 710/710/710
f 968/968/968 970/970/970 915/915/915
f 143/143/143 971/971/971 271/271/271
f 978/978/978 967/967/967 965/965/965
f 141/141/141 963/963/963 142/142/142
f 963/963/963 714/714/714 914/914/914
f 979/979/979 968/968/968 973/973/973
f 980/980/980 981/981/981 982/982/982
f 971/971/971 969/969/969 710/710/710
f 969/969/969 965/965/965 967/967/967
f 915/915/915 79/79/79 78/78/78
f 79/79/79 980/980/980 962/962/962
f 968/968/968 979/979/979 981/981/981
f 79/79/79 970/970/970 980/980/980
f 271/271/271 971/971/971 710/710/710
f 966/966/966 971/971/971 614/614/614
f 615/615/615 614/614/614 142/142/142
f 965/965/965 969/969/969 966/966/966
f 983/983/983 984/984/984 985/985/985
f 972/972/972 986/986/986 979/979/979
f 177/177/177 176/176/176 169/169/169
f 826/826/826 170/170/170 176/176/176
f 379/379/379 766/766/766 417/417/417
f 371/371/371 874/874/874 870/870/870
f 987/987/987 988/988/988 989/989/989
f 415/415/415 666/666/666 827/827/827
f 874/874/874 665/665/665 766/766/766
f 665/665/665 373/373/373 666/666/666
f 373/373/373 665/665/665 371/371/371
f 874/874/874 371/371/371 665/665/665
f 373/373/373 990/990/990 666/666/666
f 666/666/666 990/990/990 991/991/991
f 874/874/874 875/875/875 870/870/870
f 872/872/872 937/937/937 871/871/871
f 918/918/918 938/938/938 988/988/988
f 992/992/992 991/991/991 990/990/990
f 379/379/379 875/875/875 874/874/874
f 378/378/378 390/390/390 871/871/871
f 870/870/870 875/875/875 871/871/871
f 871/871/871 875/875/875 378/378/378
f 829/829/829 827/827/827 991/991/991
f 993/993/993 829/829/829 994/994/994
f 15/15/15 14/14/14 920/920/920
f 919/919/919 14/14/14 16/16/16
f 632/632/632 446/446/446 445/445/445
f 995/995/995 996/996/996 997/997/997
f 39/39/39 998/998/998 999/999/999
f 1000/1000/1000 1001/1001/1001 42/42/42
f 927/927/927 41/41/41 837/837/837
f 43/43/43 836/836/836 41/41/41
f 1001/1001/1001 1000/1000/1000 523/523/523
f 639/639/639 43/43/43 1001/1001/1001
f 857/857/857 650/650/650 536/536/536
f 650/650/650 931/931/931 651/651/651
f 299/299/299 651/651/651 931/931/931
f 298/298/298 651/651/651 299/299/299
f 134/134/134 136/136/136 125/125/125
f 117/117/117 909/909/909 910/910/910
f 1002/1002/1002 1003/1003/1003 135/135/135
f 909/909/909 135/135/135 1003/1003/1003
f 1004/1004/1004 498/498/498 1005/1005/1005
f 1006/1006/1006 928/928/928 1007/1007/1007
f 646/646/646 756/756/756 647/647/647
f 756/756/756 748/748/748 463/463/463
f 401/401/401 1008/1008/1008 1009/1009/1009
f 862/862/862 500/500/500 499/499/499
f 1010/1010/1010 933/933/933 932/932/932
f 1011/1011/1011 738/738/738 933/933/933
f 1012/1012/1012 1013/1013/1013 357/357/357
f 1014/1014/1014 1015/1015/1015 1016/1016/1016
f 668/668/668 792/792/792 574/574/574
f 792/792/792 785/785/785 354/354/354
f 1017/1017/1017 942/942/942 883/883/883
f 410/410/410 264/264/264 411/411/411
f 794/794/794 770/770/770 795/795/795
f 882/882/882 895/895/895 883/883/883
f 894/894/894 771/771/771 768/768/768
f 895/895/895 882/882/882 795/795/795
f 1017/1017/1017 883/883/883 895/895/895
f 941/941/941 943/943/943 940/940/940
f 767/767/767 776/776/776 775/775/775
f 767/767/767 775/775/775 896/896/896
f 1018/1018/1018 1019/1019/1019 1020/1020/1020
f 1021/1021/1021 1022/1022/1022 1023/1023/1023
f 278/278/278 277/277/277 323/323/323
f 277/277/277 1024/1024/1024 1025/1025/1025
f 803/803/803 805/805/805 820/820/820
f 809/809/809 1026/1026/1026 1027/1027/1027
f 122/122/122 124/124/124 950/950/950
f 124/124/124 818/818/818 811/811/811
f 595/595/595 901/901/901 951/951/951
f 589/589/589 1028/1028/1028 510/510/510
f 1028/1028/1028 589/589/589 951/951/951
f 951/951/951 589/589/589 595/595/595
f 252/252/252 251/251/251 1029/1029/1029
f 509/509/509 511/511/511 917/917/917
f 116/116/116 503/503/503 694/694/694
f 581/581/581 503/503/503 98/98/98
f 1022/1022/1022 324/324/324 277/277/277
f 600/600/600 1030/1030/1030 949/949/949
f 1030/1030/1030 600/600/600 1031/1031/1031
f 1032/1032/1032 947/947/947 949/949/949
f 952/952/952 960/960/960 953/953/953
f 101/101/101 904/904/904 901/901/901
f 612/612/612 712/712/712 141/141/141
f 712/712/712 192/192/192 191/191/191
f 983/983/983 985/985/985 616/616/616
f 615/615/615 1033/1033/1033 1034/1034/1034
f 1035/1035/1035 1036/1036/1036 1037/1037/1037
f 621/621/621 633/633/633 516/516/516
f 1033/1033/1033 142/142/142 963/963/963
f 143/143/143 142/142/142 614/614/614
f 914/914/914 1033/1033/1033 963/963/963
f 1038/1038/1038 1034/1034/1034 1033/1033/1033
f 1034/1034/1034 1039/1039/1039 956/956/956
f 511/511/511 1040/1040/1040 1041/1041/1041
f 614/614/614 616/616/616 966/966/966
f 983/983/983 616/616/616 955/955/955
f 1039/1039/1039 1034/1034/1034 1038/1038/1038
f 616/616/616 1034/1034/1034 955/955/955
f 971/971/971 143/143/143 614/614/614
f 141/141/141 143/143/143 271/271/271
f 964/964/964 1039/1039/1039 1038/1038/1038
f 1042/1042/1042 1043/1043/1043 956/956/956
f 1033/1033/1033 615/615/615 142/142/142
f 616/616/616 615/615/615 1034/1034/1034
f 1044/1044/1044 985/985/985 1045/1045/1045
f 974/974/974 1046/1046/1046 1047/1047/1047
f 968/968/968 967/967/967 973/973/973
f 967/967/967 978/978/978 1046/1046/1046
f 827/827/827 666/666/666 991/991/991
f 829/829/829 993/993/993 828/828/828
f 990/990/990 1048/1048/1048 992/992/992
f 829/829/829 991/991/991 994/994/994
f 828/828/828 847/847/847 1049/1049/1049
f 1049/1049/1049 718/718/718 364/364/364
f 847/847/847 828/828/828 993/993/993
f 828/828/828 1049/1049/1049 919/919/919
f 1050/1050/1050 1051/1051/1051 1052/1052/1052
f 847/847/847 716/716/716 718/718/718
f 1053/1053/1053 1051/1051/1051 1054/1054/1054
f 30/30/30 1055/1055/1055 1056/1056/1056
f 847/847/847 1050/1050/1050 848/848/848
f 721/721/721 1057/1057/1057 1058/1058/1058
f 1050/1050/1050 847/847/847 993/993/993
f 848/848/848 1059/1059/1059 720/720/720
f 833/833/833 224/224/224 1060/1060/1060
f 1061/1061/1061 1060/1060/1060 1062/1062/1062
f 923/923/923 447/447/447 1063/1063/1063
f 1064/1064/1064 1063/1063/1063 447/447/447
f 1000/1000/1000 42/42/42 927/927/927
f 43/43/43 42/42/42 1001/1001/1001
f 523/523/523 1000/1000/1000 1065/1065/1065
f 524/524/524 628/628/628 522/522/522
f 639/639/639 1001/1001/1001 832/832/832
f 523/523/523 832/832/832 1001/1001/1001
f 1066/1066/1066 299/299/299 931/931/931
f 1067/1067/1067 1068/1068/1068 1069/1069/1069
f 858/858/858 298/298/298 297/297/297
f 36/36/36 651/651/651 298/298/298
f 858/858/858 297/297/297 1070/1070/1070
f 135/135/135 134/134/134 1071/1071/1071
f 134/134/134 731/731/731 1071/1071/1071
f 1002/1002/1002 1071/1071/1071 858/858/858
f 1070/1070/1070 297/297/297 1069/1069/1069
f 909/909/909 1003/1003/1003 913/913/913
f 1072/1072/1072 497/497/497 1073/1073/1073
f 1074/1074/1074 1075/1075/1075 1076/1076/1076
f 928/928/928 607/607/607 1077/1077/1077
f 1074/1074/1074 165/165/165 164/164/164
f 1077/1077/1077 1003/1003/1003 1002/1002/1002
f 1076/1076/1076 912/912/912 911/911/911
f 824/824/824 912/912/912 825/825/825
f 909/909/909 929/929/929 910/910/910
f 499/499/499 1078/1078/1078 1079/1079/1079
f 1067/1067/1067 1080/1080/1080 1081/1081/1081
f 734/734/734 740/740/740 735/735/735
f 738/738/738 740/740/740 934/934/934
f 932/932/932 741/741/741 733/733/733
f 740/740/740 741/741/741 934/934/934
f 1082/1082/1082 864/864/864 1083/1083/1083
f 757/757/757 739/739/739 860/860/860
f 890/890/890 1012/1012/1012 357/357/357
f 1084/1084/1084 573/573/573 1085/1085/1085
f 941/941/941 886/886/886 879/879/879
f 1086/1086/1086 940/940/940 943/943/943
f 886/886/886 941/941/941 940/940/940
f 879/879/879 883/883/883 941/941/941
f 896/896/896 1087/1087/1087 895/895/895
f 942/942/942 1088/1088/1088 943/943/943
f 883/883/883 942/942/942 941/941/941
f 1088/1088/1088 942/942/942 1017/1017/1017
f 771/771/771 894/894/894 795/795/795
f 768/768/768 896/896/896 894/894/894
f 83/83/83 892/892/892 774/774/774
f 1089/1089/1089 891/891/891 1087/1087/1087
f 235/235/235 237/237/237 682/682/682
f 900/900/900 1090/1090/1090 1024/1024/1024
f 596/596/596 279/279/279 798/798/798
f 1024/1024/1024 277/277/277 279/279/279
f 597/597/597 596/596/596 798/798/798
f 900/900/900 596/596/596 1091/1091/1091
f 1090/1090/1090 900/900/900 1091/1091/1091
f 279/279/279 900/900/900 1024/1024/1024
f 1092/1092/1092 1091/1091/1091 598/598/598
f 806/806/806 1093/1093/1093 1094/1094/1094
f 1095/1095/1095 1096/1096/1096 1025/1025/1025
f 1097/1097/1097 1098/1098/1098 1099/1099/1099
f 686/686/686 818/818/818 819/819/819
f 811/811/811 818/818/818 820/820/820
f 803/803/803 802/802/802 804/804/804
f 950/950/950 124/124/124 811/811/811
f 618/618/618 509/509/509 917/917/917
f 589/589/589 509/509/509 151/151/151
f 1028/1028/1028 394/394/394 510/510/510
f 1100/1100/1100 1040/1040/1040 511/511/511
f 599/599/599 823/823/823 905/905/905
f 600/600/600 599/599/599 1031/1031/1031
f 695/695/695 958/958/958 907/907/907
f 600/600/600 949/949/949 958/958/958
f 1101/1101/1101 1030/1030/1030 1031/1031/1031
f 949/949/949 1030/1030/1030 1032/1032/1032
f 1101/1101/1101 1031/1031/1031 957/957/957
f 1102/1102/1102 1103/1103/1103 1098/1098/1098
f 1030/1030/1030 1104/1104/1104 1032/1032/1032
f 1105/1105/1105 1104/1104/1104 1098/1098/1098
f 905/905/905 1031/1031/1031 599/599/599
f 1104/1104/1104 1101/1101/1101 1106/1106/1106
f 1104/1104/1104 1030/1030/1030 1101/1101/1101
f 947/947/947 1032/1032/1032 1105/1105/1105
f 277/277/277 1025/1025/1025 1022/1022/1022
f 1101/1101/1101 957/957/957 1021/1021/1021
f 1106/1106/1106 1023/1023/1023 1102/1102/1102
f 1032/1032/1032 1104/1104/1104 1105/1105/1105
f 99/99/99 101/101/101 901/901/901
f 1107/1107/1107 101/101/101 908/908/908
f 906/906/906 100/100/100 99/99/99
f 907/907/907 908/908/908 100/100/100
f 914/914/914 591/591/591 590/590/590
f 1033/1033/1033 914/914/914 1038/1038/1038
f 420/420/420 419/419/419 633/633/633
f 623/623/623 225/225/225 419/419/419
f 954/954/954 1108/1108/1108 983/983/983
f 1045/1045/1045 985/985/985 984/984/984
f 978/978/978 985/985/985 1044/1044/1044
f 616/616/616 985/985/985 965/965/965
f 985/985/985 978/978/978 965/965/965
f 978/978/978 1044/1044/1044 1046/1046/1046
f 1109/1109/1109 984/984/984 1110/1110/1110
f 422/422/422 977/977/977 423/423/423
f 1053/1053/1053 1054/1054/1054 1111/1111/1111
f 991/991/991 992/992/992 994/994/994
f 1111/1111/1111 1112/1112/1112 1113/1113/1113
f 1052/1052/1052 1114/1114/1114 1115/1115/1115
f 992/992/992 1054/1054/1054 994/994/994
f 994/994/994 1054/1054/1054 1050/1050/1050
f 1111/1111/1111 1054/1054/1054 992/992/992
f 1054/1054/1054 1051/1051/1051 1050/1050/1050
f 715/715/715 919/919/919 16/16/16
f 1049/1049/1049 364/364/364 919/919/919
f 638/638/638 631/631/631 445/445/445
f 1063/1063/1063 1064/1064/1064 1116/1116/1116
f 224/224/224 183/183/183 1117/1117/1117
f 1118/1118/1118 1116/1116/1116 1064/1064/1064
f 1064/1064/1064 447/447/447 446/446/446
f 998/998/998 1116/1116/1116 1119/1119/1119
f 446/446/446 1120/1120/1120 1064/1064/1064
f 1061/1061/1061 1062/1062/1062 1120/1120/1120
f 1119/1119/1119 999/999/999 998/998/998
f 1121/1121/1121 925/925/925 1122/1122/1122
f 1065/1065/1065 1123/1123/1123 523/523/523
f 1124/1124/1124 1125/1125/1125 1126/1126/1126
f 648/648/648 930/930/930 746/746/746
f 1080/1080/1080 1127/1127/1127 1004/1004/1004
f 297/297/297 299/299/299 1069/1069/1069
f 1128/1128/1128 1067/1067/1067 1066/1066/1066
f 135/135/135 1071/1071/1071 1002/1002/1002
f 731/731/731 134/134/134 125/125/125
f 913/913/913 929/929/929 909/909/909
f 824/824/824 929/929/929 912/912/912
f 546/546/546 751/751/751 1078/1078/1078
f 546/546/546 1129/1129/1129 547/547/547
f 1129/1129/1129 1127/1127/1127 547/547/547
f 648/648/648 746/746/746 649/649/649
f 1004/1004/1004 1127/1127/1127 1129/1129/1129
f 1130/1130/1130 1127/1127/1127 1128/1128/1128
f 1130/1130/1130 547/547/547 1127/1127/1127
f 648/648/648 1130/1130/1130 930/930/930
f 1066/1066/1066 930/930/930 1128/1128/1128
f 857/857/857 930/930/930 931/931/931
f 498/498/498 1004/1004/1004 1129/1129/1129
f 1080/1080/1080 1004/1004/1004 467/467/467
f 1129/1129/1129 1078/1078/1078 498/498/498
f 1131/1131/1131 1132/1132/1132 1072/1072/1072
f 1129/1129/1129 546/546/546 1078/1078/1078
f 469/469/469 1133/1133/1133 1134/1134/1134
f 751/751/751 750/750/750 1135/1135/1135
f 498/498/498 1078/1078/1078 499/499/499
f 1080/1080/1080 467/467/467 1081/1081/1081
f 1128/1128/1128 1127/1127/1127 1080/1080/1080
f 1134/1134/1134 1081/1081/1081 467/467/467
f 1068/1068/1068 1081/1081/1081 1131/1131/1131
f 930/930/930 1130/1130/1130 1128/1128/1128
f 547/547/547 1130/1130/1130 648/648/648
f 1135/1135/1135 1079/1079/1079 751/751/751
f 863/863/863 862/862/862 499/499/499
f 864/864/864 750/750/750 754/754/754
f 1083/1083/1083 864/864/864 859/859/859
f 1083/1083/1083 859/859/859 1136/1136/1136
f 864/864/864 1137/1137/1137 1135/1135/1135
f 751/751/751 1079/1079/1079 1078/1078/1078
f 1079/1079/1079 1137/1137/1137 863/863/863
f 864/864/864 1135/1135/1135 750/750/750
f 1079/1079/1079 1135/1135/1135 1137/1137/1137
f 1138/1138/1138 1139/1139/1139 1011/1011/1011
f 1140/1140/1140 1141/1141/1141 861/861/861
f 861/861/861 863/863/863 1140/1140/1140
f 861/861/861 744/744/744 862/862/862
f 499/499/499 1079/1079/1079 863/863/863
f 744/744/744 1141/1141/1141 742/742/742
f 1082/1082/1082 1137/1137/1137 864/864/864
f 863/863/863 1082/1082/1082 1140/1140/1140
f 1142/1142/1142 1143/1143/1143 1144/1144/1144
f 500/500/500 862/862/862 1145/1145/1145
f 1083/1083/1083 1138/1138/1138 1140/1140/1140
f 1141/1141/1141 1140/1140/1140 1146/1146/1146
f 744/744/744 1145/1145/1145 862/862/862
f 1147/1147/1147 1144/1144/1144 1143/1143/1143
f 1139/1139/1139 1138/1138/1138 1083/1083/1083
f 1146/1146/1146 1138/1138/1138 1148/1148/1148
f 1149/1149/1149 1008/1008/1008 401/401/401
f 1150/1150/1150 1151/1151/1151 742/742/742
f 1146/1146/1146 1140/1140/1140 1138/1138/1138
f 1141/1141/1141 1150/1150/1150 742/742/742
f 401/401/401 534/534/534 402/402/402
f 1144/1144/1144 743/743/743 1142/1142/1142
f 1148/1148/1148 1152/1152/1152 1153/1153/1153
f 1141/1141/1141 1146/1146/1146 1150/1150/1150
f 933/933/933 738/738/738 934/934/934
f 1139/1139/1139 1136/1136/1136 860/860/860
f 357/357/357 877/877/877 381/381/381
f 877/877/877 1085/1085/1085 573/573/573
f 1084/1084/1084 1085/1085/1085 889/889/889
f 574/574/574 573/573/573 669/669/669
f 472/472/472 474/474/474 1154/1154/1154
f 669/669/669 783/783/783 670/670/670
f 573/573/573 1084/1084/1084 669/669/669
f 1084/1084/1084 474/474/474 936/936/936
f 868/868/868 867/867/867 876/876/876
f 889/889/889 1155/1155/1155 1084/1084/1084
f 783/783/783 868/868/868 876/876/876
f 762/762/762 868/868/868 473/473/473
f 1084/1084/1084 936/936/936 669/669/669
f 473/473/473 868/868/868 936/936/936
f 1089/1089/1089 896/896/896 775/775/775
f 1017/1017/1017 895/895/895 1087/1087/1087
f 554/554/554 776/776/776 767/767/767
f 777/777/777 776/776/776 553/553/553
f 409/409/409 1156/1156/1156 1157/1157/1157
f 891/891/891 1088/1088/1088 1017/1017/1017
f 1090/1090/1090 1158/1158/1158 1159/1159/1159
f 1023/1023/1023 1018/1018/1018 1102/1102/1102
f 821/821/821 814/814/814 104/104/104
f 805/805/805 804/804/804 945/945/945
f 510/510/510 394/394/394 1100/1100/1100
f 1160/1160/1160 1161/1161/1161 1040/1040/1040
f 1041/1041/1041 1042/1042/1042 507/507/507
f 917/917/917 511/511/511 1041/1041/1041
f 904/904/904 1107/1107/1107 1162/1162/1162
f 1163/1163/1163 1164/1164/1164 1165/1165/1165
f 510/510/510 1100/1100/1100 511/511/511
f 1166/1166/1166 250/250/250 393/393/393
f 1105/1105/1105 1097/1097/1097 947/947/947
f 947/947/947 1097/1097/1097 952/952/952
f 1098/1098/1098 1097/1097/1097 1105/1105/1105
f 959/959/959 137/137/137 1167/1167/1167
f 324/324/324 905/905/905 676/676/676
f 905/905/905 957/957/957 1031/1031/1031
f 1046/1046/1046 974/974/974 973/973/973
f 1168/1168/1168 974/974/974 1047/1047/1047
f 1046/1046/1046 973/973/973 967/967/967
f 1046/1046/1046 1044/1044/1044 1169/1169/1169
f 255/255/255 635/635/635 427/427/427
f 1120/1120/1120 446/446/446 1170/1170/1170
f 183/183/183 961/961/961 1117/1117/1117
f 1061/1061/1061 1036/1036/1036 833/833/833
f 923/923/923 1063/1063/1063 998/998/998
f 1171/1171/1171 1172/1172/1172 453/453/453
f 1123/1123/1123 524/524/524 523/523/523
f 628/628/628 524/524/524 1125/1125/1125
f 930/930/930 1066/1066/1066 931/931/931
f 1128/1128/1128 1080/1080/1080 1067/1067/1067
f 1068/1068/1068 1067/1067/1067 1081/1081/1081
f 299/299/299 1066/1066/1066 1067/1067/1067
f 1067/1067/1067 1069/1069/1069 299/299/299
f 1068/1068/1068 1173/1173/1173 1070/1070/1070
f 1174/1174/1174 1175/1175/1175 1176/1176/1176
f 1147/1147/1147 1143/1143/1143 1177/1177/1177
f 1134/1134/1134 1131/1131/1131 1081/1081/1081
f 1178/1178/1178 1131/1131/1131 1134/1134/1134
f 744/744/744 1179/1179/1179 1145/1145/1145
f 1141/1141/1141 744/744/744 861/861/861
f 534/534/534 533/533/533 402/402/402
f 1057/1057/1057 721/721/721 1180/1180/1180
f 844/844/844 513/513/513 1181/1181/1181
f 721/721/721 1182/1182/1182 1180/1180/1180
f 842/842/842 402/402/402 533/533/533
f 401/401/401 403/403/403 1183/1183/1183
f 1149/1149/1149 401/401/401 1055/1055/1055
f 1184/1184/1184 1185/1185/1185 1151/1151/1151
f 744/744/744 743/743/743 1179/1179/1179
f 742/742/742 1151/1151/1151 855/855/855
f 1013/1013/1013 358/358/358 357/357/357
f 1155/1155/1155 889/889/889 881/881/881
f 1186/1186/1186 1187/1187/1187 1188/1188/1188
f 1189/1189/1189 1190/1190/1190 1013/1013/1013
f 359/359/359 889/889/889 1085/1085/1085
f 1190/1190/1190 376/376/376 880/880/880
f 880/880/880 1191/1191/1191 881/881/881
f 1154/1154/1154 1015/1015/1015 472/472/472
f 83/83/83 774/774/774 777/777/777
f 891/891/891 774/774/774 892/892/892
f 1087/1087/1087 891/891/891 1017/1017/1017
f 774/774/774 891/891/891 775/775/775
f 1095/1095/1095 1024/1024/1024 1192/1192/1192
f 1025/1025/1025 1096/1096/1096 1022/1022/1022
f 1023/1023/1023 1022/1022/1022 1096/1096/1096
f 957/957/957 324/324/324 1022/1022/1022
f 1018/1018/1018 1023/1023/1023 1096/1096/1096
f 1021/1021/1021 1023/1023/1023 1106/1106/1106
f 1193/1193/1193 946/946/946 801/801/801
f 946/946/946 945/945/945 817/817/817
f 507/507/507 1042/1042/1042 964/964/964
f 177/177/177 507/507/507 178/178/178
f 917/917/917 1041/1041/1041 506/506/506
f 507/507/507 506/506/506 1041/1041/1041
f 1028/1028/1028 903/903/903 392/392/392
f 1100/1100/1100 394/394/394 393/393/393
f 427/427/427 631/631/631 724/724/724
f 445/445/445 631/631/631 632/632/632
f 722/722/722 428/428/428 723/723/723
f 1035/1035/1035 429/429/429 435/435/435
f 446/446/446 632/632/632 1170/1170/1170
f 632/632/632 427/427/427 429/429/429
f 1120/1120/1120 1170/1170/1170 429/429/429
f 429/429/429 1170/1170/1170 632/632/632
f 634/634/634 1194/1194/1194 435/435/435
f 833/833/833 835/835/835 224/224/224
f 1035/1035/1035 1194/1194/1194 834/834/834
f 621/621/621 1195/1195/1195 207/207/207
f 38/38/38 1065/1065/1065 1000/1000/1000
f 1123/1123/1123 1065/1065/1065 1196/1196/1196
f 468/468/468 467/467/467 1005/1005/1005
f 1134/1134/1134 1133/1133/1133 1178/1178/1178
f 1197/1197/1197 468/468/468 1005/1005/1005
f 1174/1174/1174 1197/1197/1197 500/500/500
f 1198/1198/1198 1178/1178/1178 1133/1133/1133
f 1132/1132/1132 1131/1131/1131 1178/1178/1178
f 467/467/467 469/469/469 1134/1134/1134
f 468/468/468 1197/1197/1197 1176/1176/1176
f 1153/1153/1153 1150/1150/1150 1146/1146/1146
f 743/743/743 855/855/855 1142/1142/1142
f 29/29/29 1185/1185/1185 1149/1149/1149
f 29/29/29 855/855/855 1185/1185/1185
f 1199/1199/1199 727/727/727 1200/1200/1200
f 1055/1055/1055 30/30/30 29/29/29
f 1201/1201/1201 1202/1202/1202 1203/1203/1203
f 1204/1204/1204 1205/1205/1205 1206/1206/1206
f 403/403/403 1207/1207/1207 1183/1183/1183
f 469/469/469 1208/1208/1208 1209/1209/1209
f 1183/1183/1183 1207/1207/1207 1210/1210/1210
f 855/855/855 31/31/31 1142/1142/1142
f 1056/1056/1056 1211/1211/1211 1212/1212/1212
f 1213/1213/1213 1214/1214/1214 1215/1215/1215
f 29/29/29 31/31/31 855/855/855
f 1214/1214/1214 31/31/31 1215/1215/1215
f 403/403/403 1181/1181/1181 1207/1207/1207
f 1055/1055/1055 401/401/401 1183/1183/1183
f 877/877/877 357/357/357 1085/1085/1085
f 381/381/381 383/383/383 890/890/890
f 201/201/201 1216/1216/1216 1217/1217/1217
f 202/202/202 1218/1218/1218 203/203/203
f 881/881/881 1154/1154/1154 1155/1155/1155
f 474/474/474 1155/1155/1155 1154/1154/1154
f 896/896/896 1089/1089/1089 1087/1087/1087
f 775/775/775 891/891/891 1089/1089/1089
f 1095/1095/1095 1219/1219/1219 1220/1220/1220
f 1102/1102/1102 1018/1018/1018 1020/1020/1020
f 1221/1221/1221 946/946/946 1193/1193/1193
f 1222/1222/1222 259/259/259 1223/1223/1223
f 1220/1220/1220 1018/1018/1018 1096/1096/1096
f 1224/1224/1224 1225/1225/1225 1226/1226/1226
f 1219/1219/1219 1019/1019/1019 1220/1220/1220
f 1090/1090/1090 1159/1159/1159 1024/1024/1024
f 1024/1024/1024 1095/1095/1095 1025/1025/1025
f 1095/1095/1095 1192/1192/1192 1219/1219/1219
f 1093/1093/1093 1159/1159/1159 1158/1158/1158
f 1024/1024/1024 1159/1159/1159 1192/1192/1192
f 1227/1227/1227 1219/1219/1219 1192/1192/1192
f 1228/1228/1228 1219/1219/1219 1229/1229/1229
f 1018/1018/1018 1220/1220/1220 1019/1019/1019
f 1096/1096/1096 1095/1095/1095 1220/1220/1220
f 1102/1102/1102 1020/1020/1020 1103/1103/1103
f 1106/1106/1106 1102/1102/1102 1098/1098/1098
f 1224/1224/1224 1230/1230/1230 1228/1228/1228
f 1099/1099/1099 1098/1098/1098 138/138/138
f 1098/1098/1098 1104/1104/1104 1106/1106/1106
f 1098/1098/1098 1223/1223/1223 138/138/138
f 1019/1019/1019 1231/1231/1231 1020/1020/1020
f 1098/1098/1098 1103/1103/1103 1223/1223/1223
f 1101/1101/1101 1021/1021/1021 1106/1106/1106
f 1022/1022/1022 1021/1021/1021 957/957/957
f 814/814/814 821/821/821 1232/1232/1232
f 817/817/817 801/801/801 946/946/946
f 800/800/800 1233/1233/1233 1193/1193/1193
f 1234/1234/1234 944/944/944 1221/1221/1221
f 1039/1039/1039 964/964/964 1042/1042/1042
f 964/964/964 1038/1038/1038 914/914/914
f 255/255/255 427/427/427 724/724/724
f 427/427/427 723/723/723 428/428/428
f 428/428/428 722/722/722 436/436/436
f 435/435/435 429/429/429 428/428/428
f 630/630/630 490/490/490 1235/1235/1235
f 436/436/436 54/54/54 634/634/634
f 630/630/630 1235/1235/1235 436/436/436
f 54/54/54 491/491/491 443/443/443
f 111/111/111 1235/1235/1235 490/490/490
f 436/436/436 1235/1235/1235 54/54/54
f 248/248/248 722/722/722 723/723/723
f 630/630/630 436/436/436 722/722/722
f 54/54/54 53/53/53 634/634/634
f 53/53/53 451/451/451 206/206/206
f 54/54/54 1235/1235/1235 491/491/491
f 111/111/111 491/491/491 1235/1235/1235
f 53/53/53 1236/1236/1236 634/634/634
f 835/835/835 208/208/208 1195/1195/1195
f 207/207/207 206/206/206 50/50/50
f 206/206/206 1194/1194/1194 1236/1236/1236
f 207/207/207 50/50/50 49/49/49
f 207/207/207 1195/1195/1195 208/208/208
f 1061/1061/1061 833/833/833 1060/1060/1060
f 208/208/208 835/835/835 834/834/834
f 1060/1060/1060 1237/1237/1237 1062/1062/1062
f 1120/1120/1120 429/429/429 1037/1037/1037
f 516/516/516 835/835/835 1195/1195/1195
f 224/224/224 835/835/835 225/225/225
f 1194/1194/1194 1035/1035/1035 435/435/435
f 1036/1036/1036 1035/1035/1035 834/834/834
f 833/833/833 1036/1036/1036 834/834/834
f 1061/1061/1061 1120/1120/1120 1037/1037/1037
f 835/835/835 516/516/516 225/225/225
f 621/621/621 516/516/516 1195/1195/1195
f 1184/1184/1184 1151/1151/1151 1150/1150/1150
f 855/855/855 1151/1151/1151 1185/1185/1185
f 29/29/29 1149/1149/1149 1055/1055/1055
f 1184/1184/1184 1150/1150/1150 1153/1153/1153
f 1238/1238/1238 1239/1239/1239 351/351/351
f 351/351/351 350/350/350 1009/1009/1009
f 1148/1148/1148 1153/1153/1153 1146/1146/1146
f 1238/1238/1238 1008/1008/1008 1184/1184/1184
f 1149/1149/1149 1185/1185/1185 1184/1184/1184
f 1009/1009/1009 1008/1008/1008 1238/1238/1238
f 1238/1238/1238 1184/1184/1184 1153/1153/1153
f 1149/1149/1149 1184/1184/1184 1008/1008/1008
f 1009/1009/1009 1238/1238/1238 351/351/351
f 401/401/401 1009/1009/1009 534/534/534
f 1153/1153/1153 1152/1152/1152 1238/1238/1238
f 745/745/745 732/732/732 528/528/528
f 532/532/532 350/350/350 349/349/349
f 534/534/534 1009/1009/1009 350/350/350
f 1239/1239/1239 1152/1152/1152 933/933/933
f 1239/1239/1239 1010/1010/1010 745/745/745
f 349/349/349 351/351/351 745/745/745
f 1239/1239/1239 745/745/745 351/351/351
f 889/889/889 359/359/359 358/358/358
f 1085/1085/1085 357/357/357 359/359/359
f 888/888/888 1012/1012/1012 890/890/890
f 1240/1240/1240 1189/1189/1189 1013/1013/1013
f 358/358/358 1190/1190/1190 880/880/880
f 1241/1241/1241 374/374/374 201/201/201
f 1242/1242/1242 257/257/257 1243/1243/1243
f 1244/1244/1244 139/139/139 257/257/257
f 1245/1245/1245 1246/1246/1246 1247/1247/1247
f 1248/1248/1248 1249/1249/1249 1250/1250/1250
f 903/903/903 1028/1028/1028 951/951/951
f 948/948/948 953/953/953 1251/1251/1251
f 258/258/258 138/138/138 1223/1223/1223
f 959/959/959 1252/1252/1252 960/960/960
f 805/805/805 945/945/945 1253/1253/1253
f 817/817/817 945/945/945 804/804/804
f 165/165/165 1254/1254/1254 163/163/163
f 1234/1234/1234 1253/1253/1253 944/944/944
f 206/206/206 1236/1236/1236 53/53/53
f 1194/1194/1194 634/634/634 1236/1236/1236
f 834/834/834 1194/1194/1194 208/208/208
f 208/208/208 1194/1194/1194 206/206/206
f 1116/1116/1116 1255/1255/1255 1256/1256/1256
f 1257/1257/1257 1118/1118/1118 1120/1120/1120
f 1120/1120/1120 1118/1118/1118 1064/1064/1064
f 1257/1257/1257 1237/1237/1237 1255/1255/1255
f 1035/1035/1035 1037/1037/1037 429/429/429
f 1061/1061/1061 1037/1037/1037 1036/1036/1036
f 933/933/933 1152/1152/1152 1148/1148/1148
f 1238/1238/1238 1152/1152/1152 1239/1239/1239
f 1011/1011/1011 933/933/933 1148/1148/1148
f 934/934/934 741/741/741 932/932/932
f 890/890/890 357/357/357 381/381/381
f 888/888/888 890/890/890 885/885/885
f 886/886/886 888/888/888 885/885/885
f 1258/1258/1258 888/888/888 887/887/887
f 1190/1190/1190 358/358/358 1013/1013/1013
f 880/880/880 376/376/376 375/375/375
f 888/888/888 1258/1258/1258 1012/1012/1012
f 376/376/376 1190/1190/1190 1216/1216/1216
f 273/273/273 1259/1259/1259 1187/1187/1187
f 1216/1216/1216 201/201/201 374/374/374
f 1260/1260/1260 1190/1190/1190 1189/1189/1189
f 1216/1216/1216 1260/1260/1260 1217/1217/1217
f 1012/1012/1012 1258/1258/1258 1240/1240/1240
f 1188/1188/1188 1217/1217/1217 1260/1260/1260
f 1259/1259/1259 1217/1217/1217 1188/1188/1188
f 1259/1259/1259 1218/1218/1218 1217/1217/1217
f 1086/1086/1086 779/779/779 940/940/940
f 1189/1189/1189 1240/1240/1240 1188/1188/1188
f 1012/1012/1012 1240/1240/1240 1013/1013/1013
f 1188/1188/1188 1240/1240/1240 778/778/778
f 1103/1103/1103 1261/1261/1261 1223/1223/1223
f 1243/1243/1243 1262/1262/1262 1263/1263/1263
f 1264/1264/1264 1265/1265/1265 1266/1266/1266
f 1165/1165/1165 1267/1267/1267 1163/1163/1163
f 1097/1097/1097 959/959/959 952/952/952
f 904/904/904 101/101/101 1107/1107/1107
f 959/959/959 1097/1097/1097 1099/1099/1099
f 1268/1268/1268 953/953/953 960/960/960
f 800/800/800 1193/1193/1193 801/801/801
f 1269/1269/1269 1233/1233/1233 1270/1270/1270
f 801/801/801 1232/1232/1232 537/537/537
f 163/163/163 1254/1254/1254 1271/1271/1271
f 1272/1272/1272 1221/1221/1221 1269/1269/1269
f 808/808/808 1273/1273/1273 1227/1227/1227
f 1233/1233/1233 1221/1221/1221 1193/1193/1193
f 1221/1221/1221 1272/1272/1272 1234/1234/1234
f 1237/1237/1237 1060/1060/1060 1122/1122/1122
f 1120/1120/1120 1062/1062/1062 1257/1257/1257
f 1138/1138/1138 1011/1011/1011 1148/1148/1148
f 738/738/738 1011/1011/1011 1139/1139/1139
f 733/733/733 732/732/732 932/932/932
f 732/732/732 745/745/745 1010/1010/1010
f 1190/1190/1190 1260/1260/1260 1216/1216/1216
f 1188/1188/1188 1260/1260/1260 1189/1189/1189
f 273/273/273 1187/1187/1187 265/265/265
f 275/275/275 1274/1274/1274 1275/1275/1275
f 779/779/779 1258/1258/1258 887/887/887
f 1240/1240/1240 1258/1258/1258 778/778/778
f 139/139/139 138/138/138 258/258/258
f 1243/1243/1243 257/257/257 1276/1276/1276
f 1223/1223/1223 1261/1261/1261 1222/1222/1222
f 139/139/139 258/258/258 257/257/257
f 1277/1277/1277 1276/1276/1276 1222/1222/1222
f 1278/1278/1278 1279/1279/1279 1242/1242/1242
f 1262/1262/1262 1243/1243/1243 1276/1276/1276
f 1243/1243/1243 1263/1263/1263 1242/1242/1242
f 1244/1244/1244 1280/1280/1280 139/139/139
f 137/137/137 1280/1280/1280 1167/1167/1167
f 1268/1268/1268 1165/1165/1165 1281/1281/1281
f 1268/1268/1268 1281/1281/1281 1282/1282/1282
f 1251/1251/1251 1282/1282/1282 1107/1107/1107
f 947/947/947 953/953/953 948/948/948
f 163/163/163 1271/1271/1271 800/800/800
f 1283/1283/1283 1284/1284/1284 1285/1285/1285
f 1272/1272/1272 1286/1286/1286 1234/1234/1234
f 1287/1287/1287 1026/1026/1026 809/809/809
f 933/933/933 1010/1010/1010 1239/1239/1239
f 732/732/732 1010/1010/1010 932/932/932
f 1187/1187/1187 1259/1259/1259 1188/1188/1188
f 1275/1275/1275 1288/1288/1288 1289/1289/1289
f 1186/1186/1186 1188/1188/1188 778/778/778
f 1187/1187/1187 263/263/263 265/265/265
f 1258/1258/1258 779/779/779 778/778/778
f 1187/1187/1187 1186/1186/1186 780/780/780
f 1290/1290/1290 943/943/943 1088/1088/1088
f 1187/1187/1187 780/780/780 263/263/263
f 1291/1291/1291 85/85/85 1292/1292/1292
f 410/410/410 1293/1293/1293 264/264/264
f 657/657/657 935/935/935 781/781/781
f 1294/1294/1294 1295/1295/1295 1296/1296/1296
f 263/263/263 1297/1297/1297 411/411/411
f 1293/1293/1293 410/410/410 1298/1298/1298
f 780/780/780 1297/1297/1297 263/263/263
f 1293/1293/1293 1299/1299/1299 274/274/274
f 943/943/943 1290/1290/1290 1086/1086/1086
f 1300/1300/1300 1290/1290/1290 1301/1301/1301
f 263/263/263 411/411/411 264/264/264
f 411/411/411 1300/1300/1300 409/409/409
f 1301/1301/1301 1302/1302/1302 1303/1303/1303
f 84/84/84 83/83/83 782/782/782
f 1304/1304/1304 1218/1218/1218 1288/1288/1288
f 374/374/374 376/376/376 1216/1216/1216
f 1289/1289/1289 1259/1259/1259 273/273/273
f 1218/1218/1218 1304/1304/1304 203/203/203
f 137/137/137 959/959/959 1099/1099/1099
f 959/959/959 1167/1167/1167 1252/1252/1252
f 138/138/138 137/137/137 1099/1099/1099
f 1280/1280/1280 137/137/137 139/139/139
f 1305/1305/1305 1280/1280/1280 1244/1244/1244
f 1280/1280/1280 1267/1267/1267 1252/1252/1252
f 1306/1306/1306 1307/1307/1307 1308/1308/1308
f 1108/1108/1108 984/984/984 983/983/983
f 1309/1309/1309 1267/1267/1267 1280/1280/1280
f 1267/1267/1267 1310/1310/1310 1163/1163/1163
f 1266/1266/1266 1242/1242/1242 1279/1279/1279
f 1265/1265/1265 1311/1311/1311 1305/1305/1305
f 1251/1251/1251 908/908/908 948/948/948
f 1107/1107/1107 1282/1282/1282 1162/1162/1162
f 1282/1282/1282 1251/1251/1251 953/953/953
f 908/908/908 1251/1251/1251 1107/1107/1107
f 1233/1233/1233 1269/1269/1269 1221/1221/1221
f 807/807/807 1269/1269/1269 1284/1284/1284
f 945/945/945 944/944/944 1253/1253/1253
f 1221/1221/1221 944/944/944 946/946/946
f 1286/1286/1286 806/806/806 1094/1094/1094
f 898/898/898 897/897/897 681/681/681
f 778/778/778 780/780/780 1186/1186/1186
f 1297/1297/1297 780/780/780 1086/1086/1086
f 1290/1290/1290 1297/1297/1297 1086/1086/1086
f 1297/1297/1297 1300/1300/1300 411/411/411
f 265/265/265 274/274/274 273/273/273
f 1312/1312/1312 1313/1313/1313 1314/1314/1314
f 1315/1315/1315 203/203/203 1304/1304/1304
f 201/201/201 203/203/203 1241/1241/1241
f 1165/1165/1165 1164/1164/1164 1281/1281/1281
f 1252/1252/1252 1165/1165/1165 960/960/960
f 1281/1281/1281 1164/1164/1164 1316/1316/1316
f 1282/1282/1282 1281/1281/1281 1162/1162/1162
f 953/953/953 1268/1268/1268 1282/1282/1282
f 1165/1165/1165 1268/1268/1268 960/960/960
f 1317/1317/1317 1318/1318/1318 1319/1319/1319
f 393/393/393 392/392/392 1166/1166/1166
f 1281/1281/1281 1320/1320/1320 1162/1162/1162
f 1166/1166/1166 392/392/392 1321/1321/1321
f 1028/1028/1028 392/392/392 394/394/394
f 1321/1321/1321 392/392/392 902/902/902
f 1322/1322/1322 1323/1323/1323 1324/1324/1324
f 1316/1316/1316 1325/1325/1325 1321/1321/1321
f 904/904/904 903/903/903 951/951/951
f 392/392/392 903/903/903 902/902/902
f 1320/1320/1320 1281/1281/1281 1316/1316/1316
f 1162/1162/1162 902/902/902 904/904/904
f 902/902/902 1162/1162/1162 1320/1320/1320
f 1166/1166/1166 1321/1321/1321 1325/1325/1325
f 251/251/251 1166/1166/1166 1325/1325/1325
f 1108/1108/1108 1326/1326/1326 1110/1110/1110
f 1317/1317/1317 1029/1029/1029 1327/1327/1327
f 984/984/984 1108/1108/1108 1110/1110/1110
f 1043/1043/1043 1328/1328/1328 1329/1329/1329
f 1100/1100/1100 1330/1330/1330 1040/1040/1040
f 1322/1322/1322 1331/1331/1331 1332/1332/1332
f 1333/1333/1333 1334/1334/1334 1335/1335/1335
f 954/954/954 983/983/983 955/955/955
f 1336/1336/1336 1326/1326/1326 1335/1335/1335
f 1317/1317/1317 1331/1331/1331 1337/1337/1337
f 1338/1338/1338 252/252/252 1334/1334/1334
f 956/956/956 955/955/955 1034/1034/1034
f 1108/1108/1108 954/954/954 1329/1329/1329
f 1330/1330/1330 1160/1160/1160 1040/1040/1040
f 1328/1328/1328 1160/1160/1160 1330/1330/1330
f 1328/1328/1328 1333/1333/1333 1329/1329/1329
f 1330/1330/1330 393/393/393 250/250/250
f 393/393/393 1330/1330/1330 1100/1100/1100
f 1328/1328/1328 1330/1330/1330 1338/1338/1338
f 252/252/252 1029/1029/1029 1334/1334/1334
f 252/252/252 1338/1338/1338 250/250/250
f 1029/1029/1029 1319/1319/1319 1334/1334/1334
f 1339/1339/1339 1110/1110/1110 1326/1326/1326
f 250/250/250 1166/1166/1166 251/251/251
f 1338/1338/1338 1330/1330/1330 250/250/250
f 1333/1333/1333 1328/1328/1328 1338/1338/1338
f 1328/1328/1328 1043/1043/1043 1160/1160/1160
f 1334/1334/1334 1333/1333/1333 1338/1338/1338
f 1333/1333/1333 1340/1340/1340 1329/1329/1329
f 1108/1108/1108 1329/1329/1329 1340/1340/1340
f 954/954/954 1043/1043/1043 1329/1329/1329
f 1042/1042/1042 1161/1161/1161 1043/1043/1043
f 1041/1041/1041 1161/1161/1161 1042/1042/1042
f 1280/1280/1280 1252/1252/1252 1167/1167/1167
f 1165/1165/1165 1252/1252/1252 1267/1267/1267
f 1331/1331/1331 1324/1324/1324 1341/1341/1341
f 1342/1342/1342 1343/1343/1343 1323/1323/1323
f 1280/1280/1280 1305/1305/1305 1309/1309/1309
f 1305/1305/1305 1311/1311/1311 1310/1310/1310
f 806/806/806 1286/1286/1286 1272/1272/1272
f 1287/1287/1287 1286/1286/1286 1094/1094/1094
f 1289/1289/1289 1288/1288/1288 1218/1218/1218
f 1344/1344/1344 1288/1288/1288 1275/1275/1275
f 1259/1259/1259 1289/1289/1289 1218/1218/1218
f 275/275/275 1289/1289/1289 273/273/273
f 1345/1345/1345 1346/1346/1346 1347/1347/1347
f 1313/1313/1313 1348/1348/1348 1296/1296/1296
f 265/265/265 1293/1293/1293 274/274/274
f 1275/1275/1275 1289/1289/1289 275/275/275
f 1293/1293/1293 265/265/265 264/264/264
f 274/274/274 1299/1299/1299 275/275/275
f 1348/1348/1348 1299/1299/1299 1349/1349/1349
f 275/275/275 1299/1299/1299 1348/1348/1348
f 1157/1157/1157 1350/1350/1350 1298/1298/1298
f 1299/1299/1299 1293/1293/1293 1349/1349/1349
f 1351/1351/1351 1313/1313/1313 1295/1295/1295
f 1312/1312/1312 1274/1274/1274 1348/1348/1348
f 1345/1345/1345 1347/1347/1347 1352/1352/1352
f 1349/1349/1349 1296/1296/1296 1348/1348/1348
f 1298/1298/1298 1349/1349/1349 1293/1293/1293
f 1346/1346/1346 1353/1353/1353 1354/1354/1354
f 1355/1355/1355 1356/1356/1356 1357/1357/1357
f 1304/1304/1304 1288/1288/1288 1344/1344/1344
f 1157/1157/1157 1298/1298/1298 410/410/410
f 1349/1349/1349 1298/1298/1298 1350/1350/1350
f 409/409/409 1157/1157/1157 410/410/410
f 1350/1350/1350 1157/1157/1157 1347/1347/1347
f 1354/1354/1354 1294/1294/1294 1349/1349/1349
f 1275/1275/1275 1274/1274/1274 1344/1344/1344
f 1294/1294/1294 1358/1358/1358 1295/1295/1295
f 1313/1313/1313 1351/1351/1351 1314/1314/1314
f 1359/1359/1359 1314/1314/1314 1360/1360/1360
f 1361/1361/1361 1314/1314/1314 1359/1359/1359
f 1348/1348/1348 1274/1274/1274 275/275/275
f 1274/1274/1274 1361/1361/1361 1344/1344/1344
f 1362/1362/1362 1363/1363/1363 1360/1360/1360
f 1312/1312/1312 1361/1361/1361 1274/1274/1274
f 1359/1359/1359 1364/1364/1364 1361/1361/1361
f 1365/1365/1365 1366/1366/1366 1367/1367/1367
f 1368/1368/1368 1369/1369/1369 1370/1370/1370
f 1371/1371/1371 1372/1372/1372 1373/1373/1373
f 1360/1360/1360 1314/1314/1314 1351/1351/1351
f 1374/1374/1374 1375/1375/1375 1370/1370/1370
f 201/201/201 1217/1217/1217 202/202/202
f 1218/1218/1218 202/202/202 1217/1217/1217
f 1376/1376/1376 1304/1304/1304 1344/1344/1344
f 1377/1377/1377 1378/1378/1378 1379/1379/1379
f 1376/1376/1376 1365/1365/1365 1315/1315/1315
f 1380/1380/1380 1381/1381/1381 1378/1378/1378
f 1316/1316/1316 1321/1321/1321 1320/1320/1320
f 902/902/902 1320/1320/1320 1321/1321/1321
f 1382/1382/1382 1339/1339/1339 1336/1336/1336
f 1383/1383/1383 1169/1169/1169 1045/1045/1045
f 1029/1029/1029 251/251/251 1327/1327/1327
f 1384/1384/1384 1319/1319/1319 1385/1385/1385
f 1386/1386/1386 1387/1387/1387 1388/1388/1388
f 1385/1385/1385 1319/1319/1319 1318/1318/1318
f 1389/1389/1389 1390/1390/1390 1391/1391/1391
f 1390/1390/1390 1356/1356/1356 1355/1355/1355
f 1332/1332/1332 1392/1392/1392 1393/1393/1393
f 1325/1325/1325 1316/1316/1316 1393/1393/1393
f 1317/1317/1317 1319/1319/1319 1029/1029/1029
f 1394/1394/1394 1395/1395/1395 1396/1396/1396
f 1392/1392/1392 251/251/251 1325/1325/1325
f 1317/1317/1317 1327/1327/1327 1332/1332/1332
f 1331/1331/1331 1317/1317/1317 1332/1332/1332
f 1317/1317/1317 1396/1396/1396 1318/1318/1318
f 1327/1327/1327 1392/1392/1392 1332/1332/1332
f 1331/1331/1331 1307/1307/1307 1337/1337/1337
f 1311/1311/1311 1343/1343/1343 1342/1342/1342
f 1397/1397/1397 1250/1250/1250 1308/1308/1308
f 1040/1040/1040 1161/1161/1161 1041/1041/1041
f 1043/1043/1043 1161/1161/1161 1160/1160/1160
f 1310/1310/1310 1267/1267/1267 1309/1309/1309
f 1323/1323/1323 1163/1163/1163 1342/1342/1342
f 1313/1313/1313 1312/1312/1312 1348/1348/1348
f 1361/1361/1361 1312/1312/1312 1314/1314/1314
f 1398/1398/1398 1376/1376/1376 1344/1344/1344
f 1376/1376/1376 1372/1372/1372 1399/1399/1399
f 203/203/203 1315/1315/1315 1367/1367/1367
f 1241/1241/1241 1400/1400/1400 374/374/374
f 1400/1400/1400 1401/1401/1401 374/374/374
f 1016/1016/1016 881/881/881 1191/1191/1191
f 1326/1326/1326 1108/1108/1108 1340/1340/1340
f 1402/1402/1402 1389/1389/1389 1403/1403/1403
f 1384/1384/1384 1334/1334/1334 1319/1319/1319
f 1336/1336/1336 1384/1384/1384 1382/1382/1382
f 1382/1382/1382 1384/1384/1384 1385/1385/1385
f 1384/1384/1384 1336/1336/1336 1335/1335/1335
f 1323/1323/1323 1316/1316/1316 1164/1164/1164
f 1331/1331/1331 1322/1322/1322 1324/1324/1324
f 1404/1404/1404 1405/1405/1405 1406/1406/1406
f 1241/1241/1241 1367/1367/1367 1400/1400/1400
f 203/203/203 1367/1367/1367 1241/1241/1241
f 1365/1365/1365 1399/1399/1399 1405/1405/1405
f 1378/1378/1378 1366/1366/1366 1404/1404/1404
f 1367/1367/1367 1366/1366/1366 1407/1407/1407
f 1361/1361/1361 1364/1364/1364 1398/1398/1398
f 1365/1365/1365 1376/1376/1376 1399/1399/1399
f 1375/1375/1375 1374/1374/1374 1408/1408/1408
f 1404/1404/1404 1406/1406/1406 1379/1379/1379
f 1409/1409/1409 1364/1364/1364 1359/1359/1359
f 1398/1398/1398 1364/1364/1364 1408/1408/1408
f 1398/1398/1398 1408/1408/1408 1372/1372/1372
f 1361/1361/1361 1398/1398/1398 1344/1344/1344
f 1398/1398/1398 1372/1372/1372 1376/1376/1376
f 1373/1373/1373 1372/1372/1372 1408/1408/1408
f 1410/1410/1410 1401/1401/1401 1400/1400/1400
f 1411/1411/1411 1401/1401/1401 1412/1412/1412
f 1411/1411/1411 374/374/374 1401/1401/1401
f 1411/1411/1411 1014/1014/1014 1191/1191/1191
f 1412/1412/1412 1413/1413/1413 1014/1014/1014
f 1411/1411/1411 1191/1191/1191 375/375/375
f 1335/1335/1335 1326/1326/1326 1340/1340/1340
f 1339/1339/1339 1326/1326/1326 1336/1336/1336
f 1389/1389/1389 1339/1339/1339 1382/1382/1382
f 1414/1414/1414 1415/1415/1415 1416/1416/1416
f 1333/1333/1333 1335/1335/1335 1340/1340/1340
f 1384/1384/1384 1335/1335/1335 1334/1334/1334
f 1385/1385/1385 1395/1395/1395 1390/1390/1390
f 1417/1417/1417 1109/1109/1109 1418/1418/1418
f 1389/1389/1389 1382/1382/1382 1390/1390/1390
f 1419/1419/1419 1420/1420/1420 1421/1421/1421
f 1390/1390/1390 1382/1382/1382 1385/1385/1385
f 1403/1403/1403 1389/1389/1389 1422/1422/1422
f 251/251/251 1392/1392/1392 1327/1327/1327
f 1325/1325/1325 1393/1393/1393 1392/1392/1392
f 1332/1332/1332 1393/1393/1393 1322/1322/1322
f 1322/1322/1322 1393/1393/1393 1323/1323/1323
f 1316/1316/1316 1323/1323/1323 1393/1393/1393
f 1163/1163/1163 1323/1323/1323 1164/1164/1164
f 1376/1376/1376 1315/1315/1315 1304/1304/1304
f 1367/1367/1367 1315/1315/1315 1365/1365/1365
f 1411/1411/1411 375/375/375 374/374/374
f 880/880/880 375/375/375 1191/1191/1191
f 1418/1418/1418 1110/1110/1110 1339/1339/1339
f 1417/1417/1417 1423/1423/1423 1383/1383/1383
f 1306/1306/1306 1308/1308/1308 1424/1424/1424
f 1425/1425/1425 1426/1426/1426 1427/1427/1427
f 1396/1396/1396 1395/1395/1395 1318/1318/1318
f 1390/1390/1390 1355/1355/1355 1391/1391/1391
f 1306/1306/1306 1394/1394/1394 1337/1337/1337
f 1395/1395/1395 1394/1394/1394 1356/1356/1356
f 1357/1357/1357 1428/1428/1428 1355/1355/1355
f 1389/1389/1389 1391/1391/1391 1422/1422/1422
f 1318/1318/1318 1395/1395/1395 1385/1385/1385
f 1356/1356/1356 1390/1390/1390 1395/1395/1395
f 1429/1429/1429 1430/1430/1430 1431/1431/1431
f 1432/1432/1432 1417/1417/1417 1418/1418/1418
f 1418/1418/1418 1109/1109/1109 1110/1110/1110
f 1045/1045/1045 1109/1109/1109 1417/1417/1417
f 1402/1402/1402 1339/1339/1339 1389/1389/1389
f 1419/1419/1419 1432/1432/1432 1403/1403/1403
f 1397/1397/1397 1388/1388/1388 1250/1250/1250
f 1433/1433/1433 1434/1434/1434 1435/1435/1435
f 1432/1432/1432 1402/1402/1402 1403/1403/1403
f 1339/1339/1339 1402/1402/1402 1418/1418/1418
f 1432/1432/1432 1419/1419/1419 1423/1423/1423
f 1402/1402/1402 1432/1432/1432 1418/1418/1418
f 1337/1337/1337 1394/1394/1394 1396/1396/1396
f 1306/1306/1306 1356/1356/1356 1394/1394/1394
f 1337/1337/1337 1396/1396/1396 1317/1317/1317
f 1307/1307/1307 1306/1306/1306 1337/1337/1337
f 1386/1386/1386 1436/1436/1436 1437/1437/1437
f 1437/1437/1437 1438/1438/1438 1387/1387/1387
f 1307/1307/1307 1341/1341/1341 1397/1397/1397
f 1388/1388/1388 1387/1387/1387 1250/1250/1250
f 1397/1397/1397 1341/1341/1341 1439/1439/1439
f 1249/1249/1249 1308/1308/1308 1250/1250/1250
f 1440/1440/1440 1324/1324/1324 1343/1343/1343
f 1441/1441/1441 1388/1388/1388 1397/1397/1397
f 1307/1307/1307 1397/1397/1397 1308/1308/1308
f 1441/1441/1441 1440/1440/1440 1442/1442/1442
f 1441/1441/1441 1443/1443/1443 1388/1388/1388
f 1444/1444/1444 1245/1245/1245 1443/1443/1443
f 1441/1441/1441 1397/1397/1397 1439/1439/1439
f 1386/1386/1386 1388/1388/1388 1443/1443/1443
f 1445/1445/1445 1444/1444/1444 1443/1443/1443
f 1386/1386/1386 1437/1437/1437 1387/1387/1387
f 1446/1446/1446 1447/1447/1447 1448/1448/1448
f 1449/1449/1449 1450/1450/1450 1424/1424/1424
f 1373/1373/1373 1451/1451/1451 1452/1452/1452
f 1453/1453/1453 1454/1454/1454 1362/1362/1362
f 1455/1455/1455 1456/1456/1456 1457/1457/1457
f 1434/1434/1434 1458/1458/1458 1459/1459/1459
f 1460/1460/1460 1201/1201/1201 1461/1461/1461
f 1456/1456/1456 1462/1462/1462 1463/1463/1463
f 1450/1450/1450 1357/1357/1357 1306/1306/1306
f 1464/1464/1464 1428/1428/1428 1450/1450/1450
f 1248/1248/1248 1250/1250/1250 1387/1387/1387
f 1449/1449/1449 1249/1249/1249 1465/1465/1465
f 1466/1466/1466 1437/1437/1437 1467/1467/1467
f 1455/1455/1455 1468/1468/1468 1469/1469/1469
f 1306/1306/1306 1357/1357/1357 1356/1356/1356
f 1428/1428/1428 1357/1357/1357 1450/1450/1450
f 1387/1387/1387 1438/1438/1438 1457/1457/1457
f 1249/1249/1249 1248/1248/1248 1470/1470/1470
f 1464/1464/1464 1449/1449/1449 1465/1465/1465
f 1424/1424/1424 1450/1450/1450 1306/1306/1306
f 1308/1308/1308 1249/1249/1249 1424/1424/1424
f 1449/1449/1449 1424/1424/1424 1249/1249/1249
f 1466/1466/1466 1438/1438/1438 1437/1437/1437
f 1457/1457/1457 1438/1438/1438 1468/1468/1468
f 583/583/583 799/799/799 898/898/898
f 1471/1471/1471 1472/1472/1472 897/897/897
f 1473/1473/1473 950/950/950 812/812/812
f 810/810/810 820/820/820 805/805/805
f 583/583/583 898/898/898 579/579/579
f 330/330/330 583/583/583 683/683/683
f 810/810/810 809/809/809 1027/1027/1027
f 898/898/898 799/799/799 899/899/899
f 809/809/809 805/805/805 1253/1253/1253
f 810/810/810 1027/1027/1027 812/812/812
f 1234/1234/1234 1287/1287/1287 1253/1253/1253
f 1287/1287/1287 1094/1094/1094 1474/1474/1474
f 899/899/899 812/812/812 1027/1027/1027
f 504/504/504 1473/1473/1473 799/799/799
f 1158/1158/1158 1475/1475/1475 1094/1094/1094
f 1090/1090/1090 1476/1476/1476 1158/1158/1158
f 809/809/809 1253/1253/1253 1287/1287/1287
f 1026/1026/1026 1474/1474/1474 1471/1471/1471
f 1287/1287/1287 1234/1234/1234 1286/1286/1286
f 1474/1474/1474 1026/1026/1026 1287/1287/1287
f 812/812/812 899/899/899 799/799/799
f 1027/1027/1027 1026/1026/1026 1471/1471/1471
f 810/810/810 811/811/811 820/820/820
f 950/950/950 811/811/811 812/812/812
f 950/950/950 1473/1473/1473 504/504/504
f 812/812/812 799/799/799 1473/1473/1473
f 1475/1475/1475 1476/1476/1476 1477/1477/1477
f 1092/1092/1092 598/598/598 682/682/682
f 1091/1091/1091 1476/1476/1476 1090/1090/1090
f 1476/1476/1476 1092/1092/1092 1477/1477/1477
f 1471/1471/1471 897/897/897 899/899/899
f 681/681/681 897/897/897 1472/1472/1472
f 1471/1471/1471 899/899/899 1027/1027/1027
f 1471/1471/1471 1474/1474/1474 1477/1477/1477
f 681/681/681 1472/1472/1472 682/682/682
f 681/681/681 580/580/580 579/579/579
f 1472/1472/1472 1477/1477/1477 1092/1092/1092
f 682/682/682 597/597/597 679/679/679
f 1471/1471/1471 1477/1477/1477 1472/1472/1472
f 1475/1475/1475 1477/1477/1477 1474/1474/1474
f 1094/1094/1094 1475/1475/1475 1474/1474/1474
f 1476/1476/1476 1475/1475/1475 1158/1158/1158
f 1091/1091/1091 1092/1092/1092 1476/1476/1476
f 682/682/682 1472/1472/1472 1092/1092/1092
f 1124/1124/1124 1478/1478/1478 1125/1125/1125
f 706/706/706 629/629/629 1124/1124/1124
f 1479/1479/1479 1480/1480/1480 1481/1481/1481
f 703/703/703 611/611/611 659/659/659
f 1482/1482/1482 609/609/609 611/611/611
f 556/556/556 610/610/610 190/190/190
f 280/280/280 662/662/662 703/703/703
f 661/661/661 611/611/611 662/662/662
f 1482/1482/1482 661/661/661 1483/1483/1483
f 1484/1484/1484 1485/1485/1485 1486/1486/1486
f 659/659/659 611/611/611 610/610/610
f 661/661/661 1482/1482/1482 611/611/611
f 865/865/865 559/559/559 609/609/609
f 190/190/190 610/610/610 609/609/609
f 190/190/190 559/559/559 188/188/188
f 609/609/609 1487/1487/1487 865/865/865
f 1485/1485/1485 1488/1488/1488 1489/1489/1489
f 657/657/657 560/560/560 866/866/866
f 1490/1490/1490 1156/1156/1156 1491/1491/1491
f 84/84/84 782/782/782 781/781/781
f 84/84/84 935/935/935 1492/1492/1492
f 85/85/85 1492/1492/1492 1493/1493/1493
f 935/935/935 1494/1494/1494 1492/1492/1492
f 1484/1484/1484 1492/1492/1492 1485/1485/1485
f 1493/1493/1493 1484/1484/1484 1490/1490/1490
f 1301/1301/1301 1303/1303/1303 1300/1300/1300
f 935/935/935 866/866/866 1494/1494/1494
f 1493/1493/1493 1492/1492/1492 1484/1484/1484
f 1492/1492/1492 85/85/85 84/84/84
f 1291/1291/1291 1292/1292/1292 1302/1302/1302
f 1488/1488/1488 1485/1485/1485 1494/1494/1494
f 1495/1495/1495 1479/1479/1479 1496/1496/1496
f 1352/1352/1352 1484/1484/1484 1486/1486/1486
f 85/85/85 1493/1493/1493 1292/1292/1292
f 1156/1156/1156 1490/1490/1490 1347/1347/1347
f 1292/1292/1292 1493/1493/1493 1490/1490/1490
f 1483/1483/1483 661/661/661 705/705/705
f 865/865/865 1487/1487/1487 1495/1495/1495
f 1497/1497/1497 1483/1483/1483 1498/1498/1498
f 1499/1499/1499 1487/1487/1487 1482/1482/1482
f 609/609/609 1482/1482/1482 1487/1487/1487
f 1499/1499/1499 1482/1482/1482 1483/1483/1483
f 1494/1494/1494 866/866/866 865/865/865
f 657/657/657 866/866/866 935/935/935
f 1488/1488/1488 1494/1494/1494 865/865/865
f 1492/1492/1492 1494/1494/1494 1485/1485/1485
f 865/865/865 1495/1495/1495 1488/1488/1488
f 1500/1500/1500 1501/1501/1501 1496/1496/1496
f 1346/1346/1346 1354/1354/1354 1350/1350/1350
f 1489/1489/1489 1486/1486/1486 1485/1485/1485
f 1495/1495/1495 1489/1489/1489 1488/1488/1488
f 1496/1496/1496 1501/1501/1501 1489/1489/1489
f 1157/1157/1157 1156/1156/1156 1347/1347/1347
f 1156/1156/1156 409/409/409 1491/1491/1491
f 706/706/706 661/661/661 280/280/280
f 1498/1498/1498 1483/1483/1483 705/705/705
f 453/453/453 1502/1502/1502 1171/1171/1171
f 1500/1500/1500 1496/1496/1496 1481/1481/1481
f 1495/1495/1495 1499/1499/1499 1479/1479/1479
f 1483/1483/1483 1497/1497/1497 1480/1480/1480
f 1481/1481/1481 1503/1503/1503 1500/1500/1500
f 1490/1490/1490 1352/1352/1352 1347/1347/1347
f 1501/1501/1501 1486/1486/1486 1489/1489/1489
f 1352/1352/1352 1486/1486/1486 1504/1504/1504
f 1498/1498/1498 1502/1502/1502 1505/1505/1505
f 1480/1480/1480 1497/1497/1497 1506/1506/1506
f 1480/1480/1480 1506/1506/1506 1481/1481/1481
f 1480/1480/1480 1479/1479/1479 1499/1499/1499
f 1506/1506/1506 421/421/421 1481/1481/1481
f 423/423/423 1507/1507/1507 421/421/421
f 1495/1495/1495 1496/1496/1496 1489/1489/1489
f 1481/1481/1481 1496/1496/1496 1479/1479/1479
f 1508/1508/1508 1501/1501/1501 1500/1500/1500
f 1486/1486/1486 1501/1501/1501 1504/1504/1504
f 1484/1484/1484 1352/1352/1352 1490/1490/1490
f 1345/1345/1345 1352/1352/1352 1509/1509/1509
f 1500/1500/1500 1503/1503/1503 1508/1508/1508
f 1510/1510/1510 1511/1511/1511 1512/1512/1512
f 1509/1509/1509 1352/1352/1352 1504/1504/1504
f 1346/1346/1346 1345/1345/1345 1513/1513/1513
f 1346/1346/1346 1513/1513/1513 1353/1353/1353
f 1347/1347/1347 1346/1346/1346 1350/1350/1350
f 1513/1513/1513 1509/1509/1509 1514/1514/1514
f 1515/1515/1515 1516/1516/1516 1358/1358/1358
f 1294/1294/1294 1354/1354/1354 1517/1517/1517
f 1349/1349/1349 1350/1350/1350 1354/1354/1354
f 1513/1513/1513 1514/1514/1514 1510/1510/1510
f 1354/1354/1354 1353/1353/1353 1517/1517/1517
f 1517/1517/1517 1353/1353/1353 1510/1510/1510
f 1518/1518/1518 1515/1515/1515 1358/1358/1358
f 1294/1294/1294 1517/1517/1517 1518/1518/1518
f 1349/1349/1349 1294/1294/1294 1296/1296/1296
f 1296/1296/1296 1295/1295/1295 1313/1313/1313
f 1295/1295/1295 1358/1358/1358 1516/1516/1516
f 421/421/421 1506/1506/1506 453/453/453
f 1507/1507/1507 1519/1519/1519 1503/1503/1503
f 453/453/453 1506/1506/1506 1505/1505/1505
f 1125/1125/1125 524/524/524 1123/1123/1123
f 1172/1172/1172 1520/1520/1520 422/422/422
f 1521/1521/1521 1520/1520/1520 1522/1522/1522
f 1505/1505/1505 1506/1506/1506 1497/1497/1497
f 422/422/422 453/453/453 1172/1172/1172
f 1498/1498/1498 706/706/706 1124/1124/1124
f 1502/1502/1502 1124/1124/1124 1126/1126/1126
f 1523/1523/1523 1520/1520/1520 1172/1172/1172
f 1524/1524/1524 1525/1525/1525 1526/1526/1526
f 1498/1498/1498 1505/1505/1505 1497/1497/1497
f 453/453/453 1505/1505/1505 1502/1502/1502
f 1527/1527/1527 1528/1528/1528 1529/1529/1529
f 1508/1508/1508 1504/1504/1504 1501/1501/1501
f 1507/1507/1507 1481/1481/1481 421/421/421
f 1508/1508/1508 1503/1503/1503 1519/1519/1519
f 1507/1507/1507 423/423/423 1527/1527/1527
f 1481/1481/1481 1507/1507/1507 1503/1503/1503
f 482/482/482 538/538/538 483/483/483
f 817/817/817 1232/1232/1232 801/801/801
f 814/814/814 1232/1232/1232 817/817/817
f 1232/1232/1232 816/816/816 537/537/537
f 816/816/816 815/815/815 538/538/538
f 800/800/800 537/537/537 163/163/163
f 537/537/537 164/164/164 163/163/163
f 537/537/537 816/816/816 538/538/538
f 825/825/825 1075/1075/1075 538/538/538
f 164/164/164 538/538/538 1075/1075/1075
f 1076/1076/1076 825/825/825 912/912/912
f 1075/1075/1075 825/825/825 1076/1076/1076
f 606/606/606 911/911/911 607/607/607
f 1074/1074/1074 606/606/606 1530/1530/1530
f 1530/1530/1530 606/606/606 1531/1531/1531
f 1532/1532/1532 1233/1233/1233 1271/1271/1271
f 164/164/164 1075/1075/1075 1074/1074/1074
f 1533/1533/1533 1534/1534/1534 1530/1530/1530
f 606/606/606 1074/1074/1074 1076/1076/1076
f 1530/1530/1530 165/165/165 1074/1074/1074
f 911/911/911 606/606/606 1076/1076/1076
f 606/606/606 608/608/608 1531/1531/1531
f 816/816/816 821/821/821 687/687/687
f 483/483/483 538/538/538 815/815/815
f 687/687/687 103/103/103 588/588/588
f 483/483/483 815/815/815 687/687/687
f 1077/1077/1077 911/911/911 913/913/913
f 1073/1073/1073 1173/1173/1173 1072/1072/1072
f 928/928/928 1077/1077/1077 1535/1535/1535
f 858/858/858 1070/1070/1070 1536/1536/1536
f 911/911/911 1077/1077/1077 607/607/607
f 1070/1070/1070 1173/1173/1173 1007/1007/1007
f 1068/1068/1068 1070/1070/1070 1069/1069/1069
f 1070/1070/1070 1007/1007/1007 1536/1536/1536
f 1003/1003/1003 1077/1077/1077 913/913/913
f 1002/1002/1002 1536/1536/1536 1535/1535/1535
f 1531/1531/1531 1537/1537/1537 1533/1533/1533
f 1006/1006/1006 1538/1538/1538 928/928/928
f 1173/1173/1173 1006/1006/1006 1007/1007/1007
f 1006/1006/1006 1073/1073/1073 1538/1538/1538
f 1538/1538/1538 1539/1539/1539 1540/1540/1540
f 1541/1541/1541 1542/1542/1542 1543/1543/1543
f 1068/1068/1068 1131/1131/1131 1072/1072/1072
f 1006/1006/1006 1173/1173/1173 1073/1073/1073
f 1535/1535/1535 1536/1536/1536 1007/1007/1007
f 858/858/858 1536/1536/1536 1002/1002/1002
f 928/928/928 1535/1535/1535 1007/1007/1007
f 1002/1002/1002 1535/1535/1535 1077/1077/1077
f 608/608/608 1538/1538/1538 1537/1537/1537
f 1530/1530/1530 1531/1531/1531 1533/1533/1533
f 1072/1072/1072 1132/1132/1132 497/497/497
f 1068/1068/1068 1072/1072/1072 1173/1173/1173
f 292/292/292 644/644/644 293/293/293
f 294/294/294 831/831/831 856/856/856
f 489/489/489 843/843/843 356/356/356
f 843/843/843 856/856/856 728/728/728
f 644/644/644 922/922/922 293/293/293
f 922/922/922 921/921/921 717/717/717
f 294/294/294 489/489/489 292/292/292
f 856/856/856 843/843/843 845/845/845
f 856/856/856 831/831/831 1058/1058/1058
f 727/727/727 728/728/728 1057/1057/1057
f 1200/1200/1200 1057/1057/1057 1180/1180/1180
f 513/513/513 515/515/515 1199/1199/1199
f 843/843/843 515/515/515 846/846/846
f 1199/1199/1199 515/515/515 727/727/727
f 530/530/530 922/922/922 644/644/644
f 921/921/921 718/718/718 717/717/717
f 716/716/716 719/719/719 717/717/717
f 293/293/293 922/922/922 717/717/717
f 364/364/364 718/718/718 921/921/921
f 718/718/718 1049/1049/1049 847/847/847
f 848/848/848 720/720/720 719/719/719
f 728/728/728 1058/1058/1058 1057/1057/1057
f 1182/1182/1182 1115/1115/1115 1544/1544/1544
f 721/721/721 1058/1058/1058 830/830/830
f 856/856/856 1058/1058/1058 728/728/728
f 830/830/830 719/719/719 721/721/721
f 1115/1115/1115 1182/1182/1182 720/720/720
f 721/721/721 720/720/720 1182/1182/1182
f 1545/1545/1545 1546/1546/1546 1547/1547/1547
f 1548/1548/1548 1549/1549/1549 1181/1181/1181
f 1211/1211/1211 1210/1210/1210 853/853/853
f 1200/1200/1200 727/727/727 1057/1057/1057
f 1200/1200/1200 1180/1180/1180 1550/1550/1550
f 1548/1548/1548 1551/1551/1551 1200/1200/1200
f 1115/1115/1115 720/720/720 1059/1059/1059
f 1180/1180/1180 1182/1182/1182 1544/1544/1544
f 1052/1052/1052 1115/1115/1115 1059/1059/1059
f 1552/1552/1552 1115/1115/1115 1114/1114/1114
f 1553/1553/1553 1554/1554/1554 1555/1555/1555
f 1556/1556/1556 1557/1557/1557 1558/1558/1558
f 853/853/853 852/852/852 1211/1211/1211
f 1055/1055/1055 1183/1183/1183 1210/1210/1210
f 403/403/403 844/844/844 1181/1181/1181
f 1210/1210/1210 1207/1207/1207 1559/1559/1559
f 1200/1200/1200 1551/1551/1551 1199/1199/1199
f 1207/1207/1207 1181/1181/1181 1549/1549/1549
f 1210/1210/1210 1559/1559/1559 853/853/853
f 1055/1055/1055 1210/1210/1210 1056/1056/1056
f 1544/1544/1544 1553/1553/1553 1180/1180/1180
f 1550/1550/1550 1560/1560/1560 1561/1561/1561
f 1548/1548/1548 1200/1200/1200 1550/1550/1550
f 513/513/513 1551/1551/1551 1181/1181/1181
f 1562/1562/1562 1559/1559/1559 1561/1561/1561
f 853/853/853 1562/1562/1562 854/854/854
f 294/294/294 293/293/293 831/831/831
f 489/489/489 294/294/294 845/845/845
f 717/717/717 831/831/831 293/293/293
f 1058/1058/1058 831/831/831 830/830/830
f 717/717/717 719/719/719 830/830/830
f 848/848/848 719/719/719 716/716/716
f 402/402/402 844/844/844 403/403/403
f 513/513/513 844/844/844 842/842/842
f 514/514/514 513/513/513 842/842/842
f 513/513/513 1199/1199/1199 1551/1551/1551
f 1554/1554/1554 1544/1544/1544 1552/1552/1552
f 1550/1550/1550 1180/1180/1180 1553/1553/1553
f 1562/1562/1562 1561/1561/1561 1560/1560/1560
f 1549/1549/1549 1561/1561/1561 1559/1559/1559
f 1547/1547/1547 854/854/854 1560/1560/1560
f 1559/1559/1559 1562/1562/1562 853/853/853
f 1554/1554/1554 1553/1553/1553 1544/1544/1544
f 1563/1563/1563 1564/1564/1564 1565/1565/1565
f 1560/1560/1560 854/854/854 1562/1562/1562
f 854/854/854 1566/1566/1566 1567/1567/1567
f 1207/1207/1207 1549/1549/1549 1559/1559/1559
f 1548/1548/1548 1181/1181/1181 1551/1551/1551
f 1550/1550/1550 1561/1561/1561 1548/1548/1548
f 1549/1549/1549 1548/1548/1548 1561/1561/1561
f 1212/1212/1212 1213/1213/1213 1215/1215/1215
f 1210/1210/1210 1211/1211/1211 1056/1056/1056
f 765/765/765 764/764/764 939/939/939
f 459/459/459 764/764/764 671/671/671
f 939/939/939 1568/1568/1568 564/564/564
f 1568/1568/1568 664/664/664 564/564/564
f 1154/1154/1154 1016/1016/1016 1015/1015/1015
f 1569/1569/1569 1570/1570/1570 1413/1413/1413
f 1412/1412/1412 1014/1014/1014 1411/1411/1411
f 1014/1014/1014 1571/1571/1571 1015/1015/1015
f 1568/1568/1568 1015/1015/1015 1571/1571/1571
f 764/764/764 763/763/763 939/939/939
f 1015/1015/1015 1568/1568/1568 939/939/939
f 1571/1571/1571 1570/1570/1570 664/664/664
f 1381/1381/1381 1410/1410/1410 1407/1407/1407
f 1569/1569/1569 1572/1572/1572 1573/1573/1573
f 1571/1571/1571 664/664/664 1568/1568/1568
f 664/664/664 1574/1574/1574 565/565/565
f 987/987/987 1575/1575/1575 372/372/372
f 869/869/869 938/938/938 873/873/873
f 563/563/563 565/565/565 938/938/938
f 1574/1574/1574 989/989/989 988/988/988
f 881/881/881 1016/1016/1016 1154/1154/1154
f 1014/1014/1014 1016/1016/1016 1191/1191/1191
f 763/763/763 1015/1015/1015 939/939/939
f 473/473/473 472/472/472 763/763/763
f 1576/1576/1576 1577/1577/1577 1578/1578/1578
f 1117/1117/1117 1060/1060/1060 224/224/224
f 972/972/972 979/979/979 973/973/973
f 1579/1579/1579 982/982/982 981/981/981
f 1576/1576/1576 1121/1121/1121 961/961/961
f 1117/1117/1117 1122/1122/1122 1060/1060/1060
f 183/183/183 224/224/224 226/226/226
f 1122/1122/1122 1117/1117/1117 961/961/961
f 622/622/622 183/183/183 226/226/226
f 184/184/184 980/980/980 182/182/182
f 961/961/961 182/182/182 1576/1576/1576
f 1122/1122/1122 924/924/924 1237/1237/1237
f 980/980/980 982/982/982 182/182/182
f 182/182/182 982/982/982 1576/1576/1576
f 1580/1580/1580 1581/1581/1581 1582/1582/1582
f 1122/1122/1122 925/925/925 924/924/924
f 924/924/924 1256/1256/1256 1255/1255/1255
f 1062/1062/1062 1237/1237/1237 1257/1257/1257
f 622/622/622 184/184/184 183/183/183
f 980/980/980 184/184/184 962/962/962
f 981/981/981 980/980/980 970/970/970
f 1576/1576/1576 982/982/982 1579/1579/1579
f 1577/1577/1577 1576/1576/1576 1579/1579/1579
f 1121/1121/1121 1576/1576/1576 1578/1578/1578
f 1579/1579/1579 986/986/986 1577/1577/1577
f 1583/1583/1583 1584/1584/1584 1585/1585/1585
f 1121/1121/1121 1578/1578/1578 925/925/925
f 1122/1122/1122 961/961/961 1121/1121/1121
f 979/979/979 986/986/986 1579/1579/1579
f 986/986/986 972/972/972 1586/1586/1586
f 996/996/996 1587/1587/1587 926/926/926
f 1119/1119/1119 1256/1256/1256 926/926/926
f 1168/1168/1168 1047/1047/1047 1588/1588/1588
f 1588/1588/1588 1047/1047/1047 1169/1169/1169
f 1589/1589/1589 1590/1590/1590 995/995/995
f 1256/1256/1256 1119/1119/1119 1116/1116/1116
f 1524/1524/1524 1589/1589/1589 1591/1591/1591
f 1528/1528/1528 1592/1592/1592 1511/1511/1511
f 1593/1593/1593 925/925/925 1578/1578/1578
f 926/926/926 1587/1587/1587 1119/1119/1119
f 422/422/422 975/975/975 977/977/977
f 1594/1594/1594 1517/1517/1517 1510/1510/1510
f 926/926/926 1593/1593/1593 996/996/996
f 1584/1584/1584 1578/1578/1578 1585/1585/1585
f 1595/1595/1595 1587/1587/1587 995/995/995
f 998/998/998 1063/1063/1063 1116/1116/1116
f 999/999/999 1587/1587/1587 1595/1595/1595
f 923/923/923 998/998/998 39/39/39
f 975/975/975 422/422/422 1520/1520/1520
f 976/976/976 1596/1596/1596 1597/1597/1597
f 1526/1526/1526 1522/1522/1522 1598/1598/1598
f 1596/1596/1596 1599/1599/1599 1600/1600/1600
f 1593/1593/1593 926/926/926 925/925/925
f 997/997/997 1414/1414/1414 995/995/995
f 1590/1590/1590 1524/1524/1524 1601/1601/1601
f 1587/1587/1587 996/996/996 995/995/995
f 1584/1584/1584 1602/1602/1602 1415/1415/1415
f 996/996/996 1593/1593/1593 997/997/997
f 1603/1603/1603 1604/1604/1604 1598/1598/1598
f 1590/1590/1590 1595/1595/1595 995/995/995
f 1524/1524/1524 1590/1590/1590 1589/1589/1589
f 1590/1590/1590 1601/1601/1601 1595/1595/1595
f 1416/1416/1416 1415/1415/1415 1605/1605/1605
f 1599/1599/1599 1525/1525/1525 1600/1600/1600
f 1598/1598/1598 1604/1604/1604 1601/1601/1601
f 999/999/999 1119/1119/1119 1587/1587/1587
f 1604/1604/1604 1595/1595/1595 1601/1601/1601
f 39/39/39 927/927/927 923/923/923
f 1196/1196/1196 1065/1065/1065 38/38/38
f 1595/1595/1595 1604/1604/1604 37/37/37
f 1000/1000/1000 927/927/927 39/39/39
f 1196/1196/1196 38/38/38 1604/1604/1604
f 968/968/968 981/981/981 970/970/970
f 1579/1579/1579 981/981/981 979/979/979
f 1255/1255/1255 1116/1116/1116 1118/1118/1118
f 926/926/926 1256/1256/1256 924/924/924
f 1520/1520/1520 1521/1521/1521 975/975/975
f 976/976/976 975/975/975 1521/1521/1521
f 976/976/976 1521/1521/1521 1599/1599/1599
f 1525/1525/1525 1599/1599/1599 1521/1521/1521
f 1521/1521/1521 1522/1522/1522 1526/1526/1526
f 1525/1525/1525 1524/1524/1524 1606/1606/1606
f 37/37/37 39/39/39 999/999/999
f 1000/1000/1000 39/39/39 38/38/38
f 1595/1595/1595 37/37/37 999/999/999
f 38/38/38 37/37/37 1604/1604/1604
f 1257/1257/1257 1255/1255/1255 1118/1118/1118
f 924/924/924 1255/1255/1255 1237/1237/1237
f 870/870/870 869/869/869 873/873/873
f 937/937/937 869/869/869 871/871/871
f 298/298/298 731/731/731 36/36/36
f 1071/1071/1071 731/731/731 858/858/858
f 1136/1136/1136 859/859/859 753/753/753
f 1139/1139/1139 1083/1083/1083 1136/1136/1136
f 1140/1140/1140 1082/1082/1082 1083/1083/1083
f 1137/1137/1137 1082/1082/1082 863/863/863
f 1523/1523/1523 1123/1123/1123 1196/1196/1196
f 1171/1171/1171 1523/1523/1523 1172/1172/1172
f 1603/1603/1603 1523/1523/1523 1196/1196/1196
f 1520/1520/1520 1523/1523/1523 1522/1522/1522
f 1125/1125/1125 1123/1123/1123 1126/1126/1126
f 1171/1171/1171 1123/1123/1123 1523/1523/1523
f 1498/1498/1498 1124/1124/1124 1502/1502/1502
f 1124/1124/1124 629/629/629 1478/1478/1478
f 1502/1502/1502 1126/1126/1126 1171/1171/1171
f 1171/1171/1171 1126/1126/1126 1123/1123/1123
f 629/629/629 628/628/628 1478/1478/1478
f 628/628/628 1125/1125/1125 1478/1478/1478
f 936/936/936 474/474/474 473/473/473
f 1155/1155/1155 474/474/474 1084/1084/1084
f 178/178/178 507/507/507 590/590/590
f 964/964/964 590/590/590 507/507/507
f 1004/1004/1004 1005/1005/1005 467/467/467
f 1197/1197/1197 1005/1005/1005 498/498/498
f 498/498/498 500/500/500 1197/1197/1197
f 1145/1145/1145 1174/1174/1174 500/500/500
f 1607/1607/1607 1177/1177/1177 1214/1214/1214
f 1608/1608/1608 1609/1609/1609 1610/1610/1610
f 1176/1176/1176 469/469/469 468/468/468
f 1611/1611/1611 1612/1612/1612 1613/1613/1613
f 1144/1144/1144 1145/1145/1145 1179/1179/1179
f 1174/1174/1174 1147/1147/1147 1175/1175/1175
f 1174/1174/1174 1176/1176/1176 1197/1197/1197
f 469/469/469 1176/1176/1176 1208/1208/1208
f 1214/1214/1214 1142/1142/1142 31/31/31
f 1143/1143/1143 1142/1142/1142 1214/1214/1214
f 1614/1614/1614 1175/1175/1175 1615/1615/1615
f 1176/1176/1176 1175/1175/1175 1208/1208/1208
f 1175/1175/1175 1147/1147/1147 1615/1615/1615
f 1144/1144/1144 1147/1147/1147 1174/1174/1174
f 1145/1145/1145 1144/1144/1144 1174/1174/1174
f 1144/1144/1144 1179/1179/1179 743/743/743
f 1213/1213/1213 1212/1212/1212 1616/1616/1616
f 1212/1212/1212 1617/1617/1617 1616/1616/1616
f 1616/1616/1616 1617/1617/1617 1564/1564/1564
f 1213/1213/1213 1607/1607/1607 1214/1214/1214
f 30/30/30 1212/1212/1212 1215/1215/1215
f 1564/1564/1564 1618/1618/1618 1616/1616/1616
f 1211/1211/1211 852/852/852 1212/1212/1212
f 1212/1212/1212 852/852/852 1617/1617/1617
f 1566/1566/1566 1565/1565/1565 1567/1567/1567
f 1619/1619/1619 1565/1565/1565 1620/1620/1620
f 851/851/851 1621/1621/1621 1622/1622/1622
f 1623/1623/1623 1624/1624/1624 1625/1625/1625
f 1617/1617/1617 852/852/852 1567/1567/1567
f 1563/1563/1563 1608/1608/1608 1618/1618/1618
f 1564/1564/1564 1617/1617/1617 1567/1567/1567
f 1626/1626/1626 1565/1565/1565 1566/1566/1566
f 1567/1567/1567 852/852/852 854/854/854
f 1564/1564/1564 1567/1567/1567 1565/1565/1565
f 1212/1212/1212 30/30/30 1056/1056/1056
f 31/31/31 30/30/30 1215/1215/1215
f 1228/1228/1228 1230/1230/1230 1019/1019/1019
f 1627/1627/1627 1231/1231/1231 1230/1230/1230
f 1020/1020/1020 1261/1261/1261 1103/1103/1103
f 1222/1222/1222 1261/1261/1261 1627/1627/1627
f 1627/1627/1627 1261/1261/1261 1231/1231/1231
f 1020/1020/1020 1231/1231/1231 1261/1261/1261
f 1628/1628/1628 1262/1262/1262 1277/1277/1277
f 259/259/259 1222/1222/1222 1276/1276/1276
f 1273/1273/1273 1229/1229/1229 1227/1227/1227
f 1628/1628/1628 1629/1629/1629 1630/1630/1630
f 257/257/257 259/259/259 1276/1276/1276
f 1223/1223/1223 259/259/259 258/258/258
f 1019/1019/1019 1230/1230/1230 1231/1231/1231
f 1631/1631/1631 1224/1224/1224 1226/1226/1226
f 1159/1159/1159 1093/1093/1093 1192/1192/1192
f 1272/1272/1272 1269/1269/1269 807/807/807
f 1094/1094/1094 1093/1093/1093 1158/1158/1158
f 1093/1093/1093 808/808/808 1227/1227/1227
f 1632/1632/1632 1633/1633/1633 1634/1634/1634
f 1635/1635/1635 1636/1636/1636 1262/1262/1262
f 1277/1277/1277 1222/1222/1222 1637/1637/1637
f 1631/1631/1631 1230/1230/1230 1224/1224/1224
f 1637/1637/1637 1222/1222/1222 1627/1627/1627
f 1277/1277/1277 1638/1638/1638 1628/1628/1628
f 1264/1264/1264 1266/1266/1266 1639/1639/1639
f 1242/1242/1242 1266/1266/1266 1244/1244/1244
f 940/940/940 779/779/779 887/887/887
f 780/780/780 779/779/779 1086/1086/1086
f 1301/1301/1301 1290/1290/1290 1088/1088/1088
f 1297/1297/1297 1290/1290/1290 1300/1300/1300
f 1088/1088/1088 893/893/893 1301/1301/1301
f 893/893/893 892/892/892 1291/1291/1291
f 891/891/891 893/893/893 1088/1088/1088
f 892/892/892 83/83/83 1291/1291/1291
f 1491/1491/1491 1302/1302/1302 1292/1292/1292
f 1301/1301/1301 893/893/893 1302/1302/1302
f 1491/1491/1491 1292/1292/1292 1490/1490/1490
f 1303/1303/1303 1491/1491/1491 409/409/409
f 1491/1491/1491 1303/1303/1303 1302/1302/1302
f 409/409/409 1300/1300/1300 1303/1303/1303
f 1042/1042/1042 956/956/956 1039/1039/1039
f 954/954/954 956/956/956 1043/1043/1043
f 1343/1343/1343 1311/1311/1311 1640/1640/1640
f 1342/1342/1342 1163/1163/1163 1310/1310/1310
f 1305/1305/1305 1310/1310/1310 1309/1309/1309
f 1342/1342/1342 1310/1310/1310 1311/1311/1311
f 1440/1440/1440 1343/1343/1343 1640/1640/1640
f 1323/1323/1323 1343/1343/1343 1324/1324/1324
f 1440/1440/1440 1640/1640/1640 1442/1442/1442
f 1440/1440/1440 1439/1439/1439 1341/1341/1341
f 1640/1640/1640 1264/1264/1264 1442/1442/1442
f 1639/1639/1639 1445/1445/1445 1264/1264/1264
f 1265/1265/1265 1264/1264/1264 1640/1640/1640
f 1641/1641/1641 1642/1642/1642 1639/1639/1639
f 1311/1311/1311 1265/1265/1265 1640/1640/1640
f 1266/1266/1266 1265/1265/1265 1305/1305/1305
f 1244/1244/1244 1266/1266/1266 1305/1305/1305
f 1639/1639/1639 1266/1266/1266 1279/1279/1279
f 1634/1634/1634 1444/1444/1444 1642/1642/1642
f 1442/1442/1442 1445/1445/1445 1443/1443/1443
f 1639/1639/1639 1279/1279/1279 1278/1278/1278
f 1445/1445/1445 1639/1639/1639 1642/1642/1642
f 1264/1264/1264 1445/1445/1445 1442/1442/1442
f 1445/1445/1445 1642/1642/1642 1444/1444/1444
f 1643/1643/1643 1644/1644/1644 1645/1645/1645
f 1624/1624/1624 1619/1619/1619 1625/1625/1625
f 1443/1443/1443 1436/1436/1436 1386/1386/1386
f 1646/1646/1646 1647/1647/1647 1461/1461/1461
f 1634/1634/1634 1642/1642/1642 1641/1641/1641
f 1444/1444/1444 1246/1246/1246 1245/1245/1245
f 1644/1644/1644 1643/1643/1643 1648/1648/1648
f 1444/1444/1444 1634/1634/1634 1246/1246/1246
f 1649/1649/1649 1245/1245/1245 1247/1247/1247
f 1443/1443/1443 1245/1245/1245 1436/1436/1436
f 1650/1650/1650 1651/1651/1651 1541/1541/1541
f 1652/1652/1652 1653/1653/1653 1654/1654/1654
f 1634/1634/1634 1641/1641/1641 1632/1632/1632
f 1633/1633/1633 1246/1246/1246 1634/1634/1634
f 1655/1655/1655 1645/1645/1645 1644/1644/1644
f 1656/1656/1656 1633/1633/1633 1654/1654/1654
f 1648/1648/1648 1632/1632/1632 1641/1641/1641
f 1633/1633/1633 1632/1632/1632 1643/1643/1643
f 1641/1641/1641 1278/1278/1278 1636/1636/1636
f 1635/1635/1635 1644/1644/1644 1648/1648/1648
f 1405/1405/1405 1399/1399/1399 1406/1406/1406
f 1366/1366/1366 1365/1365/1365 1405/1405/1405
f 1371/1371/1371 1406/1406/1406 1399/1399/1399
f 1452/1452/1452 1657/1657/1657 1406/1406/1406
f 1378/1378/1378 1404/1404/1404 1379/1379/1379
f 1405/1405/1405 1404/1404/1404 1366/1366/1366
f 1364/1364/1364 1375/1375/1375 1408/1408/1408
f 1658/1658/1658 1659/1659/1659 1660/1660/1660
f 1372/1372/1372 1371/1371/1371 1399/1399/1399
f 1452/1452/1452 1661/1661/1661 1657/1657/1657
f 1421/1421/1421 1662/1662/1662 1588/1588/1588
f 1383/1383/1383 1588/1588/1588 1169/1169/1169
f 1432/1432/1432 1423/1423/1423 1417/1417/1417
f 1421/1421/1421 1423/1423/1423 1419/1419/1419
f 1663/1663/1663 1664/1664/1664 1582/1582/1582
f 1665/1665/1665 1666/1666/1666 1667/1667/1667
f 1046/1046/1046 1169/1169/1169 1047/1047/1047
f 1169/1169/1169 1044/1044/1044 1045/1045/1045
f 1383/1383/1383 1421/1421/1421 1588/1588/1588
f 1580/1580/1580 1582/1582/1582 1668/1668/1668
f 1383/1383/1383 1423/1423/1423 1421/1421/1421
f 1168/1168/1168 1588/1588/1588 1662/1662/1662
f 1419/1419/1419 1430/1430/1430 1420/1420/1420
f 1662/1662/1662 1421/1421/1421 1663/1663/1663
f 1669/1669/1669 1670/1670/1670 1671/1671/1671
f 1664/1664/1664 1668/1668/1668 1582/1582/1582
f 1420/1420/1420 1663/1663/1663 1421/1421/1421
f 1663/1663/1663 1420/1420/1420 1672/1672/1672
f 1430/1430/1430 1419/1419/1419 1403/1403/1403
f 1420/1420/1420 1673/1673/1673 1672/1672/1672
f 1602/1602/1602 1580/1580/1580 1605/1605/1605
f 1662/1662/1662 1663/1663/1663 1582/1582/1582
f 997/997/997 1593/1593/1593 1584/1584/1584
f 972/972/972 974/974/974 1168/1168/1168
f 1605/1605/1605 1580/1580/1580 1674/1674/1674
f 1580/1580/1580 1602/1602/1602 1581/1581/1581
f 1593/1593/1593 1578/1578/1578 1584/1584/1584
f 1585/1585/1585 1578/1578/1578 1577/1577/1577
f 1675/1675/1675 1668/1668/1668 1664/1664/1664
f 1416/1416/1416 1591/1591/1591 1589/1589/1589
f 1586/1586/1586 1577/1577/1577 986/986/986
f 1168/1168/1168 1583/1583/1583 1586/1586/1586
f 1674/1674/1674 1580/1580/1580 1668/1668/1668
f 1416/1416/1416 1605/1605/1605 1676/1676/1676
f 1676/1676/1676 1677/1677/1677 1591/1591/1591
f 1416/1416/1416 1589/1589/1589 1414/1414/1414
f 995/995/995 1414/1414/1414 1589/1589/1589
f 997/997/997 1584/1584/1584 1415/1415/1415
f 1678/1678/1678 1679/1679/1679 1680/1680/1680
f 1681/1681/1681 1682/1682/1682 1683/1683/1683
f 1422/1422/1422 1431/1431/1431 1403/1403/1403
f 1671/1671/1671 1670/1670/1670 1422/1422/1422
f 1679/1679/1679 1672/1672/1672 1673/1673/1673
f 1664/1664/1664 1672/1672/1672 1684/1684/1684
f 1415/1415/1415 1602/1602/1602 1605/1605/1605
f 997/997/997 1415/1415/1415 1414/1414/1414
f 1672/1672/1672 1664/1664/1664 1663/1663/1663
f 1675/1675/1675 1664/1664/1664 1684/1684/1684
f 1109/1109/1109 1045/1045/1045 984/984/984
f 1045/1045/1045 1417/1417/1417 1383/1383/1383
f 1331/1331/1331 1341/1341/1341 1307/1307/1307
f 1440/1440/1440 1341/1341/1341 1324/1324/1324
f 1463/1463/1463 1462/1462/1462 1685/1685/1685
f 1456/1456/1456 1686/1686/1686 1470/1470/1470
f 583/583/583 579/579/579 70/70/70
f 681/681/681 579/579/579 898/898/898
f 596/596/596 598/598/598 1091/1091/1091
f 597/597/597 682/682/682 598/598/598
f 705/705/705 706/706/706 1498/1498/1498
f 280/280/280 629/629/629 706/706/706
f 1487/1487/1487 1499/1499/1499 1495/1495/1495
f 1480/1480/1480 1499/1499/1499 1483/1483/1483
f 1508/1508/1508 1529/1529/1529 1514/1514/1514
f 1509/1509/1509 1508/1508/1508 1514/1514/1514
f 977/977/977 1597/1597/1597 423/423/423
f 1511/1511/1511 1529/1529/1529 1528/1528/1528
f 1513/1513/1513 1510/1510/1510 1353/1353/1353
f 1592/1592/1592 1512/1512/1512 1511/1511/1511
f 1345/1345/1345 1509/1509/1509 1513/1513/1513
f 1504/1504/1504 1508/1508/1508 1509/1509/1509
f 1529/1529/1529 1508/1508/1508 1519/1519/1519
f 1514/1514/1514 1511/1511/1511 1510/1510/1510
f 423/423/423 1597/1597/1597 1527/1527/1527
f 1511/1511/1511 1514/1514/1514 1529/1529/1529
f 1596/1596/1596 976/976/976 1599/1599/1599
f 1687/1687/1687 1678/1678/1678 1688/1688/1688
f 976/976/976 1597/1597/1597 977/977/977
f 1528/1528/1528 1527/1527/1527 1689/1689/1689
f 1529/1529/1529 1519/1519/1519 1527/1527/1527
f 1594/1594/1594 1512/1512/1512 1690/1690/1690
f 1667/1667/1667 1606/1606/1606 1691/1691/1691
f 1690/1690/1690 1692/1692/1692 1515/1515/1515
f 1528/1528/1528 1689/1689/1689 1592/1592/1592
f 1693/1693/1693 1694/1694/1694 1695/1695/1695
f 1515/1515/1515 1594/1594/1594 1690/1690/1690
f 1518/1518/1518 1594/1594/1594 1515/1515/1515
f 1512/1512/1512 1696/1696/1696 1690/1690/1690
f 1596/1596/1596 1689/1689/1689 1597/1597/1597
f 1512/1512/1512 1592/1592/1592 1696/1696/1696
f 1510/1510/1510 1512/1512/1512 1594/1594/1594
f 1697/1697/1697 1692/1692/1692 1690/1690/1690
f 1698/1698/1698 1351/1351/1351 1295/1295/1295
f 1699/1699/1699 1700/1700/1700 1682/1682/1682
f 1698/1698/1698 1516/1516/1516 1701/1701/1701
f 1702/1702/1702 1698/1698/1698 1701/1701/1701
f 1362/1362/1362 1698/1698/1698 1453/1453/1453
f 1696/1696/1696 1697/1697/1697 1690/1690/1690
f 1692/1692/1692 1683/1683/1683 1702/1702/1702
f 1701/1701/1701 1515/1515/1515 1692/1692/1692
f 1295/1295/1295 1516/1516/1516 1698/1698/1698
f 1294/1294/1294 1518/1518/1518 1358/1358/1358
f 1517/1517/1517 1594/1594/1594 1518/1518/1518
f 1693/1693/1693 1689/1689/1689 1596/1596/1596
f 1697/1697/1697 1683/1683/1683 1692/1692/1692
f 1700/1700/1700 1702/1702/1702 1683/1683/1683
f 1698/1698/1698 1702/1702/1702 1453/1453/1453
f 1515/1515/1515 1701/1701/1701 1516/1516/1516
f 1692/1692/1692 1702/1702/1702 1701/1701/1701
f 1703/1703/1703 1704/1704/1704 1705/1705/1705
f 1454/1454/1454 1453/1453/1453 1706/1706/1706
f 1700/1700/1700 1453/1453/1453 1702/1702/1702
f 1453/1453/1453 1700/1700/1700 1706/1706/1706
f 1682/1682/1682 1700/1700/1700 1683/1683/1683
f 1700/1700/1700 1707/1707/1707 1706/1706/1706
f 1707/1707/1707 1703/1703/1703 1706/1706/1706
f 1369/1369/1369 1454/1454/1454 1708/1708/1708
f 1683/1683/1683 1697/1697/1697 1681/1681/1681
f 1682/1682/1682 1709/1709/1709 1710/1710/1710
f 1711/1711/1711 1707/1707/1707 1710/1710/1710
f 1712/1712/1712 1713/1713/1713 1660/1660/1660
f 1707/1707/1707 1699/1699/1699 1710/1710/1710
f 1369/1369/1369 1714/1714/1714 1715/1715/1715
f 1693/1693/1693 1696/1696/1696 1592/1592/1592
f 1696/1696/1696 1716/1716/1716 1697/1697/1697
f 1716/1716/1716 1717/1717/1717 1697/1697/1697
f 1697/1697/1697 1718/1718/1718 1681/1681/1681
f 1695/1695/1695 1717/1717/1717 1716/1716/1716
f 1719/1719/1719 1720/1720/1720 1718/1718/1718
f 1687/1687/1687 1720/1720/1720 1721/1721/1721
f 1709/1709/1709 1682/1682/1682 1722/1722/1722
f 1718/1718/1718 1697/1697/1697 1717/1717/1717
f 1681/1681/1681 1723/1723/1723 1722/1722/1722
f 1427/1427/1427 1724/1724/1724 1425/1425/1425
f 1703/1703/1703 1707/1707/1707 1711/1711/1711
f 1681/1681/1681 1722/1722/1722 1682/1682/1682
f 1687/1687/1687 1722/1722/1722 1723/1723/1723
f 1725/1725/1725 1459/1459/1459 1426/1426/1426
f 1703/1703/1703 1711/1711/1711 1704/1704/1704
f 1700/1700/1700 1699/1699/1699 1707/1707/1707
f 1682/1682/1682 1710/1710/1710 1699/1699/1699
f 1391/1391/1391 1671/1671/1671 1422/1422/1422
f 1671/1671/1671 1726/1726/1726 1727/1727/1727
f 1355/1355/1355 1726/1726/1726 1391/1391/1391
f 1425/1425/1425 1724/1724/1724 1728/1728/1728
f 1464/1464/1464 1450/1450/1450 1449/1449/1449
f 1671/1671/1671 1391/1391/1391 1726/1726/1726
f 1426/1426/1426 1459/1459/1459 1711/1711/1711
f 1704/1704/1704 1711/1711/1711 1459/1459/1459
f 1727/1727/1727 1729/1729/1729 1671/1671/1671
f 1433/1433/1433 1686/1686/1686 1463/1463/1463
f 1426/1426/1426 1711/1711/1711 1710/1710/1710
f 1730/1730/1730 1731/1731/1731 1732/1732/1732
f 1733/1733/1733 1710/1710/1710 1709/1709/1709
f 1733/1733/1733 1426/1426/1426 1710/1710/1710
f 1729/1729/1729 1734/1734/1734 1425/1425/1425
f 1725/1725/1725 1426/1426/1426 1425/1425/1425
f 1688/1688/1688 1427/1427/1427 1733/1733/1733
f 1735/1735/1735 1724/1724/1724 1688/1688/1688
f 1688/1688/1688 1733/1733/1733 1709/1709/1709
f 1426/1426/1426 1733/1733/1733 1427/1427/1427
f 1722/1722/1722 1687/1687/1687 1709/1709/1709
f 1678/1678/1678 1680/1680/1680 1735/1735/1735
f 1687/1687/1687 1688/1688/1688 1709/1709/1709
f 1735/1735/1735 1688/1688/1688 1678/1678/1678
f 1429/1429/1429 1673/1673/1673 1420/1420/1420
f 1729/1729/1729 1669/1669/1669 1671/1671/1671
f 1688/1688/1688 1724/1724/1724 1427/1427/1427
f 1669/1669/1669 1724/1724/1724 1735/1735/1735
f 1679/1679/1679 1678/1678/1678 1736/1736/1736
f 1673/1673/1673 1429/1429/1429 1737/1737/1737
f 1724/1724/1724 1669/1669/1669 1728/1728/1728
f 1669/1669/1669 1735/1735/1735 1670/1670/1670
f 1735/1735/1735 1680/1680/1680 1737/1737/1737
f 1403/1403/1403 1431/1431/1431 1430/1430/1430
f 1422/1422/1422 1670/1670/1670 1431/1431/1431
f 1670/1670/1670 1737/1737/1737 1429/1429/1429
f 1430/1430/1430 1429/1429/1429 1420/1420/1420
f 1670/1670/1670 1429/1429/1429 1431/1431/1431
f 1735/1735/1735 1737/1737/1737 1670/1670/1670
f 1673/1673/1673 1737/1737/1737 1680/1680/1680
f 687/687/687 821/821/821 103/103/103
f 1232/1232/1232 821/821/821 816/816/816
f 1738/1738/1738 1739/1739/1739 1740/1740/1740
f 1225/1225/1225 1229/1229/1229 1273/1273/1273
f 1254/1254/1254 1530/1530/1530 1738/1738/1738
f 1532/1532/1532 1271/1271/1271 1741/1741/1741
f 1530/1530/1530 1254/1254/1254 165/165/165
f 1271/1271/1271 1254/1254/1254 1741/1741/1741
f 1741/1741/1741 1742/1742/1742 1532/1532/1532
f 800/800/800 1271/1271/1271 1233/1233/1233
f 1743/1743/1743 1744/1744/1744 1745/1745/1745
f 1746/1746/1746 1285/1285/1285 1270/1270/1270
f 1741/1741/1741 1740/1740/1740 1742/1742/1742
f 1532/1532/1532 1746/1746/1746 1270/1270/1270
f 1209/1209/1209 1747/1747/1747 1198/1198/1198
f 1748/1748/1748 1749/1749/1749 1750/1750/1750
f 1751/1751/1751 1657/1657/1657 1752/1752/1752
f 1753/1753/1753 1112/1112/1112 1048/1048/1048
f 473/473/473 763/763/763 762/762/762
f 1015/1015/1015 763/763/763 472/472/472
f 1526/1526/1526 1598/1598/1598 1601/1601/1601
f 1603/1603/1603 1598/1598/1598 1522/1522/1522
f 1524/1524/1524 1526/1526/1526 1601/1601/1601
f 1526/1526/1526 1525/1525/1525 1521/1521/1521
f 1523/1523/1523 1603/1603/1603 1522/1522/1522
f 1604/1604/1604 1603/1603/1603 1196/1196/1196
f 1139/1139/1139 860/860/860 738/738/738
f 753/753/753 860/860/860 1136/1136/1136
f 1625/1625/1625 1619/1619/1619 1620/1620/1620
f 1563/1563/1563 1565/1565/1565 1619/1619/1619
f 1754/1754/1754 1622/1622/1622 1755/1755/1755
f 1756/1756/1756 1757/1757/1757 1758/1758/1758
f 1625/1625/1625 1620/1620/1620 1759/1759/1759
f 1760/1760/1760 1761/1761/1761 1762/1762/1762
f 1763/1763/1763 1114/1114/1114 1764/1764/1764
f 1625/1625/1625 1765/1765/1765 1623/1623/1623
f 1766/1766/1766 1767/1767/1767 1768/1768/1768
f 1769/1769/1769 1625/1625/1625 1759/1759/1759
f 1757/1757/1757 1770/1770/1770 1771/1771/1771
f 1618/1618/1618 1607/1607/1607 1616/1616/1616
f 1626/1626/1626 1620/1620/1620 1565/1565/1565
f 1769/1769/1769 1765/1765/1765 1625/1625/1625
f 1772/1772/1772 1773/1773/1773 1774/1774/1774
f 1624/1624/1624 1623/1623/1623 1775/1775/1775
f 1608/1608/1608 1624/1624/1624 1775/1775/1775
f 1624/1624/1624 1563/1563/1563 1619/1619/1619
f 1776/1776/1776 1759/1759/1759 1620/1620/1620
f 1759/1759/1759 1777/1777/1777 1769/1769/1769
f 851/851/851 1622/1622/1622 1777/1777/1777
f 1769/1769/1769 1777/1777/1777 1622/1622/1622
f 1778/1778/1778 1779/1779/1779 1780/1780/1780
f 1621/1621/1621 1447/1447/1447 1622/1622/1622
f 1781/1781/1781 1782/1782/1782 1783/1783/1783
f 1621/1621/1621 851/851/851 850/850/850
f 1784/1784/1784 1732/1732/1732 1785/1785/1785
f 1466/1466/1466 1468/1468/1468 1438/1438/1438
f 1786/1786/1786 1787/1787/1787 1788/1788/1788
f 1789/1789/1789 1790/1790/1790 1791/1791/1791
f 1787/1787/1787 1792/1792/1792 850/850/850
f 1447/1447/1447 1621/1621/1621 1779/1779/1779
f 1547/1547/1547 1555/1555/1555 1545/1545/1545
f 1620/1620/1620 1626/1626/1626 1776/1776/1776
f 1219/1219/1219 1228/1228/1228 1019/1019/1019
f 1225/1225/1225 1228/1228/1228 1229/1229/1229
f 1793/1793/1793 1745/1745/1745 1794/1794/1794
f 1230/1230/1230 1631/1631/1631 1627/1627/1627
f 1219/1219/1219 1227/1227/1227 1229/1229/1229
f 1093/1093/1093 1227/1227/1227 1192/1192/1192
f 807/807/807 806/806/806 1272/1272/1272
f 1093/1093/1093 806/806/806 808/808/808
f 1284/1284/1284 1283/1283/1283 807/807/807
f 1225/1225/1225 1273/1273/1273 1795/1795/1795
f 1284/1284/1284 1270/1270/1270 1285/1285/1285
f 1795/1795/1795 1283/1283/1283 1796/1796/1796
f 1746/1746/1746 1742/1742/1742 1793/1793/1793
f 1283/1283/1283 1285/1285/1285 1794/1794/1794
f 808/808/808 807/807/807 1273/1273/1273
f 807/807/807 1283/1283/1283 1795/1795/1795
f 1795/1795/1795 1796/1796/1796 1225/1225/1225
f 807/807/807 1795/1795/1795 1273/1273/1273
f 1797/1797/1797 1798/1798/1798 1744/1744/1744
f 1225/1225/1225 1224/1224/1224 1228/1228/1228
f 1799/1799/1799 1743/1743/1743 1543/1543/1543
f 1800/1800/1800 1799/1799/1799 1543/1543/1543
f 1798/1798/1798 1225/1225/1225 1796/1796/1796
f 1226/1226/1226 1797/1797/1797 1631/1631/1631
f 1629/1629/1629 1631/1631/1631 1797/1797/1797
f 1637/1637/1637 1638/1638/1638 1277/1277/1277
f 1627/1627/1627 1631/1631/1631 1637/1637/1637
f 1638/1638/1638 1637/1637/1637 1631/1631/1631
f 1262/1262/1262 1276/1276/1276 1277/1277/1277
f 1262/1262/1262 1628/1628/1628 1635/1635/1635
f 1628/1628/1628 1638/1638/1638 1629/1629/1629
f 1635/1635/1635 1628/1628/1628 1801/1801/1801
f 1635/1635/1635 1801/1801/1801 1802/1802/1802
f 1636/1636/1636 1635/1635/1635 1648/1648/1648
f 1641/1641/1641 1636/1636/1636 1648/1648/1648
f 1263/1263/1263 1262/1262/1262 1636/1636/1636
f 1242/1242/1242 1244/1244/1244 257/257/257
f 1278/1278/1278 1242/1242/1242 1263/1263/1263
f 1636/1636/1636 1278/1278/1278 1263/1263/1263
f 1639/1639/1639 1278/1278/1278 1641/1641/1641
f 85/85/85 1291/1291/1291 83/83/83
f 893/893/893 1291/1291/1291 1302/1302/1302
f 1440/1440/1440 1441/1441/1441 1439/1439/1439
f 1443/1443/1443 1441/1441/1441 1442/1442/1442
f 1803/1803/1803 1804/1804/1804 1802/1802/1802
f 1542/1542/1542 1805/1805/1805 1800/1800/1800
f 1643/1643/1643 1645/1645/1645 1806/1806/1806
f 1632/1632/1632 1648/1648/1648 1643/1643/1643
f 1803/1803/1803 1802/1802/1802 1807/1807/1807
f 1804/1804/1804 1803/1803/1803 1800/1800/1800
f 1635/1635/1635 1802/1802/1802 1644/1644/1644
f 1807/1807/1807 1802/1802/1802 1801/1801/1801
f 1807/1807/1807 1628/1628/1628 1630/1630/1630
f 1630/1630/1630 1797/1797/1797 1743/1743/1743
f 496/496/496 1808/1808/1808 1539/1539/1539
f 1760/1760/1760 1809/1809/1809 1810/1810/1810
f 1628/1628/1628 1807/1807/1807 1801/1801/1801
f 1799/1799/1799 1807/1807/1807 1630/1630/1630
f 1631/1631/1631 1629/1629/1629 1638/1638/1638
f 1797/1797/1797 1630/1630/1630 1629/1629/1629
f 1797/1797/1797 1226/1226/1226 1798/1798/1798
f 1797/1797/1797 1744/1744/1744 1743/1743/1743
f 1807/1807/1807 1799/1799/1799 1803/1803/1803
f 1743/1743/1743 1799/1799/1799 1630/1630/1630
f 1655/1655/1655 1644/1644/1644 1804/1804/1804
f 1811/1811/1811 1812/1812/1812 1813/1813/1813
f 1794/1794/1794 1796/1796/1796 1283/1283/1283
f 1744/1744/1744 1796/1796/1796 1794/1794/1794
f 1225/1225/1225 1798/1798/1798 1226/1226/1226
f 1796/1796/1796 1744/1744/1744 1798/1798/1798
f 1793/1793/1793 1285/1285/1285 1746/1746/1746
f 1745/1745/1745 1793/1793/1793 1814/1814/1814
f 1651/1651/1651 1814/1814/1814 1749/1749/1749
f 1745/1745/1745 1541/1541/1541 1743/1743/1743
f 1794/1794/1794 1745/1745/1745 1744/1744/1744
f 1541/1541/1541 1745/1745/1745 1650/1650/1650
f 1541/1541/1541 1651/1651/1651 1542/1542/1542
f 1743/1743/1743 1541/1541/1541 1543/1543/1543
f 1644/1644/1644 1802/1802/1802 1804/1804/1804
f 1812/1812/1812 1655/1655/1655 1813/1813/1813
f 1803/1803/1803 1799/1799/1799 1800/1800/1800
f 1813/1813/1813 1655/1655/1655 1804/1804/1804
f 1363/1363/1363 1369/1369/1369 1368/1368/1368
f 1714/1714/1714 1705/1705/1705 1658/1658/1658
f 1364/1364/1364 1409/1409/1409 1375/1375/1375
f 1368/1368/1368 1375/1375/1375 1409/1409/1409
f 1370/1370/1370 1713/1713/1713 1815/1815/1815
f 1408/1408/1408 1374/1374/1374 1373/1373/1373
f 1662/1662/1662 1582/1582/1582 1581/1581/1581
f 1602/1602/1602 1584/1584/1584 1583/1583/1583
f 1586/1586/1586 1583/1583/1583 1585/1585/1585
f 1583/1583/1583 1168/1168/1168 1581/1581/1581
f 1583/1583/1583 1581/1581/1581 1602/1602/1602
f 1662/1662/1662 1581/1581/1581 1168/1168/1168
f 1586/1586/1586 1585/1585/1585 1577/1577/1577
f 1168/1168/1168 1586/1586/1586 972/972/972
f 1677/1677/1677 1674/1674/1674 1675/1675/1675
f 1667/1667/1667 1677/1677/1677 1665/1665/1665
f 1676/1676/1676 1591/1591/1591 1416/1416/1416
f 1591/1591/1591 1691/1691/1691 1606/1606/1606
f 1684/1684/1684 1721/1721/1721 1816/1816/1816
f 1591/1591/1591 1677/1677/1677 1691/1691/1691
f 1455/1455/1455 1469/1469/1469 1462/1462/1462
f 1457/1457/1457 1456/1456/1456 1470/1470/1470
f 1369/1369/1369 1715/1715/1715 1370/1370/1370
f 1705/1705/1705 1704/1704/1704 1458/1458/1458
f 1459/1459/1459 1725/1725/1725 1434/1434/1434
f 1734/1734/1734 1817/1817/1817 1725/1725/1725
f 1459/1459/1459 1458/1458/1458 1704/1704/1704
f 1685/1685/1685 1818/1818/1818 1819/1819/1819
f 1819/1819/1819 1820/1820/1820 1458/1458/1458
f 1458/1458/1458 1434/1434/1434 1819/1819/1819
f 1249/1249/1249 1470/1470/1470 1465/1465/1465
f 1248/1248/1248 1387/1387/1387 1457/1457/1457
f 1694/1694/1694 1596/1596/1596 1600/1600/1600
f 1689/1689/1689 1693/1693/1693 1592/1592/1592
f 1600/1600/1600 1606/1606/1606 1667/1667/1667
f 1719/1719/1719 1717/1717/1717 1695/1695/1695
f 1693/1693/1693 1596/1596/1596 1694/1694/1694
f 1696/1696/1696 1693/1693/1693 1716/1716/1716
f 1667/1667/1667 1694/1694/1694 1600/1600/1600
f 1694/1694/1694 1821/1821/1821 1695/1695/1695
f 1695/1695/1695 1821/1821/1821 1666/1666/1666
f 1716/1716/1716 1693/1693/1693 1695/1695/1695
f 1527/1527/1527 1519/1519/1519 1507/1507/1507
f 1689/1689/1689 1527/1527/1527 1597/1597/1597
f 1363/1363/1363 1362/1362/1362 1454/1454/1454
f 1351/1351/1351 1698/1698/1698 1362/1362/1362
f 1363/1363/1363 1454/1454/1454 1369/1369/1369
f 1360/1360/1360 1363/1363/1363 1409/1409/1409
f 1708/1708/1708 1454/1454/1454 1706/1706/1706
f 1708/1708/1708 1703/1703/1703 1714/1714/1714
f 1359/1359/1359 1360/1360/1360 1409/1409/1409
f 1351/1351/1351 1362/1362/1362 1360/1360/1360
f 1706/1706/1706 1703/1703/1703 1708/1708/1708
f 1714/1714/1714 1703/1703/1703 1705/1705/1705
f 1660/1660/1660 1715/1715/1715 1658/1658/1658
f 1369/1369/1369 1708/1708/1708 1714/1714/1714
f 1658/1658/1658 1820/1820/1820 1822/1822/1822
f 1822/1822/1822 1659/1659/1659 1658/1658/1658
f 1658/1658/1658 1715/1715/1715 1714/1714/1714
f 1370/1370/1370 1715/1715/1715 1660/1660/1660
f 1705/1705/1705 1820/1820/1820 1658/1658/1658
f 1731/1731/1731 1820/1820/1820 1823/1823/1823
f 1458/1458/1458 1820/1820/1820 1705/1705/1705
f 1823/1823/1823 1818/1818/1818 1731/1731/1731
f 1824/1824/1824 1825/1825/1825 1826/1826/1826
f 1712/1712/1712 1660/1660/1660 1659/1659/1659
f 1827/1827/1827 1828/1828/1828 1829/1829/1829
f 1659/1659/1659 1829/1829/1829 1712/1712/1712
f 1827/1827/1827 1829/1829/1829 1830/1830/1830
f 1661/1661/1661 1831/1831/1831 1752/1752/1752
f 1828/1828/1828 1451/1451/1451 1815/1815/1815
f 1815/1815/1815 1373/1373/1373 1374/1374/1374
f 1829/1829/1829 1659/1659/1659 1822/1822/1822
f 1828/1828/1828 1815/1815/1815 1713/1713/1713
f 1370/1370/1370 1815/1815/1815 1374/1374/1374
f 1827/1827/1827 1832/1832/1832 1451/1451/1451
f 1406/1406/1406 1371/1371/1371 1452/1452/1452
f 1833/1833/1833 1834/1834/1834 1835/1835/1835
f 1371/1371/1371 1373/1373/1373 1452/1452/1452
f 1451/1451/1451 1373/1373/1373 1815/1815/1815
f 1827/1827/1827 1451/1451/1451 1828/1828/1828
f 1452/1452/1452 1451/1451/1451 1661/1661/1661
f 1836/1836/1836 1377/1377/1377 1751/1751/1751
f 1406/1406/1406 1657/1657/1657 1379/1379/1379
f 1837/1837/1837 1113/1113/1113 1838/1838/1838
f 1839/1839/1839 1112/1112/1112 1840/1840/1840
f 1752/1752/1752 1657/1657/1657 1661/1661/1661
f 1377/1377/1377 1836/1836/1836 1841/1841/1841
f 1842/1842/1842 1661/1661/1661 1832/1832/1832
f 1661/1661/1661 1842/1842/1842 1831/1831/1831
f 1842/1842/1842 1843/1843/1843 1844/1844/1844
f 1836/1836/1836 1752/1752/1752 1831/1831/1831
f 1660/1660/1660 1713/1713/1713 1370/1370/1370
f 1828/1828/1828 1713/1713/1713 1712/1712/1712
f 1828/1828/1828 1712/1712/1712 1829/1829/1829
f 1832/1832/1832 1827/1827/1827 1843/1843/1843
f 1845/1845/1845 1822/1822/1822 1731/1731/1731
f 1829/1829/1829 1822/1822/1822 1845/1845/1845
f 1842/1842/1842 1832/1832/1832 1843/1843/1843
f 1661/1661/1661 1451/1451/1451 1832/1832/1832
f 1830/1830/1830 1846/1846/1846 1847/1847/1847
f 1829/1829/1829 1845/1845/1845 1846/1846/1846
f 1847/1847/1847 1848/1848/1848 1849/1849/1849
f 1844/1844/1844 1850/1850/1850 1767/1767/1767
f 1666/1666/1666 1816/1816/1816 1719/1719/1719
f 1684/1684/1684 1679/1679/1679 1736/1736/1736
f 1434/1434/1434 1725/1725/1725 1817/1817/1817
f 1425/1425/1425 1734/1734/1734 1725/1725/1725
f 1428/1428/1428 1726/1726/1726 1355/1355/1355
f 1851/1851/1851 1734/1734/1734 1729/1729/1729
f 1729/1729/1729 1425/1425/1425 1728/1728/1728
f 1734/1734/1734 1851/1851/1851 1435/1435/1435
f 1851/1851/1851 1727/1727/1727 1428/1428/1428
f 1428/1428/1428 1727/1727/1727 1726/1726/1726
f 1852/1852/1852 1851/1851/1851 1464/1464/1464
f 1465/1465/1465 1686/1686/1686 1852/1852/1852
f 1852/1852/1852 1464/1464/1464 1465/1465/1465
f 1851/1851/1851 1428/1428/1428 1464/1464/1464
f 1465/1465/1465 1470/1470/1470 1686/1686/1686
f 1851/1851/1851 1852/1852/1852 1435/1435/1435
f 1734/1734/1734 1435/1435/1435 1817/1817/1817
f 1434/1434/1434 1817/1817/1817 1435/1435/1435
f 1463/1463/1463 1686/1686/1686 1456/1456/1456
f 1435/1435/1435 1852/1852/1852 1686/1686/1686
f 1456/1456/1456 1455/1455/1455 1462/1462/1462
f 1433/1433/1433 1463/1463/1463 1685/1685/1685
f 1785/1785/1785 1462/1462/1462 1469/1469/1469
f 1731/1731/1731 1818/1818/1818 1732/1732/1732
f 1433/1433/1433 1685/1685/1685 1819/1819/1819
f 1686/1686/1686 1433/1433/1433 1435/1435/1435
f 1468/1468/1468 1853/1853/1853 1469/1469/1469
f 1854/1854/1854 1855/1855/1855 1784/1784/1784
f 1685/1685/1685 1462/1462/1462 1732/1732/1732
f 1732/1732/1732 1462/1462/1462 1785/1785/1785
f 1785/1785/1785 1469/1469/1469 1853/1853/1853
f 1785/1785/1785 1854/1854/1854 1784/1784/1784
f 1820/1820/1820 1819/1819/1819 1823/1823/1823
f 1685/1685/1685 1732/1732/1732 1818/1818/1818
f 1819/1819/1819 1434/1434/1434 1433/1433/1433
f 1823/1823/1823 1819/1819/1819 1818/1818/1818
f 1856/1856/1856 1855/1855/1855 1857/1857/1857
f 1730/1730/1730 1732/1732/1732 1784/1784/1784
f 1729/1729/1729 1728/1728/1728 1669/1669/1669
f 1851/1851/1851 1729/1729/1729 1727/1727/1727
f 1720/1720/1720 1687/1687/1687 1723/1723/1723
f 1736/1736/1736 1721/1721/1721 1684/1684/1684
f 1678/1678/1678 1687/1687/1687 1736/1736/1736
f 1721/1721/1721 1736/1736/1736 1687/1687/1687
f 1672/1672/1672 1679/1679/1679 1684/1684/1684
f 1680/1680/1680 1679/1679/1679 1673/1673/1673
f 1537/1537/1537 1858/1858/1858 1533/1533/1533
f 1740/1740/1740 1859/1859/1859 1742/1742/1742
f 1269/1269/1269 1270/1270/1270 1284/1284/1284
f 1532/1532/1532 1270/1270/1270 1233/1233/1233
f 1178/1178/1178 1198/1198/1198 1132/1132/1132
f 1860/1860/1860 1861/1861/1861 1862/1862/1862
f 1379/1379/1379 1751/1751/1751 1377/1377/1377
f 1378/1378/1378 1863/1863/1863 1380/1380/1380
f 1833/1833/1833 1864/1864/1864 1841/1841/1841
f 1378/1378/1378 1377/1377/1377 1863/1863/1863
f 1657/1657/1657 1751/1751/1751 1379/1379/1379
f 1836/1836/1836 1751/1751/1751 1752/1752/1752
f 1572/1572/1572 1380/1380/1380 1573/1573/1573
f 1412/1412/1412 1401/1401/1401 1410/1410/1410
f 1407/1407/1407 1410/1410/1410 1400/1400/1400
f 1412/1412/1412 1410/1410/1410 1572/1572/1572
f 1367/1367/1367 1407/1407/1407 1400/1400/1400
f 1366/1366/1366 1378/1378/1378 1381/1381/1381
f 1573/1573/1573 1380/1380/1380 1865/1865/1865
f 1381/1381/1381 1380/1380/1380 1572/1572/1572
f 1753/1753/1753 372/372/372 1575/1575/1575
f 1863/1863/1863 1866/1866/1866 1867/1867/1867
f 565/565/565 988/988/988 938/938/938
f 1573/1573/1573 1868/1868/1868 989/989/989
f 1574/1574/1574 988/988/988 565/565/565
f 987/987/987 372/372/372 918/918/918
f 873/873/873 372/372/372 371/371/371
f 987/987/987 1869/1869/1869 1575/1575/1575
f 1112/1112/1112 1575/1575/1575 1840/1840/1840
f 1112/1112/1112 1753/1753/1753 1575/1575/1575
f 1870/1870/1870 1866/1866/1866 1871/1871/1871
f 1048/1048/1048 1112/1112/1112 1111/1111/1111
f 938/938/938 918/918/918 873/873/873
f 987/987/987 918/918/918 988/988/988
f 1872/1872/1872 1768/1768/1768 1873/1873/1873
f 1839/1839/1839 1113/1113/1113 1112/1112/1112
f 992/992/992 1048/1048/1048 1111/1111/1111
f 1048/1048/1048 990/990/990 1753/1753/1753
f 990/990/990 373/373/373 1753/1753/1753
f 372/372/372 1753/1753/1753 373/373/373
f 1840/1840/1840 1869/1869/1869 1870/1870/1870
f 1839/1839/1839 1838/1838/1838 1113/1113/1113
f 1766/1766/1766 1835/1835/1835 1767/1767/1767
f 1111/1111/1111 1113/1113/1113 1874/1874/1874
f 849/849/849 1787/1787/1787 850/850/850
f 1764/1764/1764 1051/1051/1051 1874/1874/1874
f 1113/1113/1113 1837/1837/1837 1875/1875/1875
f 1764/1764/1764 1114/1114/1114 1052/1052/1052
f 1876/1876/1876 1877/1877/1877 1878/1878/1878
f 1879/1879/1879 1764/1764/1764 1874/1874/1874
f 1111/1111/1111 1874/1874/1874 1053/1053/1053
f 1051/1051/1051 1053/1053/1053 1874/1874/1874
f 1879/1879/1879 1874/1874/1874 1875/1875/1875
f 1879/1879/1879 1880/1880/1880 1881/1881/1881
f 1880/1880/1880 1879/1879/1879 1875/1875/1875
f 1763/1763/1763 1879/1879/1879 1881/1881/1881
f 1877/1877/1877 1837/1837/1837 1838/1838/1838
f 1837/1837/1837 1876/1876/1876 1875/1875/1875
f 1875/1875/1875 1874/1874/1874 1113/1113/1113
f 1880/1880/1880 1875/1875/1875 1876/1876/1876
f 1878/1878/1878 1880/1880/1880 1876/1876/1876
f 1881/1881/1881 1880/1880/1880 1783/1783/1783
f 1806/1806/1806 1882/1882/1882 1652/1652/1652
f 1883/1883/1883 1884/1884/1884 1885/1885/1885
f 1467/1467/1467 1437/1437/1437 1436/1436/1436
f 1649/1649/1649 1758/1758/1758 1771/1771/1771
f 1649/1649/1649 1467/1467/1467 1436/1436/1436
f 1247/1247/1247 1758/1758/1758 1649/1649/1649
f 1436/1436/1436 1245/1245/1245 1649/1649/1649
f 1466/1466/1466 1647/1647/1647 1646/1646/1646
f 1656/1656/1656 1758/1758/1758 1247/1247/1247
f 1647/1647/1647 1467/1467/1467 1649/1649/1649
f 1886/1886/1886 1887/1887/1887 1770/1770/1770
f 1771/1771/1771 1647/1647/1647 1649/1649/1649
f 1247/1247/1247 1246/1246/1246 1656/1656/1656
f 1758/1758/1758 1757/1757/1757 1771/1771/1771
f 1654/1654/1654 1806/1806/1806 1652/1652/1652
f 1756/1756/1756 1653/1653/1653 1888/1888/1888
f 1633/1633/1633 1656/1656/1656 1246/1246/1246
f 1758/1758/1758 1656/1656/1656 1756/1756/1756
f 1888/1888/1888 1757/1757/1757 1756/1756/1756
f 1461/1461/1461 1771/1771/1771 1460/1460/1460
f 1889/1889/1889 1446/1446/1446 1791/1791/1791
f 1770/1770/1770 1460/1460/1460 1771/1771/1771
f 1201/1201/1201 1890/1890/1890 1461/1461/1461
f 1647/1647/1647 1771/1771/1771 1461/1461/1461
f 1891/1891/1891 1890/1890/1890 1203/1203/1203
f 1468/1468/1468 1646/1646/1646 1853/1853/1853
f 1647/1647/1647 1466/1466/1466 1467/1467/1467
f 1468/1468/1468 1466/1466/1466 1646/1646/1646
f 1886/1886/1886 1757/1757/1757 1888/1888/1888
f 1460/1460/1460 1770/1770/1770 1887/1887/1887
f 1814/1814/1814 1793/1793/1793 1859/1859/1859
f 1285/1285/1285 1793/1793/1793 1794/1794/1794
f 1750/1750/1750 1859/1859/1859 1740/1740/1740
f 1745/1745/1745 1814/1814/1814 1650/1650/1650
f 1892/1892/1892 1533/1533/1533 1858/1858/1858
f 1893/1893/1893 1894/1894/1894 1858/1858/1858
f 1749/1749/1749 1814/1814/1814 1859/1859/1859
f 1895/1895/1895 1860/1860/1860 1896/1896/1896
f 1896/1896/1896 1748/1748/1748 1897/1897/1897
f 1804/1804/1804 1805/1805/1805 1813/1813/1813
f 1542/1542/1542 1651/1651/1651 1896/1896/1896
f 1862/1862/1862 1861/1861/1861 1811/1811/1811
f 1814/1814/1814 1651/1651/1651 1650/1650/1650
f 1896/1896/1896 1651/1651/1651 1748/1748/1748
f 1897/1897/1897 1898/1898/1898 1896/1896/1896
f 1542/1542/1542 1896/1896/1896 1860/1860/1860
f 1858/1858/1858 1540/1540/1540 1893/1893/1893
f 1899/1899/1899 1898/1898/1898 1900/1900/1900
f 1542/1542/1542 1800/1800/1800 1543/1543/1543
f 1804/1804/1804 1800/1800/1800 1805/1805/1805
f 1813/1813/1813 1805/1805/1805 1862/1862/1862
f 1860/1860/1860 1862/1862/1862 1805/1805/1805
f 1860/1860/1860 1805/1805/1805 1542/1542/1542
f 1861/1861/1861 1860/1860/1860 1895/1895/1895
f 1525/1525/1525 1606/1606/1606 1600/1600/1600
f 1591/1591/1591 1606/1606/1606 1524/1524/1524
f 1605/1605/1605 1674/1674/1674 1676/1676/1676
f 1668/1668/1668 1675/1675/1675 1674/1674/1674
f 1674/1674/1674 1677/1677/1677 1676/1676/1676
f 1677/1677/1677 1675/1675/1675 1665/1665/1665
f 1816/1816/1816 1665/1665/1665 1675/1675/1675
f 1666/1666/1666 1665/1665/1665 1816/1816/1816
f 1667/1667/1667 1821/1821/1821 1694/1694/1694
f 1677/1677/1677 1667/1667/1667 1691/1691/1691
f 1684/1684/1684 1816/1816/1816 1675/1675/1675
f 1816/1816/1816 1721/1721/1721 1720/1720/1720
f 1695/1695/1695 1666/1666/1666 1719/1719/1719
f 1667/1667/1667 1666/1666/1666 1821/1821/1821
f 1455/1455/1455 1457/1457/1457 1468/1468/1468
f 1248/1248/1248 1457/1457/1457 1470/1470/1470
f 1375/1375/1375 1368/1368/1368 1370/1370/1370
f 1363/1363/1363 1368/1368/1368 1409/1409/1409
f 1845/1845/1845 1731/1731/1731 1730/1730/1730
f 1820/1820/1820 1731/1731/1731 1822/1822/1822
f 1767/1767/1767 1842/1842/1842 1844/1844/1844
f 1842/1842/1842 1767/1767/1767 1835/1835/1835
f 1768/1768/1768 1850/1850/1850 1824/1824/1824
f 1767/1767/1767 1850/1850/1850 1768/1768/1768
f 1901/1901/1901 1902/1902/1902 1872/1872/1872
f 1872/1872/1872 1766/1766/1766 1768/1768/1768
f 1878/1878/1878 1783/1783/1783 1880/1880/1880
f 1878/1878/1878 1903/1903/1903 1902/1902/1902
f 1837/1837/1837 1877/1877/1877 1876/1876/1876
f 1878/1878/1878 1902/1902/1902 1904/1904/1904
f 1786/1786/1786 1873/1873/1873 1905/1905/1905
f 1872/1872/1872 1902/1902/1902 1766/1766/1766
f 1903/1903/1903 1877/1877/1877 1906/1906/1906
f 1833/1833/1833 1835/1835/1835 1766/1766/1766
f 1838/1838/1838 1907/1907/1907 1877/1877/1877
f 1766/1766/1766 1906/1906/1906 1833/1833/1833
f 1839/1839/1839 1871/1871/1871 1838/1838/1838
f 1906/1906/1906 1907/1907/1907 1833/1833/1833
f 1833/1833/1833 1907/1907/1907 1864/1864/1864
f 1871/1871/1871 1864/1864/1864 1907/1907/1907
f 1907/1907/1907 1838/1838/1838 1871/1871/1871
f 1841/1841/1841 1864/1864/1864 1866/1866/1866
f 1840/1840/1840 1871/1871/1871 1839/1839/1839
f 1866/1866/1866 1864/1864/1864 1871/1871/1871
f 1841/1841/1841 1866/1866/1866 1863/1863/1863
f 1841/1841/1841 1836/1836/1836 1834/1834/1834
f 1841/1841/1841 1834/1834/1834 1833/1833/1833
f 1831/1831/1831 1834/1834/1834 1836/1836/1836
f 1842/1842/1842 1835/1835/1835 1831/1831/1831
f 1831/1831/1831 1835/1835/1835 1834/1834/1834
f 1903/1903/1903 1766/1766/1766 1902/1902/1902
f 1907/1907/1907 1906/1906/1906 1877/1877/1877
f 1877/1877/1877 1903/1903/1903 1878/1878/1878
f 1766/1766/1766 1903/1903/1903 1906/1906/1906
f 1784/1784/1784 1855/1855/1855 1908/1908/1908
f 1844/1844/1844 1847/1847/1847 1850/1850/1850
f 1854/1854/1854 1857/1857/1857 1855/1855/1855
f 1824/1824/1824 1849/1849/1849 1825/1825/1825
f 1844/1844/1844 1843/1843/1843 1847/1847/1847
f 1830/1830/1830 1847/1847/1847 1843/1843/1843
f 1827/1827/1827 1830/1830/1830 1843/1843/1843
f 1830/1830/1830 1829/1829/1829 1846/1846/1846
f 1908/1908/1908 1909/1909/1909 1845/1845/1845
f 1846/1846/1846 1848/1848/1848 1847/1847/1847
f 1723/1723/1723 1681/1681/1681 1718/1718/1718
f 1816/1816/1816 1720/1720/1720 1719/1719/1719
f 1719/1719/1719 1718/1718/1718 1717/1717/1717
f 1723/1723/1723 1718/1718/1718 1720/1720/1720
f 1254/1254/1254 1738/1738/1738 1741/1741/1741
f 1534/1534/1534 1738/1738/1738 1530/1530/1530
f 1534/1534/1534 1533/1533/1533 1892/1892/1892
f 1738/1738/1738 1534/1534/1534 1739/1739/1739
f 1910/1910/1910 496/496/496 1911/1911/1911
f 1912/1912/1912 1748/1748/1748 1750/1750/1750
f 1738/1738/1738 1740/1740/1740 1741/1741/1741
f 1750/1750/1750 1740/1740/1740 1739/1739/1739
f 1793/1793/1793 1742/1742/1742 1859/1859/1859
f 1532/1532/1532 1742/1742/1742 1746/1746/1746
f 1540/1540/1540 1537/1537/1537 1538/1538/1538
f 497/497/497 1539/1539/1539 1073/1073/1073
f 1538/1538/1538 608/608/608 928/928/928
f 1073/1073/1073 1539/1539/1539 1538/1538/1538
f 1537/1537/1537 1540/1540/1540 1858/1858/1858
f 608/608/608 1537/1537/1537 1531/1531/1531
f 1893/1893/1893 1540/1540/1540 1808/1808/1808
f 1894/1894/1894 1913/1913/1913 1892/1892/1892
f 495/495/495 497/497/497 1132/1132/1132
f 1539/1539/1539 497/497/497 496/496/496
f 1914/1914/1914 1198/1198/1198 1747/1747/1747
f 1614/1614/1614 1615/1615/1615 1915/1915/1915
f 1198/1198/1198 1133/1133/1133 1209/1209/1209
f 1198/1198/1198 1914/1914/1914 495/495/495
f 1865/1865/1865 1867/1867/1867 1573/1573/1573
f 1573/1573/1573 1574/1574/1574 1570/1570/1570
f 1410/1410/1410 1381/1381/1381 1572/1572/1572
f 1366/1366/1366 1381/1381/1381 1407/1407/1407
f 849/849/849 1916/1916/1916 1787/1787/1787
f 1557/1557/1557 1556/1556/1556 1917/1917/1917
f 849/849/849 851/851/851 1918/1918/1918
f 1776/1776/1776 1918/1918/1918 1759/1759/1759
f 1919/1919/1919 1776/1776/1776 1546/1546/1546
f 1550/1550/1550 1553/1553/1553 1555/1555/1555
f 1918/1918/1918 851/851/851 1777/1777/1777
f 1782/1782/1782 1916/1916/1916 1920/1920/1920
f 1544/1544/1544 1115/1115/1115 1552/1552/1552
f 1555/1555/1555 1554/1554/1554 1917/1917/1917
f 1904/1904/1904 1901/1901/1901 1781/1781/1781
f 1786/1786/1786 1792/1792/1792 1787/1787/1787
f 1114/1114/1114 1763/1763/1763 1557/1557/1557
f 1917/1917/1917 1554/1554/1554 1552/1552/1552
f 1555/1555/1555 1917/1917/1917 1545/1545/1545
f 1550/1550/1550 1555/1555/1555 1560/1560/1560
f 1916/1916/1916 849/849/849 1921/1921/1921
f 1788/1788/1788 1901/1901/1901 1786/1786/1786
f 1873/1873/1873 1901/1901/1901 1872/1872/1872
f 1781/1781/1781 1901/1901/1901 1788/1788/1788
f 1879/1879/1879 1763/1763/1763 1764/1764/1764
f 1763/1763/1763 1558/1558/1558 1557/1557/1557
f 1626/1626/1626 1566/1566/1566 1546/1546/1546
f 1921/1921/1921 849/849/849 1918/1918/1918
f 1556/1556/1556 1558/1558/1558 1920/1920/1920
f 1546/1546/1546 1776/1776/1776 1626/1626/1626
f 1547/1547/1547 1546/1546/1546 1566/1566/1566
f 1546/1546/1546 1545/1545/1545 1919/1919/1919
f 1917/1917/1917 1552/1552/1552 1557/1557/1557
f 1557/1557/1557 1552/1552/1552 1114/1114/1114
f 1778/1778/1778 1922/1922/1922 1923/1923/1923
f 1780/1780/1780 1779/1779/1779 1621/1621/1621
f 850/850/850 1780/1780/1780 1621/1621/1621
f 1826/1826/1826 1778/1778/1778 1905/1905/1905
f 1905/1905/1905 1780/1780/1780 1792/1792/1792
f 850/850/850 1792/1792/1792 1780/1780/1780
f 1905/1905/1905 1873/1873/1873 1826/1826/1826
f 1824/1824/1824 1826/1826/1826 1873/1873/1873
f 1905/1905/1905 1778/1778/1778 1780/1780/1780
f 1922/1922/1922 1924/1924/1924 1923/1923/1923
f 1782/1782/1782 1781/1781/1781 1788/1788/1788
f 1783/1783/1783 1878/1878/1878 1904/1904/1904
f 1788/1788/1788 1787/1787/1787 1916/1916/1916
f 1558/1558/1558 1763/1763/1763 1881/1881/1881
f 1901/1901/1901 1904/1904/1904 1902/1902/1902
f 1783/1783/1783 1904/1904/1904 1781/1781/1781
f 1759/1759/1759 1918/1918/1918 1777/1777/1777
f 1921/1921/1921 1918/1918/1918 1776/1776/1776
f 1873/1873/1873 1786/1786/1786 1901/1901/1901
f 1792/1792/1792 1786/1786/1786 1905/1905/1905
f 1776/1776/1776 1919/1919/1919 1921/1921/1921
f 1558/1558/1558 1782/1782/1782 1920/1920/1920
f 1920/1920/1920 1921/1921/1921 1919/1919/1919
f 1545/1545/1545 1917/1917/1917 1556/1556/1556
f 1545/1545/1545 1556/1556/1556 1919/1919/1919
f 1919/1919/1919 1556/1556/1556 1920/1920/1920
f 1655/1655/1655 1812/1812/1812 1882/1882/1882
f 1653/1653/1653 1652/1652/1652 1885/1885/1885
f 1656/1656/1656 1654/1654/1654 1756/1756/1756
f 1806/1806/1806 1654/1654/1654 1633/1633/1633
f 1643/1643/1643 1806/1806/1806 1633/1633/1633
f 1882/1882/1882 1806/1806/1806 1645/1645/1645
f 1813/1813/1813 1862/1862/1862 1811/1811/1811
f 1653/1653/1653 1885/1885/1885 1884/1884/1884
f 1925/1925/1925 1926/1926/1926 1927/1927/1927
f 1812/1812/1812 1811/1811/1811 1883/1883/1883
f 1928/1928/1928 1929/1929/1929 1930/1930/1930
f 1931/1931/1931 1761/1761/1761 1772/1772/1772
f 1811/1811/1811 1861/1861/1861 1932/1932/1932
f 1926/1926/1926 1933/1933/1933 1927/1927/1927
f 1653/1653/1653 1884/1884/1884 1888/1888/1888
f 1654/1654/1654 1653/1653/1653 1756/1756/1756
f 1934/1934/1934 1809/1809/1809 1886/1886/1886
f 1886/1886/1886 1770/1770/1770 1757/1757/1757
f 1884/1884/1884 1810/1810/1810 1934/1934/1934
f 1889/1889/1889 1791/1791/1791 1790/1790/1790
f 1887/1887/1887 1886/1886/1886 1809/1809/1809
f 1886/1886/1886 1888/1888/1888 1934/1934/1934
f 1933/1933/1933 1884/1884/1884 1883/1883/1883
f 1925/1925/1925 1935/1935/1935 1936/1936/1936
f 1884/1884/1884 1934/1934/1934 1888/1888/1888
f 1809/1809/1809 1934/1934/1934 1810/1810/1810
f 1655/1655/1655 1882/1882/1882 1645/1645/1645
f 1885/1885/1885 1882/1882/1882 1812/1812/1812
f 1882/1882/1882 1885/1885/1885 1652/1652/1652
f 1883/1883/1883 1885/1885/1885 1812/1812/1812
f 1887/1887/1887 1889/1889/1889 1790/1790/1790
f 1202/1202/1202 1790/1790/1790 1789/1789/1789
f 1887/1887/1887 1809/1809/1809 1889/1889/1889
f 1446/1446/1446 1448/1448/1448 1791/1791/1791
f 1809/1809/1809 1760/1760/1760 1889/1889/1889
f 1754/1754/1754 1755/1755/1755 1762/1762/1762
f 1448/1448/1448 1937/1937/1937 1791/1791/1791
f 1887/1887/1887 1790/1790/1790 1460/1460/1460
f 1889/1889/1889 1762/1762/1762 1446/1446/1446
f 1769/1769/1769 1754/1754/1754 1765/1765/1765
f 1447/1447/1447 1779/1779/1779 1448/1448/1448
f 1622/1622/1622 1447/1447/1447 1755/1755/1755
f 1789/1789/1789 1938/1938/1938 1203/1203/1203
f 1201/1201/1201 1460/1460/1460 1202/1202/1202
f 1762/1762/1762 1889/1889/1889 1760/1760/1760
f 1447/1447/1447 1446/1446/1446 1755/1755/1755
f 1622/1622/1622 1754/1754/1754 1769/1769/1769
f 1755/1755/1755 1446/1446/1446 1762/1762/1762
f 1779/1779/1779 1923/1923/1923 1448/1448/1448
f 1937/1937/1937 1939/1939/1939 1938/1938/1938
f 1778/1778/1778 1923/1923/1923 1779/1779/1779
f 1937/1937/1937 1923/1923/1923 1939/1939/1939
f 1760/1760/1760 1940/1940/1940 1761/1761/1761
f 1754/1754/1754 1762/1762/1762 1931/1931/1931
f 1941/1941/1941 1856/1856/1856 1938/1938/1938
f 1890/1890/1890 1891/1891/1891 1853/1853/1853
f 1790/1790/1790 1202/1202/1202 1460/1460/1460
f 1203/1203/1203 1202/1202/1202 1789/1789/1789
f 1789/1789/1789 1937/1937/1937 1938/1938/1938
f 1942/1942/1942 1891/1891/1891 1203/1203/1203
f 1941/1941/1941 1938/1938/1938 1939/1939/1939
f 1942/1942/1942 1203/1203/1203 1938/1938/1938
f 1942/1942/1942 1857/1857/1857 1891/1891/1891
f 1853/1853/1853 1857/1857/1857 1854/1854/1854
f 1924/1924/1924 1941/1941/1941 1939/1939/1939
f 1846/1846/1846 1909/1909/1909 1848/1848/1848
f 1941/1941/1941 1848/1848/1848 1909/1909/1909
f 1730/1730/1730 1908/1908/1908 1845/1845/1845
f 1845/1845/1845 1909/1909/1909 1846/1846/1846
f 1909/1909/1909 1855/1855/1855 1856/1856/1856
f 1791/1791/1791 1937/1937/1937 1789/1789/1789
f 1923/1923/1923 1937/1937/1937 1448/1448/1448
f 1461/1461/1461 1890/1890/1890 1646/1646/1646
f 1203/1203/1203 1890/1890/1890 1201/1201/1201
f 1857/1857/1857 1942/1942/1942 1856/1856/1856
f 1853/1853/1853 1854/1854/1854 1785/1785/1785
f 1890/1890/1890 1853/1853/1853 1646/1646/1646
f 1853/1853/1853 1891/1891/1891 1857/1857/1857
f 1784/1784/1784 1908/1908/1908 1730/1730/1730
f 1909/1909/1909 1908/1908/1908 1855/1855/1855
f 1739/1739/1739 1913/1913/1913 1750/1750/1750
f 1913/1913/1913 1912/1912/1912 1750/1750/1750
f 1749/1749/1749 1748/1748/1748 1651/1651/1651
f 1859/1859/1859 1750/1750/1750 1749/1749/1749
f 1739/1739/1739 1534/1534/1534 1892/1892/1892
f 1912/1912/1912 1913/1913/1913 1894/1894/1894
f 1900/1900/1900 1894/1894/1894 1899/1899/1899
f 1912/1912/1912 1897/1897/1897 1748/1748/1748
f 1894/1894/1894 1892/1892/1892 1858/1858/1858
f 1892/1892/1892 1913/1913/1913 1739/1739/1739
f 1911/1911/1911 496/496/496 495/495/495
f 1943/1943/1943 1612/1612/1612 1611/1611/1611
f 1198/1198/1198 495/495/495 1132/1132/1132
f 1911/1911/1911 1914/1914/1914 1205/1205/1205
f 1614/1614/1614 1208/1208/1208 1175/1175/1175
f 1614/1614/1614 1747/1747/1747 1209/1209/1209
f 469/469/469 1209/1209/1209 1133/1133/1133
f 1614/1614/1614 1209/1209/1209 1208/1208/1208
f 1214/1214/1214 1177/1177/1177 1143/1143/1143
f 1747/1747/1747 1612/1612/1612 1944/1944/1944
f 1609/1609/1609 1945/1945/1945 1610/1610/1610
f 1945/1945/1945 1946/1946/1946 1947/1947/1947
f 1607/1607/1607 1948/1948/1948 1177/1177/1177
f 1947/1947/1947 1946/1946/1946 1949/1949/1949
f 1616/1616/1616 1607/1607/1607 1213/1213/1213
f 1948/1948/1948 1950/1950/1950 1951/1951/1951
f 1563/1563/1563 1624/1624/1624 1608/1608/1608
f 1952/1952/1952 1950/1950/1950 1948/1948/1948
f 1609/1609/1609 1608/1608/1608 1774/1774/1774
f 1608/1608/1608 1610/1610/1610 1618/1618/1618
f 1563/1563/1563 1618/1618/1618 1564/1564/1564
f 1618/1618/1618 1610/1610/1610 1952/1952/1952
f 1936/1936/1936 1953/1953/1953 1954/1954/1954
f 1930/1930/1930 1946/1946/1946 1928/1928/1928
f 1774/1774/1774 1608/1608/1608 1775/1775/1775
f 1945/1945/1945 1609/1609/1609 1955/1955/1955
f 1946/1946/1946 1945/1945/1945 1955/1955/1955
f 1945/1945/1945 1950/1950/1950 1952/1952/1952
f 1928/1928/1928 1953/1953/1953 1935/1935/1935
f 1943/1943/1943 1205/1205/1205 1944/1944/1944
f 1953/1953/1953 1946/1946/1946 1955/1955/1955
f 1611/1611/1611 1949/1949/1949 1943/1943/1943
f 1177/1177/1177 1915/1915/1915 1615/1615/1615
f 1952/1952/1952 1948/1948/1948 1607/1607/1607
f 1915/1915/1915 1177/1177/1177 1948/1948/1948
f 1147/1147/1147 1177/1177/1177 1615/1615/1615
f 1612/1612/1612 1747/1747/1747 1614/1614/1614
f 1956/1956/1956 1205/1205/1205 1943/1943/1943
f 1613/1613/1613 1614/1614/1614 1915/1915/1915
f 1944/1944/1944 1612/1612/1612 1943/1943/1943
f 1951/1951/1951 1611/1611/1611 1613/1613/1613
f 1950/1950/1950 1945/1945/1945 1947/1947/1947
f 1956/1956/1956 1943/1943/1943 1949/1949/1949
f 1747/1747/1747 1944/1944/1944 1914/1914/1914
f 1911/1911/1911 1205/1205/1205 1204/1204/1204
f 1914/1914/1914 1944/1944/1944 1205/1205/1205
f 1914/1914/1914 1911/1911/1911 495/495/495
f 1911/1911/1911 1204/1204/1204 1910/1910/1910
f 1204/1204/1204 1957/1957/1957 1910/1910/1910
f 1539/1539/1539 1808/1808/1808 1540/1540/1540
f 1774/1774/1774 1773/1773/1773 1954/1954/1954
f 1936/1936/1936 1935/1935/1935 1953/1953/1953
f 1614/1614/1614 1613/1613/1613 1612/1612/1612
f 1951/1951/1951 1613/1613/1613 1915/1915/1915
f 1948/1948/1948 1951/1951/1951 1915/1915/1915
f 1947/1947/1947 1951/1951/1951 1950/1950/1950
f 1949/1949/1949 1946/1946/1946 1930/1930/1930
f 1947/1947/1947 1611/1611/1611 1951/1951/1951
f 1949/1949/1949 1930/1930/1930 1956/1956/1956
f 1611/1611/1611 1947/1947/1947 1949/1949/1949
f 1206/1206/1206 1205/1205/1205 1956/1956/1956
f 1957/1957/1957 1204/1204/1204 1958/1958/1958
f 1898/1898/1898 1899/1899/1899 1959/1959/1959
f 1912/1912/1912 1900/1900/1900 1897/1897/1897
f 1894/1894/1894 1900/1900/1900 1912/1912/1912
f 1957/1957/1957 1959/1959/1959 1899/1899/1899
f 496/496/496 1910/1910/1910 1808/1808/1808
f 1910/1910/1910 1957/1957/1957 1893/1893/1893
f 1910/1910/1910 1893/1893/1893 1808/1808/1808
f 1899/1899/1899 1894/1894/1894 1893/1893/1893
f 1623/1623/1623 1772/1772/1772 1775/1775/1775
f 1773/1773/1773 1926/1926/1926 1936/1936/1936
f 1623/1623/1623 1765/1765/1765 1772/1772/1772
f 1931/1931/1931 1772/1772/1772 1765/1765/1765
f 1940/1940/1940 1760/1760/1760 1810/1810/1810
f 1773/1773/1773 1772/1772/1772 1761/1761/1761
f 1960/1960/1960 1927/1927/1927 1932/1932/1932
f 1961/1961/1961 1861/1861/1861 1895/1895/1895
f 1959/1959/1959 1957/1957/1957 1958/1958/1958
f 1893/1893/1893 1957/1957/1957 1899/1899/1899
f 1954/1954/1954 1953/1953/1953 1955/1955/1955
f 1761/1761/1761 1940/1940/1940 1773/1773/1773
f 1774/1774/1774 1954/1954/1954 1955/1955/1955
f 1773/1773/1773 1936/1936/1936 1954/1954/1954
f 1933/1933/1933 1926/1926/1926 1810/1810/1810
f 1925/1925/1925 1936/1936/1936 1926/1926/1926
f 1609/1609/1609 1774/1774/1774 1955/1955/1955
f 1774/1774/1774 1775/1775/1775 1772/1772/1772
f 1810/1810/1810 1926/1926/1926 1940/1940/1940
f 1773/1773/1773 1940/1940/1940 1926/1926/1926
f 1884/1884/1884 1933/1933/1933 1810/1810/1810
f 1933/1933/1933 1883/1883/1883 1927/1927/1927
f 1932/1932/1932 1883/1883/1883 1811/1811/1811
f 1883/1883/1883 1932/1932/1932 1927/1927/1927
f 1962/1962/1962 1932/1932/1932 1961/1961/1961
f 1960/1960/1960 1963/1963/1963 1935/1935/1935
f 1754/1754/1754 1931/1931/1931 1765/1765/1765
f 1761/1761/1761 1931/1931/1931 1762/1762/1762
f 1953/1953/1953 1928/1928/1928 1946/1946/1946
f 1929/1929/1929 1928/1928/1928 1963/1963/1963
f 1960/1960/1960 1935/1935/1935 1925/1925/1925
f 1928/1928/1928 1935/1935/1935 1963/1963/1963
f 1960/1960/1960 1962/1962/1962 1963/1963/1963
f 1959/1959/1959 1964/1964/1964 1961/1961/1961
f 1927/1927/1927 1960/1960/1960 1925/1925/1925
f 1932/1932/1932 1861/1861/1861 1961/1961/1961
f 1929/1929/1929 1963/1963/1963 1962/1962/1962
f 1929/1929/1929 1964/1964/1964 1206/1206/1206
f 1867/1867/1867 1866/1866/1866 1870/1870/1870
f 1869/1869/1869 1868/1868/1868 1870/1870/1870
f 1573/1573/1573 989/989/989 1574/1574/1574
f 989/989/989 1868/1868/1868 1869/1869/1869
f 1840/1840/1840 1870/1870/1870 1871/1871/1871
f 1867/1867/1867 1870/1870/1870 1868/1868/1868
f 1573/1573/1573 1867/1867/1867 1868/1868/1868
f 1867/1867/1867 1865/1865/1865 1863/1863/1863
f 664/664/664 1570/1570/1570 1574/1574/1574
f 1413/1413/1413 1570/1570/1570 1571/1571/1571
f 1014/1014/1014 1413/1413/1413 1571/1571/1571
f 1569/1569/1569 1413/1413/1413 1412/1412/1412
f 1572/1572/1572 1569/1569/1569 1412/1412/1412
f 1570/1570/1570 1569/1569/1569 1573/1573/1573
f 1783/1783/1783 1782/1782/1782 1881/1881/1881
f 1558/1558/1558 1881/1881/1881 1782/1782/1782
f 854/854/854 1547/1547/1547 1566/1566/1566
f 1555/1555/1555 1547/1547/1547 1560/1560/1560
f 1873/1873/1873 1768/1768/1768 1824/1824/1824
f 1778/1778/1778 1826/1826/1826 1922/1922/1922
f 1849/1849/1849 1850/1850/1850 1847/1847/1847
f 1825/1825/1825 1849/1849/1849 1848/1848/1848
f 1825/1825/1825 1848/1848/1848 1941/1941/1941
f 1850/1850/1850 1849/1849/1849 1824/1824/1824
f 1924/1924/1924 1825/1825/1825 1941/1941/1941
f 1826/1826/1826 1825/1825/1825 1922/1922/1922
f 1920/1920/1920 1916/1916/1916 1921/1921/1921
f 1788/1788/1788 1916/1916/1916 1782/1782/1782
f 1923/1923/1923 1924/1924/1924 1939/1939/1939
f 1825/1825/1825 1924/1924/1924 1922/1922/1922
f 1938/1938/1938 1856/1856/1856 1942/1942/1942
f 1909/1909/1909 1856/1856/1856 1941/1941/1941
f 1618/1618/1618 1952/1952/1952 1607/1607/1607
f 1945/1945/1945 1952/1952/1952 1610/1610/1610
f 1206/1206/1206 1930/1930/1930 1929/1929/1929
f 1206/1206/1206 1964/1964/1964 1959/1959/1959
f 1959/1959/1959 1961/1961/1961 1895/1895/1895
f 1929/1929/1929 1962/1962/1962 1964/1964/1964
f 1932/1932/1932 1962/1962/1962 1960/1960/1960
f 1962/1962/1962 1961/1961/1961 1964/1964/1964
f 1959/1959/1959 1895/1895/1895 1898/1898/1898
f 1206/1206/1206 1959/1959/1959 1958/1958/1958
f 1896/1896/1896 1898/1898/1898 1895/1895/1895
f 1900/1900/1900 1898/1898/1898 1897/1897/1897
f 1575/1575/1575 1869/1869/1869 1840/1840/1840
f 989/989/989 1869/1869/1869 987/987/987
f 1204/1204/1204 1206/1206/1206 1958/1958/1958
f 1206/1206/1206 1956/1956/1956 1930/1930/1930
f 1050/1050/1050 1052/1052/1052 1059/1059/1059
f 1764/1764/1764 1052/1052/1052 1051/1051/1051
f 848/848/848 1050/1050/1050 1059/1059/1059
f 1050/1050/1050 993/993/993 994/994/994
f 1863/1863/1863 1865/1865/1865 1380/1380/1380
f 1841/1841/1841 1863/1863/1863 1377/1377/1377
f 233/1965/233 315/1966/315 1965/1967/1965
f 172/1968/172 233/1965/233 1965/1967/1965
f 304/1969/304 1966/1970/1966 305/1971/305
f 1967/1972/1967 1968/1973/1968 1969/1974/1969
f 1965/1967/1965 1968/1973/1968 1970/1975/1970
f 1971/1976/1971 1972/1977/1972 1973/1978/1973
f 1974/1979/1974 1975/1980/1975 283/1981/283
f 1976/1982/1976 1977/1983/1977 1978/1984/1978
f 558/1985/558 1979/1986/1979 412/1987/412
f 1980/1988/1980 484/1989/484 1981/1990/1981
f 167/1991/167 166/1992/166 1982/1993/1982
f 1983/1994/1983 283/1981/283 161/1995/161
f 333/1996/333 173/1997/173 1967/1972/1967
f 1984/1998/1984 1985/1999/1985 1986/2000/1986
f 1987/2001/1987 1988/2002/1988 1989/2003/1989
f 484/1989/484 1980/1988/1980 479/2004/479
f 1990/2005/1990 1991/2006/1991 1992/2007/1992
f 1993/2008/1993 1994/2009/1994 1995/2010/1995
f 1996/2011/1996 345/2012/345 1997/2013/1997
f 1998/2014/1998 1999/2015/1999 2000/2016/2000
f 2001/2017/2001 2002/2018/2002 2003/2019/2003
f 1996/2011/1996 2004/2020/2004 2005/2021/2005
f 2006/2022/2006 2007/2023/2007 385/2024/385
f 363/2025/363 2008/2026/2008 726/2027/726
f 344/2028/344 2005/2021/2005 492/2029/492
f 217/2030/217 385/2024/385 2007/2023/2007
f 344/2028/344 345/2012/345 1996/2011/1996
f 2009/2031/2009 384/2032/384 485/2033/485
f 2010/2034/2010 2011/2035/2011 2012/2036/2012
f 2013/2037/2013 2014/2038/2014 2015/2039/2015
f 2016/2040/2016 2017/2041/2017 317/2042/317
f 557/2043/557 2018/2044/2018 2019/2045/2019
f 306/2046/306 318/2047/318 2020/2048/2020
f 2021/2049/2021 2022/2050/2022 2023/2051/2023
f 2024/2052/2024 2025/2053/2025 2026/2054/2026
f 2027/2055/2027 2028/2056/2028 2029/2057/2029
f 2030/2058/2030 2031/2059/2031 2032/2060/2032
f 2033/2061/2033 2034/2062/2034 2035/2063/2035
f 1971/1976/1971 2036/2064/2036 2037/2065/2037
f 493/2066/493 2038/2067/2038 362/2068/362
f 2039/2069/2039 2040/2070/2040 2041/2071/2041
f 2034/2062/2034 187/2072/187 296/2073/296
f 2042/2074/2042 2043/2075/2043 2044/2076/2044
f 1976/1982/1976 1978/1984/1978 1982/1993/1982
f 2045/2077/2045 2008/2026/2008 2046/2078/2046
f 2047/2079/2047 2048/2080/2048 2049/2081/2049
f 2050/2082/2050 2051/2083/2051 2052/2084/2052
f 726/2027/726 2045/2077/2045 531/2085/531
f 2053/2086/2053 286/2087/286 287/2088/287
f 2006/2022/2006 2051/2083/2051 2050/2082/2050
f 2034/2062/2034 2033/2061/2033 2054/2089/2054
f 2055/2090/2055 2056/2091/2056 2057/2092/2057
f 2058/2093/2058 287/2088/287 701/2094/701
f 2020/2048/2020 2059/2095/2059 2027/2055/2027
f 305/1971/305 1966/1970/1966 1973/1978/1973
f 2060/2096/2060 2061/2097/2061 2062/2098/2062
f 1966/1970/1966 2063/2099/2063 2036/2064/2036
f 2049/2081/2049 2064/2100/2064 2065/2101/2065
f 2066/2102/2066 2067/2103/2067 2068/2104/2068
f 2069/2105/2069 2066/2102/2066 2070/2106/2070
f 2071/2107/2071 2072/2108/2072 2073/2109/2073
f 1968/1973/1968 2074/2110/2074 2075/2111/2075
f 2076/2112/2076 2077/2113/2077 2078/2114/2078
f 384/2032/384 2006/2022/2006 385/2024/385
f 2079/2115/2079 2080/2116/2080 2081/2117/2081
f 15/2118/15 920/2119/920 2082/2120/2082
f 2083/2121/2083 2084/2122/2084 2085/2123/2085
f 2086/2124/2086 370/2125/370 2087/2126/2087
f 370/2125/370 15/2118/15 2087/2126/2087
f 2088/2127/2088 2089/2128/2089 2090/2129/2090
f 2091/2130/2091 33/2131/33 32/2132/32
f 2092/2133/2092 2093/2134/2093 2094/2135/2094
f 2095/2136/2095 2096/2137/2096 2097/2138/2097
f 2098/2139/2098 2099/2140/2099 2100/2141/2100
f 512/2142/512 2101/2143/2101 2102/2144/2102
f 2103/2145/2103 2104/2146/2104 2105/2147/2105
f 2101/2143/2101 512/2142/512 377/2148/377
f 2106/2149/2106 2107/2150/2107 2108/2151/2108
f 4/2152/4 33/2131/33 2096/2137/2096
f 2109/2153/2109 2110/2154/2110 2111/2155/2111
f 2095/2136/2095 2097/2138/2097 2112/2156/2112
f 2113/2157/2113 2114/2158/2114 761/2159/761
f 2113/2157/2113 761/2159/761 760/2160/760
f 2115/2161/2115 4/2152/4 2096/2137/2096
f 2116/2162/2116 2117/2163/2117 2118/2164/2118
f 2119/2165/2119 2120/2166/2120 2121/2167/2121
f 2122/2168/2122 2123/2169/2123 2124/2170/2124
f 466/2171/466 2125/2172/2125 464/2173/464
f 487/2174/487 2126/2175/2126 485/2033/485
f 2127/2176/2127 2128/2177/2128 2129/2178/2129
f 227/2179/227 2130/2180/2130 466/2171/466
f 2131/2181/2131 2132/2182/2132 2133/2183/2133
f 2134/2184/2134 2135/2185/2135 2136/2186/2136
f 303/2187/303 2/2188/2 2095/2136/2095
f 391/2189/391 2137/2190/2137 414/2191/414
f 1/2192/1 4/2152/4 2115/2161/2115
f 2074/2110/2074 315/1966/315 317/2042/317
f 2007/2023/2007 2006/2022/2006 2050/2082/2050
f 239/2193/239 288/2194/288 2138/2195/2138
f 209/2196/209 217/2030/217 2007/2023/2007
f 2006/2022/2006 384/2032/384 2139/2197/2139
f 2140/2198/2140 2141/2199/2141 2142/2200/2142
f 2143/2201/2143 2144/2202/2144 2145/2203/2145
f 209/2196/209 2007/2023/2007 2050/2082/2050
f 173/1997/173 172/1968/172 1970/1975/1970
f 2146/2204/2146 2050/2082/2050 2147/2205/2147
f 2051/2083/2051 2006/2022/2006 2139/2197/2139
f 2148/2206/2148 2149/2207/2149 2150/2208/2150
f 2151/2209/2151 204/2210/204 441/2211/441
f 57/2212/57 239/2193/239 2152/2213/2152
f 2074/2110/2074 1965/1967/1965 315/1966/315
f 2153/2214/2153 2154/2215/2154 2151/2209/2151
f 2155/2216/2155 2028/2056/2028 2143/2201/2143
f 205/2217/205 204/2210/204 2154/2215/2154
f 2156/2218/2156 2157/2219/2157 2158/2220/2158
f 2074/2110/2074 1968/1973/1968 1965/1967/1965
f 2034/2062/2034 2054/2089/2054 2159/2221/2159
f 2160/2222/2160 2161/2223/2161 2162/2224/2162
f 2163/2225/2163 2164/2226/2164 2165/2227/2165
f 2166/2228/2166 406/2229/406 431/2230/431
f 2166/2228/2166 2167/2231/2167 2168/2232/2168
f 365/2233/365 2169/2234/2169 920/2119/920
f 368/2235/368 2160/2222/2160 430/2236/430
f 2144/2202/2144 2032/2060/2032 2170/2237/2170
f 380/2238/380 2161/2223/2161 368/2235/368
f 2075/2111/2075 2145/2203/2145 2171/2239/2171
f 1979/1986/1979 2172/2240/2172 2173/2241/2173
f 1969/1974/1969 2031/2059/2031 1976/1982/1976
f 2174/2242/2174 2175/2243/2175 2176/2244/2176
f 244/2245/244 253/2246/253 2177/2247/2177
f 2178/2248/2178 2179/2249/2179 2180/2250/2180
f 210/2251/210 209/2196/209 2050/2082/2050
f 601/2252/601 2179/2249/2179 604/2253/604
f 2016/2040/2016 2155/2216/2155 2017/2041/2017
f 2181/2254/2181 2182/2255/2182 2183/2256/2183
f 2143/2201/2143 2145/2203/2145 2155/2216/2155
f 2145/2203/2145 2170/2237/2170 2171/2239/2171
f 2184/2257/2184 95/2258/95 94/2259/94
f 12/2260/12 2185/2261/2185 128/2262/128
f 2145/2203/2145 2075/2111/2075 2155/2216/2155
f 2186/2263/2186 2187/2264/2187 2188/2265/2188
f 2016/2040/2016 317/2042/317 307/2266/307
f 2075/2111/2075 2017/2041/2017 2155/2216/2155
f 2189/2267/2189 2190/2268/2190 2191/2269/2191
f 1969/1974/1969 1968/1973/1968 2075/2111/2075
f 2188/2265/2188 94/2259/94 133/2270/133
f 2192/2271/2192 2193/2272/2193 13/2273/13
f 317/2042/317 2017/2041/2017 2074/2110/2074
f 2095/2136/2095 2194/2274/2194 2195/2275/2195
f 1965/1967/1965 1970/1975/1970 172/1968/172
f 1967/1972/1967 1970/1975/1970 1968/1973/1968
f 74/2276/74 2192/2271/2192 13/2273/13
f 2096/2137/2096 2095/2136/2095 2115/2161/2115
f 1967/1972/1967 173/1997/173 1970/1975/1970
f 1/2192/1 2115/2161/2115 2/2188/2
f 166/1992/166 333/1996/333 1976/1982/1976
f 1978/1984/1978 1977/1983/1977 2011/2035/2011
f 2/2188/2 2115/2161/2115 2095/2136/2095
f 1976/1982/1976 1967/1972/1967 1969/1974/1969
f 13/2273/13 2193/2272/2193 12/2260/12
f 2074/2110/2074 2017/2041/2017 2075/2111/2075
f 33/2131/33 2196/2277/2196 2096/2137/2096
f 2097/2138/2097 2096/2137/2096 2196/2277/2196
f 2197/2278/2197 2030/2058/2030 2198/2279/2198
f 2199/2280/2199 2200/2281/2200 2201/2282/2201
f 2202/2283/2202 245/2284/245 244/2245/244
f 2138/2195/2138 2203/2285/2203 2204/2286/2204
f 27/2287/27 2205/2288/2205 32/2132/32
f 2206/2289/2206 2200/2281/2200 2207/2290/2207
f 2138/2195/2138 2152/2213/2152 239/2193/239
f 2079/2115/2079 63/2291/63 55/2292/55
f 66/2293/66 58/2294/58 2208/2295/2208
f 2209/2296/2209 2210/2297/2210 2211/2298/2211
f 47/2299/47 2212/2300/2212 40/2301/40
f 2138/2195/2138 2204/2286/2204 2152/2213/2152
f 2213/2302/2213 40/2301/40 2212/2300/2212
f 2214/2303/2214 130/2304/130 129/2305/129
f 2215/2306/2215 2216/2307/2216 2217/2308/2217
f 2218/2309/2218 2219/2310/2219 2220/2311/2220
f 261/2312/261 2221/2313/2221 276/2314/276
f 261/2312/261 2222/2315/2222 2221/2313/2221
f 2223/2316/2223 2224/2317/2224 2225/2318/2225
f 1983/1994/1983 1974/1979/1974 283/1981/283
f 2226/2319/2226 2227/2320/2227 2228/2321/2228
f 2229/2322/2229 171/2323/171 170/2324/170
f 2230/2325/2230 2231/2326/2231 2232/2327/2232
f 2233/2328/2233 2117/2163/2117 2234/2329/2234
f 170/2324/170 2235/2330/2235 2229/2322/2229
f 2236/2331/2236 2237/2332/2237 2238/2333/2238
f 2239/2334/2239 2240/2335/2240 2241/2336/2241
f 2242/2337/2242 2243/2338/2243 2244/2339/2244
f 2245/2340/2245 129/2305/129 1975/1980/1975
f 2246/2341/2246 2247/2342/2247 2248/2343/2248
f 2218/2309/2218 62/2344/62 61/2345/61
f 2249/2346/2249 2250/2347/2250 2251/2348/2251
f 2252/2349/2252 2253/2350/2253 2254/2351/2254
f 2059/2095/2059 2255/2352/2255 2027/2055/2027
f 2256/2353/2256 412/1987/412 1979/1986/1979
f 2257/2354/2257 2258/2355/2258 2259/2356/2259
f 2260/2357/2260 2261/2358/2261 2262/2359/2262
f 2116/2162/2116 2263/2360/2263 2117/2163/2117
f 2264/2361/2264 2265/2362/2265 2266/2363/2266
f 2267/2364/2267 230/2365/230 232/2366/232
f 2194/2274/2194 2103/2145/2103 2192/2271/2192
f 2268/2367/2268 2269/2368/2269 2270/2369/2270
f 22/2370/22 412/1987/412 2256/2353/2256
f 2194/2274/2194 2095/2136/2095 2112/2156/2112
f 2271/2371/2271 230/2365/230 2267/2364/2267
f 230/2365/230 2271/2371/2271 170/2324/170
f 2272/2372/2272 2273/2373/2273 2274/2374/2274
f 2275/2375/2275 2276/2376/2276 2277/2377/2277
f 2278/2378/2278 2124/2170/2124 2279/2379/2279
f 229/2380/229 2013/2037/2013 227/2179/227
f 272/2381/272 268/2382/268 2280/2383/2280
f 2281/2384/2281 2282/2385/2282 2280/2383/2280
f 2283/2386/2283 2284/2387/2284 2285/2388/2285
f 2286/2389/2286 2287/2390/2287 2288/2391/2288
f 2289/2392/2289 2290/2393/2290 2291/2394/2291
f 2146/2204/2146 441/2211/441 210/2251/210
f 2289/2392/2289 2292/2395/2292 245/2284/245
f 2204/2286/2204 2203/2285/2203 2211/2298/2211
f 2293/2396/2293 2294/2397/2294 2295/2398/2295
f 2221/2313/2221 2122/2168/2122 276/2314/276
f 2296/2399/2296 2297/2400/2297 2298/2401/2298
f 2299/2402/2299 2300/2403/2300 2301/2404/2301
f 2302/2405/2302 2303/2406/2303 2304/2407/2304
f 199/2408/199 2305/2409/2305 200/2410/200
f 2306/2411/2306 2307/2412/2307 2101/2143/2101
f 2267/2364/2267 2308/2413/2308 2309/2414/2309
f 2091/2130/2091 2205/2288/2205 2201/2282/2201
f 2305/2409/2305 199/2408/199 2310/2415/2310
f 2205/2288/2205 2084/2122/2084 2199/2280/2199
f 2104/2146/2104 2311/2416/2311 2105/2147/2105
f 2166/2228/2166 2312/2417/2312 2167/2231/2167
f 219/2418/219 2313/2419/2313 2314/2420/2314
f 2195/2275/2195 74/2276/74 303/2187/303
f 2313/2419/2313 2315/2421/2315 2316/2422/2316
f 2220/2311/2220 2317/2423/2317 2080/2116/2080
f 2318/2424/2318 2319/2425/2319 2320/2426/2320
f 2321/2427/2321 2248/2343/2248 2322/2428/2322
f 2185/2261/2185 12/2260/12 2323/2429/2323
f 518/2430/518 2310/2415/2310 199/2408/199
f 2324/2431/2324 2315/2421/2315 2325/2432/2325
f 2326/2433/2326 2327/2434/2327 2328/2435/2328
f 2324/2431/2324 2329/2436/2329 2315/2421/2315
f 2147/2205/2147 2050/2082/2050 2052/2084/2052
f 2147/2205/2147 2001/2017/2001 2151/2209/2151
f 2210/2297/2210 2330/2437/2330 215/2438/215
f 2331/2439/2331 67/2440/67 66/2293/66
f 2332/2441/2332 2009/2031/2009 2126/2175/2126
f 2331/2439/2331 2204/2286/2204 2211/2298/2211
f 2294/2397/2294 2293/2396/2293 2333/2442/2333
f 2334/2443/2334 2003/2019/2003 2002/2018/2002
f 58/2294/58 57/2212/57 2152/2213/2152
f 2335/2444/2335 2336/2445/2336 2337/2446/2337
f 2204/2286/2204 2208/2295/2208 2152/2213/2152
f 2338/2447/2338 2334/2443/2334 2332/2441/2332
f 2210/2297/2210 67/2440/67 2331/2439/2331
f 2188/2265/2188 2339/2448/2339 2184/2257/2184
f 214/2449/214 2315/2421/2315 212/2450/212
f 2201/2282/2201 2311/2416/2311 2340/2451/2340
f 2126/2175/2126 2000/2016/2000 2341/2452/2341
f 267/2453/267 454/2454/454 2233/2328/2233
f 2342/2455/2342 2008/2026/2008 2343/2456/2343
f 2055/2090/2055 2057/2092/2057 2032/2060/2032
f 2251/2348/2251 2250/2347/2250 2344/2457/2344
f 2345/2458/2345 2346/2459/2346 2347/2460/2347
f 2348/2461/2348 2014/2038/2014 2349/2462/2349
f 370/2125/370 2086/2124/2086 620/2463/620
f 2350/2464/2350 2351/2465/2351 2352/2466/2352
f 2353/2467/2353 171/2323/171 2229/2322/2229
f 2354/2468/2354 2355/2469/2355 2356/2470/2356
f 2333/2442/2333 2293/2396/2293 2121/2167/2121
f 2119/2165/2119 2338/2447/2338 2341/2452/2341
f 2357/2471/2357 475/2472/475 2358/2473/2358
f 2114/2158/2114 475/2472/475 761/2159/761
f 2160/2222/2160 2359/2474/2359 430/2236/430
f 2360/2475/2360 2361/2476/2361 2362/2477/2362
f 2151/2209/2151 441/2211/441 2146/2204/2146
f 2151/2209/2151 2363/2478/2363 2153/2214/2153
f 2000/2016/2000 487/2174/487 476/2479/476
f 2126/2175/2126 2341/2452/2341 2338/2447/2338
f 205/2217/205 2154/2215/2154 2157/2219/2157
f 2162/2224/2162 2335/2444/2335 2337/2446/2337
f 2009/2031/2009 2139/2197/2139 384/2032/384
f 2139/2197/2139 2332/2441/2332 2364/2480/2364
f 2126/2175/2126 2009/2031/2009 485/2033/485
f 2139/2197/2139 2009/2031/2009 2332/2441/2332
f 2050/2082/2050 2146/2204/2146 210/2251/210
f 2151/2209/2151 2146/2204/2146 2147/2205/2147
f 2051/2083/2051 2139/2197/2139 2364/2480/2364
f 2121/2167/2121 2003/2019/2003 2334/2443/2334
f 133/2270/133 2186/2263/2186 2188/2265/2188
f 2365/2481/2365 2182/2255/2182 2366/2482/2366
f 2367/2483/2367 2024/2052/2024 2026/2054/2026
f 2368/2484/2368 2369/2485/2369 2370/2486/2370
f 2079/2115/2079 2371/2487/2371 63/2291/63
f 2372/2488/2372 2373/2489/2373 2207/2290/2207
f 2374/2490/2374 2081/2117/2081 2080/2116/2080
f 2240/2335/2240 2239/2334/2239 2375/2491/2375
f 2192/2271/2192 74/2276/74 2195/2275/2195
f 2376/2492/2376 2193/2272/2193 2377/2493/2377
f 2378/2494/2378 2379/2495/2379 2191/2269/2191
f 2380/2496/2380 2188/2265/2188 2187/2264/2187
f 2377/2493/2377 2193/2272/2193 2192/2271/2192
f 12/2260/12 2193/2272/2193 2323/2429/2323
f 2084/2122/2084 27/2287/27 26/2497/26
f 2205/2288/2205 2199/2280/2199 2201/2282/2201
f 2085/2123/2085 26/2497/26 24/2498/24
f 2381/2499/2381 2382/2500/2382 2383/2501/2383
f 2201/2282/2201 2200/2281/2200 2311/2416/2311
f 2091/2130/2091 2201/2282/2201 2340/2451/2340
f 2084/2122/2084 2205/2288/2205 27/2287/27
f 2207/2290/2207 2199/2280/2199 2083/2121/2083
f 2091/2130/2091 2196/2277/2196 33/2131/33
f 2196/2277/2196 2340/2451/2340 2384/2502/2384
f 2205/2288/2205 2091/2130/2091 32/2132/32
f 2196/2277/2196 2091/2130/2091 2340/2451/2340
f 2095/2136/2095 2195/2275/2195 303/2187/303
f 2192/2271/2192 2195/2275/2195 2194/2274/2194
f 2196/2277/2196 2384/2502/2384 2097/2138/2097
f 2206/2289/2206 2105/2147/2105 2311/2416/2311
f 2206/2289/2206 2311/2416/2311 2200/2281/2200
f 2112/2156/2112 2384/2502/2384 2104/2146/2104
f 2200/2281/2200 2199/2280/2199 2207/2290/2207
f 2206/2289/2206 2385/2503/2385 2105/2147/2105
f 2386/2504/2386 2387/2505/2387 2085/2123/2085
f 2319/2425/2319 2388/2506/2388 2320/2426/2320
f 2389/2507/2389 2105/2147/2105 2385/2503/2385
f 2103/2145/2103 2105/2147/2105 2377/2493/2377
f 2390/2508/2390 2391/2509/2391 2392/2510/2392
f 2124/2170/2124 2393/2511/2393 2122/2168/2122
f 2394/2512/2394 702/2513/702 20/2514/20
f 2118/2164/2118 2395/2515/2395 2116/2162/2116
f 2396/2516/2396 2397/2517/2397 2398/2518/2398
f 2399/2519/2399 2400/2520/2400 2401/2521/2401
f 2321/2427/2321 2322/2428/2322 2310/2415/2310
f 2402/2522/2402 2403/2523/2403 2404/2524/2404
f 2405/2525/2405 2291/2394/2291 2290/2393/2290
f 2202/2283/2202 2290/2393/2290 2289/2392/2289
f 272/2381/272 2280/2383/2280 2222/2315/2222
f 2279/2379/2279 2406/2526/2406 2392/2510/2392
f 2407/2527/2407 214/2449/214 525/2528/525
f 2316/2422/2316 2315/2421/2315 2408/2529/2408
f 2210/2297/2210 215/2438/215 67/2440/67
f 2209/2296/2209 2409/2530/2409 2410/2531/2410
f 2331/2439/2331 66/2293/66 2208/2295/2208
f 2210/2297/2210 2331/2439/2331 2211/2298/2211
f 2209/2296/2209 2211/2298/2211 2411/2532/2411
f 2412/2533/2412 2330/2437/2330 2410/2531/2410
f 2152/2213/2152 2208/2295/2208 58/2294/58
f 2331/2439/2331 2208/2295/2208 2204/2286/2204
f 288/2194/288 2292/2395/2292 2138/2195/2138
f 2138/2195/2138 2292/2395/2292 2203/2285/2203
f 245/2284/245 2292/2395/2292 288/2194/288
f 2203/2285/2203 2292/2395/2292 2291/2394/2291
f 2291/2394/2291 2405/2525/2405 2203/2285/2203
f 2203/2285/2203 2405/2525/2405 2411/2532/2411
f 2177/2247/2177 2202/2283/2202 244/2245/244
f 2177/2247/2177 2413/2534/2413 2202/2283/2202
f 2414/2535/2414 2415/2536/2415 2416/2537/2416
f 2417/2538/2417 492/2029/492 2005/2021/2005
f 2012/2036/2012 2418/2539/2418 1981/1990/1981
f 1980/1988/1980 2418/2539/2418 1993/2008/1993
f 1976/1982/1976 1982/1993/1982 166/1992/166
f 2010/2034/2010 1982/1993/1982 1978/1984/1978
f 1967/1972/1967 1976/1982/1976 333/1996/333
f 1969/1974/1969 2171/2239/2171 2031/2059/2031
f 2011/2035/2011 2197/2278/2197 2012/2036/2012
f 2418/2539/2418 2419/2540/2419 1993/2008/1993
f 306/2046/306 2029/2057/2029 307/2266/307
f 2020/2048/2020 2029/2057/2029 306/2046/306
f 2420/2541/2420 2027/2055/2027 2255/2352/2255
f 2028/2056/2028 2027/2055/2027 2143/2201/2143
f 2421/2542/2421 2020/2048/2020 318/2047/318
f 2422/2543/2422 2423/2544/2423 2037/2065/2037
f 2036/2064/2036 2063/2099/2063 2424/2545/2424
f 1966/1970/1966 2036/2064/2036 1971/1976/1971
f 2425/2546/2425 2068/2104/2068 2067/2103/2067
f 2426/2547/2426 2427/2548/2427 2428/2549/2428
f 531/2085/531 2429/2550/2429 2430/2551/2430
f 2431/2552/2431 2174/2242/2174 2176/2244/2176
f 2432/2553/2432 2008/2026/2008 363/2025/363
f 2046/2078/2046 2008/2026/2008 2433/2554/2433
f 2035/2063/2035 296/2073/296 730/2555/730
f 2424/2545/2424 2159/2221/2159 2434/2556/2434
f 2435/2557/2435 729/2558/729 286/2087/286
f 2044/2076/2044 2436/2559/2436 2437/2560/2437
f 604/2253/604 2178/2248/2178 605/2561/605
f 2021/2049/2021 2438/2562/2438 2439/2563/2439
f 558/1985/558 2172/2240/2172 1979/1986/1979
f 2395/2515/2395 2440/2564/2440 2441/2565/2441
f 2113/2157/2113 2111/2155/2111 2442/2566/2442
f 2443/2567/2443 2444/2568/2444 2445/2569/2445
f 2446/2570/2446 2071/2107/2071 2447/2571/2447
f 2442/2566/2442 2272/2372/2272 2113/2157/2113
f 2448/2572/2448 2449/2573/2449 2450/2574/2450
f 2451/2575/2451 2452/2576/2452 2450/2574/2450
f 159/2577/159 158/2578/158 2453/2579/2453
f 2454/2580/2454 2455/2581/2455 2456/2582/2456
f 2015/2039/2015 2130/2180/2130 2013/2037/2013
f 1998/2014/1998 2125/2172/2125 2457/2583/2457
f 2358/2473/2358 2349/2462/2349 2357/2471/2357
f 2458/2584/2458 2459/2585/2459 2304/2407/2304
f 2359/2474/2359 2162/2224/2162 2337/2446/2337
f 2460/2586/2460 2461/2587/2461 2462/2588/2462
f 2360/2475/2360 2167/2231/2167 2460/2586/2460
f 2019/2045/2019 2463/2589/2463 2464/2590/2464
f 2465/2591/2465 2466/2592/2466 2467/2593/2467
f 2468/2594/2468 2161/2223/2161 2157/2219/2157
f 476/2479/476 464/2173/464 1998/2014/1998
f 2120/2166/2120 2333/2442/2333 2121/2167/2121
f 2334/2443/2334 2338/2447/2338 2119/2165/2119
f 2332/2441/2332 2126/2175/2126 2338/2447/2338
f 2121/2167/2121 2334/2443/2334 2119/2165/2119
f 2052/2084/2052 2364/2480/2364 2002/2018/2002
f 2119/2165/2119 2341/2452/2341 2120/2166/2120
f 2121/2167/2121 2293/2396/2293 2003/2019/2003
f 1998/2014/1998 2469/2595/2469 2470/2596/2470
f 2303/2406/2303 2134/2184/2134 2471/2597/2471
f 2467/2593/2467 2363/2478/2363 2465/2591/2465
f 2003/2019/2003 2363/2478/2363 2001/2017/2001
f 2471/2597/2471 2134/2184/2134 2136/2186/2136
f 2333/2442/2333 2120/2166/2120 2136/2186/2136
f 2472/2598/2472 2473/2599/2473 2474/2600/2474
f 1990/2005/1990 2295/2398/2295 2294/2397/2294
f 2136/2186/2136 2120/2166/2120 2470/2596/2470
f 2135/2185/2135 2294/2397/2294 2136/2186/2136
f 2470/2596/2470 2120/2166/2120 2341/2452/2341
f 2475/2601/2475 2303/2406/2303 2302/2405/2302
f 1990/2005/1990 2135/2185/2135 2473/2599/2473
f 2473/2599/2473 2472/2598/2472 1991/2006/1991
f 2136/2186/2136 2294/2397/2294 2333/2442/2333
f 2295/2398/2295 1990/2005/1990 1992/2007/1992
f 2136/2186/2136 2469/2595/2469 2471/2597/2471
f 2476/2602/2476 2469/2595/2469 2477/2603/2477
f 2471/2597/2471 2476/2602/2476 2303/2406/2303
f 2478/2604/2478 2304/2407/2304 2479/2605/2479
f 2473/2599/2473 2135/2185/2135 2480/2606/2480
f 1990/2005/1990 2294/2397/2294 2135/2185/2135
f 2480/2606/2480 2474/2600/2474 2473/2599/2473
f 2474/2600/2474 2480/2606/2480 2099/2140/2099
f 2480/2606/2480 2135/2185/2135 2134/2184/2134
f 2481/2607/2481 2482/2608/2482 2472/2598/2472
f 2475/2601/2475 2134/2184/2134 2303/2406/2303
f 2480/2606/2480 2475/2601/2475 2099/2140/2099
f 2483/2609/2483 2484/2610/2484 2485/2611/2485
f 1990/2005/1990 2473/2599/2473 1991/2006/1991
f 2486/2612/2486 2459/2585/2459 2348/2461/2348
f 2099/2140/2099 2475/2601/2475 2100/2141/2100
f 2487/2613/2487 1991/2006/1991 2482/2608/2482
f 2487/2613/2487 1992/2007/1992 1991/2006/1991
f 2488/2614/2488 2489/2615/2489 2490/2616/2490
f 2336/2445/2336 2491/2617/2491 2462/2588/2462
f 2492/2618/2492 2484/2610/2484 2483/2609/2483
f 2493/2619/2493 2492/2618/2492 2494/2620/2494
f 2490/2616/2490 2487/2613/2487 2482/2608/2482
f 1992/2007/1992 2487/2613/2487 2484/2610/2484
f 2481/2607/2481 2472/2598/2472 2474/2600/2474
f 1991/2006/1991 2472/2598/2472 2482/2608/2482
f 2495/2621/2495 2474/2600/2474 2099/2140/2099
f 2481/2607/2481 2496/2622/2496 2488/2614/2488
f 2492/2618/2492 1992/2007/1992 2484/2610/2484
f 2156/2218/2156 2467/2593/2467 2497/2623/2497
f 2157/2219/2157 2161/2223/2161 380/2238/380
f 2161/2223/2161 2468/2594/2468 2162/2224/2162
f 205/2217/205 2157/2219/2157 380/2238/380
f 2467/2593/2467 2156/2218/2156 2158/2220/2158
f 2468/2594/2468 2498/2624/2498 2499/2625/2499
f 2312/2417/2312 2461/2587/2461 2167/2231/2167
f 2364/2480/2364 2052/2084/2052 2051/2083/2051
f 2001/2017/2001 2052/2084/2052 2002/2018/2002
f 132/2626/132 2190/2268/2190 2500/2627/2500
f 2188/2265/2188 2380/2496/2380 2339/2448/2339
f 95/2258/95 2184/2257/2184 2181/2254/2181
f 2183/2256/2183 2501/2628/2501 2180/2250/2180
f 47/2299/47 63/2291/63 2371/2487/2371
f 2213/2302/2213 2085/2123/2085 24/2498/24
f 2502/2629/2502 2503/2630/2503 2240/2335/2240
f 2381/2499/2381 2504/2631/2504 2225/2318/2225
f 2219/2310/2219 2218/2309/2218 2505/2632/2505
f 2506/2633/2506 2505/2632/2505 2507/2634/2507
f 2323/2429/2323 2191/2269/2191 2185/2261/2185
f 128/2262/128 2185/2261/2185 2190/2268/2190
f 2191/2269/2191 2379/2495/2379 2508/2635/2508
f 2509/2636/2509 2372/2488/2372 2207/2290/2207
f 2376/2492/2376 2378/2494/2378 2191/2269/2191
f 2189/2267/2189 2510/2637/2510 2511/2638/2511
f 2191/2269/2191 2323/2429/2323 2376/2492/2376
f 2191/2269/2191 2508/2635/2508 2189/2267/2189
f 2085/2123/2085 2084/2122/2084 26/2497/26
f 2199/2280/2199 2084/2122/2084 2083/2121/2083
f 24/2498/24 40/2301/40 2213/2302/2213
f 2504/2631/2504 2386/2504/2386 2213/2302/2213
f 2384/2502/2384 2112/2156/2112 2097/2138/2097
f 2103/2145/2103 2112/2156/2112 2104/2146/2104
f 2340/2451/2340 2311/2416/2311 2384/2502/2384
f 2104/2146/2104 2384/2502/2384 2311/2416/2311
f 2281/2384/2281 268/2382/268 267/2453/267
f 2282/2385/2282 2512/2639/2512 2222/2315/2222
f 2513/2640/2513 2514/2641/2514 2263/2360/2263
f 2515/2642/2515 2282/2385/2282 2281/2384/2281
f 2516/2643/2516 22/2370/22 2517/2644/2517
f 2518/2645/2518 2173/2241/2173 2519/2646/2519
f 2267/2364/2267 2397/2517/2397 2308/2413/2308
f 2520/2647/2520 2521/2648/2521 2401/2521/2401
f 2522/2649/2522 2401/2521/2401 2523/2650/2523
f 2524/2651/2524 2525/2652/2525 2253/2350/2253
f 2321/2427/2321 518/2430/518 396/2653/396
f 2526/2654/2526 2305/2409/2305 2322/2428/2322
f 2313/2419/2313 219/2418/219 212/2450/212
f 2527/2655/2527 2129/2178/2129 2128/2177/2128
f 2403/2523/2403 2402/2522/2402 2528/2656/2528
f 2308/2413/2308 2244/2339/2244 2309/2414/2309
f 253/2246/253 276/2314/276 2122/2168/2122
f 2177/2247/2177 2529/2657/2529 2413/2534/2413
f 2529/2657/2529 2177/2247/2177 2122/2168/2122
f 2122/2168/2122 2177/2247/2177 253/2246/253
f 261/2312/261 272/2381/272 2222/2315/2222
f 2122/2168/2122 2221/2313/2221 2123/2169/2123
f 2512/2639/2512 2282/2385/2282 2390/2508/2390
f 2123/2169/2123 2221/2313/2221 2222/2315/2222
f 2315/2421/2315 214/2449/214 2407/2527/2407
f 2315/2421/2315 2329/2436/2329 2408/2529/2408
f 2325/2432/2325 2407/2527/2407 2330/2437/2330
f 2530/2658/2530 2531/2659/2531 2532/2660/2532
f 2532/2660/2532 2533/2661/2533 2408/2529/2408
f 2527/2655/2527 2314/2420/2314 2534/2662/2534
f 2209/2296/2209 2411/2532/2411 2535/2663/2535
f 2209/2296/2209 2535/2663/2535 2409/2530/2409
f 2292/2395/2292 2289/2392/2289 2291/2394/2291
f 245/2284/245 2202/2283/2202 2289/2392/2289
f 2301/2404/2301 2529/2657/2529 2393/2511/2393
f 2301/2404/2301 2536/2664/2536 2413/2534/2413
f 2537/2665/2537 2538/2666/2538 2249/2346/2249
f 2038/2067/2038 2538/2666/2538 2343/2456/2343
f 1980/1988/1980 1995/2010/1995 479/2004/479
f 1996/2011/1996 2539/2667/2539 2540/2668/2540
f 1994/2009/1994 1993/2008/1993 2414/2535/2414
f 2539/2667/2539 2541/2669/2541 2540/2668/2540
f 2031/2059/2031 2171/2239/2171 2032/2060/2032
f 1977/1983/1977 2542/2670/2542 2011/2035/2011
f 1976/1982/1976 2031/2059/2031 1977/1983/1977
f 2030/2058/2030 1977/1983/1977 2031/2059/2031
f 2197/2278/2197 2011/2035/2011 2542/2670/2542
f 2010/2034/2010 2012/2036/2012 1981/1990/1981
f 1981/1990/1981 2418/2539/2418 1980/1988/1980
f 2543/2671/2543 2418/2539/2418 2012/2036/2012
f 484/1989/484 167/1991/167 1981/1990/1981
f 2010/2034/2010 1981/1990/1981 167/1991/167
f 307/2266/307 2028/2056/2028 2016/2040/2016
f 2155/2216/2155 2016/2040/2016 2028/2056/2028
f 2027/2055/2027 2029/2057/2029 2020/2048/2020
f 307/2266/307 2029/2057/2029 2028/2056/2028
f 2421/2542/2421 2059/2095/2059 2020/2048/2020
f 2423/2544/2423 2059/2095/2059 1972/1977/1972
f 305/1971/305 2421/2542/2421 318/2047/318
f 2059/2095/2059 2421/2542/2421 1972/1977/1972
f 2159/2221/2159 185/2672/185 187/2072/187
f 2054/2089/2054 2544/2673/2544 2434/2556/2434
f 2423/2544/2423 1971/1976/1971 2037/2065/2037
f 1973/1978/1973 1972/1977/1972 2421/2542/2421
f 2169/2234/2169 2545/2674/2545 2082/2120/2082
f 2175/2243/2175 2086/2124/2086 2546/2675/2546
f 2429/2550/2429 2547/2676/2547 2430/2551/2430
f 2545/2674/2545 2169/2234/2169 2061/2097/2061
f 2432/2553/2432 363/2025/363 362/2068/362
f 2548/2677/2548 2433/2554/2433 2008/2026/2008
f 2417/2538/2417 493/2066/493 492/2029/492
f 2008/2026/2008 2342/2455/2342 2548/2677/2548
f 2549/2678/2549 2550/2679/2550 2433/2554/2433
f 2169/2234/2169 2062/2098/2062 2061/2097/2061
f 2035/2063/2035 2034/2062/2034 296/2073/296
f 2043/2075/2043 2434/2556/2434 2544/2673/2544
f 2159/2221/2159 2424/2545/2424 2063/2099/2063
f 187/2072/187 2034/2062/2034 2159/2221/2159
f 729/2558/729 2049/2081/2049 2551/2680/2551
f 2544/2673/2544 2436/2559/2436 2044/2076/2044
f 287/2088/287 2058/2093/2058 2053/2086/2053
f 2439/2563/2439 2369/2485/2369 2368/2484/2368
f 605/2561/605 2178/2248/2178 2023/2051/2023
f 2552/2681/2552 2368/2484/2368 2053/2086/2053
f 2172/2240/2172 557/2043/557 2019/2045/2019
f 2173/2241/2173 2518/2645/2518 2256/2353/2256
f 2018/2044/2018 557/2043/557 407/2682/407
f 2298/2401/2298 2362/2477/2362 2553/2683/2553
f 2173/2241/2173 2464/2590/2464 2554/2684/2554
f 2394/2512/2394 2516/2643/2516 2440/2564/2440
f 557/2043/557 2172/2240/2172 558/1985/558
f 2173/2241/2173 2172/2240/2172 2019/2045/2019
f 2173/2241/2173 2256/2353/2256 1979/1986/1979
f 2256/2353/2256 2518/2645/2518 2517/2644/2517
f 2111/2155/2111 760/2160/760 452/2685/452
f 2555/2686/2555 2114/2158/2114 2272/2372/2272
f 2109/2153/2109 452/2685/452 414/2191/414
f 2556/2687/2556 2274/2374/2274 2557/2688/2557
f 2558/2689/2558 2555/2686/2555 2556/2687/2556
f 2013/2037/2013 2349/2462/2349 2014/2038/2014
f 2111/2155/2111 2113/2157/2113 760/2160/760
f 2442/2566/2442 2110/2154/2110 2559/2690/2559
f 2272/2372/2272 2114/2158/2114 2113/2157/2113
f 2114/2158/2114 2560/2691/2560 2358/2473/2358
f 2102/2144/2102 2307/2412/2307 2561/2692/2561
f 2137/2190/2137 2562/2693/2562 2109/2153/2109
f 2449/2573/2449 2448/2572/2448 2086/2124/2086
f 2561/2692/2561 2307/2412/2307 2428/2549/2428
f 2252/2349/2252 161/1995/161 159/2577/159
f 2563/2694/2563 1974/1979/1974 2254/2351/2254
f 2564/2695/2564 2565/2696/2565 2245/2340/2245
f 2566/2697/2566 2567/2698/2567 2568/2699/2568
f 2457/2583/2457 2478/2604/2478 2477/2603/2477
f 2125/2172/2125 2130/2180/2130 2478/2604/2478
f 2360/2475/2360 2362/2477/2362 2463/2589/2463
f 406/2229/406 2168/2232/2168 407/2682/407
f 2151/2209/2151 2154/2215/2154 204/2210/204
f 2157/2219/2157 2154/2215/2154 2158/2220/2158
f 2153/2214/2153 2363/2478/2363 2467/2593/2467
f 2154/2215/2154 2153/2214/2153 2158/2220/2158
f 2000/2016/2000 2126/2175/2126 487/2174/487
f 2341/2452/2341 1999/2015/1999 2470/2596/2470
f 1998/2014/1998 2000/2016/2000 476/2479/476
f 2341/2452/2341 2000/2016/2000 1999/2015/1999
f 464/2173/464 2125/2172/2125 1998/2014/1998
f 2478/2604/2478 2457/2583/2457 2125/2172/2125
f 2332/2441/2332 2334/2443/2334 2364/2480/2364
f 2002/2018/2002 2364/2480/2364 2334/2443/2334
f 1998/2014/1998 2470/2596/2470 1999/2015/1999
f 2136/2186/2136 2470/2596/2470 2469/2595/2469
f 2469/2595/2469 2476/2602/2476 2471/2597/2471
f 2479/2605/2479 2476/2602/2476 2477/2603/2477
f 2475/2601/2475 2302/2405/2302 2100/2141/2100
f 2134/2184/2134 2475/2601/2475 2480/2606/2480
f 2445/2569/2445 2569/2700/2569 2443/2567/2443
f 2495/2621/2495 2098/2139/2098 2570/2701/2570
f 2497/2623/2497 2493/2619/2493 2498/2624/2498
f 1992/2007/1992 2492/2618/2492 2466/2592/2466
f 2158/2220/2158 2153/2214/2153 2467/2593/2467
f 2493/2619/2493 2466/2592/2466 2492/2618/2492
f 2003/2019/2003 2465/2591/2465 2363/2478/2363
f 2003/2019/2003 2293/2396/2293 2465/2591/2465
f 2498/2624/2498 2493/2619/2493 2494/2620/2494
f 2466/2592/2466 2493/2619/2493 2497/2623/2497
f 2494/2620/2494 2571/2702/2571 2499/2625/2499
f 2468/2594/2468 2157/2219/2157 2156/2218/2156
f 2467/2593/2467 2466/2592/2466 2497/2623/2497
f 2466/2592/2466 2295/2398/2295 1992/2007/1992
f 2161/2223/2161 2160/2222/2160 368/2235/368
f 2359/2474/2359 2160/2222/2160 2162/2224/2162
f 431/2230/431 2359/2474/2359 2166/2228/2166
f 2468/2594/2468 2499/2625/2499 2162/2224/2162
f 132/2626/132 128/2262/128 2190/2268/2190
f 2572/2703/2572 2573/2704/2573 2574/2705/2574
f 2190/2268/2190 2185/2261/2185 2191/2269/2191
f 2511/2638/2511 2186/2263/2186 2500/2627/2500
f 2572/2703/2572 2189/2267/2189 2508/2635/2508
f 2511/2638/2511 2190/2268/2190 2189/2267/2189
f 2572/2703/2572 2508/2635/2508 2379/2495/2379
f 2572/2703/2572 2574/2705/2574 2510/2637/2510
f 2575/2706/2575 2510/2637/2510 2574/2705/2574
f 2576/2707/2576 2575/2706/2575 2107/2150/2107
f 2572/2703/2572 2510/2637/2510 2189/2267/2189
f 2575/2706/2575 2576/2707/2576 2187/2264/2187
f 2511/2638/2511 2510/2637/2510 2187/2264/2187
f 2575/2706/2575 2187/2264/2187 2510/2637/2510
f 2366/2482/2366 2339/2448/2339 2577/2708/2577
f 2183/2256/2183 2179/2249/2179 2181/2254/2181
f 2181/2254/2181 2179/2249/2179 601/2252/601
f 2179/2249/2179 2183/2256/2183 2180/2250/2180
f 95/2258/95 2181/2254/2181 601/2252/601
f 2181/2254/2181 2366/2482/2366 2182/2255/2182
f 2578/2709/2578 2501/2628/2501 2183/2256/2183
f 605/2561/605 2023/2051/2023 701/2094/701
f 62/2344/62 2579/2710/2579 2580/2711/2580
f 2581/2712/2581 2079/2115/2079 2081/2117/2081
f 55/2292/55 2580/2711/2580 2079/2115/2079
f 2218/2309/2218 2080/2116/2080 2579/2710/2579
f 2581/2712/2581 2081/2117/2081 2582/2713/2582
f 2583/2714/2583 2212/2300/2212 47/2299/47
f 62/2344/62 2580/2711/2580 55/2292/55
f 2080/2116/2080 2079/2115/2079 2580/2711/2580
f 2079/2115/2079 2581/2712/2581 2371/2487/2371
f 2371/2487/2371 2581/2712/2581 2583/2714/2583
f 2505/2632/2505 61/2345/61 693/2715/693
f 2080/2116/2080 2218/2309/2218 2220/2311/2220
f 2507/2634/2507 693/2715/693 130/2304/130
f 2456/2582/2456 2354/2468/2354 2454/2580/2454
f 2580/2711/2580 2579/2710/2579 2080/2116/2080
f 62/2344/62 2218/2309/2218 2579/2710/2579
f 2505/2632/2505 2218/2309/2218 61/2345/61
f 2354/2468/2354 2219/2310/2219 2506/2633/2506
f 2225/2318/2225 2504/2631/2504 2212/2300/2212
f 2320/2426/2320 2388/2506/2388 2383/2501/2383
f 2281/2384/2281 2280/2383/2280 268/2382/268
f 2222/2315/2222 2280/2383/2280 2282/2385/2282
f 2233/2328/2233 2281/2384/2281 267/2453/267
f 2282/2385/2282 2515/2642/2515 2390/2508/2390
f 2584/2716/2584 454/2454/454 702/2513/702
f 2233/2328/2233 2234/2329/2234 2585/2717/2585
f 2584/2716/2584 2233/2328/2233 454/2454/454
f 2117/2163/2117 2584/2716/2584 2394/2512/2394
f 2516/2643/2516 2394/2512/2394 20/2514/20
f 2117/2163/2117 2394/2512/2394 2118/2164/2118
f 22/2370/22 2516/2643/2516 20/2514/20
f 2586/2718/2586 2587/2719/2587 2519/2646/2519
f 2397/2517/2397 232/2366/232 707/2720/707
f 2271/2371/2271 2267/2364/2267 2588/2721/2588
f 2398/2518/2398 707/2720/707 200/2410/200
f 2396/2516/2396 2589/2722/2589 2244/2339/2244
f 2590/2723/2590 2591/2724/2591 2592/2725/2592
f 2593/2726/2593 2594/2727/2594 2521/2648/2521
f 2397/2517/2397 2267/2364/2267 232/2366/232
f 2244/2339/2244 2308/2413/2308 2396/2516/2396
f 2588/2721/2588 2267/2364/2267 2309/2414/2309
f 170/2324/170 2271/2371/2271 2235/2330/2235
f 2595/2728/2595 2524/2651/2524 2253/2350/2253
f 2252/2349/2252 2254/2351/2254 1983/1994/1983
f 2321/2427/2321 2310/2415/2310 518/2430/518
f 2305/2409/2305 2310/2415/2310 2322/2428/2322
f 396/2653/396 219/2418/219 2314/2420/2314
f 2322/2428/2322 2248/2343/2248 2247/2342/2247
f 2526/2654/2526 2322/2428/2322 2247/2342/2247
f 2528/2656/2528 2589/2722/2589 2398/2518/2398
f 2596/2729/2596 2597/2730/2597 2598/2731/2598
f 2393/2511/2393 2124/2170/2124 2278/2378/2278
f 2393/2511/2393 2278/2378/2278 2301/2404/2301
f 2122/2168/2122 2393/2511/2393 2529/2657/2529
f 2597/2730/2597 2301/2404/2301 2278/2378/2278
f 2599/2732/2599 2299/2402/2299 2597/2730/2597
f 2512/2639/2512 2390/2508/2390 2392/2510/2392
f 2222/2315/2222 2512/2639/2512 2406/2526/2406
f 2600/2733/2600 2601/2734/2601 2258/2355/2258
f 2602/2735/2602 2299/2402/2299 2599/2732/2599
f 2124/2170/2124 2123/2169/2123 2279/2379/2279
f 2392/2510/2392 2406/2526/2406 2512/2639/2512
f 2601/2734/2601 2391/2509/2391 2260/2357/2260
f 2279/2379/2279 2392/2510/2392 2268/2367/2268
f 2603/2736/2603 2604/2737/2604 2605/2738/2605
f 2391/2509/2391 2269/2368/2269 2392/2510/2392
f 2279/2379/2279 2123/2169/2123 2406/2526/2406
f 2222/2315/2222 2406/2526/2406 2123/2169/2123
f 2260/2357/2260 2606/2739/2606 2258/2355/2258
f 2391/2509/2391 2601/2734/2601 2269/2368/2269
f 2330/2437/2330 2407/2527/2407 525/2528/525
f 2315/2421/2315 2407/2527/2407 2325/2432/2325
f 215/2438/215 2330/2437/2330 525/2528/525
f 2330/2437/2330 2210/2297/2210 2410/2531/2410
f 2530/2658/2530 2324/2431/2324 2412/2533/2412
f 2607/2740/2607 2409/2530/2409 2608/2741/2608
f 2315/2421/2315 2313/2419/2313 212/2450/212
f 2314/2420/2314 2313/2419/2313 2316/2422/2316
f 2609/2742/2609 2533/2661/2533 2610/2743/2610
f 2611/2744/2611 2533/2661/2533 2612/2745/2612
f 2203/2285/2203 2411/2532/2411 2211/2298/2211
f 2535/2663/2535 2411/2532/2411 2405/2525/2405
f 2405/2525/2405 2300/2403/2300 2535/2663/2535
f 2217/2308/2217 2608/2741/2608 2602/2735/2602
f 2410/2531/2410 2613/2746/2613 2412/2533/2412
f 2210/2297/2210 2209/2296/2209 2410/2531/2410
f 2413/2534/2413 2290/2393/2290 2202/2283/2202
f 2405/2525/2405 2290/2393/2290 2536/2664/2536
f 2301/2404/2301 2413/2534/2413 2529/2657/2529
f 2290/2393/2290 2413/2534/2413 2536/2664/2536
f 2614/2747/2614 2615/2748/2615 2249/2346/2249
f 2038/2067/2038 2343/2456/2343 2432/2553/2432
f 1996/2011/1996 2005/2021/2005 344/2028/344
f 2417/2538/2417 2005/2021/2005 2004/2020/2004
f 2540/2668/2540 2541/2669/2541 2616/2749/2616
f 2004/2020/2004 1996/2011/1996 2540/2668/2540
f 2414/2535/2414 1993/2008/1993 2419/2540/2419
f 1995/2010/1995 1994/2009/1994 1997/2013/1997
f 1997/2013/1997 2539/2667/2539 1996/2011/1996
f 1994/2009/1994 2414/2535/2414 2416/2537/2416
f 479/2004/479 1997/2013/1997 345/2012/345
f 2539/2667/2539 1997/2013/1997 1994/2009/1994
f 2171/2239/2171 1969/1974/1969 2075/2111/2075
f 2032/2060/2032 2171/2239/2171 2170/2237/2170
f 2617/2750/2617 2618/2751/2618 2619/2752/2619
f 2036/2064/2036 2620/2753/2620 2037/2065/2037
f 1982/1993/1982 2010/2034/2010 167/1991/167
f 2011/2035/2011 2010/2034/2010 1978/1984/1978
f 1971/1976/1971 1973/1978/1973 1966/1970/1966
f 2421/2542/2421 305/1971/305 1973/1978/1973
f 2063/2099/2063 1966/1970/1966 304/1969/304
f 2036/2064/2036 2424/2545/2424 2621/2754/2621
f 304/1969/304 185/2672/185 2063/2099/2063
f 2159/2221/2159 2063/2099/2063 185/2672/185
f 2087/2126/2087 15/2118/15 2082/2120/2082
f 2086/2124/2086 2087/2126/2087 2546/2675/2546
f 2546/2675/2546 2176/2244/2176 2175/2243/2175
f 620/2463/620 2448/2572/2448 377/2148/377
f 2545/2674/2545 2061/2097/2061 2622/2755/2622
f 2546/2675/2546 2087/2126/2087 2082/2120/2082
f 2038/2067/2038 2432/2553/2432 362/2068/362
f 2008/2026/2008 2432/2553/2432 2343/2456/2343
f 493/2066/493 2417/2538/2417 2038/2067/2038
f 2251/2348/2251 2549/2678/2549 2537/2665/2537
f 2537/2665/2537 2342/2455/2342 2538/2666/2538
f 2623/2756/2623 2624/2757/2624 2614/2747/2614
f 2008/2026/2008 2045/2077/2045 726/2027/726
f 2429/2550/2429 2045/2077/2045 2046/2078/2046
f 2041/2071/2041 2040/2070/2040 2625/2758/2625
f 2626/2759/2626 2040/2070/2040 2060/2096/2060
f 365/2233/365 2430/2551/2430 2169/2234/2169
f 2547/2676/2547 2429/2550/2429 2626/2759/2626
f 2065/2101/2065 2436/2559/2436 2033/2061/2033
f 2627/2760/2627 1986/2000/1986 2437/2560/2437
f 2053/2086/2053 2435/2557/2435 286/2087/286
f 2049/2081/2049 2435/2557/2435 2047/2079/2047
f 2023/2051/2023 2058/2093/2058 701/2094/701
f 2053/2086/2053 2058/2093/2058 2552/2681/2552
f 2368/2484/2368 2552/2681/2552 2439/2563/2439
f 2435/2557/2435 2053/2086/2053 2047/2079/2047
f 2018/2044/2018 407/2682/407 2168/2232/2168
f 2463/2589/2463 2018/2044/2018 2360/2475/2360
f 2109/2153/2109 2111/2155/2111 452/2685/452
f 2442/2566/2442 2111/2155/2111 2110/2154/2110
f 414/2191/414 2137/2190/2137 2109/2153/2109
f 2137/2190/2137 2427/2548/2427 2562/2693/2562
f 229/2380/229 2357/2471/2357 2013/2037/2013
f 2628/2761/2628 2348/2461/2348 2349/2462/2349
f 2562/2693/2562 2427/2548/2427 2426/2547/2426
f 391/2189/391 2629/2762/2629 2137/2190/2137
f 2252/2349/2252 1983/1994/1983 161/1995/161
f 1974/1979/1974 1983/1994/1983 2254/2351/2254
f 2453/2579/2453 2252/2349/2252 159/2577/159
f 2254/2351/2254 2253/2350/2253 2630/2763/2630
f 2563/2694/2563 2254/2351/2254 2630/2763/2630
f 2631/2764/2631 2245/2340/2245 1975/1980/1975
f 2214/2303/2214 129/2305/129 2245/2340/2245
f 2507/2634/2507 2632/2765/2632 2506/2633/2506
f 2015/2039/2015 2014/2038/2014 2458/2584/2458
f 2015/2039/2015 2633/2766/2633 2130/2180/2130
f 2479/2605/2479 2304/2407/2304 2303/2406/2303
f 2633/2766/2633 2015/2039/2015 2458/2584/2458
f 2130/2180/2130 2125/2172/2125 466/2171/466
f 2304/2407/2304 2478/2604/2478 2633/2766/2633
f 2130/2180/2130 227/2179/227 2013/2037/2013
f 2478/2604/2478 2130/2180/2130 2633/2766/2633
f 2460/2586/2460 2167/2231/2167 2461/2587/2461
f 2168/2232/2168 2167/2231/2167 2360/2475/2360
f 2166/2228/2166 2168/2232/2168 406/2229/406
f 2018/2044/2018 2168/2232/2168 2360/2475/2360
f 2477/2603/2477 2469/2595/2469 2457/2583/2457
f 2469/2595/2469 1998/2014/1998 2457/2583/2457
f 2459/2585/2459 2302/2405/2302 2304/2407/2304
f 2634/2767/2634 2635/2768/2635 2636/2769/2636
f 2497/2623/2497 2498/2624/2498 2156/2218/2156
f 2468/2594/2468 2156/2218/2156 2498/2624/2498
f 2293/2396/2293 2295/2398/2295 2465/2591/2465
f 2466/2592/2466 2465/2591/2465 2295/2398/2295
f 2359/2474/2359 2312/2417/2312 2166/2228/2166
f 2336/2445/2336 2312/2417/2312 2337/2446/2337
f 430/2236/430 2359/2474/2359 431/2230/431
f 2312/2417/2312 2359/2474/2359 2337/2446/2337
f 2483/2609/2483 2637/2770/2637 2571/2702/2571
f 2336/2445/2336 2461/2587/2461 2312/2417/2312
f 2494/2620/2494 2499/2625/2499 2498/2624/2498
f 2499/2625/2499 2638/2771/2638 2335/2444/2335
f 132/2626/132 2186/2263/2186 133/2270/133
f 2187/2264/2187 2186/2263/2186 2511/2638/2511
f 2188/2265/2188 2184/2257/2184 94/2259/94
f 2181/2254/2181 2184/2257/2184 2366/2482/2366
f 2577/2708/2577 2339/2448/2339 2380/2496/2380
f 2184/2257/2184 2339/2448/2339 2366/2482/2366
f 2639/2772/2639 2577/2708/2577 2576/2707/2576
f 2365/2481/2365 2026/2054/2026 2182/2255/2182
f 2025/2053/2025 2640/2773/2640 2501/2628/2501
f 2183/2256/2183 2182/2255/2182 2578/2709/2578
f 2024/2052/2024 2641/2774/2641 2025/2053/2025
f 2180/2250/2180 2021/2049/2021 2023/2051/2023
f 2025/2053/2025 2501/2628/2501 2578/2709/2578
f 2180/2250/2180 2501/2628/2501 2640/2773/2640
f 2179/2249/2179 2178/2248/2178 604/2253/604
f 2023/2051/2023 2178/2248/2178 2180/2250/2180
f 2180/2250/2180 2640/2773/2640 2021/2049/2021
f 2058/2093/2058 2023/2051/2023 2552/2681/2552
f 2081/2117/2081 2374/2490/2374 2642/2775/2642
f 2643/2776/2643 2382/2500/2382 2224/2317/2224
f 2583/2714/2583 2225/2318/2225 2212/2300/2212
f 2225/2318/2225 2581/2712/2581 2582/2713/2582
f 2371/2487/2371 2583/2714/2583 47/2299/47
f 2225/2318/2225 2583/2714/2583 2581/2712/2581
f 2507/2634/2507 2505/2632/2505 693/2715/693
f 2219/2310/2219 2505/2632/2505 2506/2633/2506
f 2214/2303/2214 2507/2634/2507 130/2304/130
f 2632/2765/2632 2565/2696/2565 2454/2580/2454
f 2382/2500/2382 2381/2499/2381 2224/2317/2224
f 2213/2302/2213 2212/2300/2212 2504/2631/2504
f 2281/2384/2281 2585/2717/2585 2515/2642/2515
f 2261/2358/2261 2585/2717/2585 2262/2359/2262
f 2233/2328/2233 2585/2717/2585 2281/2384/2281
f 2514/2641/2514 2262/2359/2262 2263/2360/2263
f 2118/2164/2118 2440/2564/2440 2395/2515/2395
f 2263/2360/2263 2116/2162/2116 2513/2640/2513
f 2606/2739/2606 2514/2641/2514 2644/2777/2644
f 2117/2163/2117 2263/2360/2263 2234/2329/2234
f 2601/2734/2601 2260/2357/2260 2258/2355/2258
f 2234/2329/2234 2263/2360/2263 2262/2359/2262
f 2645/2778/2645 2646/2779/2646 2513/2640/2513
f 2262/2359/2262 2514/2641/2514 2606/2739/2606
f 2391/2509/2391 2390/2508/2390 2260/2357/2260
f 2261/2358/2261 2390/2508/2390 2515/2642/2515
f 2260/2357/2260 2262/2359/2262 2606/2739/2606
f 2234/2329/2234 2262/2359/2262 2585/2717/2585
f 2394/2512/2394 2584/2716/2584 702/2513/702
f 2233/2328/2233 2584/2716/2584 2117/2163/2117
f 2256/2353/2256 2517/2644/2517 22/2370/22
f 2518/2645/2518 2516/2643/2516 2517/2644/2517
f 2398/2518/2398 2397/2517/2397 707/2720/707
f 2308/2413/2308 2397/2517/2397 2396/2516/2396
f 200/2410/200 2305/2409/2305 2398/2518/2398
f 2398/2518/2398 2305/2409/2305 2528/2656/2528
f 2229/2322/2229 2235/2330/2235 2592/2725/2592
f 2353/2467/2353 2453/2579/2453 158/2578/158
f 158/2578/158 171/2323/171 2353/2467/2353
f 2453/2579/2453 2647/2780/2647 2595/2728/2595
f 2592/2725/2592 2594/2727/2594 2229/2322/2229
f 2453/2579/2453 2353/2467/2353 2593/2726/2593
f 2314/2420/2314 2316/2422/2316 2611/2744/2611
f 396/2653/396 2314/2420/2314 2321/2427/2321
f 2321/2427/2321 2527/2655/2527 2248/2343/2248
f 2527/2655/2527 2128/2177/2128 2246/2341/2246
f 2314/2420/2314 2527/2655/2527 2321/2427/2321
f 2534/2662/2534 2129/2178/2129 2527/2655/2527
f 2648/2781/2648 2612/2745/2612 2609/2742/2609
f 2649/2782/2649 2246/2341/2246 2128/2177/2128
f 2527/2655/2527 2246/2341/2246 2248/2343/2248
f 2649/2782/2649 2128/2177/2128 2650/2783/2650
f 2651/2784/2651 2526/2654/2526 2247/2342/2247
f 2526/2654/2526 2651/2784/2651 2528/2656/2528
f 2246/2341/2246 2649/2782/2649 2247/2342/2247
f 2652/2785/2652 2653/2786/2653 2403/2523/2403
f 2528/2656/2528 2242/2337/2242 2589/2722/2589
f 2305/2409/2305 2526/2654/2526 2528/2656/2528
f 2651/2784/2651 2247/2342/2247 2649/2782/2649
f 2528/2656/2528 2651/2784/2651 2403/2523/2403
f 2598/2731/2598 2278/2378/2278 2279/2379/2279
f 2654/2787/2654 2270/2369/2270 2655/2788/2655
f 2412/2533/2412 2613/2746/2613 2607/2740/2607
f 2325/2432/2325 2330/2437/2330 2412/2533/2412
f 2533/2661/2533 2532/2660/2532 2610/2743/2610
f 2324/2431/2324 2532/2660/2532 2329/2436/2329
f 2412/2533/2412 2324/2431/2324 2325/2432/2325
f 2532/2660/2532 2324/2431/2324 2530/2658/2530
f 2532/2660/2532 2531/2659/2531 2610/2743/2610
f 2531/2659/2531 2530/2658/2530 2607/2740/2607
f 2532/2660/2532 2408/2529/2408 2329/2436/2329
f 2611/2744/2611 2408/2529/2408 2533/2661/2533
f 2314/2420/2314 2611/2744/2611 2534/2662/2534
f 2408/2529/2408 2611/2744/2611 2316/2422/2316
f 2300/2403/2300 2405/2525/2405 2536/2664/2536
f 2409/2530/2409 2535/2663/2535 2656/2789/2656
f 2301/2404/2301 2300/2403/2300 2536/2664/2536
f 2656/2789/2656 2535/2663/2535 2300/2403/2300
f 2608/2741/2608 2409/2530/2409 2656/2789/2656
f 2410/2531/2410 2409/2530/2409 2613/2746/2613
f 2602/2735/2602 2608/2741/2608 2656/2789/2656
f 2608/2741/2608 2217/2308/2217 2607/2740/2607
f 2656/2789/2656 2300/2403/2300 2299/2402/2299
f 2217/2308/2217 2602/2735/2602 2657/2790/2657
f 1993/2008/1993 1995/2010/1995 1980/1988/1980
f 1997/2013/1997 479/2004/479 1995/2010/1995
f 2032/2060/2032 2144/2202/2144 2055/2090/2055
f 2030/2058/2030 2032/2060/2032 2057/2092/2057
f 2420/2541/2420 2055/2090/2055 2144/2202/2144
f 2198/2279/2198 2658/2791/2658 2659/2792/2659
f 2030/2058/2030 2057/2092/2057 2198/2279/2198
f 2030/2058/2030 2542/2670/2542 1977/1983/1977
f 2451/2575/2451 2175/2243/2175 2174/2242/2174
f 2306/2411/2306 2660/2793/2660 2307/2412/2307
f 2661/2794/2661 2662/2795/2662 2663/2796/2663
f 2664/2797/2664 2665/2798/2665 2666/2799/2666
f 2086/2124/2086 2175/2243/2175 2449/2573/2449
f 2449/2573/2449 2451/2575/2451 2450/2574/2450
f 2667/2800/2667 2662/2795/2662 2431/2552/2431
f 2067/2103/2067 2452/2576/2452 2451/2575/2451
f 2451/2575/2451 2449/2573/2449 2175/2243/2175
f 2448/2572/2448 2450/2574/2450 2306/2411/2306
f 2431/2552/2431 2622/2755/2622 2668/2801/2668
f 2431/2552/2431 2668/2801/2668 2667/2800/2667
f 2546/2675/2546 2545/2674/2545 2176/2244/2176
f 2176/2244/2176 2545/2674/2545 2622/2755/2622
f 2169/2234/2169 2082/2120/2082 920/2119/920
f 2082/2120/2082 2545/2674/2545 2546/2675/2546
f 2538/2666/2538 2342/2455/2342 2343/2456/2343
f 2549/2678/2549 2342/2455/2342 2537/2665/2537
f 2669/2802/2669 2417/2538/2417 2670/2803/2670
f 2623/2756/2623 2669/2802/2669 2670/2803/2670
f 2671/2804/2671 2672/2805/2672 2673/2806/2673
f 2674/2807/2674 2675/2808/2675 2676/2809/2676
f 2614/2747/2614 2538/2666/2538 2669/2802/2669
f 2677/2810/2677 2250/2347/2250 2615/2748/2615
f 2538/2666/2538 2038/2067/2038 2669/2802/2669
f 2249/2346/2249 2615/2748/2615 2250/2347/2250
f 2004/2020/2004 2670/2803/2670 2417/2538/2417
f 2004/2020/2004 2540/2668/2540 2616/2749/2616
f 2678/2811/2678 2679/2812/2679 2680/2813/2680
f 2614/2747/2614 2681/2814/2681 2615/2748/2615
f 2682/2815/2682 2674/2807/2674 2677/2810/2677
f 2683/2816/2683 2684/2817/2684 2685/2818/2685
f 2538/2666/2538 2614/2747/2614 2249/2346/2249
f 2614/2747/2614 2624/2757/2624 2681/2814/2681
f 2678/2811/2678 2616/2749/2616 2679/2812/2679
f 2682/2815/2682 2681/2814/2681 2148/2206/2148
f 2417/2538/2417 2669/2802/2669 2038/2067/2038
f 2614/2747/2614 2669/2802/2669 2623/2756/2623
f 2549/2678/2549 2433/2554/2433 2548/2677/2548
f 2626/2759/2626 2433/2554/2433 2550/2679/2550
f 2430/2551/2430 2062/2098/2062 2169/2234/2169
f 2060/2096/2060 2062/2098/2062 2547/2676/2547
f 531/2085/531 2430/2551/2430 365/2233/365
f 2062/2098/2062 2430/2551/2430 2547/2676/2547
f 2433/2554/2433 2626/2759/2626 2046/2078/2046
f 2626/2759/2626 2550/2679/2550 2040/2070/2040
f 2686/2819/2686 2040/2070/2040 2550/2679/2550
f 2039/2069/2039 2668/2801/2668 2060/2096/2060
f 2550/2679/2550 2549/2678/2549 2686/2819/2686
f 2040/2070/2040 2039/2069/2039 2060/2096/2060
f 2625/2758/2625 2684/2817/2684 2683/2816/2683
f 2687/2820/2687 2688/2821/2688 2689/2822/2689
f 2544/2673/2544 2044/2076/2044 2043/2075/2043
f 2033/2061/2033 2544/2673/2544 2054/2089/2054
f 2690/2823/2690 2691/2824/2691 2042/2074/2042
f 2434/2556/2434 2621/2754/2621 2424/2545/2424
f 2065/2101/2065 2033/2061/2033 2035/2063/2035
f 2544/2673/2544 2033/2061/2033 2436/2559/2436
f 730/2555/730 2551/2680/2551 2035/2063/2035
f 2627/2760/2627 2065/2101/2065 2064/2100/2064
f 2065/2101/2065 2035/2063/2035 2551/2680/2551
f 2435/2557/2435 2049/2081/2049 729/2558/729
f 2692/2825/2692 2439/2563/2439 2693/2826/2693
f 2053/2086/2053 2368/2484/2368 2370/2486/2370
f 2048/2080/2048 2694/2827/2694 2064/2100/2064
f 2064/2100/2064 2049/2081/2049 2048/2080/2048
f 2695/2828/2695 2369/2485/2369 2439/2563/2439
f 2370/2486/2370 2369/2485/2369 2696/2829/2696
f 2370/2486/2370 2696/2829/2696 2694/2827/2694
f 2370/2486/2370 2047/2079/2047 2053/2086/2053
f 2697/2830/2697 2696/2829/2696 2698/2831/2698
f 2694/2827/2694 2696/2829/2696 2697/2830/2697
f 2047/2079/2047 2370/2486/2370 2048/2080/2048
f 2694/2827/2694 2048/2080/2048 2370/2486/2370
f 2464/2590/2464 2362/2477/2362 2298/2401/2298
f 2019/2045/2019 2018/2044/2018 2463/2589/2463
f 2426/2547/2426 2699/2832/2699 2562/2693/2562
f 2109/2153/2109 2562/2693/2562 2559/2690/2559
f 475/2472/475 2357/2471/2357 229/2380/229
f 2349/2462/2349 2013/2037/2013 2357/2471/2357
f 2558/2689/2558 2628/2761/2628 2555/2686/2555
f 2569/2700/2569 2700/2833/2700 2701/2834/2701
f 2428/2549/2428 2307/2412/2307 2660/2793/2660
f 2102/2144/2102 2561/2692/2561 2629/2762/2629
f 2629/2762/2629 2427/2548/2427 2137/2190/2137
f 2428/2549/2428 2427/2548/2427 2561/2692/2561
f 512/2142/512 2629/2762/2629 391/2189/391
f 2427/2548/2427 2629/2762/2629 2561/2692/2561
f 2252/2349/2252 2595/2728/2595 2253/2350/2253
f 2400/2520/2400 2520/2647/2520 2401/2521/2401
f 2702/2835/2702 2703/2836/2703 2563/2694/2563
f 2245/2340/2245 2631/2764/2631 2564/2695/2564
f 140/2837/140 1975/1980/1975 129/2305/129
f 2507/2634/2507 2214/2303/2214 2565/2696/2565
f 2631/2764/2631 1974/1979/1974 2563/2694/2563
f 2565/2696/2565 2214/2303/2214 2245/2340/2245
f 2476/2602/2476 2479/2605/2479 2303/2406/2303
f 2478/2604/2478 2479/2605/2479 2477/2603/2477
f 2459/2585/2459 2014/2038/2014 2348/2461/2348
f 2704/2838/2704 2100/2141/2100 2302/2405/2302
f 2704/2838/2704 2302/2405/2302 2459/2585/2459
f 2098/2139/2098 2100/2141/2100 2634/2767/2634
f 2499/2625/2499 2335/2444/2335 2162/2224/2162
f 2336/2445/2336 2335/2444/2335 2638/2771/2638
f 2705/2839/2705 2336/2445/2336 2638/2771/2638
f 2705/2839/2705 2491/2617/2491 2336/2445/2336
f 2511/2638/2511 2500/2627/2500 2190/2268/2190
f 2186/2263/2186 132/2626/132 2500/2627/2500
f 2438/2562/2438 2021/2049/2021 2640/2773/2640
f 2023/2051/2023 2022/2050/2022 2552/2681/2552
f 2706/2840/2706 2081/2117/2081 2642/2775/2642
f 2225/2318/2225 2582/2713/2582 2223/2316/2223
f 2455/2581/2455 2565/2696/2565 2707/2841/2707
f 2456/2582/2456 2455/2581/2455 2708/2842/2708
f 2259/2356/2259 2606/2739/2606 2644/2777/2644
f 2258/2355/2258 2257/2354/2257 2600/2733/2600
f 2390/2508/2390 2261/2358/2261 2260/2357/2260
f 2585/2717/2585 2261/2358/2261 2515/2642/2515
f 2244/2339/2244 2589/2722/2589 2242/2337/2242
f 2396/2516/2396 2398/2518/2398 2589/2722/2589
f 2592/2725/2592 2588/2721/2588 2590/2723/2590
f 2709/2843/2709 2522/2649/2522 2591/2724/2591
f 2598/2731/2598 2597/2730/2597 2278/2378/2278
f 2597/2730/2597 2596/2729/2596 2599/2732/2599
f 2268/2367/2268 2710/2844/2710 2279/2379/2279
f 2654/2787/2654 2711/2845/2711 2712/2846/2712
f 2530/2658/2530 2412/2533/2412 2607/2740/2607
f 2713/2847/2713 2714/2848/2714 2216/2307/2216
f 2607/2740/2607 2613/2746/2613 2409/2530/2409
f 2217/2308/2217 2531/2659/2531 2607/2740/2607
f 2145/2203/2145 2144/2202/2144 2170/2237/2170
f 2420/2541/2420 2144/2202/2144 2143/2201/2143
f 2027/2055/2027 2420/2541/2420 2143/2201/2143
f 2420/2541/2420 2255/2352/2255 2619/2752/2619
f 2448/2572/2448 2101/2143/2101 377/2148/377
f 2350/2464/2350 2306/2411/2306 2450/2574/2450
f 2715/2849/2715 2663/2796/2663 2716/2850/2716
f 2717/2851/2717 2066/2102/2066 2069/2105/2069
f 2351/2465/2351 2452/2576/2452 2717/2851/2717
f 2306/2411/2306 2350/2464/2350 2660/2793/2660
f 2718/2852/2718 2665/2798/2665 2719/2853/2719
f 2720/2854/2720 2428/2549/2428 2352/2466/2352
f 2450/2574/2450 2452/2576/2452 2350/2464/2350
f 2350/2464/2350 2452/2576/2452 2351/2465/2351
f 2664/2797/2664 2351/2465/2351 2717/2851/2717
f 2351/2465/2351 2666/2799/2666 2352/2466/2352
f 2668/2801/2668 2622/2755/2622 2061/2097/2061
f 2176/2244/2176 2622/2755/2622 2431/2552/2431
f 2004/2020/2004 2616/2749/2616 2670/2803/2670
f 2624/2757/2624 2670/2803/2670 2616/2749/2616
f 2549/2678/2549 2251/2348/2251 2344/2457/2344
f 2249/2346/2249 2251/2348/2251 2537/2665/2537
f 2721/2855/2721 2675/2808/2675 2722/2856/2722
f 2723/2857/2723 2724/2858/2724 2685/2818/2685
f 2670/2803/2670 2624/2757/2624 2623/2756/2623
f 2616/2749/2616 2681/2814/2681 2624/2757/2624
f 2682/2815/2682 2150/2208/2150 2725/2859/2725
f 2615/2748/2615 2681/2814/2681 2682/2815/2682
f 2045/2077/2045 2429/2550/2429 531/2085/531
f 2429/2550/2429 2046/2078/2046 2626/2759/2626
f 2060/2096/2060 2547/2676/2547 2626/2759/2626
f 2039/2069/2039 2689/2822/2689 2668/2801/2668
f 2668/2801/2668 2726/2860/2726 2667/2800/2667
f 2061/2097/2061 2060/2096/2060 2668/2801/2668
f 2663/2796/2663 2667/2800/2667 2726/2860/2726
f 2663/2796/2663 2715/2849/2715 2661/2794/2661
f 2727/2861/2727 2716/2850/2716 2728/2862/2728
f 2729/2863/2729 2716/2850/2716 2727/2861/2727
f 2684/2817/2684 2686/2819/2686 2344/2457/2344
f 2040/2070/2040 2686/2819/2686 2625/2758/2625
f 2730/2864/2730 2731/2865/2731 2683/2816/2683
f 2732/2866/2732 2733/2867/2733 2734/2868/2734
f 2054/2089/2054 2434/2556/2434 2159/2221/2159
f 2621/2754/2621 2434/2556/2434 2043/2075/2043
f 2735/2869/2735 2736/2870/2736 2721/2855/2721
f 2737/2871/2737 2738/2872/2738 2739/2873/2739
f 2740/2874/2740 2042/2074/2042 2738/2872/2738
f 2620/2753/2620 2740/2874/2740 2738/2872/2738
f 729/2558/729 2551/2680/2551 730/2555/730
f 2065/2101/2065 2551/2680/2551 2049/2081/2049
f 2741/2875/2741 2697/2830/2697 2742/2876/2742
f 2627/2760/2627 1984/1998/1984 1986/2000/1986
f 1985/1999/1985 2694/2827/2694 2697/2830/2697
f 2743/2877/2743 2042/2074/2042 2044/2076/2044
f 2114/2158/2114 2358/2473/2358 475/2472/475
f 2349/2462/2349 2358/2473/2358 2560/2691/2560
f 2628/2761/2628 2349/2462/2349 2560/2691/2560
f 2348/2461/2348 2744/2878/2744 2486/2612/2486
f 2555/2686/2555 2628/2761/2628 2560/2691/2560
f 2744/2878/2744 2348/2461/2348 2628/2761/2628
f 2445/2569/2445 2486/2612/2486 2744/2878/2744
f 2100/2141/2100 2704/2838/2704 2634/2767/2634
f 2114/2158/2114 2555/2686/2555 2560/2691/2560
f 2556/2687/2556 2555/2686/2555 2272/2372/2272
f 2272/2372/2272 2442/2566/2442 2273/2373/2273
f 2556/2687/2556 2557/2688/2557 2700/2833/2700
f 2628/2761/2628 2558/2689/2558 2744/2878/2744
f 2444/2568/2444 2634/2767/2634 2704/2838/2704
f 2459/2585/2459 2486/2612/2486 2704/2838/2704
f 2444/2568/2444 2486/2612/2486 2445/2569/2445
f 2559/2690/2559 2562/2693/2562 2446/2570/2446
f 2559/2690/2559 2446/2570/2446 2273/2373/2273
f 2426/2547/2426 2428/2549/2428 2745/2879/2745
f 2562/2693/2562 2699/2832/2699 2446/2570/2446
f 2700/2833/2700 2557/2688/2557 2701/2834/2701
f 2445/2569/2445 2744/2878/2744 2700/2833/2700
f 2444/2568/2444 2443/2567/2443 2635/2768/2635
f 2486/2612/2486 2444/2568/2444 2704/2838/2704
f 2272/2372/2272 2274/2374/2274 2556/2687/2556
f 2447/2571/2447 2071/2107/2071 2746/2880/2746
f 2556/2687/2556 2700/2833/2700 2558/2689/2558
f 2744/2878/2744 2558/2689/2558 2700/2833/2700
f 2747/2881/2747 2347/2460/2347 2346/2459/2346
f 2747/2881/2747 2346/2459/2346 2748/2882/2748
f 2700/2833/2700 2569/2700/2569 2445/2569/2445
f 2749/2883/2749 2569/2700/2569 2750/2884/2750
f 2746/2880/2746 2751/2885/2751 2345/2458/2345
f 2569/2700/2569 2701/2834/2701 2750/2884/2750
f 2307/2412/2307 2102/2144/2102 2101/2143/2101
f 2629/2762/2629 512/2142/512 2102/2144/2102
f 2453/2579/2453 2595/2728/2595 2252/2349/2252
f 2524/2651/2524 2752/2886/2752 2525/2652/2525
f 2753/2887/2753 2754/2888/2754 2755/2889/2755
f 2756/2890/2756 2757/2891/2757 2758/2892/2758
f 2595/2728/2595 2647/2780/2647 2524/2651/2524
f 2647/2780/2647 2521/2648/2521 2520/2647/2520
f 2525/2652/2525 2752/2886/2752 2759/2893/2759
f 2253/2350/2253 2525/2652/2525 2630/2763/2630
f 2752/2886/2752 2524/2651/2524 2520/2647/2520
f 2647/2780/2647 2520/2647/2520 2524/2651/2524
f 2760/2894/2760 2753/2887/2753 2759/2893/2759
f 2761/2895/2761 2702/2835/2702 2762/2896/2762
f 2593/2726/2593 2521/2648/2521 2647/2780/2647
f 2523/2650/2523 2521/2648/2521 2594/2727/2594
f 2453/2579/2453 2593/2726/2593 2647/2780/2647
f 2594/2727/2594 2593/2726/2593 2353/2467/2353
f 2229/2322/2229 2594/2727/2594 2353/2467/2353
f 2594/2727/2594 2591/2724/2591 2523/2650/2523
f 2590/2723/2590 2709/2843/2709 2591/2724/2591
f 2401/2521/2401 2521/2648/2521 2523/2650/2523
f 2763/2897/2763 2703/2836/2703 2702/2835/2702
f 2764/2898/2764 2765/2899/2765 2761/2895/2761
f 283/1981/283 1975/1980/1975 140/2837/140
f 2631/2764/2631 1975/1980/1975 1974/1979/1974
f 2563/2694/2563 2703/2836/2703 2631/2764/2631
f 2707/2841/2707 2766/2900/2766 2455/2581/2455
f 2702/2835/2702 2563/2694/2563 2630/2763/2630
f 2767/2901/2767 2707/2841/2707 2768/2902/2768
f 2703/2836/2703 2768/2902/2768 2631/2764/2631
f 2763/2897/2763 2765/2899/2765 2767/2901/2767
f 2565/2696/2565 2564/2695/2564 2707/2841/2707
f 2768/2902/2768 2707/2841/2707 2564/2695/2564
f 2756/2890/2756 2630/2763/2630 2525/2652/2525
f 2702/2835/2702 2756/2890/2756 2762/2896/2762
f 2456/2582/2456 2708/2842/2708 2769/2903/2769
f 2565/2696/2565 2455/2581/2455 2454/2580/2454
f 2770/2904/2770 2771/2905/2771 2772/2906/2772
f 2773/2907/2773 2774/2908/2774 2775/2909/2775
f 2375/2491/2375 2239/2334/2239 2776/2910/2776
f 2506/2633/2506 2632/2765/2632 2354/2468/2354
f 2708/2842/2708 2455/2581/2455 2766/2900/2766
f 2456/2582/2456 2769/2903/2769 2354/2468/2354
f 2355/2469/2355 2354/2468/2354 2769/2903/2769
f 2219/2310/2219 2354/2468/2354 2220/2311/2220
f 2631/2764/2631 2768/2902/2768 2564/2695/2564
f 2767/2901/2767 2703/2836/2703 2763/2897/2763
f 2758/2892/2758 2762/2896/2762 2756/2890/2756
f 2766/2900/2766 2707/2841/2707 2767/2901/2767
f 2458/2584/2458 2304/2407/2304 2633/2766/2633
f 2014/2038/2014 2459/2585/2459 2458/2584/2458
f 2705/2839/2705 2638/2771/2638 2571/2702/2571
f 2484/2610/2484 2490/2616/2490 2485/2611/2485
f 2462/2588/2462 2777/2911/2777 2778/2912/2778
f 2461/2587/2461 2336/2445/2336 2462/2588/2462
f 2025/2053/2025 2641/2774/2641 2779/2913/2779
f 2698/2831/2698 2369/2485/2369 2695/2828/2695
f 2021/2049/2021 2439/2563/2439 2022/2050/2022
f 2439/2563/2439 2552/2681/2552 2022/2050/2022
f 2565/2696/2565 2632/2765/2632 2507/2634/2507
f 2354/2468/2354 2632/2765/2632 2454/2580/2454
f 2592/2725/2592 2235/2330/2235 2588/2721/2588
f 2594/2727/2594 2592/2725/2592 2591/2724/2591
f 2086/2124/2086 2448/2572/2448 620/2463/620
f 2101/2143/2101 2448/2572/2448 2306/2411/2306
f 2425/2546/2425 2451/2575/2451 2174/2242/2174
f 2070/2106/2070 2780/2914/2780 2781/2915/2781
f 2682/2815/2682 2677/2810/2677 2615/2748/2615
f 2677/2810/2677 2674/2807/2674 2676/2809/2676
f 2782/2916/2782 2736/2870/2736 2735/2869/2735
f 2783/2917/2783 2238/2333/2238 2237/2332/2237
f 2683/2816/2683 2041/2071/2041 2625/2758/2625
f 2689/2822/2689 2041/2071/2041 2687/2820/2687
f 2437/2560/2437 2743/2877/2743 2044/2076/2044
f 2042/2074/2042 2691/2824/2691 2738/2872/2738
f 2740/2874/2740 2621/2754/2621 2043/2075/2043
f 2036/2064/2036 2621/2754/2621 2620/2753/2620
f 2695/2828/2695 2692/2825/2692 2326/2433/2326
f 2784/2918/2784 2785/2919/2785 2786/2920/2786
f 2627/2760/2627 2437/2560/2437 2436/2559/2436
f 1986/2000/1986 2787/2921/2787 2743/2877/2743
f 2065/2101/2065 2627/2760/2627 2436/2559/2436
f 2064/2100/2064 2694/2827/2694 1984/1998/1984
f 1985/1999/1985 2697/2830/2697 2741/2875/2741
f 2788/2922/2788 1985/1999/1985 2789/2923/2789
f 2442/2566/2442 2559/2690/2559 2273/2373/2273
f 2559/2690/2559 2110/2154/2110 2109/2153/2109
f 2790/2924/2790 2073/2109/2073 2791/2925/2791
f 2274/2374/2274 2746/2880/2746 2557/2688/2557
f 2792/2926/2792 2071/2107/2071 2073/2109/2073
f 2750/2884/2750 2701/2834/2701 2345/2458/2345
f 2447/2571/2447 2274/2374/2274 2273/2373/2273
f 2746/2880/2746 2792/2926/2792 2751/2885/2751
f 2071/2107/2071 2446/2570/2446 2699/2832/2699
f 2792/2926/2792 2746/2880/2746 2071/2107/2071
f 2792/2926/2792 2793/2927/2793 2751/2885/2751
f 2346/2459/2346 2793/2927/2793 2748/2882/2748
f 2701/2834/2701 2557/2688/2557 2345/2458/2345
f 2746/2880/2746 2345/2458/2345 2557/2688/2557
f 2792/2926/2792 2790/2924/2790 2793/2927/2793
f 2345/2458/2345 2751/2885/2751 2346/2459/2346
f 2776/2910/2776 2794/2928/2794 2375/2491/2375
f 2241/2336/2241 2317/2423/2317 2356/2470/2356
f 2630/2763/2630 2756/2890/2756 2702/2835/2702
f 2525/2652/2525 2757/2891/2757 2756/2890/2756
f 2755/2889/2755 2758/2892/2758 2757/2891/2757
f 2795/2929/2795 2758/2892/2758 2796/2930/2796
f 2638/2771/2638 2499/2625/2499 2571/2702/2571
f 2705/2839/2705 2637/2770/2637 2491/2617/2491
f 2483/2609/2483 2571/2702/2571 2494/2620/2494
f 2637/2770/2637 2705/2839/2705 2571/2702/2571
f 2797/2931/2797 2491/2617/2491 2637/2770/2637
f 2777/2911/2777 2462/2588/2462 2491/2617/2491
f 2492/2618/2492 2483/2609/2483 2494/2620/2494
f 2490/2616/2490 2484/2610/2484 2487/2613/2487
f 2798/2932/2798 2799/2933/2799 2800/2934/2800
f 2553/2683/2553 2801/2935/2801 2798/2932/2798
f 2778/2912/2778 2460/2586/2460 2462/2588/2462
f 2553/2683/2553 2460/2586/2460 2801/2935/2801
f 2802/2936/2802 2438/2562/2438 2640/2773/2640
f 2439/2563/2439 2438/2562/2438 2693/2826/2693
f 2452/2576/2452 2067/2103/2067 2717/2851/2717
f 2425/2546/2425 2067/2103/2067 2451/2575/2451
f 2174/2242/2174 2431/2552/2431 2662/2795/2662
f 2068/2104/2068 2425/2546/2425 2661/2794/2661
f 2663/2796/2663 2662/2795/2662 2667/2800/2667
f 2174/2242/2174 2662/2795/2662 2425/2546/2425
f 2068/2104/2068 2661/2794/2661 2715/2849/2715
f 2425/2546/2425 2662/2795/2662 2661/2794/2661
f 2728/2862/2728 2726/2860/2726 2688/2821/2688
f 2803/2937/2803 2720/2854/2720 2804/2938/2804
f 2788/2922/2788 1986/2000/1986 1985/1999/1985
f 2090/2129/2090 2089/2128/2089 2690/2823/2690
f 1986/2000/1986 2743/2877/2743 2437/2560/2437
f 2743/2877/2743 2090/2129/2090 2690/2823/2690
f 2738/2872/2738 2691/2824/2691 2739/2873/2739
f 2737/2871/2737 2739/2873/2739 2805/2939/2805
f 2621/2754/2621 2740/2874/2740 2620/2753/2620
f 2042/2074/2042 2740/2874/2740 2043/2075/2043
f 2739/2873/2739 2806/2940/2806 2805/2939/2805
f 2543/2671/2543 2012/2036/2012 2807/2941/2807
f 2089/2128/2089 2808/2942/2808 2809/2943/2809
f 2617/2750/2617 2810/2944/2810 2618/2751/2618
f 2691/2824/2691 2811/2945/2811 2806/2940/2806
f 2812/2946/2812 2737/2871/2737 2805/2939/2805
f 2813/2947/2813 2328/2435/2328 2814/2948/2814
f 2815/2949/2815 2789/2923/2789 2816/2950/2816
f 2064/2100/2064 1984/1998/1984 2627/2760/2627
f 2694/2827/2694 1985/1999/1985 1984/1998/1984
f 2789/2923/2789 2817/2951/2817 2818/2952/2818
f 2743/2877/2743 2787/2921/2787 2090/2129/2090
f 2745/2879/2745 2699/2832/2699 2426/2547/2426
f 2071/2107/2071 2699/2832/2699 2072/2108/2072
f 2274/2374/2274 2447/2571/2447 2746/2880/2746
f 2446/2570/2446 2447/2571/2447 2273/2373/2273
f 2803/2937/2803 2072/2108/2072 2745/2879/2745
f 2073/2109/2073 2072/2108/2072 2803/2937/2803
f 2769/2903/2769 2772/2906/2772 2776/2910/2776
f 2355/2469/2355 2239/2334/2239 2356/2470/2356
f 2239/2334/2239 2355/2469/2355 2776/2910/2776
f 2769/2903/2769 2776/2910/2776 2355/2469/2355
f 2819/2953/2819 2820/2954/2820 2821/2955/2821
f 2822/2956/2822 2223/2316/2223 2706/2840/2706
f 2794/2928/2794 2776/2910/2776 2823/2957/2823
f 2375/2491/2375 2824/2958/2824 2240/2335/2240
f 2825/2959/2825 2502/2629/2502 2240/2335/2240
f 2825/2959/2825 2824/2958/2824 2826/2960/2826
f 2826/2960/2826 2827/2961/2827 2828/2962/2828
f 2829/2963/2829 2830/2964/2830 2831/2965/2831
f 2502/2629/2502 2832/2966/2832 2822/2956/2822
f 2706/2840/2706 2503/2630/2503 2822/2956/2822
f 2778/2912/2778 2777/2911/2777 2833/2967/2833
f 2460/2586/2460 2778/2912/2778 2801/2935/2801
f 2798/2932/2798 2298/2401/2298 2553/2683/2553
f 2361/2476/2361 2553/2683/2553 2362/2477/2362
f 2296/2399/2296 2798/2932/2798 2800/2934/2800
f 2834/2968/2834 2835/2969/2835 2836/2970/2836
f 2835/2969/2835 2297/2400/2297 2296/2399/2296
f 2464/2590/2464 2463/2589/2463 2362/2477/2362
f 2799/2933/2799 2778/2912/2778 2833/2967/2833
f 2296/2399/2296 2298/2401/2298 2798/2932/2798
f 2554/2684/2554 2297/2400/2297 2837/2971/2837
f 2464/2590/2464 2173/2241/2173 2019/2045/2019
f 2554/2684/2554 2837/2971/2837 2586/2718/2586
f 2173/2241/2173 2554/2684/2554 2519/2646/2519
f 2298/2401/2298 2297/2400/2297 2464/2590/2464
f 2464/2590/2464 2297/2400/2297 2554/2684/2554
f 2838/2972/2838 2839/2973/2839 2586/2718/2586
f 2840/2974/2840 2586/2718/2586 2839/2973/2839
f 2841/2975/2841 2836/2970/2836 2842/2976/2842
f 2843/2977/2843 2587/2719/2587 2441/2565/2441
f 2360/2475/2360 2460/2586/2460 2361/2476/2361
f 2553/2683/2553 2361/2476/2361 2460/2586/2460
f 2727/2861/2727 2728/2862/2728 2844/2978/2844
f 2781/2915/2781 2845/2979/2845 2846/2980/2846
f 2847/2981/2847 2848/2982/2848 2846/2980/2846
f 2849/2983/2849 2850/2984/2850 2851/2985/2851
f 2743/2877/2743 2690/2823/2690 2042/2074/2042
f 2852/2986/2852 2088/2127/2088 2787/2921/2787
f 2853/2987/2853 2854/2988/2854 2855/2989/2855
f 2690/2823/2690 2089/2128/2089 2811/2945/2811
f 2619/2752/2619 2055/2090/2055 2420/2541/2420
f 2619/2752/2619 2618/2751/2618 2056/2091/2056
f 2255/2352/2255 2059/2095/2059 2423/2544/2423
f 2810/2944/2810 2812/2946/2812 2856/2990/2856
f 2617/2750/2617 2423/2544/2423 2857/2991/2857
f 2422/2543/2422 2620/2753/2620 2737/2871/2737
f 2422/2543/2422 2737/2871/2737 2857/2991/2857
f 2620/2753/2620 2738/2872/2738 2737/2871/2737
f 2423/2544/2423 2617/2750/2617 2619/2752/2619
f 2810/2944/2810 2617/2750/2617 2857/2991/2857
f 2255/2352/2255 2423/2544/2423 2619/2752/2619
f 1972/1977/1972 1971/1976/1971 2423/2544/2423
f 2812/2946/2812 2810/2944/2810 2857/2991/2857
f 2810/2944/2810 2858/2992/2858 2859/2993/2859
f 2423/2544/2423 2422/2543/2422 2857/2991/2857
f 2620/2753/2620 2422/2543/2422 2037/2065/2037
f 2737/2871/2737 2812/2946/2812 2857/2991/2857
f 2805/2939/2805 2860/2994/2860 2856/2990/2856
f 2742/2876/2742 2813/2947/2813 2861/2995/2861
f 1985/1999/1985 2741/2875/2741 2816/2950/2816
f 2789/2923/2789 1985/1999/1985 2816/2950/2816
f 2787/2921/2787 2788/2922/2788 2818/2952/2818
f 2804/2938/2804 2720/2854/2720 2665/2798/2665
f 2791/2925/2791 2804/2938/2804 2862/2996/2862
f 2863/2997/2863 2277/2377/2277 2719/2853/2719
f 2751/2885/2751 2793/2927/2793 2346/2459/2346
f 2665/2798/2665 2720/2854/2720 2666/2799/2666
f 2864/2998/2864 2862/2996/2862 2865/2999/2865
f 2803/2937/2803 2791/2925/2791 2073/2109/2073
f 2862/2996/2862 2804/2938/2804 2718/2852/2718
f 2864/2998/2864 2866/3000/2866 2793/2927/2793
f 2748/2882/2748 2867/3001/2867 2868/3002/2868
f 2804/2938/2804 2791/2925/2791 2803/2937/2803
f 2790/2924/2790 2791/2925/2791 2864/2998/2864
f 2793/2927/2793 2790/2924/2790 2864/2998/2864
f 2073/2109/2073 2790/2924/2790 2792/2926/2792
f 2843/2977/2843 2516/2643/2516 2518/2645/2518
f 2116/2162/2116 2645/2778/2645 2513/2640/2513
f 2587/2719/2587 2869/3003/2869 2441/2565/2441
f 2840/2974/2840 2839/2973/2839 2870/3004/2870
f 2265/2362/2265 2871/3005/2871 2872/3006/2872
f 2646/2779/2646 2644/2777/2644 2513/2640/2513
f 2554/2684/2554 2586/2718/2586 2519/2646/2519
f 2586/2718/2586 2840/2974/2840 2587/2719/2587
f 2843/2977/2843 2441/2565/2441 2440/2564/2440
f 2518/2645/2518 2519/2646/2519 2843/2977/2843
f 2731/2865/2731 2688/2821/2688 2687/2820/2687
f 2733/2867/2733 2730/2864/2730 2873/3007/2873
f 2780/2914/2780 2068/2104/2068 2715/2849/2715
f 2874/3008/2874 2875/3009/2875 2863/2997/2863
f 2619/2752/2619 2056/2091/2056 2055/2090/2055
f 2056/2091/2056 2618/2751/2618 2658/2791/2658
f 2666/2799/2666 2351/2465/2351 2664/2797/2664
f 2664/2797/2664 2719/2853/2719 2665/2798/2665
f 2717/2851/2717 2069/2105/2069 2664/2797/2664
f 2719/2853/2719 2277/2377/2277 2718/2852/2718
f 2717/2851/2717 2067/2103/2067 2066/2102/2066
f 2876/3010/2876 2069/2105/2069 2070/2106/2070
f 2876/3010/2876 2664/2797/2664 2069/2105/2069
f 2876/3010/2876 2070/2106/2070 2874/3008/2874
f 2877/3011/2877 2070/2106/2070 2781/2915/2781
f 2664/2797/2664 2876/3010/2876 2719/2853/2719
f 2874/3008/2874 2878/3012/2878 2875/3009/2875
f 2876/3010/2876 2874/3008/2874 2863/2997/2863
f 2879/3013/2879 2880/3014/2880 2875/3009/2875
f 2867/3001/2867 2866/3000/2866 2865/2999/2865
f 2879/3013/2879 2875/3009/2875 2878/3012/2878
f 2863/2997/2863 2875/3009/2875 2880/3014/2880
f 2277/2377/2277 2863/2997/2863 2880/3014/2880
f 2863/2997/2863 2719/2853/2719 2876/3010/2876
f 2862/2996/2862 2277/2377/2277 2276/2376/2276
f 2791/2925/2791 2862/2996/2862 2864/2998/2864
f 2275/2375/2275 2881/3015/2881 2276/2376/2276
f 2882/3016/2882 2881/3015/2881 2883/3017/2883
f 2276/2376/2276 2865/2999/2865 2862/2996/2862
f 2850/2984/2850 2865/2999/2865 2881/3015/2881
f 2275/2375/2275 2277/2377/2277 2880/3014/2880
f 2865/2999/2865 2276/2376/2276 2881/3015/2881
f 2884/3018/2884 2885/3019/2885 2883/3017/2883
f 2881/3015/2881 2275/2375/2275 2883/3017/2883
f 2886/3020/2886 2887/3021/2887 2888/3022/2888
f 2889/3023/2889 2890/3024/2890 2891/3025/2891
f 2892/3026/2892 2879/3013/2879 2893/3027/2893
f 2894/3028/2894 2895/3029/2895 2896/3030/2896
f 2892/3026/2892 2275/2375/2275 2880/3014/2880
f 2897/3031/2897 2882/3016/2882 2898/3032/2898
f 2865/2999/2865 2866/3000/2866 2864/2998/2864
f 2867/3001/2867 2793/2927/2793 2866/3000/2866
f 2865/2999/2865 2850/2984/2850 2867/3001/2867
f 2899/3033/2899 2481/2607/2481 2570/2701/2570
f 2394/2512/2394 2440/2564/2440 2118/2164/2118
f 2843/2977/2843 2440/2564/2440 2516/2643/2516
f 2869/3003/2869 2395/2515/2395 2441/2565/2441
f 2116/2162/2116 2395/2515/2395 2645/2778/2645
f 2840/2974/2840 2870/3004/2870 2078/2114/2078
f 2395/2515/2395 2869/3003/2869 2645/2778/2645
f 2838/2972/2838 2586/2718/2586 2837/2971/2837
f 2076/2112/2076 2870/3004/2870 2900/3034/2900
f 2901/3035/2901 2902/3036/2902 2266/2363/2266
f 2605/2738/2605 2604/2737/2604 2903/3037/2903
f 2513/2640/2513 2644/2777/2644 2514/2641/2514
f 2903/3037/2903 2259/2356/2259 2644/2777/2644
f 2606/2739/2606 2259/2356/2259 2258/2355/2258
f 2903/3037/2903 2644/2777/2644 2904/3038/2904
f 2872/3006/2872 2905/3039/2905 2906/3040/2906
f 2603/2736/2603 2907/3041/2907 2604/2737/2604
f 2587/2719/2587 2840/2974/2840 2869/3003/2869
f 2519/2646/2519 2587/2719/2587 2843/2977/2843
f 2728/2862/2728 2716/2850/2716 2663/2796/2663
f 2732/2866/2732 2844/2978/2844 2733/2867/2733
f 2663/2796/2663 2726/2860/2726 2728/2862/2728
f 2726/2860/2726 2689/2822/2689 2688/2821/2688
f 2731/2865/2731 2687/2820/2687 2683/2816/2683
f 2844/2978/2844 2728/2862/2728 2688/2821/2688
f 2723/2857/2723 2782/2916/2782 2891/3025/2891
f 2731/2865/2731 2908/3042/2908 2688/2821/2688
f 2687/2820/2687 2041/2071/2041 2683/2816/2683
f 2730/2864/2730 2733/2867/2733 2908/3042/2908
f 2686/2819/2686 2684/2817/2684 2625/2758/2625
f 2683/2816/2683 2685/2818/2685 2724/2858/2724
f 2716/2850/2716 2845/2979/2845 2715/2849/2715
f 2780/2914/2780 2715/2849/2715 2845/2979/2845
f 2862/2996/2862 2718/2852/2718 2277/2377/2277
f 2665/2798/2665 2718/2852/2718 2804/2938/2804
f 2848/2982/2848 2909/3043/2909 2910/3044/2910
f 2884/3018/2884 2911/3045/2911 2885/3019/2885
f 2910/3044/2910 2912/3046/2912 2848/2982/2848
f 2893/3027/2893 2884/3018/2884 2892/3026/2892
f 2913/3047/2913 2914/3048/2914 2895/3029/2895
f 2915/3049/2915 1989/2003/1989 2916/3050/2916
f 2867/3001/2867 2748/2882/2748 2793/2927/2793
f 2917/3051/2917 2868/3002/2868 2918/3052/2918
f 2834/2968/2834 2838/2972/2838 2837/2971/2837
f 2839/2973/2839 2838/2972/2838 2287/2390/2287
f 2900/3034/2900 2839/2973/2839 2919/3053/2919
f 2644/2777/2644 2646/2779/2646 2077/2113/2077
f 2078/2114/2078 2646/2779/2646 2645/2778/2645
f 2646/2779/2646 2078/2114/2078 2077/2113/2077
f 2250/2347/2250 2920/3054/2920 2344/2457/2344
f 2250/2347/2250 2676/2809/2676 2920/3054/2920
f 2920/3054/2920 2685/2818/2685 2684/2817/2684
f 2676/2809/2676 2685/2818/2685 2920/3054/2920
f 2068/2104/2068 2780/2914/2780 2066/2102/2066
f 2070/2106/2070 2066/2102/2066 2780/2914/2780
f 2729/2863/2729 2921/3055/2921 2716/2850/2716
f 2922/3056/2922 2923/3057/2923 2924/3058/2924
f 2883/3017/2883 2275/2375/2275 2892/3026/2892
f 2911/3045/2911 2887/3021/2887 2925/3059/2925
f 2879/3013/2879 2892/3026/2892 2880/3014/2880
f 2883/3017/2883 2892/3026/2892 2884/3018/2884
f 2898/3032/2898 2883/3017/2883 2885/3019/2885
f 2926/3060/2926 2851/2985/2851 2927/3061/2927
f 2900/3034/2900 2870/3004/2870 2839/2973/2839
f 2870/3004/2870 2076/2112/2076 2078/2114/2078
f 2900/3034/2900 2919/3053/2919 2928/3062/2928
f 2076/2112/2076 2900/3034/2900 2906/3040/2906
f 2645/2778/2645 2869/3003/2869 2078/2114/2078
f 2078/2114/2078 2869/3003/2869 2840/2974/2840
f 2076/2112/2076 2905/3039/2905 2077/2113/2077
f 2077/2113/2077 2905/3039/2905 2904/3038/2904
f 2723/2857/2723 2891/3025/2891 2873/3007/2873
f 2683/2816/2683 2724/2858/2724 2730/2864/2730
f 2344/2457/2344 2920/3054/2920 2684/2817/2684
f 2250/2347/2250 2677/2810/2677 2676/2809/2676
f 2675/2808/2675 2725/2859/2725 2722/2856/2722
f 2685/2818/2685 2676/2809/2676 2929/3063/2929
f 2898/3032/2898 2882/3016/2882 2883/3017/2883
f 2850/2984/2850 2882/3016/2882 2897/3031/2897
f 2930/3064/2930 2913/3047/2913 2931/3065/2931
f 2897/3031/2897 2898/3032/2898 2932/3066/2932
f 2151/2209/2151 2001/2017/2001 2363/2478/2363
f 2052/2084/2052 2001/2017/2001 2147/2205/2147
f 2192/2271/2192 2103/2145/2103 2377/2493/2377
f 2112/2156/2112 2103/2145/2103 2194/2274/2194
f 2197/2278/2197 2198/2279/2198 2807/2941/2807
f 2659/2792/2659 2807/2941/2807 2198/2279/2198
f 2658/2791/2658 2057/2092/2057 2056/2091/2056
f 2057/2092/2057 2658/2791/2658 2198/2279/2198
f 2618/2751/2618 2859/2993/2859 2658/2791/2658
f 2859/2993/2859 2858/2992/2858 2933/3067/2933
f 2810/2944/2810 2859/2993/2859 2618/2751/2618
f 2659/2792/2659 2934/3068/2934 2673/2806/2673
f 2935/3069/2935 2936/3070/2936 2937/3071/2937
f 2678/2811/2678 2681/2814/2681 2616/2749/2616
f 2658/2791/2658 2934/3068/2934 2659/2792/2659
f 2938/3072/2938 2939/3073/2939 2940/3074/2940
f 2934/3068/2934 2658/2791/2658 2859/2993/2859
f 2807/2941/2807 2659/2792/2659 2673/2806/2673
f 2941/3075/2941 2933/3067/2933 2942/3076/2942
f 2671/2804/2671 2933/3067/2933 2941/3075/2941
f 2012/2036/2012 2197/2278/2197 2807/2941/2807
f 2030/2058/2030 2197/2278/2197 2542/2670/2542
f 2859/2993/2859 2933/3067/2933 2934/3068/2934
f 2934/3068/2934 2933/3067/2933 2671/2804/2671
f 2672/2805/2672 2940/3074/2940 2939/3073/2939
f 2934/3068/2934 2671/2804/2671 2673/2806/2673
f 2943/3077/2943 2944/3078/2944 2945/3079/2945
f 2946/3080/2946 2947/3081/2947 2948/3082/2948
f 2946/3080/2946 2485/2611/2485 2489/2615/2489
f 2637/2770/2637 2483/2609/2483 2485/2611/2485
f 2488/2614/2488 2490/2616/2490 2482/2608/2482
f 2485/2611/2485 2490/2616/2490 2489/2615/2489
f 2481/2607/2481 2488/2614/2488 2482/2608/2482
f 2488/2614/2488 2496/2622/2496 2949/3083/2949
f 2389/2507/2389 2377/2493/2377 2105/2147/2105
f 2372/2488/2372 2319/2425/2319 2950/3084/2950
f 2951/3085/2951 2952/3086/2952 2953/3087/2953
f 2389/2507/2389 2378/2494/2378 2376/2492/2376
f 2954/3088/2954 2939/3073/2939 2955/3089/2955
f 2678/2811/2678 2149/2207/2149 2148/2206/2148
f 2680/2813/2680 2956/3090/2956 2957/3091/2957
f 2957/3091/2957 2958/3092/2958 2680/2813/2680
f 2679/2812/2679 2616/2749/2616 2541/2669/2541
f 2678/2811/2678 2958/3092/2958 2149/2207/2149
f 2541/2669/2541 2959/3093/2959 2679/2812/2679
f 2956/3090/2956 2680/2813/2680 2959/3093/2959
f 2541/2669/2541 2539/2667/2539 2416/2537/2416
f 2959/3093/2959 2415/2536/2415 2956/3090/2956
f 2955/3089/2955 2956/3090/2956 2415/2536/2415
f 2956/3090/2956 2938/3072/2938 2957/3091/2957
f 2960/3094/2960 2958/3092/2958 2957/3091/2957
f 2961/3095/2961 2962/3096/2962 2150/2208/2150
f 2678/2811/2678 2680/2813/2680 2958/3092/2958
f 2959/3093/2959 2680/2813/2680 2679/2812/2679
f 2414/2535/2414 2954/3088/2954 2415/2536/2415
f 2672/2805/2672 2671/2804/2671 2940/3074/2940
f 2963/3097/2963 2964/3098/2964 2965/3099/2965
f 2966/3100/2966 2786/2920/2786 2967/3101/2967
f 2682/2815/2682 2148/2206/2148 2150/2208/2150
f 2678/2811/2678 2148/2206/2148 2681/2814/2681
f 2968/3102/2968 2969/3103/2969 2961/3095/2961
f 2970/3104/2970 2971/3105/2971 2972/3106/2972
f 2954/3088/2954 2955/3089/2955 2415/2536/2415
f 2955/3089/2955 2939/3073/2939 2938/3072/2938
f 2419/2540/2419 2543/2671/2543 2954/3088/2954
f 2672/2805/2672 2807/2941/2807 2673/2806/2673
f 2543/2671/2543 2419/2540/2419 2418/2539/2418
f 2672/2805/2672 2543/2671/2543 2807/2941/2807
f 2939/3073/2939 2954/3088/2954 2672/2805/2672
f 2672/2805/2672 2954/3088/2954 2543/2671/2543
f 2956/3090/2956 2955/3089/2955 2938/3072/2938
f 2957/3091/2957 2973/3107/2973 2935/3069/2935
f 2974/3108/2974 2938/3072/2938 2940/3074/2940
f 2957/3091/2957 2938/3072/2938 2973/3107/2973
f 2960/3094/2960 2957/3091/2957 2935/3069/2935
f 2929/3063/2929 2675/2808/2675 2736/2870/2736
f 2721/2855/2721 2722/2856/2722 2975/3109/2975
f 2976/3110/2976 2977/3111/2977 2978/3112/2978
f 2725/2859/2725 2675/2808/2675 2674/2807/2674
f 2736/2870/2736 2675/2808/2675 2721/2855/2721
f 2682/2815/2682 2725/2859/2725 2674/2807/2674
f 2725/2859/2725 2150/2208/2150 2962/3096/2962
f 2961/3095/2961 2150/2208/2150 2149/2207/2149
f 2962/3096/2962 2969/3103/2969 2975/3109/2975
f 2735/2869/2735 2979/3113/2979 2980/3114/2980
f 2723/2857/2723 2685/2818/2685 2929/3063/2929
f 2675/2808/2675 2929/3063/2929 2676/2809/2676
f 2723/2857/2723 2929/3063/2929 2736/2870/2736
f 2149/2207/2149 2958/3092/2958 2960/3094/2960
f 2969/3103/2969 2962/3096/2962 2961/3095/2961
f 2969/3103/2969 2971/3105/2971 2975/3109/2975
f 2979/3113/2979 2977/3111/2977 2981/3115/2981
f 2725/2859/2725 2962/3096/2962 2722/2856/2722
f 2975/3109/2975 2722/2856/2722 2962/3096/2962
f 2982/3116/2982 2983/3117/2983 2984/3118/2984
f 2723/2857/2723 2736/2870/2736 2782/2916/2782
f 2938/3072/2938 2974/3108/2974 2973/3107/2973
f 2968/3102/2968 2972/3106/2972 2969/3103/2969
f 2721/2855/2721 2979/3113/2979 2735/2869/2735
f 2782/2916/2782 2889/3023/2889 2891/3025/2891
f 2961/3095/2961 2149/2207/2149 2960/3094/2960
f 2968/3102/2968 2937/3071/2937 2972/3106/2972
f 2937/3071/2937 2968/3102/2968 2960/3094/2960
f 2960/3094/2960 2968/3102/2968 2961/3095/2961
f 2936/3070/2936 2985/3119/2985 2937/3071/2937
f 2986/3120/2986 2987/3121/2987 2988/3122/2988
f 2721/2855/2721 2975/3109/2975 2989/3123/2989
f 2735/2869/2735 2980/3114/2980 2782/2916/2782
f 2941/3075/2941 2940/3074/2940 2671/2804/2671
f 2937/3071/2937 2960/3094/2960 2935/3069/2935
f 2989/3123/2989 2971/3105/2971 2990/3124/2990
f 2990/3124/2990 2979/3113/2979 2989/3123/2989
f 2991/3125/2991 2992/3126/2992 2993/3127/2993
f 2873/3007/2873 2730/2864/2730 2724/2858/2724
f 2972/3106/2972 2971/3105/2971 2969/3103/2969
f 2971/3105/2971 2970/3104/2970 2990/3124/2990
f 2970/3104/2970 2978/3112/2978 2990/3124/2990
f 2979/3113/2979 2990/3124/2990 2977/3111/2977
f 2721/2855/2721 2989/3123/2989 2979/3113/2979
f 2971/3105/2971 2989/3123/2989 2975/3109/2975
f 2985/3119/2985 2987/3121/2987 2972/3106/2972
f 2976/3110/2976 2994/3128/2994 2995/3129/2995
f 2996/3130/2996 2997/3131/2997 2970/3104/2970
f 2978/3112/2978 2967/3101/2967 2976/3110/2976
f 2967/3101/2967 2994/3128/2994 2976/3110/2976
f 2983/3117/2983 2998/3132/2998 2981/3115/2981
f 2978/3112/2978 2977/3111/2977 2990/3124/2990
f 2981/3115/2981 2977/3111/2977 2995/3129/2995
f 2983/3117/2983 2981/3115/2981 2995/3129/2995
f 2979/3113/2979 2981/3115/2981 2980/3114/2980
f 2967/3101/2967 2786/2920/2786 2994/3128/2994
f 2977/3111/2977 2976/3110/2976 2995/3129/2995
f 2994/3128/2994 2786/2920/2786 2785/2919/2785
f 2999/3133/2999 2785/2919/2785 2984/3118/2984
f 2999/3133/2999 2995/3129/2995 2994/3128/2994
f 2998/3132/2998 2983/3117/2983 3000/3134/3000
f 2998/3132/2998 3000/3134/3000 2991/3125/2991
f 2980/3114/2980 2981/3115/2981 2998/3132/2998
f 2806/2940/2806 2964/3098/2964 2860/2994/2860
f 2855/2989/2855 3001/3135/3001 2986/3120/2986
f 2936/3070/2936 2973/3107/2973 2974/3108/2974
f 2937/3071/2937 2985/3119/2985 2972/3106/2972
f 2964/3098/2964 2806/2940/2806 3002/3136/3002
f 2809/2943/2809 2811/2945/2811 2089/2128/2089
f 2691/2824/2691 2806/2940/2806 2739/2873/2739
f 3003/3137/3003 2964/3098/2964 3002/3136/3002
f 3004/3138/3004 3003/3137/3003 2855/2989/2855
f 3002/3136/3002 2806/2940/2806 2811/2945/2811
f 3005/3139/3005 2941/3075/2941 2963/3097/2963
f 2860/2994/2860 2858/2992/2858 2856/2990/2856
f 2980/3114/2980 2998/3132/2998 2993/3127/2993
f 2844/2978/2844 2908/3042/2908 2733/2867/2733
f 2723/2857/2723 2873/3007/2873 2724/2858/2724
f 2733/2867/2733 2873/3007/2873 2890/3024/2890
f 2997/3131/2997 3006/3140/3006 2966/3100/2966
f 3007/3141/3007 2786/2920/2786 2966/3100/2966
f 3008/3142/3008 3009/3143/3009 3010/3144/3010
f 3009/3143/3009 3011/3145/3011 3012/3146/3012
f 2966/3100/2966 2967/3101/2967 2997/3131/2997
f 3013/3147/3013 3014/3148/3014 3008/3142/3008
f 2997/3131/2997 2967/3101/2967 2978/3112/2978
f 3006/3140/3006 3015/3149/3015 2966/3100/2966
f 2996/3130/2996 2972/3106/2972 2987/3121/2987
f 3016/3150/3016 3017/3151/3017 3018/3152/3018
f 2970/3104/2970 2997/3131/2997 2978/3112/2978
f 2997/3131/2997 3018/3152/3018 3006/3140/3006
f 3019/3153/3019 3020/3154/3020 3021/3155/3021
f 3022/3156/3022 2131/2181/2131 2133/2183/2133
f 2965/3099/2965 2988/3122/2988 3005/3139/3005
f 2985/3119/2985 3005/3139/3005 2988/3122/2988
f 2988/3122/2988 2965/3099/2965 3004/3138/3004
f 3016/3150/3016 2996/3130/2996 2987/3121/2987
f 2985/3119/2985 2988/3122/2988 2987/3121/2987
f 3004/3138/3004 2986/3120/2986 2988/3122/2988
f 2855/2989/2855 3003/3137/3003 2853/2987/2853
f 3002/3136/3002 2809/2943/2809 2853/2987/2853
f 2809/2943/2809 2808/2942/2808 2853/2987/2853
f 3012/3146/3012 3011/3145/3011 3001/3135/3001
f 3004/3138/3004 2965/3099/2965 3003/3137/3003
f 3004/3138/3004 2855/2989/2855 2986/3120/2986
f 2964/3098/2964 3003/3137/3003 2965/3099/2965
f 3002/3136/3002 2853/2987/2853 3003/3137/3003
f 3012/3146/3012 2855/2989/2855 2854/2988/2854
f 2987/3121/2987 2986/3120/2986 3016/3150/3016
f 3017/3151/3017 3001/3135/3001 3011/3145/3011
f 3016/3150/3016 3001/3135/3001 3017/3151/3017
f 3023/3157/3023 3017/3151/3017 3011/3145/3011
f 3018/3152/3018 3017/3151/3017 3006/3140/3006
f 3016/3150/3016 3018/3152/3018 2996/3130/2996
f 2986/3120/2986 3001/3135/3001 3016/3150/3016
f 2811/2945/2811 2691/2824/2691 2690/2823/2690
f 3002/3136/3002 2811/2945/2811 2809/2943/2809
f 2941/3075/2941 3005/3139/3005 2974/3108/2974
f 2942/3076/2942 2933/3067/2933 2858/2992/2858
f 2889/3023/2889 2782/2916/2782 2992/3126/2992
f 2873/3007/2873 2891/3025/2891 2890/3024/2890
f 3024/3158/3024 3025/3159/3025 3026/3160/3026
f 3027/3161/3027 2163/2225/2163 2984/3118/2984
f 2999/3133/2999 2984/3118/2984 2983/3117/2983
f 2163/2225/2163 3027/3161/3027 3028/3162/3028
f 2997/3131/2997 2996/3130/2996 3018/3152/3018
f 2972/3106/2972 2996/3130/2996 2970/3104/2970
f 3029/3163/3029 3030/3164/3030 2854/2988/2854
f 3031/3165/3031 3010/3144/3010 3029/3163/3029
f 2855/2989/2855 3012/3146/3012 3001/3135/3001
f 3009/3143/3009 3012/3146/3012 3030/3164/3030
f 3005/3139/3005 2963/3097/2963 2965/3099/2965
f 2942/3076/2942 2963/3097/2963 2941/3075/2941
f 2860/2994/2860 2942/3076/2942 2858/2992/2858
f 2963/3097/2963 2942/3076/2942 2964/3098/2964
f 3032/3166/3032 2785/2919/2785 2784/2918/2784
f 2984/3118/2984 2785/2919/2785 3027/3161/3027
f 2995/3129/2995 2999/3133/2999 2983/3117/2983
f 2785/2919/2785 2999/3133/2999 2994/3128/2994
f 2163/2225/2163 3028/3162/3028 2164/2226/2164
f 2163/2225/2163 2165/2227/2165 2984/3118/2984
f 3033/3167/3033 3034/3168/3034 3035/3169/3035
f 2887/3021/2887 2911/3045/2911 2888/3022/2888
f 3036/3170/3036 3037/3171/3037 3038/3172/3038
f 3039/3173/3039 2991/3125/2991 3040/3174/3040
f 3028/3162/3028 3041/3175/3041 3042/3176/3042
f 3043/3177/3043 3044/3178/3044 2165/2227/2165
f 3029/3163/3029 2854/2988/2854 2853/2987/2853
f 3012/3146/3012 2854/2988/2854 3030/3164/3030
f 2853/2987/2853 2808/2942/2808 3029/3163/3029
f 3031/3165/3031 3029/3163/3029 2808/2942/2808
f 2852/2986/2852 2787/2921/2787 2818/2952/2818
f 3045/3179/3045 3031/3165/3031 2817/2951/2817
f 3046/3180/3046 2815/2949/2815 2861/2995/2861
f 3011/3145/3011 3009/3143/3009 3014/3148/3014
f 3010/3144/3010 3009/3143/3009 3030/3164/3030
f 3014/3148/3014 3009/3143/3009 3008/3142/3008
f 3029/3163/3029 3010/3144/3010 3030/3164/3030
f 3010/3144/3010 3031/3165/3031 3045/3179/3045
f 3047/3181/3047 2952/3086/2952 2951/3085/2951
f 3048/3182/3048 3049/3183/3049 2106/2149/2106
f 2025/2053/2025 2578/2709/2578 2026/2054/2026
f 2187/2264/2187 2576/2707/2576 2380/2496/2380
f 2639/2772/2639 2576/2707/2576 3050/3184/3050
f 2578/2709/2578 2182/2255/2182 2026/2054/2026
f 2576/2707/2576 2577/2708/2577 2380/2496/2380
f 2577/2708/2577 3051/3185/3051 2365/2481/2365
f 2577/2708/2577 2365/2481/2365 2366/2482/2366
f 2365/2481/2365 3051/3185/3051 2026/2054/2026
f 2367/2483/2367 2639/2772/2639 3052/3186/3052
f 2026/2054/2026 3051/3185/3051 2367/2483/2367
f 3053/3187/3053 3054/3188/3054 3055/3189/3055
f 2024/2052/2024 3052/3186/3052 3056/3190/3056
f 3055/3189/3055 3054/3188/3054 3056/3190/3056
f 2640/2773/2640 2025/2053/2025 2779/2913/2779
f 2577/2708/2577 2639/2772/2639 3051/3185/3051
f 2024/2052/2024 2367/2483/2367 3052/3186/3052
f 3057/3191/3057 3058/3192/3058 3059/3193/3059
f 2789/2923/2789 2815/2949/2815 3060/3194/3060
f 2024/2052/2024 3061/3195/3061 2641/2774/2641
f 3062/3196/3062 3063/3197/3063 3064/3198/3064
f 2639/2772/2639 3050/3184/3050 3049/3183/3049
f 3051/3185/3051 2639/2772/2639 2367/2483/2367
f 3055/3189/3055 3049/3183/3049 3048/3182/3048
f 2641/2774/2641 3062/3196/3062 3064/3198/3064
f 3056/3190/3056 3065/3199/3065 3061/3195/3061
f 2641/2774/2641 3064/3198/3064 2802/2936/2802
f 3052/3186/3052 3049/3183/3049 3055/3189/3055
f 3065/3199/3065 3056/3190/3056 3054/3188/3054
f 3066/3200/3066 3067/3201/3067 3068/3202/3068
f 3069/3203/3069 3070/3204/3070 3071/3205/3071
f 2802/2936/2802 3064/3198/3064 3072/3206/3072
f 2802/2936/2802 2693/2826/2693 2438/2562/2438
f 3061/3195/3061 3062/3196/3062 2641/2774/2641
f 3066/3200/3066 3073/3207/3073 3065/3199/3065
f 3056/3190/3056 3061/3195/3061 2024/2052/2024
f 3062/3196/3062 3061/3195/3061 3065/3199/3065
f 2641/2774/2641 2802/2936/2802 2779/2913/2779
f 2640/2773/2640 2779/2913/2779 2802/2936/2802
f 2356/2470/2356 2317/2423/2317 2220/2311/2220
f 2317/2423/2317 2241/2336/2241 2642/2775/2642
f 2356/2470/2356 2220/2311/2220 2354/2468/2354
f 2241/2336/2241 2356/2470/2356 2239/2334/2239
f 2503/2630/2503 2642/2775/2642 2241/2336/2241
f 2706/2840/2706 2582/2713/2582 2081/2117/2081
f 2240/2335/2240 2503/2630/2503 2241/2336/2241
f 2503/2630/2503 2502/2629/2502 2822/2956/2822
f 2832/2966/2832 2502/2629/2502 3074/3208/3074
f 2822/2956/2822 2832/2966/2832 2829/2963/2829
f 2582/2713/2582 2706/2840/2706 2223/2316/2223
f 2503/2630/2503 2706/2840/2706 2642/2775/2642
f 3075/3209/3075 2832/2966/2832 3074/3208/3074
f 2822/2956/2822 2829/2963/2829 2643/2776/2643
f 2643/2776/2643 2831/2965/2831 2382/2500/2382
f 2223/2316/2223 2822/2956/2822 2643/2776/2643
f 2775/2909/2775 2774/2908/2774 3076/3210/3076
f 3077/3211/3077 3078/3212/3078 3079/3213/3079
f 2829/2963/2829 2832/2966/2832 3075/3209/3075
f 2831/2965/2831 2643/2776/2643 2829/2963/2829
f 2320/2426/2320 2382/2500/2382 2831/2965/2831
f 2386/2504/2386 2504/2631/2504 2383/2501/2383
f 3074/3208/3074 3080/3214/3080 3081/3215/3081
f 2829/2963/2829 3075/3209/3075 2830/2964/2830
f 2080/2116/2080 2317/2423/2317 2374/2490/2374
f 2642/2775/2642 2374/2490/2374 2317/2423/2317
f 2225/2318/2225 2224/2317/2224 2381/2499/2381
f 2643/2776/2643 2224/2317/2224 2223/2316/2223
f 2831/2965/2831 3082/3216/3082 2320/2426/2320
f 3083/3217/3083 3084/3218/3084 3085/3219/3085
f 3086/3220/3086 3082/3216/3082 2831/2965/2831
f 2509/2636/2509 3087/3221/3087 2372/2488/2372
f 3079/3213/3079 3078/3212/3078 3088/3222/3088
f 3089/3223/3089 2108/2151/2108 2574/2705/2574
f 2509/2636/2509 2083/2121/2083 2387/2505/2387
f 2085/2123/2085 2213/2302/2213 2386/2504/2386
f 2504/2631/2504 2381/2499/2381 2383/2501/2383
f 2386/2504/2386 3087/3221/3087 2387/2505/2387
f 2320/2426/2320 2383/2501/2383 2382/2500/2382
f 3087/3221/3087 2386/2504/2386 2383/2501/2383
f 2509/2636/2509 2387/2505/2387 3087/3221/3087
f 2085/2123/2085 2387/2505/2387 2083/2121/2083
f 3087/3221/3087 2388/2506/2388 2372/2488/2372
f 2083/2121/2083 2509/2636/2509 2207/2290/2207
f 2319/2425/2319 2318/2424/2318 3077/3211/3077
f 2206/2289/2206 2373/2489/2373 2385/2503/2385
f 2207/2290/2207 2373/2489/2373 2206/2289/2206
f 3090/3224/3090 2372/2488/2372 2950/3084/2950
f 3082/3216/3082 2318/2424/2318 2320/2426/2320
f 3083/3217/3083 3077/3211/3077 3079/3213/3079
f 3079/3213/3079 3084/3218/3084 3083/3217/3083
f 3091/3225/3091 3084/3218/3084 3092/3226/3092
f 3091/3225/3091 3089/3223/3089 2952/3086/2952
f 2319/2425/2319 3083/3217/3083 2950/3084/2950
f 3086/3220/3086 2831/2965/2831 2830/2964/2830
f 2318/2424/2318 3082/3216/3082 3078/3212/3078
f 2372/2488/2372 2388/2506/2388 2319/2425/2319
f 2383/2501/2383 2388/2506/2388 3087/3221/3087
f 3088/3222/3088 3078/3212/3078 3086/3220/3086
f 3093/3227/3093 3079/3213/3079 3088/3222/3088
f 2953/3087/2953 2379/2495/2379 2951/3085/2951
f 2378/2494/2378 2389/2507/2389 2951/3085/2951
f 2389/2507/2389 2385/2503/2385 2951/3085/2951
f 2385/2503/2385 2373/2489/2373 3090/3224/3090
f 2950/3084/2950 3083/3217/3083 3085/3219/3085
f 3090/3224/3090 2951/3085/2951 2385/2503/2385
f 2372/2488/2372 3090/3224/3090 2373/2489/2373
f 3090/3224/3090 2950/3084/2950 3047/3181/3047
f 2319/2425/2319 3077/3211/3077 3083/3217/3083
f 3078/3212/3078 3077/3211/3077 2318/2424/2318
f 3080/3214/3080 3094/3228/3094 3081/3215/3081
f 2774/2908/2774 3093/3227/3093 3076/3210/3076
f 3095/3229/3095 3096/3230/3096 3053/3187/3053
f 3093/3227/3093 3097/3231/3097 3079/3213/3079
f 3085/3219/3085 3084/3218/3084 3091/3225/3091
f 3085/3219/3085 2952/3086/2952 3047/3181/3047
f 3089/3223/3089 2953/3087/2953 2952/3086/2952
f 2572/2703/2572 2379/2495/2379 2573/2704/2573
f 3090/3224/3090 3047/3181/3047 2951/3085/2951
f 3085/3219/3085 3047/3181/3047 2950/3084/2950
f 3082/3216/3082 3086/3220/3086 3078/3212/3078
f 2830/2964/2830 3088/3222/3088 3086/3220/3086
f 3093/3227/3093 3088/3222/3088 3076/3210/3076
f 3093/3227/3093 3098/3232/3098 3097/3231/3097
f 3081/3215/3081 3088/3222/3088 2830/2964/2830
f 3099/3233/3099 3080/3214/3080 3074/3208/3074
f 3100/3234/3100 3101/3235/3101 3102/3236/3102
f 3093/3227/3093 2774/2908/2774 3098/3232/3098
f 2827/2961/2827 2794/2928/2794 3103/3237/3103
f 2823/2957/2823 2771/2905/2771 3103/3237/3103
f 3081/3215/3081 2830/2964/2830 3075/3209/3075
f 3104/3238/3104 2283/2386/2283 2285/2388/2285
f 2775/2909/2775 3076/3210/3076 3105/3239/3105
f 3106/3240/3106 3058/3192/3058 3057/3191/3057
f 3107/3241/3107 3108/3242/3108 3109/3243/3109
f 3110/3244/3110 2244/2339/2244 3111/3245/3111
f 2127/2176/2127 3112/3246/3112 2650/2783/2650
f 2712/2846/2712 2596/2729/2596 2654/2787/2654
f 2549/2678/2549 2344/2457/2344 2686/2819/2686
f 2342/2455/2342 2549/2678/2549 2548/2677/2548
f 2352/2466/2352 2428/2549/2428 2660/2793/2660
f 2428/2549/2428 2720/2854/2720 2745/2879/2745
f 2350/2464/2350 2352/2466/2352 2660/2793/2660
f 2720/2854/2720 2352/2466/2352 2666/2799/2666
f 2803/2937/2803 2745/2879/2745 2720/2854/2720
f 2745/2879/2745 2072/2108/2072 2699/2832/2699
f 3113/3247/3113 2749/2883/2749 2347/2460/2347
f 3114/3248/3114 3115/3249/3115 2094/2135/2094
f 2481/2607/2481 2474/2600/2474 2495/2621/2495
f 3116/3250/3116 3117/3251/3117 3118/3252/3118
f 2098/2139/2098 2634/2767/2634 2636/2769/2636
f 2481/2607/2481 2495/2621/2495 2570/2701/2570
f 2216/2307/2216 2215/2306/2215 3119/3253/3119
f 3120/3254/3120 2142/2200/2142 2141/2199/2141
f 3121/3255/3121 3122/3256/3122 3123/3257/3123
f 2648/2781/2648 2609/2742/2609 3124/3258/3124
f 2648/2781/2648 3124/3258/3124 2127/2176/2127
f 2612/2745/2612 2648/2781/2648 2534/2662/2534
f 3125/3259/3125 2127/2176/2127 3124/3258/3124
f 3125/3259/3125 3112/3246/3112 2127/2176/2127
f 2534/2662/2534 2648/2781/2648 2129/2178/2129
f 2127/2176/2127 2129/2178/2129 2648/2781/2648
f 2611/2744/2611 2612/2745/2612 2534/2662/2534
f 2609/2742/2609 2612/2745/2612 2533/2661/2533
f 3120/3254/3120 2141/2199/2141 3126/3260/3126
f 3127/3261/3127 3128/3262/3128 3129/3263/3129
f 3130/3264/3130 3131/3265/3131 2650/2783/2650
f 2128/2177/2128 2127/2176/2127 2650/2783/2650
f 3121/3255/3121 3124/3258/3124 2714/2848/2714
f 3126/3260/3126 3132/3266/3132 3112/3246/3112
f 3108/3242/3108 2653/2786/2653 2228/2321/2228
f 2652/2785/2652 2403/2523/2403 2651/2784/2651
f 2609/2742/2609 2714/2848/2714 3124/3258/3124
f 3133/3267/3133 3134/3268/3134 3135/3269/3135
f 2216/2307/2216 2714/2848/2714 2610/2743/2610
f 2610/2743/2610 2531/2659/2531 2216/2307/2216
f 2531/2659/2531 2217/2308/2217 2216/2307/2216
f 2215/2306/2215 2217/2308/2217 3133/3267/3133
f 2714/2848/2714 2609/2742/2609 2610/2743/2610
f 2713/2847/2713 3122/3256/3122 3121/3255/3121
f 3136/3270/3136 2141/2199/2141 2140/2198/2140
f 3130/3264/3130 3132/3266/3132 2226/2319/2226
f 3126/3260/3126 3112/3246/3112 3125/3259/3125
f 3130/3264/3130 3112/3246/3112 3132/3266/3132
f 2228/2321/2228 3131/3265/3131 2226/2319/2226
f 2649/2782/2649 3131/3265/3131 2652/2785/2652
f 3137/3271/3137 3132/3266/3132 3126/3260/3126
f 3138/3272/3138 3139/3273/3139 3140/3274/3140
f 3131/3265/3131 2649/2782/2649 2650/2783/2650
f 2649/2782/2649 2652/2785/2652 2651/2784/2651
f 3125/3259/3125 3124/3258/3124 3121/3255/3121
f 3141/3275/3141 3142/3276/3142 3143/3277/3143
f 2713/2847/2713 3121/3255/3121 2714/2848/2714
f 3121/3255/3121 3123/3257/3123 3120/3254/3120
f 3119/3253/3119 3122/3256/3122 2713/2847/2713
f 3122/3256/3122 3141/3275/3141 3144/3278/3144
f 3134/3268/3134 3133/3267/3133 2712/2846/2712
f 3141/3275/3141 3122/3256/3122 3119/3253/3119
f 2216/2307/2216 3119/3253/3119 2713/2847/2713
f 3119/3253/3119 3135/3269/3135 3145/3279/3145
f 3120/3254/3120 3126/3260/3126 3125/3259/3125
f 3137/3271/3137 3126/3260/3126 2141/2199/2141
f 3131/3265/3131 3130/3264/3130 2226/2319/2226
f 3112/3246/3112 3130/3264/3130 2650/2783/2650
f 2652/2785/2652 3131/3265/3131 2228/2321/2228
f 3146/3280/3146 3147/3281/3147 3138/3272/3138
f 3121/3255/3121 3120/3254/3120 3125/3259/3125
f 2142/2200/2142 3120/3254/3120 3123/3257/3123
f 3133/3267/3133 2217/2308/2217 2657/2790/2657
f 3119/3253/3119 2215/2306/2215 3135/3269/3135
f 2228/2321/2228 2653/2786/2653 2652/2785/2652
f 2653/2786/2653 3108/3242/3108 2404/2524/2404
f 3148/3282/3148 2227/2320/2227 3149/3283/3149
f 2228/2321/2228 2227/2320/2227 3109/3243/3109
f 2299/2402/2299 2301/2404/2301 2597/2730/2597
f 2656/2789/2656 2299/2402/2299 2602/2735/2602
f 2590/2723/2590 2588/2721/2588 3110/3244/3110
f 3150/3284/3150 2709/2843/2709 3151/3285/3151
f 2668/2801/2668 2689/2822/2689 2726/2860/2726
f 2041/2071/2041 2689/2822/2689 2039/2069/2039
f 2761/2895/2761 2765/2899/2765 2763/2897/2763
f 2795/2929/2795 2764/2898/2764 2761/2895/2761
f 3152/3286/3152 2795/2929/2795 2796/2930/2796
f 3153/3287/3153 2820/2954/2820 2567/2698/2567
f 2762/2896/2762 2758/2892/2758 2795/2929/2795
f 3154/3288/3154 3155/3289/3155 2764/2898/2764
f 2702/2835/2702 2761/2895/2761 2763/2897/2763
f 2795/2929/2795 2761/2895/2761 2762/2896/2762
f 3156/3290/3156 3152/3286/3152 3157/3291/3157
f 2795/2929/2795 3158/3292/3158 3154/3288/3154
f 3159/3293/3159 3160/3294/3160 3161/3295/3161
f 3158/3292/3158 2795/2929/2795 3152/3286/3152
f 3162/3296/3162 3163/3297/3163 3164/3298/3164
f 2821/2955/2821 3158/3292/3158 3156/3290/3156
f 2796/2930/2796 3165/3299/3165 3152/3286/3152
f 3158/3292/3158 3152/3286/3152 3156/3290/3156
f 2821/2955/2821 3156/3290/3156 3166/3300/3166
f 3158/3292/3158 2566/2697/2566 3154/3288/3154
f 2567/2698/2567 3167/3301/3167 2568/2699/2568
f 3168/3302/3168 3169/3303/3169 3170/3304/3170
f 2820/2954/2820 2819/2953/2819 3159/3293/3159
f 2821/2955/2821 3153/3287/3153 3158/3292/3158
f 3155/3289/3155 3154/3288/3154 2566/2697/2566
f 2795/2929/2795 3154/3288/3154 2764/2898/2764
f 3155/3289/3155 2765/2899/2765 2764/2898/2764
f 3169/3303/3169 3168/3302/3168 2767/2901/2767
f 2568/2699/2568 3155/3289/3155 2566/2697/2566
f 2765/2899/2765 3155/3289/3155 3169/3303/3169
f 3164/3298/3164 3166/3300/3166 3171/3305/3171
f 2819/2953/2819 3166/3300/3166 3172/3306/3172
f 3173/3307/3173 3174/3308/3174 3175/3309/3175
f 3020/3154/3020 3019/3153/3019 3176/3310/3176
f 2819/2953/2819 3177/3311/3177 3159/3293/3159
f 3178/3312/3178 3179/3313/3179 3173/3307/3173
f 3180/3314/3180 3177/3311/3177 3163/3297/3163
f 2820/2954/2820 3159/3293/3159 3181/3315/3181
f 3166/3300/3166 2819/2953/2819 2821/2955/2821
f 3177/3311/3177 2819/2953/2819 3172/3306/3172
f 3182/3316/3182 3183/3317/3183 3184/3318/3184
f 3177/3311/3177 3160/3294/3160 3159/3293/3159
f 3161/3295/3161 3174/3308/3174 3173/3307/3173
f 3169/3303/3169 2568/2699/2568 3170/3304/3170
f 3163/3297/3163 3177/3311/3177 3172/3306/3172
f 3177/3311/3177 3185/3319/3185 3160/3294/3160
f 3186/3320/3186 3184/3318/3184 3175/3309/3175
f 3161/3295/3161 3160/3294/3160 3174/3308/3174
f 3187/3321/3187 3188/3322/3188 3182/3316/3182
f 3178/3312/3178 3189/3323/3189 3190/3324/3190
f 3185/3319/3185 3191/3325/3191 3160/3294/3160
f 3175/3309/3175 3189/3323/3189 3178/3312/3178
f 3160/3294/3160 3191/3325/3191 3186/3320/3186
f 3173/3307/3173 3175/3309/3175 3178/3312/3178
f 3192/3326/3192 3193/3327/3193 2284/2387/2284
f 3161/3295/3161 3173/3307/3173 3194/3328/3194
f 3181/3315/3181 3159/3293/3159 3161/3295/3161
f 2567/2698/2567 2820/2954/2820 3195/3329/3195
f 3189/3323/3189 3175/3309/3175 3184/3318/3184
f 3179/3313/3179 3178/3312/3178 3196/3330/3196
f 3197/3331/3197 3198/3332/3198 3188/3322/3188
f 3199/3333/3199 3200/3334/3200 3201/3335/3201
f 2827/2961/2827 3202/3336/3202 2828/2962/2828
f 2820/2954/2820 3181/3315/3181 3203/3337/3203
f 3204/3338/3204 3194/3328/3194 3205/3339/3205
f 3204/3338/3204 3205/3339/3205 3206/3340/3206
f 3194/3328/3194 3181/3315/3181 3161/3295/3161
f 3203/3337/3203 3181/3315/3181 3204/3338/3204
f 2567/2698/2567 3195/3329/3195 3167/3301/3167
f 3153/3287/3153 2566/2697/2566 3158/3292/3158
f 3207/3341/3207 3208/3342/3208 3209/3343/3209
f 3209/3343/3209 3210/3344/3210 3206/3340/3206
f 3205/3339/3205 3194/3328/3194 3173/3307/3173
f 3181/3315/3181 3194/3328/3194 3204/3338/3204
f 3211/3345/3211 3203/3337/3203 3204/3338/3204
f 2820/2954/2820 3203/3337/3203 3195/3329/3195
f 3202/3336/3202 3212/3346/3212 3213/3347/3213
f 3170/3304/3170 2771/2905/2771 2770/2904/2770
f 2820/2954/2820 3153/3287/3153 2821/2955/2821
f 2566/2697/2566 3153/3287/3153 2567/2698/2567
f 3207/3341/3207 3179/3313/3179 3196/3330/3196
f 3205/3339/3205 3179/3313/3179 3209/3343/3209
f 3212/3346/3212 3206/3340/3206 3214/3348/3214
f 3204/3338/3204 3206/3340/3206 3211/3345/3211
f 3179/3313/3179 3205/3339/3205 3173/3307/3173
f 3206/3340/3206 3205/3339/3205 3209/3343/3209
f 3170/3304/3170 2568/2699/2568 3215/3349/3215
f 3155/3289/3155 2568/2699/2568 3169/3303/3169
f 2771/2905/2771 3170/3304/3170 3215/3349/3215
f 3170/3304/3170 2770/2904/2770 3168/3302/3168
f 3216/3350/3216 3103/3237/3103 3215/3349/3215
f 2771/2905/2771 2823/2957/2823 2772/2906/2772
f 3103/3237/3103 3216/3350/3216 3202/3336/3202
f 3192/3326/3192 3217/3351/3217 3193/3327/3193
f 3215/3349/3215 3103/3237/3103 2771/2905/2771
f 2827/2961/2827 3103/3237/3103 3202/3336/3202
f 3218/3352/3218 3215/3349/3215 3167/3301/3167
f 3195/3329/3195 3203/3337/3203 3211/3345/3211
f 2828/2962/2828 3202/3336/3202 3213/3347/3213
f 2794/2928/2794 2827/2961/2827 2824/2958/2824
f 3094/3228/3094 3217/3351/3217 3059/3193/3059
f 2826/2960/2826 2824/2958/2824 2827/2961/2827
f 2375/2491/2375 2794/2928/2794 2824/2958/2824
f 3103/3237/3103 2794/2928/2794 2823/2957/2823
f 3212/3346/3212 3202/3336/3202 3216/3350/3216
f 2828/2962/2828 3219/3353/3219 2826/2960/2826
f 3214/3348/3214 2284/2387/2284 3213/3347/3213
f 3219/3353/3219 2828/2962/2828 3213/3347/3213
f 3080/3214/3080 2826/2960/2826 3219/3353/3219
f 3099/3233/3099 2502/2629/2502 2825/2959/2825
f 3167/3301/3167 3195/3329/3195 3218/3352/3218
f 2568/2699/2568 3167/3301/3167 3215/3349/3215
f 3212/3346/3212 3211/3345/3211 3206/3340/3206
f 3218/3352/3218 3211/3345/3211 3212/3346/3212
f 3218/3352/3218 3216/3350/3216 3215/3349/3215
f 3195/3329/3195 3211/3345/3211 3218/3352/3218
f 3212/3346/3212 3216/3350/3216 3218/3352/3218
f 3214/3348/3214 3206/3340/3206 3210/3344/3210
f 3217/3351/3217 3080/3214/3080 3219/3353/3219
f 3217/3351/3217 3094/3228/3094 3080/3214/3080
f 2284/2387/2284 3214/3348/3214 3210/3344/3210
f 3213/3347/3213 3212/3346/3212 3214/3348/3214
f 2502/2629/2502 3099/3233/3099 3074/3208/3074
f 2826/2960/2826 3080/3214/3080 3099/3233/3099
f 3193/3327/3193 3217/3351/3217 3219/3353/3219
f 3059/3193/3059 3217/3351/3217 3192/3326/3192
f 3059/3193/3059 3220/3354/3220 3057/3191/3057
f 3059/3193/3059 3058/3192/3058 3094/3228/3094
f 3105/3239/3105 3058/3192/3058 2775/2909/2775
f 3088/3222/3088 3081/3215/3081 3105/3239/3105
f 3074/3208/3074 3081/3215/3081 3075/3209/3075
f 3105/3239/3105 3081/3215/3081 3094/3228/3094
f 3105/3239/3105 3094/3228/3094 3058/3192/3058
f 3088/3222/3088 3105/3239/3105 3076/3210/3076
f 2693/2826/2693 2802/2936/2802 2326/2433/2326
f 2698/2831/2698 2695/2828/2695 2328/2435/2328
f 2698/2831/2698 2328/2435/2328 2742/2876/2742
f 2695/2828/2695 2326/2433/2326 2328/2435/2328
f 2439/2563/2439 2692/2825/2692 2695/2828/2695
f 2693/2826/2693 2326/2433/2326 2692/2825/2692
f 3063/3197/3063 3221/3355/3221 3064/3198/3064
f 2326/2433/2326 2802/2936/2802 3072/3206/3072
f 2327/2434/2327 2326/2433/2326 3072/3206/3072
f 3222/3356/3222 3221/3355/3221 3223/3357/3223
f 2817/2951/2817 2789/2923/2789 3060/3194/3060
f 2788/2922/2788 2789/2923/2789 2818/2952/2818
f 2788/2922/2788 2787/2921/2787 1986/2000/1986
f 2817/2951/2817 2852/2986/2852 2818/2952/2818
f 3031/3165/3031 2808/2942/2808 2852/2986/2852
f 2088/2127/2088 2808/2942/2808 2089/2128/2089
f 2787/2921/2787 2088/2127/2088 2090/2129/2090
f 2808/2942/2808 2088/2127/2088 2852/2986/2852
f 2833/2967/2833 2777/2911/2777 3224/3358/3224
f 3224/3358/3224 3225/3359/3225 2833/2967/2833
f 2799/2933/2799 2798/2932/2798 2801/2935/2801
f 1988/2002/1988 2841/2975/2841 1989/2003/1989
f 2797/2931/2797 3224/3358/3224 2777/2911/2777
f 1989/2003/1989 2800/2934/2800 2916/3050/2916
f 2836/2970/2836 1988/2002/1988 2288/2391/2288
f 2838/2972/2838 2834/2968/2834 2287/2390/2287
f 2835/2969/2835 2834/2968/2834 2837/2971/2837
f 2287/2390/2287 2834/2968/2834 2836/2970/2836
f 2297/2400/2297 2835/2969/2835 2837/2971/2837
f 2296/2399/2296 2800/2934/2800 2842/2976/2842
f 2288/2391/2288 2287/2390/2287 2836/2970/2836
f 2287/2390/2287 2919/3053/2919 2839/2973/2839
f 2836/2970/2836 2841/2975/2841 1988/2002/1988
f 2919/3053/2919 2286/2389/2286 2928/3062/2928
f 1989/2003/1989 2915/3049/2915 1987/2001/1987
f 3226/3360/3226 2288/2391/2288 1988/2002/1988
f 2842/2976/2842 2836/2970/2836 2835/2969/2835
f 1989/2003/1989 2841/2975/2841 2800/2934/2800
f 2296/2399/2296 2842/2976/2842 2835/2969/2835
f 2800/2934/2800 2841/2975/2841 2842/2976/2842
f 2778/2912/2778 2799/2933/2799 2801/2935/2801
f 2916/3050/2916 2799/2933/2799 2833/2967/2833
f 2799/2933/2799 2916/3050/2916 2800/2934/2800
f 3225/3359/3225 3227/3361/3227 2915/3049/2915
f 2868/3002/2868 2867/3001/2867 2849/2983/2849
f 2636/2769/2636 2635/2768/2635 3228/3362/3228
f 2868/3002/2868 2747/2881/2747 2748/2882/2748
f 2747/2881/2747 3113/3247/3113 2347/2460/2347
f 3113/3247/3113 3229/3363/3229 2749/2883/2749
f 2345/2458/2345 2347/2460/2347 2750/2884/2750
f 2077/2113/2077 2904/3038/2904 2644/2777/2644
f 2871/3005/2871 2904/3038/2904 2905/3039/2905
f 3230/3364/3230 3231/3365/3231 3232/3366/3232
f 3146/3280/3146 3109/3243/3109 3233/3367/3233
f 2093/2134/2093 3114/3248/3114 2094/2135/2094
f 3234/3368/3234 3235/3369/3235 3236/3370/3236
f 2882/3016/2882 2850/2984/2850 2881/3015/2881
f 2851/2985/2851 2850/2984/2850 2897/3031/2897
f 2927/3061/2927 2851/2985/2851 2897/3031/2897
f 2849/2983/2849 2851/2985/2851 3237/3371/3237
f 2849/2983/2849 3237/3371/3237 2918/3052/2918
f 2850/2984/2850 2849/2983/2849 2867/3001/2867
f 2193/2272/2193 2376/2492/2376 2323/2429/2323
f 2389/2507/2389 2376/2492/2376 2377/2493/2377
f 2954/3088/2954 2414/2535/2414 2419/2540/2419
f 2416/2537/2416 2415/2536/2415 2959/3093/2959
f 2941/3075/2941 2974/3108/2974 2940/3074/2940
f 2936/3070/2936 2974/3108/2974 3005/3139/3005
f 2936/3070/2936 3005/3139/3005 2985/3119/2985
f 2973/3107/2973 2936/3070/2936 2935/3069/2935
f 2806/2940/2806 2860/2994/2860 2805/2939/2805
f 2942/3076/2942 2860/2994/2860 2964/3098/2964
f 2810/2944/2810 2856/2990/2856 2858/2992/2858
f 2805/2939/2805 2856/2990/2856 2812/2946/2812
f 2991/3125/2991 3000/3134/3000 3238/3372/3238
f 3239/3373/3239 3240/3374/3240 3241/3375/3241
f 3000/3134/3000 2983/3117/2983 2982/3116/2982
f 2992/3126/2992 2991/3125/2991 3039/3173/3039
f 3242/3376/3242 2165/2227/2165 3044/3178/3044
f 3238/3372/3238 3040/3174/3040 2991/3125/2991
f 3043/3177/3043 2165/2227/2165 2164/2226/2164
f 3238/3372/3238 2982/3116/2982 3242/3376/3242
f 2992/3126/2992 3039/3173/3039 3243/3377/3243
f 2993/3127/2993 2782/2916/2782 2980/3114/2980
f 2991/3125/2991 2993/3127/2993 2998/3132/2998
f 2782/2916/2782 2993/3127/2993 2992/3126/2992
f 3238/3372/3238 3000/3134/3000 2982/3116/2982
f 3242/3376/3242 3244/3378/3244 3040/3174/3040
f 3039/3173/3039 3245/3379/3245 3243/3377/3243
f 2732/2866/2732 2727/2861/2727 2844/2978/2844
f 2992/3126/2992 3243/3377/3243 2889/3023/2889
f 2890/3024/2890 2889/3023/2889 3243/3377/3243
f 3242/3376/3242 3044/3178/3044 3244/3378/3244
f 3246/3380/3246 2732/2866/2732 2734/2868/2734
f 3241/3375/3241 3245/3379/3245 3039/3173/3039
f 2734/2868/2734 3245/3379/3245 3240/3374/3240
f 2984/3118/2984 2165/2227/2165 2982/3116/2982
f 2982/3116/2982 2165/2227/2165 3242/3376/3242
f 2734/2868/2734 2890/3024/2890 3243/3377/3243
f 2732/2866/2732 3247/3381/3247 2727/2861/2727
f 2733/2867/2733 2890/3024/2890 2734/2868/2734
f 3247/3381/3247 3246/3380/3246 2922/3056/2922
f 2688/2821/2688 2908/3042/2908 2844/2978/2844
f 2730/2864/2730 2908/3042/2908 2731/2865/2731
f 3245/3379/3245 2734/2868/2734 3243/3377/3243
f 3248/3382/3248 2922/3056/2922 3246/3380/3246
f 2923/3057/2923 3249/3383/3249 2924/3058/2924
f 2727/2861/2727 3247/3381/3247 2729/2863/2729
f 3240/3374/3240 3248/3382/3248 2734/2868/2734
f 3246/3380/3246 2734/2868/2734 3248/3382/3248
f 3250/3384/3250 3251/3385/3251 3252/3386/3252
f 2912/3046/2912 2893/3027/2893 2879/3013/2879
f 2878/3012/2878 2912/3046/2912 2879/3013/2879
f 3253/3387/3253 3250/3384/3250 3254/3388/3254
f 2912/3046/2912 2878/3012/2878 2848/2982/2848
f 2893/3027/2893 2912/3046/2912 3255/3389/3255
f 2878/3012/2878 2874/3008/2874 2877/3011/2877
f 2921/3055/2921 2847/2981/2847 2846/2980/2846
f 2921/3055/2921 2846/2980/2846 2845/2979/2845
f 2848/2982/2848 2878/3012/2878 2877/3011/2877
f 2070/2106/2070 2877/3011/2877 2874/3008/2874
f 2848/2982/2848 2877/3011/2877 2846/2980/2846
f 3246/3380/3246 3247/3381/3247 2732/2866/2732
f 2924/3058/2924 3247/3381/3247 2922/3056/2922
f 3256/3390/3256 3250/3384/3250 3249/3383/3249
f 3249/3383/3249 2909/3043/2909 2924/3058/2924
f 2716/2850/2716 2921/3055/2921 2845/2979/2845
f 2921/3055/2921 2729/2863/2729 2924/3058/2924
f 2924/3058/2924 2729/2863/2729 3247/3381/3247
f 3249/3383/3249 3253/3387/3253 2909/3043/2909
f 2921/3055/2921 2924/3058/2924 2847/2981/2847
f 2909/3043/2909 2847/2981/2847 2924/3058/2924
f 2845/2979/2845 2781/2915/2781 2780/2914/2780
f 2877/3011/2877 2781/2915/2781 2846/2980/2846
f 3248/3382/3248 2923/3057/2923 2922/3056/2922
f 3256/3390/3256 2923/3057/2923 3257/3391/3257
f 2910/3044/2910 2909/3043/2909 3253/3387/3253
f 2847/2981/2847 2909/3043/2909 2848/2982/2848
f 3045/3179/3045 2817/2951/2817 3060/3194/3060
f 2852/2986/2852 2817/2951/2817 3031/3165/3031
f 2813/2947/2813 2742/2876/2742 2328/2435/2328
f 3010/3144/3010 3045/3179/3045 3008/3142/3008
f 2285/2388/2285 2284/2387/2284 3258/3392/3258
f 3008/3142/3008 3045/3179/3045 3013/3147/3013
f 3259/3393/3259 3067/3201/3067 3095/3229/3095
f 3068/3202/3068 3260/3394/3260 3066/3200/3066
f 3073/3207/3073 3062/3196/3062 3065/3199/3065
f 3063/3197/3063 3261/3395/3261 3223/3357/3223
f 3026/3160/3026 3262/3396/3262 3263/3397/3263
f 3023/3157/3023 3011/3145/3011 3014/3148/3014
f 3264/3398/3264 3045/3179/3045 3060/3194/3060
f 3014/3148/3014 3013/3147/3013 3265/3399/3265
f 3261/3395/3261 3063/3197/3063 3266/3400/3266
f 3065/3199/3065 3054/3188/3054 3066/3200/3066
f 3223/3357/3223 3261/3395/3261 3267/3401/3267
f 3013/3147/3013 3268/3402/3268 3269/3403/3269
f 3064/3198/3064 2327/2434/2327 3072/3206/3072
f 2327/2434/2327 3222/3356/3222 2814/2948/2814
f 3270/3404/3270 3071/3205/3071 3070/3204/3070
f 2741/2875/2741 2742/2876/2742 2861/2995/2861
f 2814/2948/2814 2328/2435/2328 2327/2434/2327
f 3271/3405/3271 2861/2995/2861 2813/2947/2813
f 3069/3203/3069 3272/3406/3272 3269/3403/3269
f 3015/3149/3015 3006/3140/3006 3017/3151/3017
f 3063/3197/3063 3062/3196/3062 3073/3207/3073
f 3273/3407/3273 3266/3400/3266 3260/3394/3260
f 3260/3394/3260 3266/3400/3266 3073/3207/3073
f 3063/3197/3063 3073/3207/3073 3266/3400/3266
f 3066/3200/3066 3054/3188/3054 3096/3230/3096
f 3260/3394/3260 3073/3207/3073 3066/3200/3066
f 3274/3408/3274 3275/3409/3275 3276/3410/3276
f 3221/3355/3221 3222/3356/3222 2327/2434/2327
f 3277/3411/3277 3278/3412/3278 3071/3205/3071
f 3223/3357/3223 3267/3401/3267 3222/3356/3222
f 3064/3198/3064 3221/3355/3221 2327/2434/2327
f 3063/3197/3063 3223/3357/3223 3221/3355/3221
f 3261/3395/3261 3274/3408/3274 3276/3410/3276
f 3267/3401/3267 3277/3411/3277 3270/3404/3270
f 3222/3356/3222 3271/3405/3271 2814/2948/2814
f 2813/2947/2813 2814/2948/2814 3271/3405/3271
f 3268/3402/3268 3264/3398/3264 3279/3413/3279
f 3279/3413/3279 3070/3204/3070 3069/3203/3069
f 3265/3399/3265 3013/3147/3013 3269/3403/3269
f 3014/3148/3014 3280/3414/3280 3023/3157/3023
f 3264/3398/3264 3268/3402/3268 3013/3147/3013
f 3069/3203/3069 3268/3402/3268 3279/3413/3279
f 3045/3179/3045 3264/3398/3264 3013/3147/3013
f 3264/3398/3264 3060/3194/3060 2815/2949/2815
f 3269/3403/3269 3272/3406/3272 3281/3415/3281
f 3014/3148/3014 3265/3399/3265 3282/3416/3282
f 3007/3141/3007 3023/3157/3023 3280/3414/3280
f 3023/3157/3023 3015/3149/3015 3017/3151/3017
f 3281/3415/3281 3265/3399/3265 3269/3403/3269
f 2784/2918/2784 2786/2920/2786 3007/3141/3007
f 3023/3157/3023 3007/3141/3007 3015/3149/3015
f 2966/3100/2966 3015/3149/3015 3007/3141/3007
f 2576/2707/2576 2107/2150/2107 3050/3184/3050
f 2574/2705/2574 2107/2150/2107 2575/2706/2575
f 3089/3223/3089 2574/2705/2574 2573/2704/2573
f 2107/2150/2107 2574/2705/2574 2108/2151/2108
f 3050/3184/3050 2107/2150/2107 2106/2149/2106
f 2106/2149/2106 3283/3417/3283 3101/3235/3101
f 3052/3186/3052 3055/3189/3055 3056/3190/3056
f 3055/3189/3055 3048/3182/3048 3284/3418/3284
f 2953/3087/2953 3089/3223/3089 2573/2704/2573
f 2952/3086/2952 3085/3219/3085 3091/3225/3091
f 3101/3235/3101 3283/3417/3283 3092/3226/3092
f 3089/3223/3089 3091/3225/3091 3283/3417/3283
f 2951/3085/2951 2379/2495/2379 2378/2494/2378
f 2379/2495/2379 2953/3087/2953 2573/2704/2573
f 3110/3244/3110 3285/3419/3285 3151/3285/3151
f 2309/2414/2309 2244/2339/2244 3110/3244/3110
f 2265/2362/2265 2605/2738/2605 2903/3037/2903
f 3286/3420/3286 3287/3421/3287 3288/3422/3288
f 2596/2729/2596 2598/2731/2598 2654/2787/2654
f 3141/3275/3141 3145/3279/3145 3142/3276/3142
f 2598/2731/2598 2710/2844/2710 2654/2787/2654
f 2710/2844/2710 2268/2367/2268 2270/2369/2270
f 2712/2846/2712 2711/2845/2711 3134/3268/3134
f 2712/2846/2712 2657/2790/2657 2599/2732/2599
f 3142/3276/3142 3134/3268/3134 2711/2845/2711
f 3119/3253/3119 3145/3279/3145 3141/3275/3141
f 2215/2306/2215 3133/3267/3133 3135/3269/3135
f 2712/2846/2712 3133/3267/3133 2657/2790/2657
f 3286/3420/3286 3142/3276/3142 2711/2845/2711
f 3288/3422/3288 3289/3423/3289 3290/3424/3290
f 3135/3269/3135 3134/3268/3134 3145/3279/3145
f 3142/3276/3142 3145/3279/3145 3134/3268/3134
f 2279/2379/2279 2710/2844/2710 2598/2731/2598
f 3291/3425/3291 2270/2369/2270 2269/2368/2269
f 3287/3421/3287 3286/3420/3286 3292/3426/3292
f 2654/2787/2654 2710/2844/2710 2270/2369/2270
f 2711/2845/2711 2655/2788/2655 3286/3420/3286
f 2655/2788/2655 2270/2369/2270 3292/3426/3292
f 2654/2787/2654 2655/2788/2655 2711/2845/2711
f 2270/2369/2270 3291/3425/3291 3292/3426/3292
f 3292/3426/3292 3293/3427/3293 3294/3428/3294
f 3286/3420/3286 2655/2788/2655 3292/3426/3292
f 2749/2883/2749 2443/2567/2443 2569/2700/2569
f 2943/3077/2943 2570/2701/2570 2098/2139/2098
f 2099/2140/2099 2098/2139/2098 2495/2621/2495
f 2943/3077/2943 2098/2139/2098 2636/2769/2636
f 2444/2568/2444 2635/2768/2635 2634/2767/2634
f 3228/3362/3228 2635/2768/2635 2443/2567/2443
f 3295/3429/3295 3296/3430/3296 3235/3369/3235
f 3228/3362/3228 2944/3078/2944 2636/2769/2636
f 2347/2460/2347 2749/2883/2749 2750/2884/2750
f 2749/2883/2749 3297/3431/3297 3228/3362/3228
f 2749/2883/2749 3228/3362/3228 2443/2567/2443
f 2944/3078/2944 3228/3362/3228 3297/3431/3297
f 3298/3432/3298 3299/3433/3299 3295/3429/3295
f 2636/2769/2636 2944/3078/2944 2943/3077/2943
f 3143/3277/3143 2142/2200/2142 3144/3278/3144
f 3300/3434/3300 3143/3277/3143 3290/3424/3290
f 3288/3422/3288 3143/3277/3143 3142/3276/3142
f 2142/2200/2142 3143/3277/3143 3300/3434/3300
f 3286/3420/3286 3288/3422/3288 3142/3276/3142
f 3288/3422/3288 3287/3421/3287 3289/3423/3289
f 3301/3435/3301 3302/3436/3302 3294/3428/3294
f 3303/3437/3303 3304/3438/3304 3305/3439/3305
f 2142/2200/2142 3300/3434/3300 2140/2198/2140
f 3144/3278/3144 2142/2200/2142 3123/3257/3123
f 3303/3437/3303 3300/3434/3300 3304/3438/3304
f 3300/3434/3300 3303/3437/3303 2140/2198/2140
f 3122/3256/3122 3144/3278/3144 3123/3257/3123
f 3143/3277/3143 3144/3278/3144 3141/3275/3141
f 3306/3440/3306 3127/3261/3127 3303/3437/3303
f 3137/3271/3137 3149/3283/3149 3132/3266/3132
f 3288/3422/3288 3290/3424/3290 3143/3277/3143
f 3304/3438/3304 3290/3424/3290 3289/3423/3289
f 3290/3424/3290 3304/3438/3304 3300/3434/3300
f 3289/3423/3289 3307/3441/3307 3308/3442/3308
f 2230/2325/2230 3309/3443/3309 3310/3444/3310
f 3311/3445/3311 3312/3446/3312 3313/3447/3313
f 3314/3448/3314 3128/3262/3128 3127/3261/3127
f 3315/3449/3315 3316/3450/3316 3317/3451/3317
f 3303/3437/3303 3129/3263/3129 2140/2198/2140
f 3318/3452/3318 3319/3453/3319 3149/3283/3149
f 3320/3454/3320 3314/3448/3314 3317/3451/3317
f 3108/3242/3108 2228/2321/2228 3109/3243/3109
f 3149/3283/3149 2227/2320/2227 2226/2319/2226
f 3109/3243/3109 2227/2320/2227 3148/3282/3148
f 3132/3266/3132 3149/3283/3149 2226/2319/2226
f 3137/3271/3137 3318/3452/3318 3149/3283/3149
f 3320/3454/3320 3321/3455/3321 3319/3453/3319
f 3109/3243/3109 3146/3280/3146 3107/3241/3107
f 3322/3456/3322 3323/3457/3323 3324/3458/3324
f 3320/3454/3320 3128/3262/3128 3314/3448/3314
f 3129/3263/3129 3303/3437/3303 3127/3261/3127
f 3136/3270/3136 2140/2198/2140 3129/3263/3129
f 3306/3440/3306 3303/3437/3303 3305/3439/3305
f 3127/3261/3127 3325/3459/3325 3314/3448/3314
f 2141/2199/2141 3136/3270/3136 3137/3271/3137
f 3137/3271/3137 3136/3270/3136 3318/3452/3318
f 3128/3262/3128 3318/3452/3318 3136/3270/3136
f 3318/3452/3318 3326/3460/3326 3319/3453/3319
f 3323/3457/3323 3327/3461/3327 3328/3462/3328
f 3127/3261/3127 3306/3440/3306 2232/2327/2232
f 3325/3459/3325 3315/3449/3315 3314/3448/3314
f 3316/3450/3316 3315/3449/3315 3329/3463/3329
f 3318/3452/3318 3128/3262/3128 3326/3460/3326
f 3129/3263/3129 3128/3262/3128 3136/3270/3136
f 3325/3459/3325 2232/2327/2232 2231/2326/2231
f 3330/3464/3330 3331/3465/3331 3332/3466/3332
f 3333/3467/3333 3334/3468/3334 3335/3469/3335
f 3336/3470/3336 3337/3471/3337 3338/3472/3338
f 3233/3367/3233 3148/3282/3148 3338/3472/3338
f 3339/3473/3339 3340/3474/3340 3341/3475/3341
f 3148/3282/3148 3233/3367/3233 3109/3243/3109
f 3341/3475/3341 3147/3281/3147 3337/3471/3337
f 3339/3473/3339 3342/3476/3342 3343/3477/3343
f 3344/3478/3344 3345/3479/3345 3316/3450/3316
f 3321/3455/3321 3345/3479/3345 3336/3470/3336
f 3320/3454/3320 3326/3460/3326 3128/3262/3128
f 3336/3470/3336 3345/3479/3345 3346/3480/3346
f 3317/3451/3317 3345/3479/3345 3321/3455/3321
f 3317/3451/3317 3314/3448/3314 3315/3449/3315
f 3319/3453/3319 3321/3455/3321 3338/3472/3338
f 3345/3479/3345 3317/3451/3317 3316/3450/3316
f 3320/3454/3320 3317/3451/3317 3321/3455/3321
f 3140/3274/3140 3107/3241/3107 3138/3272/3138
f 3110/3244/3110 3111/3245/3111 3285/3419/3285
f 2712/2846/2712 2599/2732/2599 2596/2729/2596
f 2602/2735/2602 2599/2732/2599 2657/2790/2657
f 2271/2371/2271 2588/2721/2588 2235/2330/2235
f 3110/3244/3110 2588/2721/2588 2309/2414/2309
f 3347/3481/3347 3348/3482/3348 3139/3273/3139
f 3349/3483/3349 3350/3484/3350 3157/3291/3157
f 2591/2724/2591 2522/2649/2522 2523/2650/2523
f 2522/2649/2522 3150/3284/3150 3351/3485/3351
f 3151/3285/3151 2709/2843/2709 2590/2723/2590
f 3150/3284/3150 2522/2649/2522 2709/2843/2709
f 3110/3244/3110 3151/3285/3151 2590/2723/2590
f 3151/3285/3151 3285/3419/3285 3348/3482/3348
f 2776/2910/2776 2772/2906/2772 2823/2957/2823
f 2708/2842/2708 2772/2906/2772 2769/2903/2769
f 3168/3302/3168 2708/2842/2708 2766/2900/2766
f 2708/2842/2708 2770/2904/2770 2772/2906/2772
f 2708/2842/2708 3168/3302/3168 2770/2904/2770
f 2767/2901/2767 3168/3302/3168 2766/2900/2766
f 2767/2901/2767 2768/2902/2768 2703/2836/2703
f 3169/3303/3169 2767/2901/2767 2765/2899/2765
f 3175/3309/3175 3174/3308/3174 3186/3320/3186
f 3183/3317/3183 3189/3323/3189 3184/3318/3184
f 3187/3321/3187 3191/3325/3191 2236/2331/2236
f 3352/3486/3352 3353/3487/3353 2238/2333/2238
f 3160/3294/3160 3186/3320/3186 3174/3308/3174
f 3186/3320/3186 3187/3321/3187 3182/3316/3182
f 3186/3320/3186 3182/3316/3182 3184/3318/3184
f 3188/3322/3188 3187/3321/3187 3354/3488/3354
f 2236/2331/2236 3191/3325/3191 3185/3319/3185
f 3187/3321/3187 3186/3320/3186 3191/3325/3191
f 3180/3314/3180 3163/3297/3163 3355/3489/3355
f 2236/2331/2236 2238/2333/2238 3356/3490/3356
f 3172/3306/3172 3166/3300/3166 3164/3298/3164
f 3162/3296/3162 3357/3491/3357 3355/3489/3355
f 3171/3305/3171 3350/3484/3350 3164/3298/3164
f 3350/3484/3350 3349/3483/3349 3358/3492/3358
f 3171/3305/3171 3166/3300/3166 3156/3290/3156
f 3162/3296/3162 3164/3298/3164 3350/3484/3350
f 2754/2888/2754 3359/3493/3359 3349/3483/3349
f 3360/3494/3360 3349/3483/3349 3359/3493/3359
f 3180/3314/3180 2236/2331/2236 3185/3319/3185
f 2132/2182/2132 3355/3489/3355 3361/3495/3361
f 3164/3298/3164 3163/3297/3163 3172/3306/3172
f 3180/3314/3180 3355/3489/3355 2237/2332/2237
f 3362/3496/3362 3361/3495/3361 3363/3497/3363
f 3163/3297/3163 3162/3296/3162 3355/3489/3355
f 3156/3290/3156 3157/3291/3157 3171/3305/3171
f 3350/3484/3350 3171/3305/3171 3157/3291/3157
f 3364/3498/3364 3365/3499/3365 3366/3500/3366
f 3367/3501/3367 3368/3502/3368 3369/3503/3369
f 3370/3504/3370 3371/3505/3371 3335/3469/3335
f 2132/2182/2132 2783/2917/2783 3355/3489/3355
f 3357/3491/3357 3350/3484/3350 3358/3492/3358
f 3362/3496/3362 2133/2183/2133 3361/3495/3361
f 3329/3463/3329 3372/3506/3372 3332/3466/3332
f 3352/3486/3352 3373/3507/3373 3353/3487/3353
f 3355/3489/3355 2783/2917/2783 2237/2332/2237
f 3374/3508/3374 3375/3509/3375 3376/3510/3376
f 2236/2331/2236 3180/3314/3180 2237/2332/2237
f 3177/3311/3177 3180/3314/3180 3185/3319/3185
f 3152/3286/3152 3165/3299/3165 3157/3291/3157
f 3363/3497/3363 3360/3494/3360 3377/3511/3377
f 3349/3483/3349 3157/3291/3157 3165/3299/3165
f 3358/3492/3358 3360/3494/3360 3363/3497/3363
f 2758/2892/2758 2755/2889/2755 2796/2930/2796
f 2759/2893/2759 2755/2889/2755 2757/2891/2757
f 2755/2889/2755 3165/3299/3165 2796/2930/2796
f 3349/3483/3349 3165/3299/3165 2754/2888/2754
f 3378/3512/3378 3379/3513/3379 3028/3162/3028
f 3380/3514/3380 3381/3515/3381 3382/3516/3382
f 3208/3342/3208 3210/3344/3210 3209/3343/3209
f 3258/3392/3258 2284/2387/2284 3210/3344/3210
f 3383/3517/3383 3189/3323/3189 3384/3518/3384
f 3095/3229/3095 3067/3201/3067 3096/3230/3096
f 3209/3343/3209 3179/3313/3179 3207/3341/3207
f 3208/3342/3208 3385/3519/3385 2285/2388/2285
f 3190/3324/3190 3196/3330/3196 3178/3312/3178
f 3208/3342/3208 3207/3341/3207 3386/3520/3386
f 2285/2388/2285 3385/3519/3385 3387/3521/3387
f 3388/3522/3388 3220/3354/3220 2283/2386/2283
f 3210/3344/3210 3208/3342/3208 3258/3392/3258
f 2285/2388/2285 3258/3392/3258 3208/3342/3208
f 3389/3523/3389 3382/3516/3382 3390/3524/3390
f 3391/3525/3391 3071/3205/3071 3278/3412/3278
f 3384/3518/3384 3392/3526/3392 3383/3517/3383
f 3106/3240/3106 3057/3191/3057 3393/3527/3393
f 3381/3515/3381 3387/3521/3387 3385/3519/3385
f 3387/3521/3387 3380/3514/3380 3104/3238/3104
f 3219/3353/3219 3213/3347/3213 3193/3327/3193
f 2284/2387/2284 3193/3327/3193 3213/3347/3213
f 2824/2958/2824 2825/2959/2825 2240/2335/2240
f 3099/3233/3099 2825/2959/2825 2826/2960/2826
f 2697/2830/2697 2698/2831/2698 2742/2876/2742
f 2369/2485/2369 2698/2831/2698 2696/2829/2696
f 3394/3528/3394 3395/3529/3395 2949/3083/2949
f 3396/3530/3396 3116/3250/3116 3118/3252/3118
f 2481/2607/2481 2899/3033/2899 2496/2622/2496
f 3397/3531/3397 3398/3532/3398 3399/3533/3399
f 3225/3359/3225 2916/3050/2916 2833/2967/2833
f 3400/3534/3400 3397/3531/3397 3401/3535/3401
f 2928/3062/2928 2906/3040/2906 2900/3034/2900
f 3328/3462/3328 3327/3461/3327 2264/2361/2264
f 2288/2391/2288 3226/3360/3226 3402/3536/3402
f 3403/3537/3403 3404/3538/3404 3405/3539/3405
f 2928/3062/2928 2286/2389/2286 3402/3536/3402
f 2906/3040/2906 2928/3062/2928 3406/3540/3406
f 3404/3538/3404 3407/3541/3407 3408/3542/3408
f 3406/3540/3406 2928/3062/2928 3402/3536/3402
f 2872/3006/2872 2906/3040/2906 3406/3540/3406
f 2906/3040/2906 2905/3039/2905 2076/2112/2076
f 2872/3006/2872 3406/3540/3406 2901/3035/2901
f 2872/3006/2872 2266/2363/2266 2265/2362/2265
f 2264/2361/2264 2266/2363/2266 3409/3543/3409
f 2871/3005/2871 2265/2362/2265 2903/3037/2903
f 3410/3544/3410 3327/3461/3327 3323/3457/3323
f 3302/3436/3302 2603/2736/2603 3411/3545/3411
f 2904/3038/2904 2871/3005/2871 2903/3037/2903
f 2872/3006/2872 2871/3005/2871 2905/3039/2905
f 3403/3537/3403 3412/3546/3412 2902/3036/2902
f 2264/2361/2264 3327/3461/3327 3411/3545/3411
f 3305/3439/3305 3413/3547/3413 3306/3440/3306
f 3409/3543/3409 3328/3462/3328 2264/2361/2264
f 3327/3461/3327 3410/3544/3410 3414/3548/3414
f 2259/2356/2259 2604/2737/2604 2257/2354/2257
f 2265/2362/2265 2264/2361/2264 2605/2738/2605
f 3411/3545/3411 2605/2738/2605 2264/2361/2264
f 2903/3037/2903 2604/2737/2604 2259/2356/2259
f 2907/3041/2907 2603/2736/2603 3301/3435/3301
f 2902/3036/2902 3409/3543/3409 2266/2363/2266
f 3328/3462/3328 3409/3543/3409 3415/3549/3415
f 3328/3462/3328 3415/3549/3415 3324/3458/3324
f 3324/3458/3324 3416/3550/3416 3322/3456/3322
f 3417/3551/3417 3324/3458/3324 3415/3549/3415
f 3405/3539/3405 3418/3552/3418 3403/3537/3403
f 3413/3547/3413 3322/3456/3322 3419/3553/3419
f 3127/3261/3127 2232/2327/2232 3325/3459/3325
f 3417/3551/3417 3415/3549/3415 3412/3546/3412
f 3416/3550/3416 3419/3553/3419 3322/3456/3322
f 3411/3545/3411 3327/3461/3327 3414/3548/3414
f 2605/2738/2605 3411/3545/3411 2603/2736/2603
f 3412/3546/3412 3420/3554/3420 3417/3551/3417
f 3315/3449/3315 3372/3506/3372 3329/3463/3329
f 3306/3440/3306 3413/3547/3413 2232/2327/2232
f 2232/2327/2232 3413/3547/3413 3419/3553/3419
f 3421/3555/3421 3420/3554/3420 3422/3556/3422
f 3324/3458/3324 3417/3551/3417 3423/3557/3423
f 3413/3547/3413 3424/3558/3424 3322/3456/3322
f 3424/3558/3424 3305/3439/3305 3410/3544/3410
f 3413/3547/3413 3305/3439/3305 3424/3558/3424
f 3308/3442/3308 3410/3544/3410 3305/3439/3305
f 3304/3438/3304 3308/3442/3308 3305/3439/3305
f 3307/3441/3307 3289/3423/3289 3294/3428/3294
f 3324/3458/3324 3323/3457/3323 3328/3462/3328
f 3322/3456/3322 3424/3558/3424 3410/3544/3410
f 3289/3423/3289 3308/3442/3308 3304/3438/3304
f 3308/3442/3308 3425/3559/3425 3410/3544/3410
f 3309/3443/3309 3419/3553/3419 3416/3550/3416
f 2232/2327/2232 3419/3553/3419 2230/2325/2230
f 2231/2326/2231 3315/3449/3315 3325/3459/3325
f 2230/2325/2230 3419/3553/3419 3309/3443/3309
f 3302/3436/3302 3414/3548/3414 3307/3441/3307
f 3302/3436/3302 3307/3441/3307 3294/3428/3294
f 3410/3544/3410 3425/3559/3425 3414/3548/3414
f 3322/3456/3322 3410/3544/3410 3323/3457/3323
f 2230/2325/2230 3372/3506/3372 2231/2326/2231
f 3315/3449/3315 2231/2326/2231 3372/3506/3372
f 3426/3560/3426 3309/3443/3309 3416/3550/3416
f 3427/3561/3427 3428/3562/3428 3429/3563/3429
f 3430/3564/3430 3431/3565/3431 3432/3566/3432
f 3426/3560/3426 3423/3557/3423 3420/3554/3420
f 3421/3555/3421 3422/3556/3422 3433/3567/3433
f 3426/3560/3426 3420/3554/3420 3434/3568/3434
f 3309/3443/3309 3431/3565/3431 3310/3444/3310
f 3416/3550/3416 3324/3458/3324 3423/3557/3423
f 3420/3554/3420 3423/3557/3423 3417/3551/3417
f 3416/3550/3416 3423/3557/3423 3426/3560/3426
f 3307/3441/3307 3414/3548/3414 3425/3559/3425
f 3411/3545/3411 3414/3548/3414 3302/3436/3302
f 3435/3569/3435 3436/3570/3436 3022/3156/3022
f 3437/3571/3437 3438/3572/3438 3439/3573/3439
f 3431/3565/3431 3426/3560/3426 3434/3568/3434
f 3310/3444/3310 3332/3466/3332 3372/3506/3372
f 3372/3506/3372 2230/2325/2230 3310/3444/3310
f 3440/3574/3440 3441/3575/3441 3442/3576/3442
f 3309/3443/3309 3426/3560/3426 3431/3565/3431
f 3332/3466/3332 3310/3444/3310 3430/3564/3430
f 3443/3577/3443 3431/3565/3431 3434/3568/3434
f 3332/3466/3332 3430/3564/3430 3444/3578/3444
f 3434/3568/3434 3421/3555/3421 3445/3579/3445
f 3430/3564/3430 3432/3566/3432 3444/3578/3444
f 3310/3444/3310 3431/3565/3431 3430/3564/3430
f 3432/3566/3432 3431/3565/3431 3443/3577/3443
f 3443/3577/3443 3446/3580/3446 3432/3566/3432
f 3447/3581/3447 3448/3582/3448 3449/3583/3449
f 3443/3577/3443 3450/3584/3450 3446/3580/3446
f 3451/3585/3451 3452/3586/3452 3399/3533/3399
f 3235/3369/3235 3296/3430/3296 3229/3363/3229
f 3453/3587/3453 3454/3588/3454 3117/3251/3117
f 3296/3430/3296 2944/3078/2944 3297/3431/3297
f 3299/3433/3299 3117/3251/3117 3116/3250/3116
f 3113/3247/3113 2747/2881/2747 2917/3051/2917
f 3455/3589/3455 3456/3590/3456 3457/3591/3457
f 3117/3251/3117 3458/3592/3458 3453/3587/3453
f 3452/3586/3452 3451/3585/3451 3454/3588/3454
f 3296/3430/3296 3295/3429/3295 2945/3079/2945
f 3234/3368/3234 3295/3429/3295 3235/3369/3235
f 2943/3077/2943 3459/3593/3459 2570/2701/2570
f 3394/3528/3394 3454/3588/3454 3451/3585/3451
f 3115/3249/3115 3458/3592/3458 2094/2135/2094
f 3118/3252/3118 3117/3251/3117 3454/3588/3454
f 3459/3593/3459 2899/3033/2899 2570/2701/2570
f 3460/3594/3460 2899/3033/2899 3396/3530/3396
f 2943/3077/2943 2945/3079/2945 3116/3250/3116
f 2899/3033/2899 3459/3593/3459 3396/3530/3396
f 3295/3429/3295 3299/3433/3299 2945/3079/2945
f 3458/3592/3458 3299/3433/3299 3298/3432/3298
f 3461/3595/3461 3462/3596/3462 3463/3597/3463
f 3453/3587/3453 3452/3586/3452 3454/3588/3454
f 3394/3528/3394 3118/3252/3118 3454/3588/3454
f 3116/3250/3116 3396/3530/3396 3459/3593/3459
f 3117/3251/3117 3299/3433/3299 3458/3592/3458
f 3452/3586/3452 3453/3587/3453 3464/3598/3464
f 3298/3432/3298 3465/3599/3465 3458/3592/3458
f 3466/3600/3466 3453/3587/3453 3458/3592/3458
f 3234/3368/3234 3298/3432/3298 3295/3429/3295
f 3465/3599/3465 3234/3368/3234 2092/2133/2092
f 3467/3601/3467 3452/3586/3452 3464/3598/3464
f 3462/3596/3462 3468/3602/3468 3469/3603/3469
f 3464/3598/3464 3453/3587/3453 3466/3600/3466
f 3399/3533/3399 3452/3586/3452 3467/3601/3467
f 3470/3604/3470 3466/3600/3466 3115/3249/3115
f 3464/3598/3464 3466/3600/3466 3470/3604/3470
f 3463/3597/3463 3397/3531/3397 3467/3601/3467
f 2947/3081/2947 3471/3605/3471 2948/3082/2948
f 3472/3606/3472 3473/3607/3473 3474/3608/3474
f 1988/2002/1988 1987/2001/1987 3475/3609/3475
f 3395/3529/3395 3471/3605/3471 2947/3081/2947
f 3118/3252/3118 3394/3528/3394 3396/3530/3396
f 2943/3077/2943 3116/3250/3116 3459/3593/3459
f 3116/3250/3116 2945/3079/2945 3299/3433/3299
f 3470/3604/3470 3115/3249/3115 3114/3248/3114
f 3458/3592/3458 3115/3249/3115 3466/3600/3466
f 3113/3247/3113 2917/3051/2917 3235/3369/3235
f 3476/3610/3476 2926/3060/2926 3456/3590/3456
f 3477/3611/3477 2898/3032/2898 2885/3019/2885
f 3478/3612/3478 3479/3613/3479 3457/3591/3457
f 3458/3592/3458 3465/3599/3465 2094/2135/2094
f 3298/3432/3298 3234/3368/3234 3465/3599/3465
f 2918/3052/2918 3480/3614/3480 2917/3051/2917
f 3476/3610/3476 3456/3590/3456 3455/3589/3455
f 2868/3002/2868 2917/3051/2917 2747/2881/2747
f 2917/3051/2917 3480/3614/3480 3236/3370/3236
f 2094/2135/2094 3465/3599/3465 2092/2133/2092
f 3457/3591/3457 3479/3613/3479 3481/3615/3481
f 2917/3051/2917 3236/3370/3236 3235/3369/3235
f 3455/3589/3455 3236/3370/3236 3480/3614/3480
f 3234/3368/3234 3236/3370/3236 3455/3589/3455
f 2093/2134/2093 2092/2133/2092 3455/3589/3455
f 2541/2669/2541 2416/2537/2416 2959/3093/2959
f 1994/2009/1994 2416/2537/2416 2539/2667/2539
f 3482/3616/3482 3044/3178/3044 3043/3177/3043
f 3241/3375/3241 3044/3178/3044 3483/3617/3483
f 3484/3618/3484 3239/3373/3239 3241/3375/3241
f 3241/3375/3241 3240/3374/3240 3245/3379/3245
f 3044/3178/3044 3241/3375/3241 3244/3378/3244
f 3040/3174/3040 3241/3375/3241 3039/3173/3039
f 3239/3373/3239 3248/3382/3248 3240/3374/3240
f 3248/3382/3248 3257/3391/3257 2923/3057/2923
f 3253/3387/3253 3249/3383/3249 3250/3384/3250
f 3021/3155/3021 3020/3154/3020 3485/3619/3485
f 3257/3391/3257 3248/3382/3248 3239/3373/3239
f 3486/3620/3486 3487/3621/3487 3488/3622/3488
f 3249/3383/3249 2923/3057/2923 3256/3390/3256
f 3489/3623/3489 3490/3624/3490 3252/3386/3252
f 3491/3625/3491 3492/3626/3492 3493/3627/3493
f 3250/3384/3250 3256/3390/3256 3493/3627/3493
f 2886/3020/2886 3490/3624/3490 3494/3628/3494
f 3252/3386/3252 3254/3388/3254 3250/3384/3250
f 3489/3623/3489 3252/3386/3252 3251/3385/3251
f 3252/3386/3252 3490/3624/3490 3254/3388/3254
f 3254/3388/3254 2910/3044/2910 3253/3387/3253
f 2912/3046/2912 2910/3044/2910 3255/3389/3255
f 3260/3394/3260 3068/3202/3068 3273/3407/3273
f 3495/3629/3495 3496/3630/3496 3497/3631/3497
f 3272/3406/3272 3391/3525/3391 3498/3632/3498
f 3269/3403/3269 3268/3402/3268 3069/3203/3069
f 3046/3180/3046 3070/3204/3070 3279/3413/3279
f 3069/3203/3069 3071/3205/3071 3272/3406/3272
f 3271/3405/3271 3222/3356/3222 3070/3204/3070
f 3070/3204/3070 3222/3356/3222 3270/3404/3270
f 3267/3401/3267 3270/3404/3270 3222/3356/3222
f 3071/3205/3071 3270/3404/3270 3277/3411/3277
f 2861/2995/2861 2815/2949/2815 2816/2950/2816
f 3264/3398/3264 2815/2949/2815 3279/3413/3279
f 2861/2995/2861 2816/2950/2816 2741/2875/2741
f 3046/3180/3046 2861/2995/2861 3271/3405/3271
f 3070/3204/3070 3046/3180/3046 3271/3405/3271
f 3279/3413/3279 2815/2949/2815 3046/3180/3046
f 2639/2772/2639 3049/3183/3049 3052/3186/3052
f 2106/2149/2106 3049/3183/3049 3050/3184/3050
f 3283/3417/3283 3091/3225/3091 3092/3226/3092
f 3284/3418/3284 3053/3187/3053 3055/3189/3055
f 3084/3218/3084 3097/3231/3097 3092/3226/3092
f 2774/2908/2774 3102/3236/3102 3098/3232/3098
f 2106/2149/2106 2108/2151/2108 3283/3417/3283
f 3283/3417/3283 2108/2151/2108 3089/3223/3089
f 3097/3231/3097 3084/3218/3084 3079/3213/3079
f 3102/3236/3102 3097/3231/3097 3098/3232/3098
f 2106/2149/2106 3100/3234/3100 3284/3418/3284
f 3095/3229/3095 3053/3187/3053 3499/3633/3499
f 3066/3200/3066 3096/3230/3096 3067/3201/3067
f 3054/3188/3054 3053/3187/3053 3096/3230/3096
f 3092/3226/3092 3097/3231/3097 3102/3236/3102
f 3500/3634/3500 3102/3236/3102 2773/2907/2773
f 2774/2908/2774 2773/2907/2773 3102/3236/3102
f 3106/3240/3106 3500/3634/3500 2773/2907/2773
f 3058/3192/3058 3106/3240/3106 2775/2909/2775
f 3501/3635/3501 3502/3636/3502 3503/3637/3503
f 2106/2149/2106 3284/3418/3284 3048/3182/3048
f 3499/3633/3499 3284/3418/3284 3100/3234/3100
f 3102/3236/3102 3101/3235/3101 3092/3226/3092
f 3100/3234/3100 2106/2149/2106 3101/3235/3101
f 3053/3187/3053 3284/3418/3284 3499/3633/3499
f 3504/3638/3504 3505/3639/3505 3259/3393/3259
f 3102/3236/3102 3499/3633/3499 3100/3234/3100
f 3504/3638/3504 3095/3229/3095 3499/3633/3499
f 3504/3638/3504 3499/3633/3499 3500/3634/3500
f 3102/3236/3102 3500/3634/3500 3499/3633/3499
f 2907/3041/2907 2600/2733/2600 2257/2354/2257
f 3293/3427/3293 3292/3426/3292 3291/3425/3291
f 2601/2734/2601 2600/2733/2600 3291/3425/3291
f 3293/3427/3293 3291/3425/3291 2600/2733/2600
f 2269/2368/2269 2268/2367/2268 2392/2510/2392
f 2601/2734/2601 3291/3425/3291 2269/2368/2269
f 3341/3475/3341 3336/3470/3336 3346/3480/3346
f 3337/3471/3337 3233/3367/3233 3338/3472/3338
f 3319/3453/3319 3338/3472/3338 3148/3282/3148
f 3321/3455/3321 3336/3470/3336 3338/3472/3338
f 3319/3453/3319 3148/3282/3148 3149/3283/3149
f 3320/3454/3320 3319/3453/3319 3326/3460/3326
f 2402/2522/2402 2243/2338/2243 2242/2337/2242
f 3111/3245/3111 2243/2338/2243 3140/3274/3140
f 2528/2656/2528 2402/2522/2402 2242/2337/2242
f 2403/2523/2403 2653/2786/2653 2404/2524/2404
f 3140/3274/3140 2243/2338/2243 2404/2524/2404
f 2402/2522/2402 2404/2524/2404 2243/2338/2243
f 3140/3274/3140 2404/2524/2404 3107/3241/3107
f 3108/3242/3108 3107/3241/3107 2404/2524/2404
f 3146/3280/3146 3233/3367/3233 3147/3281/3147
f 3371/3505/3371 3333/3467/3333 3335/3469/3335
f 3146/3280/3146 3138/3272/3138 3107/3241/3107
f 3139/3273/3139 3138/3272/3138 3347/3481/3347
f 3348/3482/3348 3347/3481/3347 3506/3640/3506
f 3139/3273/3139 3285/3419/3285 3111/3245/3111
f 2243/2338/2243 3111/3245/3111 2244/2339/2244
f 3139/3273/3139 3111/3245/3111 3140/3274/3140
f 2238/2333/2238 2783/2917/2783 3352/3486/3352
f 3488/3622/3488 3507/3641/3507 3508/3642/3508
f 2133/2183/2133 2132/2182/2132 3361/3495/3361
f 2783/2917/2783 2132/2182/2132 2131/2181/2131
f 3436/3570/3436 3509/3643/3509 3510/3644/3510
f 3511/3645/3511 3022/3156/3022 3436/3570/3436
f 3363/3497/3363 3357/3491/3357 3358/3492/3358
f 3512/3646/3512 2133/2183/2133 3362/3496/3362
f 3360/3494/3360 3513/3647/3513 3377/3511/3377
f 3362/3496/3362 3363/3497/3363 3514/3648/3514
f 3360/3494/3360 3358/3492/3358 3349/3483/3349
f 3357/3491/3357 3363/3497/3363 3361/3495/3361
f 3515/3649/3515 3516/3650/3516 3517/3651/3517
f 3518/3652/3518 3519/3653/3519 3520/3654/3520
f 3521/3655/3521 3522/3656/3522 3523/3657/3523
f 3375/3509/3375 2131/2181/2131 3022/3156/3022
f 3436/3570/3436 3435/3569/3435 3524/3658/3524
f 3022/3156/3022 3511/3645/3511 3376/3510/3376
f 3512/3646/3512 3525/3659/3525 3526/3660/3526
f 3527/3661/3527 3528/3662/3528 3529/3663/3529
f 3530/3664/3530 3531/3665/3531 3532/3666/3532
f 3533/3667/3533 3534/3668/3534 3535/3669/3535
f 2131/2181/2131 3352/3486/3352 2783/2917/2783
f 3353/3487/3353 3373/3507/3373 3536/3670/3536
f 3435/3569/3435 3022/3156/3022 2133/2183/2133
f 3509/3643/3509 3436/3570/3436 3524/3658/3524
f 2133/2183/2133 3512/3646/3512 3435/3569/3435
f 3526/3660/3526 3435/3569/3435 3512/3646/3512
f 3537/3671/3537 3528/3662/3528 3526/3660/3526
f 3538/3672/3538 3517/3651/3517 3539/3673/3539
f 3540/3674/3540 3541/3675/3541 3530/3664/3530
f 3376/3510/3376 3541/3675/3541 3374/3508/3374
f 3542/3676/3542 3543/3677/3543 3544/3678/3544
f 3545/3679/3545 3546/3680/3546 3536/3670/3536
f 3373/3507/3373 3374/3508/3374 3547/3681/3547
f 3375/3509/3375 3352/3486/3352 2131/2181/2131
f 3374/3508/3374 3373/3507/3373 3352/3486/3352
f 3548/3682/3548 3373/3507/3373 3547/3681/3547
f 3182/3316/3182 3188/3322/3188 3183/3317/3183
f 3187/3321/3187 2236/2331/2236 3356/3490/3356
f 3197/3331/3197 3354/3488/3354 3546/3680/3546
f 3197/3331/3197 3188/3322/3188 3354/3488/3354
f 3353/3487/3353 3356/3490/3356 2238/2333/2238
f 3187/3321/3187 3356/3490/3356 3354/3488/3354
f 3197/3331/3197 3549/3683/3549 3550/3684/3550
f 3197/3331/3197 3550/3684/3550 3198/3332/3198
f 3312/3446/3312 3551/3685/3551 3552/3686/3552
f 3553/3687/3553 3554/3688/3554 3555/3689/3555
f 3556/3690/3556 3036/3170/3036 3543/3677/3543
f 3188/3322/3188 3198/3332/3198 3183/3317/3183
f 3020/3154/3020 3550/3684/3550 3036/3170/3036
f 3198/3332/3198 3550/3684/3550 3020/3154/3020
f 3546/3680/3546 3353/3487/3353 3536/3670/3536
f 3356/3490/3356 3353/3487/3353 3354/3488/3354
f 3376/3510/3376 3375/3509/3375 3022/3156/3022
f 3352/3486/3352 3375/3509/3375 3374/3508/3374
f 3197/3331/3197 3546/3680/3546 3549/3683/3549
f 3353/3487/3353 3546/3680/3546 3354/3488/3354
f 3557/3691/3557 3035/3169/3035 3034/3168/3034
f 3038/3172/3038 3558/3692/3558 3020/3154/3020
f 3559/3693/3559 3560/3694/3560 3263/3397/3263
f 3176/3310/3176 3183/3317/3183 3198/3332/3198
f 3561/3695/3561 3560/3694/3560 3559/3693/3559
f 3176/3310/3176 3384/3518/3384 3183/3317/3183
f 3020/3154/3020 3176/3310/3176 3198/3332/3198
f 3176/3310/3176 3019/3153/3019 3384/3518/3384
f 2755/2889/2755 2759/2893/2759 2753/2887/2753
f 3165/3299/3165 2755/2889/2755 2754/2888/2754
f 2520/2647/2520 2400/2520/2400 2760/2894/2760
f 3513/3647/3513 3562/3696/3562 3563/3697/3563
f 2522/2649/2522 3351/3485/3351 2399/2519/2399
f 3366/3500/3366 3564/3698/3564 3351/3485/3351
f 3364/3498/3364 3565/3699/3565 3365/3499/3365
f 2400/2520/2400 2399/2519/2399 3564/3698/3564
f 2525/2652/2525 2759/2893/2759 2757/2891/2757
f 2760/2894/2760 2759/2893/2759 2752/2886/2752
f 2754/2888/2754 2753/2887/2753 3562/3696/3562
f 3566/3700/3566 2753/2887/2753 2760/2894/2760
f 2520/2647/2520 2760/2894/2760 2752/2886/2752
f 3566/3700/3566 2760/2894/2760 2400/2520/2400
f 2522/2649/2522 2399/2519/2399 2401/2521/2401
f 3564/3698/3564 2399/2519/2399 3351/3485/3351
f 3347/3481/3347 3334/3468/3334 3567/3701/3567
f 3368/3502/3368 3377/3511/3377 3563/3697/3563
f 3513/3647/3513 3563/3697/3563 3377/3511/3377
f 3359/3493/3359 3513/3647/3513 3360/3494/3360
f 3369/3503/3369 3368/3502/3368 3365/3499/3365
f 3377/3511/3377 3525/3659/3525 3514/3648/3514
f 3367/3501/3367 3369/3503/3369 3371/3505/3371
f 3368/3502/3368 3525/3659/3525 3377/3511/3377
f 3365/3499/3365 3368/3502/3368 3563/3697/3563
f 3525/3659/3525 3368/3502/3368 3367/3501/3367
f 3366/3500/3366 3365/3499/3365 3563/3697/3563
f 3365/3499/3365 3565/3699/3565 3369/3503/3369
f 3371/3505/3371 3568/3702/3568 3367/3501/3367
f 3525/3659/3525 3512/3646/3512 3514/3648/3514
f 3562/3696/3562 3366/3500/3366 3563/3697/3563
f 3366/3500/3366 3351/3485/3351 3364/3498/3364
f 3333/3467/3333 3369/3503/3369 3565/3699/3565
f 3369/3503/3369 3333/3467/3333 3371/3505/3371
f 3567/3701/3567 3565/3699/3565 3506/3640/3506
f 3333/3467/3333 3567/3701/3567 3334/3468/3334
f 3335/3469/3335 3339/3473/3339 3370/3504/3370
f 3524/3658/3524 3435/3569/3435 3526/3660/3526
f 3366/3500/3366 3562/3696/3562 3564/3698/3564
f 3566/3700/3566 3564/3698/3564 3562/3696/3562
f 3351/3485/3351 3150/3284/3150 3364/3498/3364
f 3364/3498/3364 3150/3284/3150 3569/3703/3569
f 2754/2888/2754 3562/3696/3562 3359/3493/3359
f 3513/3647/3513 3359/3493/3359 3562/3696/3562
f 3564/3698/3564 3566/3700/3566 2400/2520/2400
f 3562/3696/3562 2753/2887/2753 3566/3700/3566
f 3537/3671/3537 3367/3501/3367 3568/3702/3568
f 3525/3659/3525 3537/3671/3537 3526/3660/3526
f 3362/3496/3362 3514/3648/3514 3512/3646/3512
f 3377/3511/3377 3514/3648/3514 3363/3497/3363
f 3569/3703/3569 3565/3699/3565 3364/3498/3364
f 3139/3273/3139 3348/3482/3348 3285/3419/3285
f 3506/3640/3506 3569/3703/3569 3348/3482/3348
f 3348/3482/3348 3569/3703/3569 3151/3285/3151
f 3569/3703/3569 3506/3640/3506 3565/3699/3565
f 3151/3285/3151 3569/3703/3569 3150/3284/3150
f 3347/3481/3347 3138/3272/3138 3147/3281/3147
f 3147/3281/3147 3341/3475/3341 3340/3474/3340
f 3337/3471/3337 3147/3281/3147 3233/3367/3233
f 3347/3481/3347 3147/3281/3147 3334/3468/3334
f 3345/3479/3345 3344/3478/3344 3346/3480/3346
f 3515/3649/3515 3538/3672/3538 3570/3704/3570
f 3571/3705/3571 3370/3504/3370 3529/3663/3529
f 3529/3663/3529 3568/3702/3568 3571/3705/3571
f 3565/3699/3565 3567/3701/3567 3333/3467/3333
f 3347/3481/3347 3567/3701/3567 3506/3640/3506
f 3336/3470/3336 3341/3475/3341 3337/3471/3337
f 3343/3477/3343 3572/3706/3572 3370/3504/3370
f 3335/3469/3335 3340/3474/3340 3339/3473/3339
f 3370/3504/3370 3572/3706/3572 3529/3663/3529
f 3316/3450/3316 3329/3463/3329 3439/3573/3439
f 3332/3466/3332 3444/3578/3444 3330/3464/3330
f 3570/3704/3570 3509/3643/3509 3573/3707/3573
f 3437/3571/3437 3441/3575/3441 3574/3708/3574
f 3367/3501/3367 3537/3671/3537 3525/3659/3525
f 3528/3662/3528 3537/3671/3537 3568/3702/3568
f 3335/3469/3335 3334/3468/3334 3340/3474/3340
f 3147/3281/3147 3340/3474/3340 3334/3468/3334
f 3346/3480/3346 3342/3476/3342 3341/3475/3341
f 3342/3476/3342 3346/3480/3346 3344/3478/3344
f 3572/3706/3572 3440/3574/3440 3529/3663/3529
f 3528/3662/3528 3527/3661/3527 3573/3707/3573
f 3439/3573/3439 3344/3478/3344 3316/3450/3316
f 3342/3476/3342 3344/3478/3344 3438/3572/3438
f 3330/3464/3330 3437/3571/3437 3331/3465/3331
f 3344/3478/3344 3439/3573/3439 3438/3572/3438
f 3432/3566/3432 3575/3709/3575 3444/3578/3444
f 3576/3710/3576 3442/3576/3442 3577/3711/3577
f 3331/3465/3331 3439/3573/3439 3329/3463/3329
f 3441/3575/3441 3440/3574/3440 3572/3706/3572
f 3573/3707/3573 3509/3643/3509 3524/3658/3524
f 3577/3711/3577 3570/3704/3570 3576/3710/3576
f 3524/3658/3524 3526/3660/3526 3528/3662/3528
f 3576/3710/3576 3570/3704/3570 3573/3707/3573
f 3568/3702/3568 3371/3505/3371 3571/3705/3571
f 3370/3504/3370 3571/3705/3571 3371/3505/3371
f 3574/3708/3574 3441/3575/3441 3572/3706/3572
f 3527/3661/3527 3440/3574/3440 3576/3710/3576
f 3437/3571/3437 3578/3712/3578 3441/3575/3441
f 3441/3575/3441 3578/3712/3578 3577/3711/3577
f 3574/3708/3574 3572/3706/3572 3343/3477/3343
f 3437/3571/3437 3574/3708/3574 3438/3572/3438
f 3575/3709/3575 3579/3713/3579 3444/3578/3444
f 3437/3571/3437 3330/3464/3330 3578/3712/3578
f 3529/3663/3529 3528/3662/3528 3568/3702/3568
f 3524/3658/3524 3528/3662/3528 3573/3707/3573
f 3440/3574/3440 3527/3661/3527 3529/3663/3529
f 3573/3707/3573 3527/3661/3527 3576/3710/3576
f 3518/3652/3518 3449/3583/3449 3579/3713/3579
f 3570/3704/3570 3577/3711/3577 3515/3649/3515
f 3439/3573/3439 3331/3465/3331 3437/3571/3437
f 3332/3466/3332 3331/3465/3331 3329/3463/3329
f 3440/3574/3440 3442/3576/3442 3576/3710/3576
f 3441/3575/3441 3577/3711/3577 3442/3576/3442
f 3580/3714/3580 3382/3516/3382 3503/3637/3503
f 3581/3715/3581 3274/3408/3274 3273/3407/3273
f 3582/3716/3582 3583/3717/3583 3560/3694/3560
f 3275/3409/3275 3274/3408/3274 3581/3715/3581
f 3382/3516/3382 3580/3714/3580 3380/3514/3380
f 3059/3193/3059 3192/3326/3192 3220/3354/3220
f 3388/3522/3388 3104/3238/3104 3580/3714/3580
f 2775/2909/2775 3106/3240/3106 2773/2907/2773
f 3393/3527/3393 3388/3522/3388 3580/3714/3580
f 3106/3240/3106 3505/3639/3505 3500/3634/3500
f 2283/2386/2283 3192/3326/3192 2284/2387/2284
f 3388/3522/3388 3057/3191/3057 3220/3354/3220
f 2285/2388/2285 3387/3521/3387 3104/3238/3104
f 3192/3326/3192 2283/2386/2283 3220/3354/3220
f 2777/2911/2777 2491/2617/2491 2797/2931/2797
f 3471/3605/3471 3398/3532/3398 3225/3359/3225
f 3225/3359/3225 2915/3049/2915 2916/3050/2916
f 3471/3605/3471 3225/3359/3225 3224/3358/3224
f 2637/2770/2637 2485/2611/2485 2946/3080/2946
f 3224/3358/3224 2797/2931/2797 2948/3082/2948
f 2946/3080/2946 2489/2615/2489 2947/3081/2947
f 2637/2770/2637 2946/3080/2946 2797/2931/2797
f 2489/2615/2489 2488/2614/2488 2949/3083/2949
f 3399/3533/3399 3395/3529/3395 3451/3585/3451
f 3395/3529/3395 3399/3533/3399 3398/3532/3398
f 2949/3083/2949 2947/3081/2947 2489/2615/2489
f 3224/3358/3224 2948/3082/2948 3471/3605/3471
f 2946/3080/2946 2948/3082/2948 2797/2931/2797
f 2496/2622/2496 2899/3033/2899 3460/3594/3460
f 3395/3529/3395 2947/3081/2947 2949/3083/2949
f 3395/3529/3395 3394/3528/3394 3451/3585/3451
f 2949/3083/2949 2496/2622/2496 3460/3594/3460
f 3396/3530/3396 3394/3528/3394 3460/3594/3460
f 2949/3083/2949 3460/3594/3460 3394/3528/3394
f 3461/3595/3461 3584/3718/3584 3462/3596/3462
f 3585/3719/3585 3586/3720/3586 3587/3721/3587
f 3400/3534/3400 2915/3049/2915 3227/3361/3227
f 1987/2001/1987 3588/3722/3588 3475/3609/3475
f 3588/3722/3588 1987/2001/1987 3401/3535/3401
f 3400/3534/3400 3401/3535/3401 1987/2001/1987
f 3475/3609/3475 3588/3722/3588 3589/3723/3589
f 3226/3360/3226 1988/2002/1988 3475/3609/3475
f 2915/3049/2915 3400/3534/3400 1987/2001/1987
f 3397/3531/3397 3400/3534/3400 3227/3361/3227
f 3398/3532/3398 3397/3531/3397 3227/3361/3227
f 3467/3601/3467 3397/3531/3397 3399/3533/3399
f 3225/3359/3225 3398/3532/3398 3227/3361/3227
f 3398/3532/3398 3471/3605/3471 3395/3529/3395
f 2287/2390/2287 2286/2389/2286 2919/3053/2919
f 2288/2391/2288 3402/3536/3402 2286/2389/2286
f 3590/3724/3590 3591/3725/3591 3230/3364/3230
f 3420/3554/3420 3421/3555/3421 3434/3568/3434
f 3422/3556/3422 3418/3552/3418 3433/3567/3433
f 3434/3568/3434 3445/3579/3445 3443/3577/3443
f 3422/3556/3422 3420/3554/3420 3412/3546/3412
f 3433/3567/3433 3592/3726/3592 3445/3579/3445
f 3403/3537/3403 3422/3556/3422 3412/3546/3412
f 3422/3556/3422 3403/3537/3403 3418/3552/3418
f 3593/3727/3593 3231/3365/3231 3591/3725/3591
f 3594/3728/3594 3595/3729/3595 3596/3730/3596
f 3412/3546/3412 3415/3549/3415 2902/3036/2902
f 2901/3035/2901 3406/3540/3406 3407/3541/3407
f 3226/3360/3226 3597/3731/3597 3598/3732/3598
f 3231/3365/3231 3418/3552/3418 3405/3539/3405
f 3433/3567/3433 3445/3579/3445 3421/3555/3421
f 3445/3579/3445 3592/3726/3592 3450/3584/3450
f 3599/3733/3599 3473/3607/3473 3600/3734/3600
f 3231/3365/3231 3593/3727/3593 3418/3552/3418
f 3598/3732/3598 3405/3539/3405 3404/3538/3404
f 3594/3728/3594 3592/3726/3592 3601/3735/3601
f 3445/3579/3445 3450/3584/3450 3443/3577/3443
f 3594/3728/3594 3450/3584/3450 3592/3726/3592
f 3409/3543/3409 2902/3036/2902 3415/3549/3415
f 2266/2363/2266 2872/3006/2872 2901/3035/2901
f 3407/3541/3407 3406/3540/3406 3402/3536/3402
f 3403/3537/3403 2902/3036/2902 2901/3035/2901
f 3598/3732/3598 3408/3542/3408 3226/3360/3226
f 2901/3035/2901 3407/3541/3407 3404/3538/3404
f 2901/3035/2901 3404/3538/3404 3403/3537/3403
f 3407/3541/3407 3402/3536/3402 3408/3542/3408
f 3475/3609/3475 3589/3723/3589 3597/3731/3597
f 3405/3539/3405 3598/3732/3598 3232/3366/3232
f 3226/3360/3226 3408/3542/3408 3402/3536/3402
f 3404/3538/3404 3408/3542/3408 3598/3732/3598
f 3589/3723/3589 3588/3722/3588 3469/3603/3469
f 3405/3539/3405 3232/3366/3232 3231/3365/3231
f 3597/3731/3597 3232/3366/3232 3598/3732/3598
f 3469/3603/3469 3230/3364/3230 3589/3723/3589
f 3475/3609/3475 3597/3731/3597 3226/3360/3226
f 3232/3366/3232 3597/3731/3597 3589/3723/3589
f 3588/3722/3588 3401/3535/3401 3462/3596/3462
f 3462/3596/3462 3584/3718/3584 3468/3602/3468
f 3589/3723/3589 3230/3364/3230 3232/3366/3232
f 3230/3364/3230 3468/3602/3468 3602/3736/3602
f 3462/3596/3462 3469/3603/3469 3588/3722/3588
f 3230/3364/3230 3469/3603/3469 3468/3602/3468
f 3401/3535/3401 3463/3597/3463 3462/3596/3462
f 3467/3601/3467 3464/3598/3464 3461/3595/3461
f 3464/3598/3464 3470/3604/3470 3461/3595/3461
f 3470/3604/3470 3603/3737/3603 3584/3718/3584
f 3397/3531/3397 3463/3597/3463 3401/3535/3401
f 3461/3595/3461 3463/3597/3463 3467/3601/3467
f 3308/3442/3308 3307/3441/3307 3425/3559/3425
f 3294/3428/3294 3289/3423/3289 3287/3421/3287
f 3292/3426/3292 3294/3428/3294 3287/3421/3287
f 3301/3435/3301 3294/3428/3294 3293/3427/3293
f 3293/3427/3293 2600/2733/2600 2907/3041/2907
f 2603/2736/2603 3302/3436/3302 3301/3435/3301
f 2604/2737/2604 2907/3041/2907 2257/2354/2257
f 3293/3427/3293 2907/3041/2907 3301/3435/3301
f 2944/3078/2944 3296/3430/3296 2945/3079/2945
f 3229/3363/3229 3296/3430/3296 3297/3431/3297
f 2749/2883/2749 3229/3363/3229 3297/3431/3297
f 3235/3369/3235 3229/3363/3229 3113/3247/3113
f 3478/3612/3478 2927/3061/2927 3604/3738/3604
f 2093/2134/2093 3455/3589/3455 3457/3591/3457
f 2851/2985/2851 2926/3060/2926 3237/3371/3237
f 2927/3061/2927 3456/3590/3456 2926/3060/2926
f 3234/3368/3234 3455/3589/3455 2092/2133/2092
f 3476/3610/3476 3455/3589/3455 3480/3614/3480
f 2918/3052/2918 3476/3610/3476 3480/3614/3480
f 2926/3060/2926 3476/3610/3476 3237/3371/3237
f 2849/2983/2849 2918/3052/2918 2868/3002/2868
f 3476/3610/3476 2918/3052/2918 3237/3371/3237
f 3484/3618/3484 3241/3375/3241 3483/3617/3483
f 3257/3391/3257 3239/3373/3239 3491/3625/3491
f 3605/3739/3605 3484/3618/3484 3483/3617/3483
f 3492/3626/3492 3486/3620/3486 3493/3627/3493
f 3606/3740/3606 3556/3690/3556 3607/3741/3607
f 3020/3154/3020 3036/3170/3036 3038/3172/3038
f 3239/3373/3239 3484/3618/3484 3492/3626/3492
f 3605/3739/3605 3487/3621/3487 3484/3618/3484
f 3033/3167/3033 3555/3689/3555 3608/3742/3608
f 3251/3385/3251 3493/3627/3493 3486/3620/3486
f 3608/3742/3608 3605/3739/3605 3483/3617/3483
f 3605/3739/3605 3609/3743/3609 3487/3621/3487
f 3607/3741/3607 3542/3676/3542 3312/3446/3312
f 3313/3447/3313 3312/3446/3312 3542/3676/3542
f 3250/3384/3250 3493/3627/3493 3251/3385/3251
f 3491/3625/3491 3256/3390/3256 3257/3391/3257
f 3554/3688/3554 3507/3641/3507 3609/3743/3609
f 3610/3744/3610 3611/3745/3611 3612/3746/3612
f 3543/3677/3543 3550/3684/3550 3549/3683/3549
f 3552/3686/3552 3551/3685/3551 3553/3687/3553
f 3492/3626/3492 3491/3625/3491 3239/3373/3239
f 3256/3390/3256 3491/3625/3491 3493/3627/3493
f 3487/3621/3487 3486/3620/3486 3492/3626/3492
f 3486/3620/3486 3488/3622/3488 3508/3642/3508
f 3543/3677/3543 3036/3170/3036 3550/3684/3550
f 3606/3740/3606 3036/3170/3036 3556/3690/3556
f 3545/3679/3545 3549/3683/3549 3546/3680/3546
f 3556/3690/3556 3543/3677/3543 3542/3676/3542
f 3545/3679/3545 3544/3678/3544 3549/3683/3549
f 3613/3747/3613 3614/3748/3614 3615/3749/3615
f 3541/3675/3541 3376/3510/3376 3531/3665/3531
f 3516/3650/3516 3447/3581/3447 3616/3750/3616
f 3313/3447/3313 3614/3748/3614 3613/3747/3613
f 3534/3668/3534 3617/3751/3617 3535/3669/3535
f 3542/3676/3542 3544/3678/3544 3614/3748/3614
f 3613/3747/3613 3534/3668/3534 3311/3445/3311
f 3545/3679/3545 3536/3670/3536 3548/3682/3548
f 3617/3751/3617 3615/3749/3615 3618/3752/3618
f 3542/3676/3542 3614/3748/3614 3313/3447/3313
f 3540/3674/3540 3619/3753/3619 3548/3682/3548
f 3620/3754/3620 3548/3682/3548 3619/3753/3619
f 3547/3681/3547 3374/3508/3374 3541/3675/3541
f 3549/3683/3549 3544/3678/3544 3543/3677/3543
f 3614/3748/3614 3544/3678/3544 3620/3754/3620
f 3536/3670/3536 3373/3507/3373 3548/3682/3548
f 3544/3678/3544 3545/3679/3545 3620/3754/3620
f 3535/3669/3535 3617/3751/3617 3621/3755/3621
f 3613/3747/3613 3615/3749/3615 3617/3751/3617
f 3429/3563/3429 3428/3562/3428 3533/3667/3533
f 3622/3756/3622 3623/3757/3623 3427/3561/3427
f 3521/3655/3521 3429/3563/3429 3624/3758/3624
f 3533/3667/3533 3535/3669/3535 3429/3563/3429
f 3510/3644/3510 3511/3645/3511 3436/3570/3436
f 3625/3759/3625 3618/3752/3618 3530/3664/3530
f 3530/3664/3530 3532/3666/3532 3625/3759/3625
f 3626/3760/3626 2896/3030/2896 2914/3048/2914
f 3627/3761/3627 3628/3762/3628 3623/3757/3623
f 3629/3763/3629 3610/3744/3610 3612/3746/3612
f 3613/3747/3613 3311/3445/3311 3313/3447/3313
f 3551/3685/3551 3629/3763/3629 3612/3746/3612
f 3531/3665/3531 3376/3510/3376 3511/3645/3511
f 3540/3674/3540 3530/3664/3530 3615/3749/3615
f 3531/3665/3531 3630/3764/3630 3532/3666/3532
f 3530/3664/3530 3541/3675/3541 3531/3665/3531
f 3540/3674/3540 3615/3749/3615 3619/3753/3619
f 3547/3681/3547 3541/3675/3541 3540/3674/3540
f 3631/3765/3631 3539/3673/3539 3517/3651/3517
f 3621/3755/3621 3617/3751/3617 3618/3752/3618
f 3511/3645/3511 3510/3644/3510 3630/3764/3630
f 3631/3765/3631 3632/3766/3632 3625/3759/3625
f 3615/3749/3615 3614/3748/3614 3619/3753/3619
f 3620/3754/3620 3619/3753/3619 3614/3748/3614
f 3545/3679/3545 3548/3682/3548 3620/3754/3620
f 3547/3681/3547 3540/3674/3540 3548/3682/3548
f 3539/3673/3539 3510/3644/3510 3538/3672/3538
f 3631/3765/3631 3532/3666/3532 3539/3673/3539
f 3633/3767/3633 3634/3768/3634 3635/3769/3635
f 3621/3755/3621 3636/3770/3636 3624/3758/3624
f 3631/3765/3631 3625/3759/3625 3532/3666/3532
f 3625/3759/3625 3632/3766/3632 3618/3752/3618
f 3624/3758/3624 3535/3669/3535 3621/3755/3621
f 3626/3760/3626 3637/3771/3637 3638/3772/3638
f 3533/3667/3533 3428/3562/3428 3623/3757/3623
f 3534/3668/3534 3533/3667/3533 3629/3763/3629
f 3311/3445/3311 3534/3668/3534 3629/3763/3629
f 3534/3668/3534 3613/3747/3613 3617/3751/3617
f 3538/3672/3538 3510/3644/3510 3509/3643/3509
f 3539/3673/3539 3532/3666/3532 3630/3764/3630
f 3511/3645/3511 3630/3764/3630 3531/3665/3531
f 3539/3673/3539 3630/3764/3630 3510/3644/3510
f 3570/3704/3570 3538/3672/3538 3509/3643/3509
f 3517/3651/3517 3538/3672/3538 3515/3649/3515
f 3448/3582/3448 3516/3650/3516 3515/3649/3515
f 3520/3654/3520 3447/3581/3447 3518/3652/3518
f 3444/3578/3444 3579/3713/3579 3330/3464/3330
f 3639/3773/3639 3640/3774/3640 3634/3768/3634
f 3448/3582/3448 3515/3649/3515 3577/3711/3577
f 3447/3581/3447 3520/3654/3520 3616/3750/3616
f 3578/3712/3578 3448/3582/3448 3577/3711/3577
f 3447/3581/3447 3516/3650/3516 3448/3582/3448
f 3575/3709/3575 3432/3566/3432 3641/3775/3641
f 3642/3776/3642 3575/3709/3575 3641/3775/3641
f 3641/3775/3641 3432/3566/3432 3446/3580/3446
f 3575/3709/3575 3642/3776/3642 3579/3713/3579
f 3594/3728/3594 3596/3730/3596 3446/3580/3446
f 3596/3730/3596 3641/3775/3641 3446/3580/3446
f 3518/3652/3518 3579/3713/3579 3642/3776/3642
f 3578/3712/3578 3330/3464/3330 3579/3713/3579
f 3639/3773/3639 3643/3777/3643 3640/3774/3640
f 3596/3730/3596 3644/3778/3644 3641/3775/3641
f 3448/3582/3448 3578/3712/3578 3449/3583/3449
f 3578/3712/3578 3579/3713/3579 3449/3583/3449
f 3446/3580/3446 3450/3584/3450 3594/3728/3594
f 3519/3653/3519 3644/3778/3644 3645/3779/3645
f 3618/3752/3618 3615/3749/3615 3530/3664/3530
f 3632/3766/3632 3621/3755/3621 3618/3752/3618
f 3624/3758/3624 3429/3563/3429 3535/3669/3535
f 3427/3561/3427 3429/3563/3429 3521/3655/3521
f 3636/3770/3636 3621/3755/3621 3632/3766/3632
f 3521/3655/3521 3624/3758/3624 3522/3656/3522
f 3646/3780/3646 3631/3765/3631 3517/3651/3517
f 3522/3656/3522 3637/3771/3637 3523/3657/3523
f 3624/3758/3624 3636/3770/3636 3522/3656/3522
f 3647/3781/3647 3636/3770/3636 3648/3782/3648
f 3519/3653/3519 3649/3783/3649 3520/3654/3520
f 3449/3583/3449 3518/3652/3518 3447/3581/3447
f 3645/3779/3645 3639/3773/3639 3649/3783/3649
f 3616/3750/3616 3517/3651/3517 3516/3650/3516
f 3519/3653/3519 3518/3652/3518 3642/3776/3642
f 3634/3768/3634 3649/3783/3649 3639/3773/3639
f 3633/3767/3633 3520/3654/3520 3649/3783/3649
f 3616/3750/3616 3635/3769/3635 3646/3780/3646
f 3644/3778/3644 3642/3776/3642 3641/3775/3641
f 3645/3779/3645 3596/3730/3596 3650/3784/3650
f 3639/3773/3639 3645/3779/3645 3651/3785/3651
f 3649/3783/3649 3519/3653/3519 3645/3779/3645
f 3651/3785/3651 3643/3777/3643 3639/3773/3639
f 3643/3777/3643 3651/3785/3651 3652/3786/3652
f 3651/3785/3651 3645/3779/3645 3650/3784/3650
f 3653/3787/3653 3654/3788/3654 3655/3789/3655
f 3433/3567/3433 3656/3790/3656 3601/3735/3601
f 3657/3791/3657 3652/3786/3652 3658/3792/3658
f 3645/3779/3645 3644/3778/3644 3596/3730/3596
f 3642/3776/3642 3644/3778/3644 3519/3653/3519
f 3659/3793/3659 3651/3785/3651 3650/3784/3650
f 3651/3785/3651 3659/3793/3659 3658/3792/3658
f 3596/3730/3596 3595/3729/3595 3650/3784/3650
f 3587/3721/3587 3595/3729/3595 3594/3728/3594
f 2896/3030/2896 3660/3794/3660 2894/3028/2894
f 3638/3772/3638 3637/3771/3637 3655/3789/3655
f 3522/3656/3522 3653/3787/3653 3637/3771/3637
f 3648/3782/3648 3636/3770/3636 3632/3766/3632
f 3647/3781/3647 3522/3656/3522 3636/3770/3636
f 3654/3788/3654 3640/3774/3640 3655/3789/3655
f 3652/3786/3652 3657/3791/3657 3661/3795/3661
f 3637/3771/3637 3653/3787/3653 3655/3789/3655
f 3643/3777/3643 3652/3786/3652 3660/3794/3660
f 2894/3028/2894 3652/3786/3652 3661/3795/3661
f 3660/3794/3660 3655/3789/3655 3643/3777/3643
f 2914/3048/2914 3662/3796/3662 3626/3760/3626
f 2896/3030/2896 3638/3772/3638 3660/3794/3660
f 3660/3794/3660 3638/3772/3638 3655/3789/3655
f 3427/3561/3427 3523/3657/3523 3663/3797/3663
f 3626/3760/3626 3523/3657/3523 3637/3771/3637
f 2896/3030/2896 3626/3760/3626 3638/3772/3638
f 3626/3760/3626 3662/3796/3662 3523/3657/3523
f 3664/3798/3664 3663/3797/3663 3665/3799/3665
f 3521/3655/3521 3523/3657/3523 3427/3561/3427
f 3665/3799/3665 3663/3797/3663 3662/3796/3662
f 3427/3561/3427 3666/3800/3666 3622/3756/3622
f 3587/3721/3587 3656/3790/3656 3667/3801/3667
f 3650/3784/3650 3595/3729/3595 3586/3720/3586
f 3668/3802/3668 3593/3727/3593 3591/3725/3591
f 3585/3719/3585 3657/3791/3657 3659/3793/3659
f 3657/3791/3657 3658/3792/3658 3659/3793/3659
f 3652/3786/3652 3651/3785/3651 3658/3792/3658
f 3655/3789/3655 3640/3774/3640 3643/3777/3643
f 3640/3774/3640 3654/3788/3654 3634/3768/3634
f 3634/3768/3634 3654/3788/3654 3669/3803/3669
f 3520/3654/3520 3633/3767/3633 3616/3750/3616
f 3648/3782/3648 3670/3804/3670 3647/3781/3647
f 3631/3765/3631 3670/3804/3670 3648/3782/3648
f 3649/3783/3649 3634/3768/3634 3633/3767/3633
f 3634/3768/3634 3669/3803/3669 3635/3769/3635
f 3646/3780/3646 3670/3804/3670 3631/3765/3631
f 3616/3750/3616 3633/3767/3633 3635/3769/3635
f 3647/3781/3647 3654/3788/3654 3653/3787/3653
f 3635/3769/3635 3669/3803/3669 3670/3804/3670
f 3616/3750/3616 3646/3780/3646 3517/3651/3517
f 3670/3804/3670 3646/3780/3646 3635/3769/3635
f 3671/3805/3671 3672/3806/3672 3673/3807/3673
f 2932/3066/2932 3674/3808/3674 2927/3061/2927
f 3652/3786/3652 2894/3028/2894 3660/3794/3660
f 3675/3809/3675 2895/3029/2895 2894/3028/2894
f 3622/3756/3622 3676/3810/3676 3627/3761/3627
f 3428/3562/3428 3427/3561/3427 3623/3757/3623
f 3433/3567/3433 3601/3735/3601 3592/3726/3592
f 3587/3721/3587 3601/3735/3601 3656/3790/3656
f 3667/3801/3667 3668/3802/3668 3677/3811/3677
f 3678/3812/3678 3667/3801/3667 3677/3811/3677
f 3587/3721/3587 3594/3728/3594 3601/3735/3601
f 3587/3721/3587 3678/3812/3678 3585/3719/3585
f 3631/3765/3631 3648/3782/3648 3632/3766/3632
f 3670/3804/3670 3669/3803/3669 3647/3781/3647
f 3661/3795/3661 3657/3791/3657 3600/3734/3600
f 3679/3813/3679 2894/3028/2894 3661/3795/3661
f 3680/3814/3680 3681/3815/3681 3675/3809/3675
f 2931/3065/2931 2913/3047/2913 3681/3815/3681
f 3675/3809/3675 3679/3813/3679 3680/3814/3680
f 2897/3031/2897 2932/3066/2932 2927/3061/2927
f 3682/3816/3682 3494/3628/3494 3489/3623/3489
f 3683/3817/3683 3507/3641/3507 3611/3745/3611
f 3585/3719/3585 3659/3793/3659 3586/3720/3586
f 3585/3719/3585 3678/3812/3678 3599/3733/3599
f 3668/3802/3668 3667/3801/3667 3656/3790/3656
f 3678/3812/3678 3587/3721/3587 3667/3801/3667
f 3668/3802/3668 3656/3790/3656 3593/3727/3593
f 3591/3725/3591 3684/3818/3684 3668/3802/3668
f 3650/3784/3650 3586/3720/3586 3659/3793/3659
f 3595/3729/3595 3587/3721/3587 3586/3720/3586
f 3675/3809/3675 2894/3028/2894 3679/3813/3679
f 2913/3047/2913 2895/3029/2895 3681/3815/3681
f 3672/3806/3672 3680/3814/3680 3679/3813/3679
f 3681/3815/3681 2895/3029/2895 3675/3809/3675
f 2931/3065/2931 3681/3815/3681 3685/3819/3685
f 3665/3799/3665 2914/3048/2914 2930/3064/2930
f 3604/3738/3604 3680/3814/3680 3672/3806/3672
f 3456/3590/3456 3478/3612/3478 3457/3591/3457
f 3685/3819/3685 3477/3611/3477 2931/3065/2931
f 2911/3045/2911 3477/3611/3477 2885/3019/2885
f 2898/3032/2898 3477/3611/3477 3685/3819/3685
f 2911/3045/2911 2925/3059/2925 3477/3611/3477
f 3489/3623/3489 3627/3761/3627 3682/3816/3682
f 3628/3762/3628 3627/3761/3627 3683/3817/3683
f 3611/3745/3611 3628/3762/3628 3683/3817/3683
f 3628/3762/3628 3610/3744/3610 3533/3667/3533
f 3656/3790/3656 3433/3567/3433 3593/3727/3593
f 3418/3552/3418 3593/3727/3593 3433/3567/3433
f 3230/3364/3230 3591/3725/3591 3231/3365/3231
f 3684/3818/3684 3591/3725/3591 3590/3724/3590
f 3590/3724/3590 3686/3820/3686 3684/3818/3684
f 3686/3820/3686 3603/3737/3603 3687/3821/3687
f 2895/3029/2895 2914/3048/2914 2896/3030/2896
f 2930/3064/2930 2914/3048/2914 2913/3047/2913
f 2927/3061/2927 3478/3612/3478 3456/3590/3456
f 3604/3738/3604 3672/3806/3672 3479/3613/3479
f 3627/3761/3627 3623/3757/3623 3622/3756/3622
f 3533/3667/3533 3623/3757/3623 3628/3762/3628
f 3683/3817/3683 3508/3642/3508 3507/3641/3507
f 3611/3745/3611 3554/3688/3554 3612/3746/3612
f 3609/3743/3609 3507/3641/3507 3488/3622/3488
f 3554/3688/3554 3611/3745/3611 3507/3641/3507
f 3612/3746/3612 3554/3688/3554 3553/3687/3553
f 3551/3685/3551 3311/3445/3311 3629/3763/3629
f 3684/3818/3684 3677/3811/3677 3668/3802/3668
f 3677/3811/3677 3688/3822/3688 3474/3608/3474
f 3686/3820/3686 3590/3724/3590 3603/3737/3603
f 3677/3811/3677 3684/3818/3684 3688/3822/3688
f 3533/3667/3533 3610/3744/3610 3629/3763/3629
f 3611/3745/3611 3610/3744/3610 3628/3762/3628
f 3609/3743/3609 3608/3742/3608 3555/3689/3555
f 3689/3823/3689 3608/3742/3608 3482/3616/3482
f 3555/3689/3555 3554/3688/3554 3609/3743/3609
f 3553/3687/3553 3035/3169/3035 3552/3686/3552
f 3609/3743/3609 3605/3739/3605 3608/3742/3608
f 3035/3169/3035 3553/3687/3553 3690/3824/3690
f 3606/3740/3606 3552/3686/3552 3035/3169/3035
f 3542/3676/3542 3607/3741/3607 3556/3690/3556
f 3483/3617/3483 3482/3616/3482 3608/3742/3608
f 3033/3167/3033 3035/3169/3035 3690/3824/3690
f 3044/3178/3044 3482/3616/3482 3483/3617/3483
f 3043/3177/3043 2164/2226/2164 3042/3176/3042
f 3482/3616/3482 3043/3177/3043 3042/3176/3042
f 3582/3716/3582 3485/3619/3485 3558/3692/3558
f 3553/3687/3553 3555/3689/3555 3690/3824/3690
f 3033/3167/3033 3690/3824/3690 3555/3689/3555
f 3311/3445/3311 3551/3685/3551 3312/3446/3312
f 3553/3687/3553 3551/3685/3551 3612/3746/3612
f 3037/3171/3037 3557/3691/3557 3691/3825/3691
f 3037/3171/3037 3036/3170/3036 3606/3740/3606
f 3312/3446/3312 3552/3686/3552 3607/3741/3607
f 3606/3740/3606 3607/3741/3607 3552/3686/3552
f 3692/3826/3692 3693/3827/3693 3034/3168/3034
f 3582/3716/3582 3694/3828/3694 3583/3717/3583
f 3582/3716/3582 3691/3825/3691 3695/3829/3695
f 3558/3692/3558 3691/3825/3691 3582/3716/3582
f 3692/3826/3692 3034/3168/3034 3033/3167/3033
f 3557/3691/3557 3695/3829/3695 3691/3825/3691
f 3689/3823/3689 3482/3616/3482 3042/3176/3042
f 3693/3827/3693 3041/3175/3041 3694/3828/3694
f 3028/3162/3028 3042/3176/3042 2164/2226/2164
f 3042/3176/3042 3696/3830/3696 3689/3823/3689
f 3033/3167/3033 3608/3742/3608 3689/3823/3689
f 3692/3826/3692 3696/3830/3696 3693/3827/3693
f 3696/3830/3696 3692/3826/3692 3689/3823/3689
f 3033/3167/3033 3689/3823/3689 3692/3826/3692
f 3557/3691/3557 3037/3171/3037 3606/3740/3606
f 3558/3692/3558 3037/3171/3037 3691/3825/3691
f 3694/3828/3694 3200/3334/3200 3583/3717/3583
f 3485/3619/3485 3582/3716/3582 3560/3694/3560
f 3379/3513/3379 3378/3512/3378 3201/3335/3201
f 3583/3717/3583 3263/3397/3263 3560/3694/3560
f 3694/3828/3694 3582/3716/3582 3695/3829/3695
f 3024/3158/3024 3199/3333/3199 3025/3159/3025
f 3695/3829/3695 3693/3827/3693 3694/3828/3694
f 3694/3828/3694 3041/3175/3041 3379/3513/3379
f 3379/3513/3379 3201/3335/3201 3200/3334/3200
f 3697/3831/3697 3698/3832/3698 3699/3833/3699
f 3693/3827/3693 3695/3829/3695 3034/3168/3034
f 3041/3175/3041 3693/3827/3693 3696/3830/3696
f 3028/3162/3028 3027/3161/3027 3700/3834/3700
f 3200/3334/3200 3694/3828/3694 3379/3513/3379
f 3024/3158/3024 3583/3717/3583 3200/3334/3200
f 3698/3832/3698 3697/3831/3697 3262/3396/3262
f 3042/3176/3042 3041/3175/3041 3696/3830/3696
f 3028/3162/3028 3379/3513/3379 3041/3175/3041
f 3700/3834/3700 2785/2919/2785 3032/3166/3032
f 3007/3141/3007 3701/3835/3701 2784/2918/2784
f 3201/3335/3201 3702/3836/3702 3199/3333/3199
f 3702/3836/3702 3201/3335/3201 3378/3512/3378
f 3703/3837/3703 3704/3838/3704 3032/3166/3032
f 3705/3839/3705 3282/3416/3282 3281/3415/3281
f 3025/3159/3025 3199/3333/3199 3706/3840/3706
f 3024/3158/3024 3026/3160/3026 3263/3397/3263
f 3020/3154/3020 3558/3692/3558 3485/3619/3485
f 3037/3171/3037 3558/3692/3558 3038/3172/3038
f 3035/3169/3035 3557/3691/3557 3606/3740/3606
f 3695/3829/3695 3557/3691/3557 3034/3168/3034
f 3707/3841/3707 3697/3831/3697 3708/3842/3708
f 3262/3396/3262 3559/3693/3559 3263/3397/3263
f 3709/3843/3709 3705/3839/3705 3703/3837/3703
f 3710/3844/3710 3704/3838/3704 3703/3837/3703
f 3702/3836/3702 3378/3512/3378 3032/3166/3032
f 3706/3840/3706 3199/3333/3199 3702/3836/3702
f 3700/3834/3700 3032/3166/3032 3378/3512/3378
f 3032/3166/3032 2784/2918/2784 3701/3835/3701
f 3706/3840/3706 3702/3836/3702 3704/3838/3704
f 3032/3166/3032 3704/3838/3704 3702/3836/3702
f 3711/3845/3711 3025/3159/3025 3712/3846/3712
f 3391/3525/3391 3278/3412/3278 3713/3847/3713
f 3583/3717/3583 3024/3158/3024 3263/3397/3263
f 3200/3334/3200 3199/3333/3199 3024/3158/3024
f 3698/3832/3698 3262/3396/3262 3026/3160/3026
f 3559/3693/3559 3262/3396/3262 3697/3831/3697
f 3025/3159/3025 3714/3848/3714 3026/3160/3026
f 3715/3849/3715 3716/3850/3716 3717/3851/3717
f 3699/3833/3699 3698/3832/3698 3496/3630/3496
f 3698/3832/3698 3714/3848/3714 3496/3630/3496
f 3698/3832/3698 3026/3160/3026 3714/3848/3714
f 3713/3847/3713 3581/3715/3581 3718/3852/3718
f 3706/3840/3706 3710/3844/3710 3712/3846/3712
f 3496/3630/3496 3714/3848/3714 3715/3849/3715
f 3719/3853/3719 3503/3637/3503 3382/3516/3382
f 3495/3629/3495 3720/3854/3720 3496/3630/3496
f 3497/3631/3497 3713/3847/3713 3718/3852/3718
f 3495/3629/3495 3389/3523/3389 3720/3854/3720
f 3708/3842/3708 3699/3833/3699 3721/3855/3721
f 3722/3856/3722 3207/3341/3207 3196/3330/3196
f 3723/3857/3723 3724/3858/3724 3725/3859/3725
f 3208/3342/3208 3386/3520/3386 3385/3519/3385
f 3707/3841/3707 3559/3693/3559 3697/3831/3697
f 3561/3695/3561 3485/3619/3485 3560/3694/3560
f 3708/3842/3708 3697/3831/3697 3699/3833/3699
f 3392/3526/3392 3707/3841/3707 3725/3859/3725
f 3707/3841/3707 3726/3860/3726 3559/3693/3559
f 3559/3693/3559 3726/3860/3726 3561/3695/3561
f 3699/3833/3699 3496/3630/3496 3720/3854/3720
f 3707/3841/3707 3708/3842/3708 3723/3857/3723
f 3392/3526/3392 3725/3859/3725 3383/3517/3383
f 3392/3526/3392 3019/3153/3019 3021/3155/3021
f 3485/3619/3485 3561/3695/3561 3021/3155/3021
f 3021/3155/3021 3561/3695/3561 3726/3860/3726
f 3709/3843/3709 3007/3141/3007 3280/3414/3280
f 3032/3166/3032 3701/3835/3701 3703/3837/3703
f 3028/3162/3028 3700/3834/3700 3378/3512/3378
f 2785/2919/2785 3700/3834/3700 3027/3161/3027
f 3725/3859/3725 3722/3856/3722 3383/3517/3383
f 3190/3324/3190 3722/3856/3722 3196/3330/3196
f 3189/3323/3189 3383/3517/3383 3190/3324/3190
f 3722/3856/3722 3190/3324/3190 3383/3517/3383
f 3384/3518/3384 3189/3323/3189 3183/3317/3183
f 3019/3153/3019 3392/3526/3392 3384/3518/3384
f 3707/3841/3707 3392/3526/3392 3726/3860/3726
f 3021/3155/3021 3726/3860/3726 3392/3526/3392
f 3242/3376/3242 3040/3174/3040 3238/3372/3238
f 3241/3375/3241 3040/3174/3040 3244/3378/3244
f 3251/3385/3251 3486/3620/3486 3508/3642/3508
f 3627/3761/3627 3489/3623/3489 3683/3817/3683
f 3683/3817/3683 3489/3623/3489 3508/3642/3508
f 3508/3642/3508 3489/3623/3489 3251/3385/3251
f 2887/3021/2887 3494/3628/3494 3727/3861/3727
f 2925/3059/2925 2931/3065/2931 3477/3611/3477
f 2887/3021/2887 3727/3861/3727 3728/3862/3728
f 2930/3064/2930 2931/3065/2931 2925/3059/2925
f 2884/3018/2884 2893/3027/2893 2911/3045/2911
f 2911/3045/2911 2893/3027/2893 2888/3022/2888
f 2893/3027/2893 3255/3389/3255 2888/3022/2888
f 3489/3623/3489 3494/3628/3494 3490/3624/3490
f 2888/3022/2888 3255/3389/3255 2886/3020/2886
f 3255/3389/3255 2910/3044/2910 3254/3388/3254
f 3666/3800/3666 3676/3810/3676 3622/3756/3622
f 2887/3021/2887 2886/3020/2886 3494/3628/3494
f 3490/3624/3490 2886/3020/2886 3254/3388/3254
f 3255/3389/3255 3254/3388/3254 2886/3020/2886
f 3276/3410/3276 3277/3411/3277 3267/3401/3267
f 3713/3847/3713 3278/3412/3278 3275/3409/3275
f 3713/3847/3713 3717/3851/3717 3391/3525/3391
f 3703/3837/3703 3705/3839/3705 3710/3844/3710
f 3498/3632/3498 3729/3863/3729 3281/3415/3281
f 3014/3148/3014 3282/3416/3282 3280/3414/3280
f 3710/3844/3710 3281/3415/3281 3729/3863/3729
f 3710/3844/3710 3706/3840/3706 3704/3838/3704
f 3265/3399/3265 3281/3415/3281 3282/3416/3282
f 3705/3839/3705 3281/3415/3281 3710/3844/3710
f 3717/3851/3717 3730/3864/3730 3391/3525/3391
f 3025/3159/3025 3711/3845/3711 3714/3848/3714
f 3730/3864/3730 3729/3863/3729 3498/3632/3498
f 3712/3846/3712 3729/3863/3729 3716/3850/3716
f 3712/3846/3712 3025/3159/3025 3706/3840/3706
f 3715/3849/3715 3711/3845/3711 3716/3850/3716
f 3729/3863/3729 3712/3846/3712 3710/3844/3710
f 3711/3845/3711 3712/3846/3712 3716/3850/3716
f 3355/3489/3355 3357/3491/3357 3361/3495/3361
f 3350/3484/3350 3357/3491/3357 3162/3296/3162
f 3342/3476/3342 3438/3572/3438 3574/3708/3574
f 3341/3475/3341 3342/3476/3342 3339/3473/3339
f 3339/3473/3339 3343/3477/3343 3370/3504/3370
f 3574/3708/3574 3343/3477/3343 3342/3476/3342
f 3067/3201/3067 3259/3393/3259 3731/3865/3731
f 3273/3407/3273 3068/3202/3068 3732/3866/3732
f 3273/3407/3273 3732/3866/3732 3581/3715/3581
f 3273/3407/3273 3261/3395/3261 3266/3400/3266
f 3732/3866/3732 3731/3865/3731 3501/3635/3501
f 3718/3852/3718 3389/3523/3389 3495/3629/3495
f 3497/3631/3497 3718/3852/3718 3495/3629/3495
f 3732/3866/3732 3733/3867/3733 3581/3715/3581
f 3275/3409/3275 3278/3412/3278 3276/3410/3276
f 3261/3395/3261 3273/3407/3273 3274/3408/3274
f 3713/3847/3713 3497/3631/3497 3717/3851/3717
f 3581/3715/3581 3713/3847/3713 3275/3409/3275
f 3715/3849/3715 3717/3851/3717 3497/3631/3497
f 3730/3864/3730 3717/3851/3717 3716/3850/3716
f 3496/3630/3496 3715/3849/3715 3497/3631/3497
f 3715/3849/3715 3714/3848/3714 3711/3845/3711
f 3729/3863/3729 3730/3864/3730 3716/3850/3716
f 3498/3632/3498 3391/3525/3391 3730/3864/3730
f 3389/3523/3389 3718/3852/3718 3719/3853/3719
f 3718/3852/3718 3581/3715/3581 3733/3867/3733
f 3380/3514/3380 3387/3521/3387 3381/3515/3381
f 3389/3523/3389 3719/3853/3719 3382/3516/3382
f 3503/3637/3503 3719/3853/3719 3733/3867/3733
f 3733/3867/3733 3719/3853/3719 3718/3852/3718
f 3381/3515/3381 3385/3519/3385 3724/3858/3724
f 3699/3833/3699 3720/3854/3720 3721/3855/3721
f 3721/3855/3721 3381/3515/3381 3724/3858/3724
f 3707/3841/3707 3723/3857/3723 3725/3859/3725
f 3382/3516/3382 3381/3515/3381 3390/3524/3390
f 3721/3855/3721 3390/3524/3390 3381/3515/3381
f 3389/3523/3389 3390/3524/3390 3720/3854/3720
f 3721/3855/3721 3720/3854/3720 3390/3524/3390
f 3277/3411/3277 3276/3410/3276 3278/3412/3278
f 3261/3395/3261 3276/3410/3276 3267/3401/3267
f 3386/3520/3386 3724/3858/3724 3385/3519/3385
f 3724/3858/3724 3722/3856/3722 3725/3859/3725
f 3708/3842/3708 3721/3855/3721 3723/3857/3723
f 3724/3858/3724 3723/3857/3723 3721/3855/3721
f 3733/3867/3733 3501/3635/3501 3503/3637/3503
f 3393/3527/3393 3057/3191/3057 3388/3522/3388
f 3104/3238/3104 3388/3522/3388 2283/2386/2283
f 3380/3514/3380 3580/3714/3580 3104/3238/3104
f 3067/3201/3067 3731/3865/3731 3068/3202/3068
f 3504/3638/3504 3500/3634/3500 3505/3639/3505
f 3504/3638/3504 3259/3393/3259 3095/3229/3095
f 3259/3393/3259 3734/3868/3734 3731/3865/3731
f 3731/3865/3731 3734/3868/3734 3501/3635/3501
f 3068/3202/3068 3731/3865/3731 3732/3866/3732
f 3501/3635/3501 3733/3867/3733 3732/3866/3732
f 3501/3635/3501 3734/3868/3734 3502/3636/3502
f 3580/3714/3580 3502/3636/3502 3393/3527/3393
f 3734/3868/3734 3259/3393/3259 3505/3639/3505
f 3502/3636/3502 3580/3714/3580 3503/3637/3503
f 3505/3639/3505 3502/3636/3502 3734/3868/3734
f 3106/3240/3106 3393/3527/3393 3505/3639/3505
f 3505/3639/3505 3393/3527/3393 3502/3636/3502
f 3735/3869/3735 3687/3821/3687 3114/3248/3114
f 3590/3724/3590 3602/3736/3602 3603/3737/3603
f 3470/3604/3470 3584/3718/3584 3461/3595/3461
f 3584/3718/3584 3603/3737/3603 3602/3736/3602
f 3487/3621/3487 3492/3626/3492 3484/3618/3484
f 3609/3743/3609 3488/3622/3488 3487/3621/3487
f 3728/3862/3728 2930/3064/2930 2925/3059/2925
f 3676/3810/3676 3666/3800/3666 3727/3861/3727
f 3682/3816/3682 3727/3861/3727 3494/3628/3494
f 3727/3861/3727 3664/3798/3664 3728/3862/3728
f 3662/3796/3662 3663/3797/3663 3523/3657/3523
f 3666/3800/3666 3663/3797/3663 3664/3798/3664
f 3728/3862/3728 2925/3059/2925 2887/3021/2887
f 3665/3799/3665 3728/3862/3728 3664/3798/3664
f 3663/3797/3663 3666/3800/3666 3427/3561/3427
f 3727/3861/3727 3666/3800/3666 3664/3798/3664
f 3727/3861/3727 3682/3816/3682 3676/3810/3676
f 3676/3810/3676 3682/3816/3682 3627/3761/3627
f 3654/3788/3654 3647/3781/3647 3669/3803/3669
f 3647/3781/3647 3653/3787/3653 3522/3656/3522
f 2898/3032/2898 3685/3819/3685 2932/3066/2932
f 3674/3808/3674 2932/3066/2932 3685/3819/3685
f 3681/3815/3681 3674/3808/3674 3685/3819/3685
f 2927/3061/2927 3674/3808/3674 3604/3738/3604
f 3604/3738/3604 3674/3808/3674 3680/3814/3680
f 3681/3815/3681 3680/3814/3680 3674/3808/3674
f 3679/3813/3679 3661/3795/3661 3673/3807/3673
f 2093/2134/2093 3457/3591/3457 3481/3615/3481
f 3604/3738/3604 3479/3613/3479 3478/3612/3478
f 3481/3615/3481 3671/3805/3671 3736/3870/3736
f 3599/3733/3599 3657/3791/3657 3585/3719/3585
f 3657/3791/3657 3599/3733/3599 3600/3734/3600
f 3678/3812/3678 3474/3608/3474 3599/3733/3599
f 3671/3805/3671 3673/3807/3673 3737/3871/3737
f 3677/3811/3677 3474/3608/3474 3678/3812/3678
f 3472/3606/3472 3474/3608/3474 3688/3822/3688
f 3686/3820/3686 3472/3606/3472 3688/3822/3688
f 3736/3870/3736 3671/3805/3671 3737/3871/3737
f 3474/3608/3474 3473/3607/3473 3599/3733/3599
f 3473/3607/3473 3472/3606/3472 3736/3870/3736
f 3472/3606/3472 3735/3869/3735 3736/3870/3736
f 2093/2134/2093 3736/3870/3736 3114/3248/3114
f 3671/3805/3671 3481/3615/3481 3479/3613/3479
f 2093/2134/2093 3481/3615/3481 3736/3870/3736
f 3600/3734/3600 3473/3607/3473 3737/3871/3737
f 3736/3870/3736 3737/3871/3737 3473/3607/3473
f 3661/3795/3661 3600/3734/3600 3673/3807/3673
f 3673/3807/3673 3600/3734/3600 3737/3871/3737
f 3735/3869/3735 3472/3606/3472 3687/3821/3687
f 3114/3248/3114 3736/3870/3736 3735/3869/3735
f 3207/3341/3207 3722/3856/3722 3386/3520/3386
f 3724/3858/3724 3386/3520/3386 3722/3856/3722
f 3391/3525/3391 3272/3406/3272 3071/3205/3071
f 3281/3415/3281 3272/3406/3272 3498/3632/3498
f 3709/3843/3709 3703/3837/3703 3701/3835/3701
f 3282/3416/3282 3705/3839/3705 3280/3414/3280
f 3007/3141/3007 3709/3843/3709 3701/3835/3701
f 3280/3414/3280 3705/3839/3705 3709/3843/3709
f 3230/3364/3230 3602/3736/3602 3590/3724/3590
f 3584/3718/3584 3602/3736/3602 3468/3602/3468
f 2914/3048/2914 3665/3799/3665 3662/3796/3662
f 3728/3862/3728 3665/3799/3665 2930/3064/2930
f 3673/3807/3673 3672/3806/3672 3679/3813/3679
f 3479/3613/3479 3672/3806/3672 3671/3805/3671
f 3684/3818/3684 3686/3820/3686 3688/3822/3688
f 3687/3821/3687 3603/3737/3603 3470/3604/3470
f 3687/3821/3687 3470/3604/3470 3114/3248/3114
f 3472/3606/3472 3686/3820/3686 3687/3821/3687
f 3738/3872/3738 57/3873/57 239/3874/239
f 3738/3872/3738 239/3874/239 3739/3875/3739
f 3739/3875/3739 239/3874/239 288/3876/288
f 3740/3877/3740 3739/3875/3739 3741/3878/3741
f 3739/3875/3739 3740/3877/3740 3738/3872/3738
f 3739/3875/3739 3742/3879/3742 3743/3880/3743
f 288/3876/288 3742/3879/3742 3739/3875/3739
f 3739/3875/3739 3743/3880/3743 3741/3878/3741
f 3740/3877/3740 3741/3878/3741 3744/3881/3744
f 288/3876/288 245/3882/245 3742/3879/3742
f 245/3882/245 244/3883/244 3745/3884/3745
f 253/3885/253 276/3886/276 3746/3887/3746
f 244/3883/244 253/3885/253 3747/3888/3747
f 3748/3889/3748 3742/3879/3742 3745/3884/3745
f 3748/3889/3748 3743/3880/3743 3742/3879/3742
f 3749/3890/3749 3745/3884/3745 3747/3888/3747
f 3747/3888/3747 253/3885/253 3746/3887/3746
f 3746/3887/3746 276/3886/276 3750/3891/3750
f 3751/3892/3751 3747/3888/3747 3746/3887/3746
f 244/3883/244 3747/3888/3747 3745/3884/3745
f 3752/3893/3752 3746/3887/3746 3750/3891/3750
f 276/3886/276 261/3894/261 3750/3891/3750
f 3742/3879/3742 245/3882/245 3745/3884/3745
f 3741/3878/3741 3743/3880/3743 3753/3895/3753
f 3754/3896/3754 3744/3881/3744 3755/3897/3755
f 3754/3896/3754 3740/3877/3740 3744/3881/3744
f 3756/3898/3756 3753/3895/3753 3757/3899/3757
f 3753/3895/3753 3744/3881/3744 3741/3878/3741
f 3748/3889/3748 3753/3895/3753 3743/3880/3743
f 3744/3881/3744 3753/3895/3753 3758/3900/3758
f 3759/3901/3759 3755/3897/3755 3760/3902/3760
f 3755/3897/3755 3759/3901/3759 3754/3896/3754
f 3758/3900/3758 3756/3898/3756 3761/3903/3761
f 3756/3898/3756 3758/3900/3758 3753/3895/3753
f 3755/3897/3755 3744/3881/3744 3758/3900/3758
f 3755/3897/3755 3758/3900/3758 3762/3904/3762
f 3753/3895/3753 3748/3889/3748 3757/3899/3757
f 3763/3905/3763 3757/3899/3757 3749/3890/3749
f 3749/3890/3749 3757/3899/3757 3748/3889/3748
f 3764/3906/3764 3749/3890/3749 3751/3892/3751
f 3751/3892/3751 3746/3887/3746 3752/3893/3752
f 3747/3888/3747 3751/3892/3751 3749/3890/3749
f 3765/3907/3765 3751/3892/3751 3752/3893/3752
f 3763/3905/3763 3766/3908/3766 3757/3899/3757
f 3766/3908/3766 3763/3905/3763 3764/3906/3764
f 3764/3906/3764 3765/3907/3765 3767/3909/3767
f 3765/3907/3765 3764/3906/3764 3751/3892/3751
f 3767/3909/3767 3765/3907/3765 3768/3910/3768
f 3764/3906/3764 3767/3909/3767 3766/3908/3766
f 3763/3905/3763 3749/3890/3749 3764/3906/3764
f 3766/3908/3766 3767/3909/3767 3769/3911/3769
f 3752/3893/3752 3770/3912/3770 3765/3907/3765
f 3757/3899/3757 3766/3908/3766 3756/3898/3756
f 3745/3884/3745 3749/3890/3749 3748/3889/3748
f 3756/3898/3756 3766/3908/3766 3771/3913/3771
f 3772/3914/3772 3750/3891/3750 261/3894/261
f 261/3894/261 272/3915/272 3772/3914/3772
f 3773/3916/3773 268/3917/268 3774/3918/3774
f 272/3915/272 268/3917/268 3773/3916/3773
f 3775/3919/3775 3750/3891/3750 3772/3914/3772
f 3775/3919/3775 3772/3914/3772 3773/3916/3773
f 3773/3916/3773 3776/3920/3776 3775/3919/3775
f 3774/3918/3774 3776/3920/3776 3773/3916/3773
f 3772/3914/3772 272/3915/272 3773/3916/3773
f 3775/3919/3775 3776/3920/3776 3777/3921/3777
f 3774/3918/3774 268/3917/268 267/3922/267
f 3770/3912/3770 3752/3893/3752 3775/3919/3775
f 454/3923/454 702/3924/702 3778/3925/3778
f 20/3926/20 22/3927/22 3779/3928/3779
f 702/3924/702 20/3926/20 3780/3929/3780
f 3776/3920/3776 3774/3918/3774 3781/3930/3781
f 3778/3925/3778 3774/3918/3774 454/3923/454
f 3782/3931/3782 3778/3925/3778 3780/3929/3780
f 3780/3929/3780 20/3926/20 3779/3928/3779
f 3779/3928/3779 22/3927/22 3783/3932/3783
f 3784/3933/3784 3780/3929/3780 3779/3928/3779
f 702/3924/702 3780/3929/3780 3778/3925/3778
f 3785/3934/3785 3774/3918/3774 3778/3925/3778
f 22/3927/22 412/3935/412 3783/3932/3783
f 454/3923/454 3774/3918/3774 267/3922/267
f 3786/3936/3786 3779/3928/3779 3783/3932/3783
f 3770/3912/3770 3777/3921/3777 3787/3937/3787
f 3770/3912/3770 3775/3919/3775 3777/3921/3777
f 3788/3938/3788 3777/3921/3777 3776/3920/3776
f 3788/3938/3788 3781/3930/3781 3789/3939/3789
f 3781/3930/3781 3788/3938/3788 3776/3920/3776
f 3777/3921/3777 3788/3938/3788 3790/3940/3790
f 3768/3910/3768 3787/3937/3787 3791/3941/3791
f 3787/3937/3787 3768/3910/3768 3770/3912/3770
f 3790/3940/3790 3792/3942/3792 3793/3943/3793
f 3792/3942/3792 3790/3940/3790 3788/3938/3788
f 3787/3937/3787 3777/3921/3777 3790/3940/3790
f 3787/3937/3787 3790/3940/3790 3794/3944/3794
f 3788/3938/3788 3789/3939/3789 3792/3942/3792
f 3768/3910/3768 3765/3907/3765 3770/3912/3770
f 3785/3934/3785 3782/3931/3782 3795/3945/3795
f 3785/3934/3785 3778/3925/3778 3782/3931/3782
f 3784/3933/3784 3786/3936/3786 3796/3946/3796
f 3784/3933/3784 3779/3928/3779 3786/3936/3786
f 3780/3929/3780 3784/3933/3784 3782/3931/3782
f 3782/3931/3782 3784/3933/3784 3797/3947/3797
f 3789/3939/3789 3798/3948/3798 3792/3942/3792
f 3798/3948/3798 3789/3939/3789 3795/3945/3795
f 3798/3948/3798 3795/3945/3795 3799/3949/3799
f 3797/3947/3797 3795/3945/3795 3782/3931/3782
f 3796/3946/3796 3797/3947/3797 3784/3933/3784
f 3799/3949/3799 3795/3945/3795 3797/3947/3797
f 3789/3939/3789 3785/3934/3785 3795/3945/3795
f 3800/3950/3800 3797/3947/3797 3796/3946/3796
f 3786/3936/3786 3801/3951/3801 3796/3946/3796
f 3785/3934/3785 3789/3939/3789 3781/3930/3781
f 3781/3930/3781 3774/3918/3774 3785/3934/3785
f 3792/3942/3792 3798/3948/3798 3802/3952/3802
f 3803/3953/3803 3783/3932/3783 412/3935/412
f 3752/3893/3752 3750/3891/3750 3775/3919/3775
f 3767/3909/3767 3768/3910/3768 3804/3954/3804
f 3805/3955/3805 3760/3902/3760 3806/3956/3806
f 3805/3955/3805 3759/3901/3759 3760/3902/3760
f 3762/3904/3762 3761/3903/3761 3807/3957/3807
f 3762/3904/3762 3758/3900/3758 3761/3903/3761
f 3755/3897/3755 3762/3904/3762 3760/3902/3760
f 3760/3902/3760 3762/3904/3762 3807/3957/3807
f 3808/3958/3808 3809/3959/3809 3806/3956/3806
f 3806/3956/3806 3809/3959/3809 3805/3955/3805
f 3810/3960/3810 3807/3957/3807 3811/3961/3811
f 3811/3961/3811 3807/3957/3807 3761/3903/3761
f 3806/3956/3806 3760/3902/3760 3807/3957/3807
f 3812/3962/3812 3806/3956/3806 3807/3957/3807
f 3761/3903/3761 3771/3913/3771 3811/3961/3811
f 3771/3913/3771 3813/3963/3813 3811/3961/3811
f 3813/3963/3813 3771/3913/3771 3769/3911/3769
f 3813/3963/3813 3769/3911/3769 3814/3964/3814
f 3769/3911/3769 3767/3909/3767 3804/3954/3804
f 3766/3908/3766 3769/3911/3769 3771/3913/3771
f 3815/3965/3815 3769/3911/3769 3804/3954/3804
f 3813/3963/3813 3816/3966/3816 3817/3967/3817
f 3816/3966/3816 3813/3963/3813 3814/3964/3814
f 3814/3964/3814 3818/3968/3818 3816/3966/3816
f 3818/3968/3818 3814/3964/3814 3815/3965/3815
f 3819/3969/3819 3818/3968/3818 3815/3965/3815
f 3816/3966/3816 3818/3968/3818 3820/3970/3820
f 3814/3964/3814 3769/3911/3769 3815/3965/3815
f 3817/3967/3817 3816/3966/3816 3821/3971/3821
f 3815/3965/3815 3804/3954/3804 3822/3972/3822
f 3813/3963/3813 3817/3967/3817 3811/3961/3811
f 3756/3898/3756 3771/3913/3771 3761/3903/3761
f 3811/3961/3811 3817/3967/3817 3810/3960/3810
f 3823/3973/3823 3824/3974/3824 3808/3958/3808
f 3808/3958/3808 3824/3974/3824 3809/3959/3809
f 3812/3962/3812 3825/3975/3825 3808/3958/3808
f 3825/3975/3825 3812/3962/3812 3826/3976/3826
f 3808/3958/3808 3806/3956/3806 3812/3962/3812
f 3823/3973/3823 3808/3958/3808 3825/3975/3825
f 3827/3977/3827 3828/3978/3828 3829/3979/3829
f 3823/3973/3823 3829/3979/3829 3828/3978/3828
f 3830/3980/3830 3829/3979/3829 3823/3973/3823
f 3828/3978/3828 3824/3974/3824 3823/3973/3823
f 3823/3973/3823 3825/3975/3825 3830/3980/3830
f 3810/3960/3810 3831/3981/3831 3826/3976/3826
f 3810/3960/3810 3817/3967/3817 3831/3981/3831
f 3831/3981/3831 3821/3971/3821 3832/3982/3832
f 3831/3981/3831 3817/3967/3817 3821/3971/3821
f 3816/3966/3816 3820/3970/3820 3821/3971/3821
f 3833/3983/3833 3832/3982/3832 3821/3971/3821
f 3825/3975/3825 3834/3984/3834 3830/3980/3830
f 3825/3975/3825 3826/3976/3826 3834/3984/3834
f 3835/3985/3835 3834/3984/3834 3826/3976/3826
f 3835/3985/3835 3826/3976/3826 3831/3981/3831
f 3831/3981/3831 3832/3982/3832 3835/3985/3835
f 3821/3971/3821 3820/3970/3820 3833/3983/3833
f 3826/3976/3826 3812/3962/3812 3810/3960/3810
f 3812/3962/3812 3807/3957/3807 3810/3960/3810
f 3818/3968/3818 3836/3986/3836 3820/3970/3820
f 3791/3941/3791 3794/3944/3794 3837/3987/3837
f 3791/3941/3791 3787/3937/3787 3794/3944/3794
f 3793/3943/3793 3802/3952/3802 3838/3988/3838
f 3793/3943/3793 3792/3942/3792 3802/3952/3802
f 3790/3940/3790 3793/3943/3793 3794/3944/3794
f 3794/3944/3794 3793/3943/3793 3839/3989/3839
f 3840/3990/3840 3822/3972/3822 3837/3987/3837
f 3837/3987/3837 3822/3972/3822 3791/3941/3791
f 3841/3991/3841 3839/3989/3839 3838/3988/3838
f 3838/3988/3838 3839/3989/3839 3793/3943/3793
f 3837/3987/3837 3794/3944/3794 3839/3989/3839
f 3842/3992/3842 3837/3987/3837 3839/3989/3839
f 3802/3952/3802 3843/3993/3843 3838/3988/3838
f 3819/3969/3819 3815/3965/3815 3822/3972/3822
f 3799/3949/3799 3844/3994/3844 3802/3952/3802
f 3844/3994/3844 3799/3949/3799 3800/3950/3800
f 3844/3994/3844 3800/3950/3800 3845/3995/3845
f 3846/3996/3846 3800/3950/3800 3796/3946/3796
f 3799/3949/3799 3797/3947/3797 3800/3950/3800
f 3847/3997/3847 3800/3950/3800 3846/3996/3846
f 3843/3993/3843 3848/3998/3848 3849/3999/3849
f 3843/3993/3843 3844/3994/3844 3848/3998/3848
f 3848/3998/3848 3850/4000/3850 3849/3999/3849
f 3847/3997/3847 3845/3995/3845 3800/3950/3800
f 3851/4001/3851 3849/3999/3849 3852/4002/3852
f 3845/3995/3845 3853/4003/3853 3848/3998/3848
f 3844/3994/3844 3845/3995/3845 3848/3998/3848
f 3838/3988/3838 3843/3993/3843 3854/4004/3854
f 3846/3996/3846 3855/4005/3855 3847/3997/3847
f 3844/3994/3844 3843/3993/3843 3802/3952/3802
f 3804/3954/3804 3768/3910/3768 3791/3941/3791
f 3854/4004/3854 3843/3993/3843 3849/3999/3849
f 3856/4006/3856 3819/3969/3819 3840/3990/3840
f 3819/3969/3819 3822/3972/3822 3840/3990/3840
f 3842/3992/3842 3857/4007/3857 3840/3990/3840
f 3857/4007/3857 3842/3992/3842 3858/4008/3858
f 3837/3987/3837 3842/3992/3842 3840/3990/3840
f 3856/4006/3856 3840/3990/3840 3857/4007/3857
f 3820/3970/3820 3859/4009/3859 3833/3983/3833
f 3820/3970/3820 3836/3986/3836 3859/4009/3859
f 3836/3986/3836 3860/4010/3860 3859/4009/3859
f 3860/4010/3860 3836/3986/3836 3856/4006/3856
f 3861/4011/3861 3860/4010/3860 3856/4006/3856
f 3836/3986/3836 3819/3969/3819 3856/4006/3856
f 3856/4006/3856 3857/4007/3857 3861/4011/3861
f 3818/3968/3818 3819/3969/3819 3836/3986/3836
f 3841/3991/3841 3854/4004/3854 3862/4012/3862
f 3854/4004/3854 3841/3991/3841 3838/3988/3838
f 3862/4012/3862 3851/4001/3851 3863/4013/3863
f 3851/4001/3851 3862/4012/3862 3854/4004/3854
f 3854/4004/3854 3849/3999/3849 3851/4001/3851
f 3841/3991/3841 3862/4012/3862 3858/4008/3858
f 3857/4007/3857 3864/4014/3864 3861/4011/3861
f 3857/4007/3857 3858/4008/3858 3864/4014/3864
f 3865/4015/3865 3864/4014/3864 3858/4008/3858
f 3865/4015/3865 3858/4008/3858 3862/4012/3862
f 3862/4012/3862 3863/4013/3863 3865/4015/3865
f 3863/4013/3863 3851/4001/3851 3866/4016/3866
f 3858/4008/3858 3842/3992/3842 3841/3991/3841
f 3842/3992/3842 3839/3989/3839 3841/3991/3841
f 3845/3995/3845 3847/3997/3847 3853/4003/3853
f 3822/3972/3822 3804/3954/3804 3791/3941/3791
f 3798/3948/3798 3799/3949/3799 3802/3952/3802
f 3796/3946/3796 3801/3951/3801 3846/3996/3846
f 3803/3953/3803 3867/4017/3867 3783/3932/3783
f 3803/3953/3803 412/3935/412 558/4018/558
f 3868/4019/3868 3803/3953/3803 558/4018/558
f 3868/4019/3868 558/4018/558 557/4020/557
f 3869/4021/3869 3867/4017/3867 3803/3953/3803
f 3803/3953/3803 3868/4019/3868 3869/4021/3869
f 3868/4019/3868 3870/4022/3870 3871/4023/3871
f 557/4020/557 3870/4022/3870 3868/4019/3868
f 3868/4019/3868 3871/4023/3871 3869/4021/3869
f 3867/4017/3867 3869/4021/3869 3872/4024/3872
f 557/4020/557 407/4025/407 3870/4022/3870
f 3867/4017/3867 3801/3951/3801 3786/3936/3786
f 407/4025/407 406/4026/406 3873/4027/3873
f 431/4028/431 430/4029/430 3874/4030/3874
f 406/4026/406 431/4028/431 3873/4027/3873
f 3875/4031/3875 3871/4023/3871 3873/4027/3873
f 3871/4023/3871 3870/4022/3870 3873/4027/3873
f 430/4029/430 3876/4032/3876 3874/4030/3874
f 3874/4030/3874 3873/4027/3873 431/4028/431
f 3877/4033/3877 3876/4032/3876 368/4034/368
f 3878/4035/3878 3873/4027/3873 3874/4030/3874
f 368/4034/368 3876/4032/3876 430/4029/430
f 3879/4036/3879 3874/4030/3874 3876/4032/3876
f 3873/4027/3873 3870/4022/3870 407/4025/407
f 3869/4021/3869 3871/4023/3871 3880/4037/3880
f 3801/3951/3801 3872/4024/3872 3855/4005/3855
f 3801/3951/3801 3867/4017/3867 3872/4024/3872
f 3881/4038/3881 3880/4037/3880 3882/4039/3882
f 3880/4037/3880 3872/4024/3872 3869/4021/3869
f 3882/4039/3882 3871/4023/3871 3875/4031/3875
f 3872/4024/3872 3880/4037/3880 3883/4040/3883
f 3884/4041/3884 3847/3997/3847 3855/4005/3855
f 3884/4041/3884 3855/4005/3855 3883/4040/3883
f 3884/4041/3884 3883/4040/3883 3885/4042/3885
f 3881/4038/3881 3883/4040/3883 3880/4037/3880
f 3855/4005/3855 3872/4024/3872 3883/4040/3883
f 3881/4038/3881 3886/4043/3886 3883/4040/3883
f 3871/4023/3871 3882/4039/3882 3880/4037/3880
f 3846/3996/3846 3801/3951/3801 3855/4005/3855
f 3882/4039/3882 3887/4044/3887 3888/4045/3888
f 3882/4039/3882 3875/4031/3875 3887/4044/3887
f 3887/4044/3887 3878/4035/3878 3889/4046/3889
f 3879/4036/3879 3878/4035/3878 3874/4030/3874
f 3875/4031/3875 3878/4035/3878 3887/4044/3887
f 3889/4046/3889 3878/4035/3878 3879/4036/3879
f 3890/4047/3890 3881/4038/3881 3888/4045/3888
f 3888/4045/3888 3887/4044/3887 3891/4048/3891
f 3889/4046/3889 3892/4049/3892 3893/4050/3893
f 3892/4049/3892 3889/4046/3889 3879/4036/3879
f 3893/4050/3893 3892/4049/3892 3894/4051/3894
f 3889/4046/3889 3893/4050/3893 3891/4048/3891
f 3887/4044/3887 3889/4046/3889 3891/4048/3891
f 3895/4052/3895 3888/4045/3888 3891/4048/3891
f 3892/4049/3892 3879/4036/3879 3896/4053/3896
f 3882/4039/3882 3888/4045/3888 3881/4038/3881
f 3875/4031/3875 3873/4027/3873 3878/4035/3878
f 3893/4050/3893 3897/4054/3897 3891/4048/3891
f 3876/4032/3876 3896/4053/3896 3879/4036/3879
f 3884/4041/3884 3898/4055/3898 3847/3997/3847
f 380/4056/380 3899/4057/3899 3877/4033/3877
f 380/4056/380 3877/4033/3877 368/4034/368
f 3900/4058/3900 3899/4057/3899 205/4059/205
f 205/4059/205 3899/4057/3899 380/4056/380
f 3877/4033/3877 3899/4057/3899 3901/4060/3901
f 3896/4053/3896 3901/4060/3901 3902/4061/3902
f 3877/4033/3877 3901/4060/3901 3896/4053/3896
f 3901/4060/3901 3899/4057/3899 3903/4062/3903
f 204/4063/204 3904/4064/3904 3900/4058/3900
f 3903/4062/3903 3899/4057/3899 3900/4058/3900
f 3901/4060/3901 3903/4062/3903 3905/4065/3905
f 205/4059/205 204/4063/204 3900/4058/3900
f 3896/4053/3896 3876/4032/3876 3877/4033/3877
f 204/4063/204 441/4066/441 3904/4064/3904
f 210/4067/210 209/4068/209 3906/4069/3906
f 441/4066/441 210/4067/210 3907/4070/3907
f 3900/4058/3900 3904/4064/3904 3908/4071/3908
f 441/4066/441 3907/4070/3907 3904/4064/3904
f 209/4068/209 3909/4072/3909 3906/4069/3906
f 3907/4070/3907 210/4067/210 3906/4069/3906
f 3910/4073/3910 3907/4070/3907 3906/4069/3906
f 3909/4072/3909 209/4068/209 217/4074/217
f 3911/4075/3911 3904/4064/3904 3907/4070/3907
f 3900/4058/3900 3908/4071/3908 3903/4062/3903
f 3912/4076/3912 3906/4069/3906 3909/4072/3909
f 3902/4061/3902 3905/4065/3905 3913/4077/3913
f 3902/4061/3902 3901/4060/3901 3905/4065/3905
f 3908/4071/3908 3914/4078/3914 3905/4065/3905
f 3914/4078/3914 3908/4071/3908 3911/4075/3911
f 3903/4062/3903 3908/4071/3908 3905/4065/3905
f 3905/4065/3905 3914/4078/3914 3915/4079/3915
f 3916/4080/3916 3893/4050/3893 3894/4051/3894
f 3917/4081/3917 3894/4051/3894 3902/4061/3902
f 3918/4082/3918 3917/4081/3917 3913/4077/3913
f 3915/4079/3915 3913/4077/3913 3905/4065/3905
f 3917/4081/3917 3902/4061/3902 3913/4077/3913
f 3919/4083/3919 3894/4051/3894 3917/4081/3917
f 3914/4078/3914 3920/4084/3920 3915/4079/3915
f 3894/4051/3894 3892/4049/3892 3902/4061/3902
f 3911/4075/3911 3921/4085/3921 3914/4078/3914
f 3921/4085/3921 3911/4075/3911 3910/4073/3910
f 3921/4085/3921 3910/4073/3910 3922/4086/3922
f 3912/4076/3912 3910/4073/3910 3906/4069/3906
f 3907/4070/3907 3910/4073/3910 3911/4075/3911
f 3923/4087/3923 3910/4073/3910 3912/4076/3912
f 3920/4084/3920 3922/4086/3922 3924/4088/3924
f 3922/4086/3922 3920/4084/3920 3921/4085/3921
f 3924/4088/3924 3923/4087/3923 3925/4089/3925
f 3923/4087/3923 3924/4088/3924 3922/4086/3922
f 3926/4090/3926 3920/4084/3920 3924/4088/3924
f 3922/4086/3922 3910/4073/3910 3923/4087/3923
f 3927/4091/3927 3915/4079/3915 3920/4084/3920
f 3921/4085/3921 3920/4084/3920 3914/4078/3914
f 3904/4064/3904 3911/4075/3911 3908/4071/3908
f 3928/4092/3928 3913/4077/3913 3915/4079/3915
f 3902/4061/3902 3892/4049/3892 3896/4053/3896
f 3929/4093/3929 3924/4088/3924 3925/4089/3925
f 3847/3997/3847 3898/4055/3898 3853/4003/3853
f 3884/4041/3884 3885/4042/3885 3930/4094/3930
f 3931/4095/3931 3885/4042/3885 3886/4043/3886
f 3890/4047/3890 3886/4043/3886 3881/4038/3881
f 3885/4042/3885 3883/4040/3883 3886/4043/3886
f 3932/4096/3932 3931/4095/3931 3886/4043/3886
f 3933/4097/3933 3898/4055/3898 3930/4094/3930
f 3898/4055/3898 3884/4041/3884 3930/4094/3930
f 3931/4095/3931 3934/4098/3934 3930/4094/3930
f 3935/4099/3935 3934/4098/3934 3931/4095/3931
f 3930/4094/3930 3885/4042/3885 3931/4095/3931
f 3853/4003/3853 3898/4055/3898 3936/4100/3936
f 3932/4096/3932 3886/4043/3886 3890/4047/3890
f 3934/4098/3934 3933/4097/3933 3930/4094/3930
f 3932/4096/3932 3937/4101/3937 3938/4102/3938
f 3932/4096/3932 3890/4047/3890 3937/4101/3937
f 3937/4101/3937 3895/4052/3895 3939/4103/3939
f 3897/4054/3897 3895/4052/3895 3891/4048/3891
f 3890/4047/3890 3895/4052/3895 3937/4101/3937
f 3939/4103/3939 3895/4052/3895 3897/4054/3897
f 3934/4098/3934 3935/4099/3935 3940/4104/3940
f 3935/4099/3935 3932/4096/3932 3938/4102/3938
f 3941/4105/3941 3939/4103/3939 3942/4106/3942
f 3943/4107/3943 3939/4103/3939 3897/4054/3897
f 3944/4108/3944 3941/4105/3941 3945/4109/3945
f 3941/4105/3941 3938/4102/3938 3937/4101/3937
f 3939/4103/3939 3941/4105/3941 3937/4101/3937
f 3938/4102/3938 3941/4105/3941 3944/4108/3944
f 3897/4054/3897 3916/4080/3916 3943/4107/3943
f 3932/4096/3932 3935/4099/3935 3931/4095/3931
f 3890/4047/3890 3888/4045/3888 3895/4052/3895
f 3946/4110/3946 3935/4099/3935 3938/4102/3938
f 3947/4111/3947 3850/4000/3850 3936/4100/3936
f 3850/4000/3850 3853/4003/3853 3936/4100/3936
f 3933/4097/3933 3948/4112/3948 3936/4100/3936
f 3948/4112/3948 3933/4097/3933 3949/4113/3949
f 3898/4055/3898 3933/4097/3933 3936/4100/3936
f 3947/4111/3947 3936/4100/3936 3948/4112/3948
f 3852/4002/3852 3866/4016/3866 3851/4001/3851
f 3866/4016/3866 3852/4002/3852 3950/4114/3950
f 3947/4111/3947 3950/4114/3950 3852/4002/3852
f 3951/4115/3951 3950/4114/3950 3947/4111/3947
f 3852/4002/3852 3850/4000/3850 3947/4111/3947
f 3947/4111/3947 3948/4112/3948 3951/4115/3951
f 3850/4000/3850 3852/4002/3852 3849/3999/3849
f 3952/4116/3952 3949/4113/3949 3940/4104/3940
f 3949/4113/3949 3933/4097/3933 3934/4098/3934
f 3946/4110/3946 3944/4108/3944 3953/4117/3953
f 3949/4113/3949 3934/4098/3934 3940/4104/3940
f 3946/4110/3946 3940/4104/3940 3935/4099/3935
f 3954/4118/3954 3940/4104/3940 3946/4110/3946
f 3951/4115/3951 3948/4112/3948 3955/4119/3955
f 3954/4118/3954 3952/4116/3952 3940/4104/3940
f 3953/4117/3953 3954/4118/3954 3946/4110/3946
f 3955/4119/3955 3949/4113/3949 3952/4116/3952
f 3953/4117/3953 3944/4108/3944 3956/4120/3956
f 3955/4119/3955 3948/4112/3948 3949/4113/3949
f 3938/4102/3938 3944/4108/3944 3946/4110/3946
f 3943/4107/3943 3942/4106/3942 3939/4103/3939
f 3853/4003/3853 3850/4000/3850 3848/3998/3848
f 3916/4080/3916 3919/4083/3919 3957/4121/3957
f 3919/4083/3919 3916/4080/3916 3894/4051/3894
f 3918/4082/3918 3928/4092/3928 3958/4122/3958
f 3928/4092/3928 3918/4082/3918 3913/4077/3913
f 3919/4083/3919 3917/4081/3917 3918/4082/3918
f 3919/4083/3919 3918/4082/3918 3958/4122/3958
f 3959/4123/3959 3957/4121/3957 3958/4122/3958
f 3958/4122/3958 3957/4121/3957 3919/4083/3919
f 3960/4124/3960 3961/4125/3961 3962/4126/3962
f 3961/4125/3961 3960/4124/3960 3958/4122/3958
f 3958/4122/3958 3928/4092/3928 3961/4125/3961
f 3959/4123/3959 3958/4122/3958 3960/4124/3960
f 3928/4092/3928 3927/4091/3927 3961/4125/3961
f 3963/4127/3963 3943/4107/3943 3957/4121/3957
f 3927/4091/3927 3964/4128/3964 3961/4125/3961
f 3964/4128/3964 3927/4091/3927 3926/4090/3926
f 3964/4128/3964 3926/4090/3926 3965/4129/3965
f 3929/4093/3929 3926/4090/3926 3924/4088/3924
f 3927/4091/3927 3920/4084/3920 3926/4090/3926
f 3966/4130/3966 3926/4090/3926 3929/4093/3929
f 3964/4128/3964 3967/4131/3967 3962/4126/3962
f 3967/4131/3967 3964/4128/3964 3965/4129/3965
f 3965/4129/3965 3968/4132/3968 3967/4131/3967
f 3968/4132/3968 3965/4129/3965 3966/4130/3966
f 3967/4131/3967 3968/4132/3968 3969/4133/3969
f 3965/4129/3965 3926/4090/3926 3966/4130/3966
f 3962/4126/3962 3967/4131/3967 3970/4134/3970
f 3964/4128/3964 3962/4126/3962 3961/4125/3961
f 3928/4092/3928 3915/4079/3915 3927/4091/3927
f 3960/4124/3960 3962/4126/3962 3971/4135/3971
f 3972/4136/3972 3942/4106/3942 3963/4127/3963
f 3942/4106/3942 3943/4107/3943 3963/4127/3963
f 3959/4123/3959 3973/4137/3973 3963/4127/3963
f 3973/4137/3973 3959/4123/3959 3974/4138/3974
f 3963/4127/3963 3957/4121/3957 3959/4123/3959
f 3972/4136/3972 3963/4127/3963 3973/4137/3973
f 3945/4109/3945 3956/4120/3956 3944/4108/3944
f 3956/4120/3956 3945/4109/3945 3975/4139/3975
f 3972/4136/3972 3976/4140/3976 3975/4139/3975
f 3976/4140/3976 3972/4136/3972 3973/4137/3973
f 3972/4136/3972 3975/4139/3975 3945/4109/3945
f 3945/4109/3945 3942/4106/3942 3972/4136/3972
f 3973/4137/3973 3977/4141/3977 3976/4140/3976
f 3942/4106/3942 3945/4109/3945 3941/4105/3941
f 3974/4138/3974 3971/4135/3971 3978/4142/3978
f 3959/4123/3959 3960/4124/3960 3974/4138/3974
f 3971/4135/3971 3970/4134/3970 3979/4143/3979
f 3971/4135/3971 3962/4126/3962 3970/4134/3970
f 3971/4135/3971 3974/4138/3974 3960/4124/3960
f 3980/4144/3980 3970/4134/3970 3969/4133/3969
f 3977/4141/3977 3974/4138/3974 3978/4142/3978
f 3979/4143/3979 3980/4144/3980 3981/4145/3981
f 3979/4143/3979 3978/4142/3978 3971/4135/3971
f 3980/4144/3980 3979/4143/3979 3970/4134/3970
f 3974/4138/3974 3977/4141/3977 3973/4137/3973
f 3967/4131/3967 3969/4133/3969 3970/4134/3970
f 3957/4121/3957 3943/4107/3943 3916/4080/3916
f 3897/4054/3897 3893/4050/3893 3916/4080/3916
f 3783/3932/3783 3867/4017/3867 3786/3936/3786
f 3909/4146/3909 217/4147/217 209/4148/209
f 3909/4146/3909 209/4148/209 3982/4149/3982
f 3982/4149/3982 209/4148/209 210/4150/210
f 3912/4151/3912 3982/4149/3982 3983/4152/3983
f 3982/4149/3982 3912/4151/3912 3909/4146/3909
f 3983/4152/3983 3984/4153/3984 3985/4154/3985
f 3984/4153/3984 3983/4152/3983 3982/4149/3982
f 3982/4149/3982 210/4150/210 3984/4153/3984
f 3912/4151/3912 3983/4152/3983 3986/4155/3986
f 210/4150/210 441/4156/441 3984/4153/3984
f 441/4156/441 204/4157/204 3987/4158/3987
f 205/4159/205 380/4160/380 3988/4161/3988
f 204/4157/204 205/4159/205 3989/4162/3989
f 3990/4163/3990 3984/4153/3984 3987/4158/3987
f 3990/4163/3990 3985/4154/3985 3984/4153/3984
f 3991/4164/3991 3987/4158/3987 3989/4162/3989
f 3989/4162/3989 205/4159/205 3988/4161/3988
f 3988/4161/3988 380/4160/380 3992/4165/3992
f 3993/4166/3993 3989/4162/3989 3988/4161/3988
f 204/4157/204 3989/4162/3989 3987/4158/3987
f 3994/4167/3994 3988/4161/3988 3992/4165/3992
f 380/4160/380 368/4168/368 3992/4165/3992
f 3984/4153/3984 441/4156/441 3987/4158/3987
f 3983/4152/3983 3985/4154/3985 3995/4169/3995
f 3923/4170/3923 3986/4155/3986 3996/4171/3996
f 3923/4170/3923 3912/4151/3912 3986/4155/3986
f 3997/4172/3997 3995/4169/3995 3998/4173/3998
f 3995/4169/3995 3986/4155/3986 3983/4152/3983
f 3990/4163/3990 3995/4169/3995 3985/4154/3985
f 3986/4155/3986 3995/4169/3995 3999/4174/3999
f 3925/4175/3925 3996/4171/3996 4000/4176/4000
f 3996/4171/3996 3925/4175/3925 3923/4170/3923
f 3999/4174/3999 3997/4172/3997 4001/4177/4001
f 3997/4172/3997 3999/4174/3999 3995/4169/3995
f 3996/4171/3996 3986/4155/3986 3999/4174/3999
f 3996/4171/3996 3999/4174/3999 4002/4178/4002
f 3995/4169/3995 3990/4163/3990 3998/4173/3998
f 4003/4179/4003 3998/4173/3998 3991/4164/3991
f 3991/4164/3991 3998/4173/3998 3990/4163/3990
f 4004/4180/4004 3991/4164/3991 3993/4166/3993
f 3993/4166/3993 3988/4161/3988 3994/4167/3994
f 3989/4162/3989 3993/4166/3993 3991/4164/3991
f 4005/4181/4005 3993/4166/3993 3994/4167/3994
f 4003/4179/4003 4006/4182/4006 3998/4173/3998
f 4006/4182/4006 4003/4179/4003 4004/4180/4004
f 4004/4180/4004 4005/4181/4005 4007/4183/4007
f 4005/4181/4005 4004/4180/4004 3993/4166/3993
f 4007/4183/4007 4005/4181/4005 4008/4184/4008
f 4004/4180/4004 4007/4183/4007 4006/4182/4006
f 4003/4179/4003 3991/4164/3991 4004/4180/4004
f 4006/4182/4006 4007/4183/4007 4009/4185/4009
f 3994/4167/3994 4010/4186/4010 4005/4181/4005
f 3998/4173/3998 4006/4182/4006 3997/4172/3997
f 3987/4158/3987 3991/4164/3991 3990/4163/3990
f 3997/4172/3997 4006/4182/4006 4011/4187/4011
f 4012/4188/4012 3992/4165/3992 368/4168/368
f 368/4168/368 430/4189/430 4012/4188/4012
f 4013/4190/4013 431/4191/431 4014/4192/4014
f 430/4189/430 431/4191/431 4013/4190/4013
f 4010/4186/4010 3992/4165/3992 4012/4188/4012
f 4010/4186/4010 4012/4188/4012 4013/4190/4013
f 4013/4190/4013 4015/4193/4015 4010/4186/4010
f 4014/4192/4014 4015/4193/4015 4013/4190/4013
f 4012/4188/4012 430/4189/430 4013/4190/4013
f 4010/4186/4010 4015/4193/4015 4016/4194/4016
f 4014/4192/4014 431/4191/431 406/4195/406
f 4017/4196/4017 4005/4181/4005 4010/4186/4010
f 407/4197/407 557/4198/557 4018/4199/4018
f 558/4200/558 412/4201/412 4019/4202/4019
f 557/4198/557 558/4200/558 4020/4203/4020
f 4015/4193/4015 4014/4192/4014 4021/4204/4021
f 4018/4199/4018 4014/4192/4014 407/4197/407
f 4022/4205/4022 4018/4199/4018 4020/4203/4020
f 4020/4203/4020 558/4200/558 4019/4202/4019
f 4019/4202/4019 412/4201/412 4023/4206/4023
f 4024/4207/4024 4020/4203/4020 4019/4202/4019
f 557/4198/557 4020/4203/4020 4018/4199/4018
f 4025/4208/4025 4014/4192/4014 4018/4199/4018
f 412/4201/412 22/4209/22 4023/4206/4023
f 407/4197/407 4014/4192/4014 406/4195/406
f 4026/4210/4026 4019/4202/4019 4023/4206/4023
f 4017/4196/4017 4016/4194/4016 4027/4211/4027
f 4017/4196/4017 4010/4186/4010 4016/4194/4016
f 4021/4204/4021 4028/4212/4028 4016/4194/4016
f 4028/4212/4028 4021/4204/4021 4029/4213/4029
f 4015/4193/4015 4021/4204/4021 4016/4194/4016
f 4016/4194/4016 4028/4212/4028 4030/4214/4030
f 4008/4184/4008 4031/4215/4031 4032/4216/4032
f 4031/4215/4031 4008/4184/4008 4017/4196/4017
f 4027/4211/4027 4030/4214/4030 4033/4217/4033
f 4030/4214/4030 4027/4211/4027 4016/4194/4016
f 4031/4215/4031 4017/4196/4017 4027/4211/4027
f 4031/4215/4031 4027/4211/4027 4034/4218/4034
f 4028/4212/4028 4029/4213/4029 4030/4214/4030
f 4008/4184/4008 4005/4181/4005 4017/4196/4017
f 4025/4208/4025 4022/4205/4022 4035/4219/4035
f 4025/4208/4025 4018/4199/4018 4022/4205/4022
f 4024/4207/4024 4026/4210/4026 4036/4220/4036
f 4024/4207/4024 4019/4202/4019 4026/4210/4026
f 4020/4203/4020 4024/4207/4024 4022/4205/4022
f 4022/4205/4022 4024/4207/4024 4037/4221/4037
f 4029/4213/4029 4038/4222/4038 4030/4214/4030
f 4038/4222/4038 4029/4213/4029 4035/4219/4035
f 4038/4222/4038 4035/4219/4035 4039/4223/4039
f 4037/4221/4037 4035/4219/4035 4022/4205/4022
f 4036/4220/4036 4037/4221/4037 4024/4207/4024
f 4039/4223/4039 4035/4219/4035 4037/4221/4037
f 4029/4213/4029 4025/4208/4025 4035/4219/4035
f 4040/4224/4040 4037/4221/4037 4036/4220/4036
f 4026/4210/4026 4041/4225/4041 4036/4220/4036
f 4025/4208/4025 4029/4213/4029 4021/4204/4021
f 4021/4204/4021 4014/4192/4014 4025/4208/4025
f 4030/4214/4030 4038/4222/4038 4042/4226/4042
f 4043/4227/4043 4023/4206/4023 22/4209/22
f 3994/4167/3994 3992/4165/3992 4010/4186/4010
f 4007/4183/4007 4008/4184/4008 4044/4228/4044
f 3929/4229/3929 4000/4176/4000 4045/4230/4045
f 3929/4229/3929 3925/4175/3925 4000/4176/4000
f 4002/4178/4002 4001/4177/4001 4046/4231/4046
f 4002/4178/4002 3999/4174/3999 4001/4177/4001
f 3996/4171/3996 4002/4178/4002 4000/4176/4000
f 4000/4176/4000 4002/4178/4002 4046/4231/4046
f 4047/4232/4047 3966/4233/3966 4045/4230/4045
f 4045/4230/4045 3966/4233/3966 3929/4229/3929
f 4048/4234/4048 4046/4231/4046 4049/4235/4049
f 4049/4235/4049 4046/4231/4046 4001/4177/4001
f 4045/4230/4045 4000/4176/4000 4046/4231/4046
f 4050/4236/4050 4045/4230/4045 4046/4231/4046
f 4001/4177/4001 4011/4187/4011 4049/4235/4049
f 4011/4187/4011 4051/4237/4051 4049/4235/4049
f 4051/4237/4051 4011/4187/4011 4009/4185/4009
f 4051/4237/4051 4009/4185/4009 4052/4238/4052
f 4009/4185/4009 4007/4183/4007 4044/4228/4044
f 4006/4182/4006 4009/4185/4009 4011/4187/4011
f 4053/4239/4053 4009/4185/4009 4044/4228/4044
f 4051/4237/4051 4054/4240/4054 4055/4241/4055
f 4054/4240/4054 4051/4237/4051 4052/4238/4052
f 4052/4238/4052 4056/4242/4056 4054/4240/4054
f 4056/4242/4056 4052/4238/4052 4053/4239/4053
f 4056/4242/4056 4053/4239/4053 4057/4243/4057
f 4055/4241/4055 4054/4240/4054 4058/4244/4058
f 4052/4238/4052 4009/4185/4009 4053/4239/4053
f 4059/4245/4059 4058/4244/4058 4054/4240/4054
f 4044/4228/4044 4032/4216/4032 4053/4239/4053
f 4051/4237/4051 4055/4241/4055 4049/4235/4049
f 3997/4172/3997 4011/4187/4011 4001/4177/4001
f 4049/4235/4049 4055/4241/4055 4048/4234/4048
f 3969/4246/3969 3968/4247/3968 4047/4232/4047
f 3969/4246/3969 4047/4232/4047 4060/4248/4060
f 4050/4236/4050 4047/4232/4047 4045/4230/4045
f 3968/4247/3968 3966/4233/3966 4047/4232/4047
f 4061/4249/4061 4060/4248/4060 4047/4232/4047
f 3981/4250/3981 3980/4251/3980 3979/4252/3979
f 4060/4248/4060 3979/4252/3979 3980/4251/3980
f 3978/4253/3978 3979/4252/3979 4060/4248/4060
f 3980/4251/3980 3969/4246/3969 4060/4248/4060
f 4061/4249/4061 4047/4232/4047 4050/4236/4050
f 4062/4254/4062 4061/4249/4061 4050/4236/4050
f 4062/4254/4062 4048/4234/4048 4063/4255/4063
f 4062/4254/4062 4063/4255/4063 3976/4256/3976
f 4063/4255/4063 4048/4234/4048 4055/4241/4055
f 4055/4241/4055 4058/4244/4058 4063/4255/4063
f 3975/4257/3975 4063/4255/4063 4058/4244/4058
f 4061/4249/4061 3978/4253/3978 4060/4248/4060
f 3978/4253/3978 4061/4249/4061 3977/4258/3977
f 3977/4258/3977 4061/4249/4061 4062/4254/4062
f 3977/4258/3977 4062/4254/4062 3976/4256/3976
f 4063/4255/4063 3975/4257/3975 3976/4256/3976
f 3975/4257/3975 4058/4244/4058 3956/4259/3956
f 4062/4254/4062 4050/4236/4050 4048/4234/4048
f 4050/4236/4050 4046/4231/4046 4048/4234/4048
f 4059/4245/4059 4054/4240/4054 4056/4242/4056
f 4032/4216/4032 4034/4218/4034 4064/4260/4064
f 4032/4216/4032 4031/4215/4031 4034/4218/4034
f 4033/4217/4033 4042/4226/4042 4065/4261/4065
f 4033/4217/4033 4030/4214/4030 4042/4226/4042
f 4027/4211/4027 4033/4217/4033 4034/4218/4034
f 4034/4218/4034 4033/4217/4033 4066/4262/4066
f 4067/4263/4067 4068/4264/4068 4064/4260/4064
f 4064/4260/4064 4068/4264/4068 4032/4216/4032
f 4069/4265/4069 4066/4262/4066 4065/4261/4065
f 4065/4261/4065 4066/4262/4066 4033/4217/4033
f 4064/4260/4064 4034/4218/4034 4066/4262/4066
f 4070/4266/4070 4064/4260/4064 4066/4262/4066
f 4042/4226/4042 4071/4267/4071 4065/4261/4065
f 4057/4243/4057 4053/4239/4053 4068/4264/4068
f 4039/4223/4039 4072/4268/4072 4042/4226/4042
f 4072/4268/4072 4039/4223/4039 4040/4224/4040
f 4072/4268/4072 4040/4224/4040 4073/4269/4073
f 4074/4270/4074 4040/4224/4040 4036/4220/4036
f 4039/4223/4039 4037/4221/4037 4040/4224/4040
f 4073/4269/4073 4040/4224/4040 4074/4270/4074
f 4071/4267/4071 4075/4271/4075 4065/4261/4065
f 4075/4271/4075 4071/4267/4071 4076/4272/4076
f 4077/4273/4077 4073/4269/4073 4078/4274/4078
f 4077/4273/4077 4071/4267/4071 4072/4268/4072
f 4076/4272/4076 4077/4273/4077 4079/4275/4079
f 4077/4273/4077 4076/4272/4076 4071/4267/4071
f 4072/4268/4072 4073/4269/4073 4077/4273/4077
f 4075/4271/4075 4076/4272/4076 4080/4276/4080
f 4076/4272/4076 4081/4277/4081 4080/4276/4080
f 4072/4268/4072 4071/4267/4071 4042/4226/4042
f 4044/4228/4044 4008/4184/4008 4032/4216/4032
f 4065/4261/4065 4075/4271/4075 4069/4265/4069
f 4057/4243/4057 4067/4263/4067 4082/4278/4082
f 4067/4263/4067 4057/4243/4057 4068/4264/4068
f 3954/4279/3954 4082/4278/4082 3952/4280/3952
f 4067/4263/4067 4083/4281/4083 4082/4278/4082
f 4064/4260/4064 4070/4266/4070 4067/4263/4067
f 4057/4243/4057 4082/4278/4082 4084/4282/4084
f 4059/4245/4059 3956/4259/3956 4058/4244/4058
f 3956/4259/3956 4059/4245/4059 3953/4283/3953
f 4084/4282/4084 3954/4279/3954 3953/4283/3953
f 3954/4279/3954 4084/4282/4084 4082/4278/4082
f 4084/4282/4084 3953/4283/3953 4059/4245/4059
f 4056/4242/4056 4084/4282/4084 4059/4245/4059
f 4083/4281/4083 4067/4263/4067 4070/4266/4070
f 4056/4242/4056 4057/4243/4057 4084/4282/4084
f 4085/4284/4085 4083/4281/4083 4070/4266/4070
f 4085/4284/4085 4069/4265/4069 4086/4285/4086
f 4085/4284/4085 4086/4285/4086 3951/4286/3951
f 4086/4285/4086 4069/4265/4069 4075/4271/4075
f 4075/4271/4075 4080/4276/4080 4086/4285/4086
f 3950/4287/3950 4086/4285/4086 4080/4276/4080
f 4083/4281/4083 3952/4280/3952 4082/4278/4082
f 3952/4280/3952 4083/4281/4083 3955/4288/3955
f 3955/4288/3955 4083/4281/4083 4085/4284/4085
f 3955/4288/3955 4085/4284/4085 3951/4286/3951
f 4086/4285/4086 3950/4287/3950 3951/4286/3951
f 3950/4287/3950 4080/4276/4080 3866/4289/3866
f 4085/4284/4085 4070/4266/4070 4069/4265/4069
f 4066/4262/4066 4069/4265/4069 4070/4266/4070
f 4073/4269/4073 4074/4270/4074 4087/4290/4087
f 4068/4264/4068 4053/4239/4053 4032/4216/4032
f 4038/4222/4038 4039/4223/4039 4042/4226/4042
f 4036/4220/4036 4041/4225/4041 4074/4270/4074
f 4043/4227/4043 4088/4291/4088 4023/4206/4023
f 4043/4227/4043 22/4209/22 20/4292/20
f 4089/4293/4089 4043/4227/4043 20/4292/20
f 4089/4293/4089 20/4292/20 702/4294/702
f 4090/4295/4090 4088/4291/4088 4043/4227/4043
f 4043/4227/4043 4089/4293/4089 4090/4295/4090
f 4091/4296/4091 4089/4293/4089 4092/4297/4092
f 702/4294/702 4092/4297/4092 4089/4293/4089
f 4089/4293/4089 4091/4296/4091 4090/4295/4090
f 4088/4291/4088 4090/4295/4090 4093/4298/4093
f 702/4294/702 454/4299/454 4092/4297/4092
f 4088/4291/4088 4041/4225/4041 4026/4210/4026
f 454/4299/454 267/4300/267 4094/4301/4094
f 268/4302/268 272/4303/272 4095/4304/4095
f 267/4300/267 268/4302/268 4094/4301/4094
f 4096/4305/4096 4092/4297/4092 4094/4301/4094
f 4094/4301/4094 268/4302/268 4095/4304/4095
f 261/4306/261 4097/4307/4097 4098/4308/4098
f 4098/4308/4098 4095/4304/4095 272/4303/272
f 4097/4307/4097 261/4306/261 276/4309/276
f 4099/4310/4099 4095/4304/4095 4098/4308/4098
f 261/4306/261 4098/4308/4098 272/4303/272
f 4100/4311/4100 4094/4301/4094 4095/4304/4095
f 454/4299/454 4094/4301/4094 4092/4297/4092
f 4101/4312/4101 4099/4310/4099 4098/4308/4098
f 4041/4225/4041 4093/4298/4093 4102/4313/4102
f 4041/4225/4041 4088/4291/4088 4093/4298/4093
f 4103/4314/4103 4104/4315/4104 4105/4316/4105
f 4104/4315/4104 4093/4298/4093 4090/4295/4090
f 4091/4296/4091 4104/4315/4104 4090/4295/4090
f 4093/4298/4093 4104/4315/4104 4106/4317/4106
f 4107/4318/4107 4087/4290/4087 4102/4313/4102
f 4087/4290/4087 4074/4270/4074 4102/4313/4102
f 4108/4319/4108 4102/4313/4102 4106/4317/4106
f 4103/4314/4103 4106/4317/4106 4104/4315/4104
f 4102/4313/4102 4093/4298/4093 4106/4317/4106
f 4103/4314/4103 4109/4320/4109 4106/4317/4106
f 4104/4315/4104 4091/4296/4091 4105/4316/4105
f 4074/4270/4074 4041/4225/4041 4102/4313/4102
f 4096/4305/4096 4105/4316/4105 4091/4296/4091
f 4105/4316/4105 4096/4305/4096 4100/4311/4100
f 4105/4316/4105 4100/4311/4100 4110/4321/4110
f 4099/4310/4099 4100/4311/4100 4095/4304/4095
f 4096/4305/4096 4094/4301/4094 4100/4311/4100
f 4111/4322/4111 4100/4311/4100 4099/4310/4099
f 4112/4323/4112 4110/4321/4110 4113/4324/4113
f 4110/4321/4110 4112/4323/4112 4105/4316/4105
f 4113/4324/4113 4111/4322/4111 4114/4325/4114
f 4111/4322/4111 4113/4324/4113 4110/4321/4110
f 4115/4326/4115 4114/4325/4114 4111/4322/4111
f 4116/4327/4116 4112/4323/4112 4113/4324/4113
f 4110/4321/4110 4100/4311/4100 4111/4322/4111
f 4117/4328/4117 4103/4314/4103 4112/4323/4112
f 4111/4322/4111 4099/4310/4099 4101/4312/4101
f 4105/4316/4105 4112/4323/4112 4103/4314/4103
f 4091/4296/4091 4092/4297/4092 4096/4305/4096
f 4114/4325/4114 4118/4329/4118 4113/4324/4113
f 4101/4312/4101 4098/4308/4098 4097/4307/4097
f 4023/4206/4023 4088/4291/4088 4026/4210/4026
f 4119/4330/4119 4120/4331/4120 4097/4307/4097
f 4119/4330/4119 276/4309/276 253/4332/253
f 4121/4333/4121 4119/4330/4119 253/4332/253
f 4121/4333/4121 253/4332/253 244/4334/244
f 4101/4312/4101 4120/4331/4120 4122/4335/4122
f 4097/4307/4097 4120/4331/4120 4101/4312/4101
f 4120/4331/4120 4119/4330/4119 4123/4336/4123
f 244/4334/244 4124/4337/4124 4121/4333/4121
f 4123/4336/4123 4119/4330/4119 4121/4333/4121
f 4120/4331/4120 4123/4336/4123 4125/4338/4125
f 4126/4339/4126 4123/4336/4123 4121/4333/4121
f 4097/4307/4097 276/4309/276 4119/4330/4119
f 245/4340/245 288/4341/288 4127/4342/4127
f 239/4343/239 57/4344/57 3738/4345/3738
f 288/4341/288 239/4343/239 4128/4346/4128
f 4126/4339/4126 4121/4333/4121 4124/4337/4124
f 4127/4342/4127 4124/4337/4124 245/4340/245
f 4124/4337/4124 4127/4342/4127 4129/4347/4129
f 4128/4346/4128 4127/4342/4127 288/4341/288
f 3738/4345/3738 4128/4346/4128 239/4343/239
f 4130/4348/4130 4127/4342/4127 4128/4346/4128
f 4124/4337/4124 4129/4347/4129 4126/4339/4126
f 3740/4349/3740 4128/4346/4128 3738/4345/3738
f 245/4340/245 4124/4337/4124 244/4334/244
f 4123/4336/4123 4126/4339/4126 4131/4350/4131
f 4115/4326/4115 4122/4335/4122 4132/4351/4132
f 4115/4326/4115 4101/4312/4101 4122/4335/4122
f 4125/4338/4125 4131/4350/4131 4133/4352/4133
f 4125/4338/4125 4123/4336/4123 4131/4350/4131
f 4120/4331/4120 4125/4338/4125 4122/4335/4122
f 4122/4335/4122 4125/4338/4125 4134/4353/4134
f 4135/4354/4135 4114/4325/4114 4136/4355/4136
f 4132/4351/4132 4136/4355/4136 4115/4326/4115
f 4137/4356/4137 4132/4351/4132 4134/4353/4134
f 4133/4352/4133 4134/4353/4134 4125/4338/4125
f 4132/4351/4132 4122/4335/4122 4134/4353/4134
f 4138/4357/4138 4136/4355/4136 4132/4351/4132
f 4131/4350/4131 4139/4358/4139 4133/4352/4133
f 4115/4326/4115 4136/4355/4136 4114/4325/4114
f 4129/4347/4129 4139/4358/4139 4131/4350/4131
f 4139/4358/4139 4129/4347/4129 4130/4348/4130
f 4139/4358/4139 4130/4348/4130 4140/4359/4140
f 3740/4349/3740 4130/4348/4130 4128/4346/4128
f 4129/4347/4129 4127/4342/4127 4130/4348/4130
f 3754/4360/3754 4130/4348/4130 3740/4349/3740
f 4141/4361/4141 4140/4359/4140 4142/4362/4142
f 4140/4359/4140 4141/4361/4141 4139/4358/4139
f 4142/4362/4142 3754/4360/3754 3759/4363/3759
f 3754/4360/3754 4142/4362/4142 4140/4359/4140
f 4143/4364/4143 4141/4361/4141 4142/4362/4142
f 4140/4359/4140 4130/4348/4130 3754/4360/3754
f 4144/4365/4144 4133/4352/4133 4141/4361/4141
f 4139/4358/4139 4141/4361/4141 4133/4352/4133
f 4131/4350/4131 4126/4339/4126 4129/4347/4129
f 4145/4366/4145 4134/4353/4134 4133/4352/4133
f 4101/4312/4101 4115/4326/4115 4111/4322/4111
f 3805/4367/3805 4142/4362/4142 3759/4363/3759
f 4078/4274/4078 4087/4290/4087 4146/4368/4146
f 4146/4368/4146 4087/4290/4087 4107/4318/4107
f 4147/4369/4147 4107/4318/4107 4108/4319/4108
f 4109/4320/4109 4108/4319/4108 4106/4317/4106
f 4107/4318/4107 4102/4313/4102 4108/4319/4108
f 4148/4370/4148 4108/4319/4108 4109/4320/4109
f 4149/4371/4149 4146/4368/4146 4147/4369/4147
f 4147/4369/4147 4146/4368/4146 4107/4318/4107
f 4148/4370/4148 4150/4372/4150 4147/4369/4147
f 4151/4373/4151 4150/4372/4150 4148/4370/4148
f 4147/4369/4147 4108/4319/4108 4148/4370/4148
f 4078/4274/4078 4146/4368/4146 4152/4374/4152
f 4148/4370/4148 4109/4320/4109 4153/4375/4153
f 4150/4372/4150 4149/4371/4149 4147/4369/4147
f 4117/4328/4117 4153/4375/4153 4109/4320/4109
f 4153/4375/4153 4117/4328/4117 4116/4327/4116
f 4153/4375/4153 4116/4327/4116 4154/4376/4154
f 4118/4329/4118 4116/4327/4116 4113/4324/4113
f 4117/4328/4117 4112/4323/4112 4116/4327/4116
f 4155/4377/4155 4116/4327/4116 4118/4329/4118
f 4153/4375/4153 4156/4378/4156 4151/4373/4151
f 4156/4378/4156 4153/4375/4153 4154/4376/4154
f 4154/4376/4154 4157/4379/4157 4156/4378/4156
f 4157/4379/4157 4154/4376/4154 4155/4377/4155
f 4157/4379/4157 4155/4377/4155 4158/4380/4158
f 4156/4378/4156 4157/4379/4157 4159/4381/4159
f 4154/4376/4154 4116/4327/4116 4155/4377/4155
f 4150/4372/4150 4151/4373/4151 4160/4382/4160
f 4118/4329/4118 4135/4354/4135 4155/4377/4155
f 4153/4375/4153 4151/4373/4151 4148/4370/4148
f 4109/4320/4109 4103/4314/4103 4117/4328/4117
f 4161/4383/4161 4151/4373/4151 4156/4378/4156
f 4162/4384/4162 4079/4275/4079 4152/4374/4152
f 4079/4275/4079 4078/4274/4078 4152/4374/4152
f 4149/4371/4149 4163/4385/4163 4152/4374/4152
f 4163/4385/4163 4149/4371/4149 4164/4386/4164
f 4146/4368/4146 4149/4371/4149 4152/4374/4152
f 4162/4384/4162 4152/4374/4152 4163/4385/4163
f 4081/4277/4081 3866/4289/3866 4080/4276/4080
f 3866/4289/3866 4081/4277/4081 3863/4387/3863
f 4162/4384/4162 3863/4387/3863 4081/4277/4081
f 3865/4388/3865 3863/4387/3863 4162/4384/4162
f 4081/4277/4081 4079/4275/4079 4162/4384/4162
f 4162/4384/4162 4163/4385/4163 3865/4388/3865
f 4079/4275/4079 4081/4277/4081 4076/4272/4076
f 3861/4389/3861 4164/4386/4164 4160/4382/4160
f 4164/4386/4164 4149/4371/4149 4150/4372/4150
f 3860/4390/3860 4160/4382/4160 4161/4383/4161
f 4164/4386/4164 4150/4372/4150 4160/4382/4160
f 4161/4383/4161 4160/4382/4160 4151/4373/4151
f 3859/4391/3859 4161/4383/4161 4159/4381/4159
f 3865/4388/3865 4163/4385/4163 3864/4392/3864
f 3860/4390/3860 3861/4389/3861 4160/4382/4160
f 3859/4391/3859 3860/4390/3860 4161/4383/4161
f 3864/4392/3864 4164/4386/4164 3861/4389/3861
f 4159/4381/4159 3833/4393/3833 3859/4391/3859
f 3864/4392/3864 4163/4385/4163 4164/4386/4164
f 4156/4378/4156 4159/4381/4159 4161/4383/4161
f 4157/4379/4157 4165/4394/4165 4159/4381/4159
f 4078/4274/4078 4079/4275/4079 4077/4273/4077
f 4135/4354/4135 4138/4357/4138 4166/4395/4166
f 4138/4357/4138 4135/4354/4135 4136/4355/4136
f 4137/4356/4137 4145/4366/4145 4167/4396/4167
f 4145/4366/4145 4137/4356/4137 4134/4353/4134
f 4138/4357/4138 4132/4351/4132 4137/4356/4137
f 4138/4357/4138 4137/4356/4137 4168/4397/4168
f 4169/4398/4169 4170/4399/4170 4166/4395/4166
f 4166/4395/4166 4170/4399/4170 4135/4354/4135
f 4171/4400/4171 4168/4397/4168 4167/4396/4167
f 4167/4396/4167 4168/4397/4168 4137/4356/4137
f 4166/4395/4166 4138/4357/4138 4168/4397/4168
f 4172/4401/4172 4166/4395/4166 4168/4397/4168
f 4145/4366/4145 4144/4365/4144 4167/4396/4167
f 4135/4354/4135 4170/4399/4170 4155/4377/4155
f 4144/4365/4144 4173/4402/4173 4167/4396/4167
f 4173/4402/4173 4144/4365/4144 4143/4364/4143
f 4173/4402/4173 4143/4364/4143 4174/4403/4174
f 3805/4367/3805 4143/4364/4143 4142/4362/4142
f 4144/4365/4144 4141/4361/4141 4143/4364/4143
f 3809/4404/3809 4143/4364/4143 3805/4367/3805
f 4173/4402/4173 4175/4405/4175 4176/4406/4176
f 4175/4405/4175 4173/4402/4173 4174/4403/4174
f 4174/4403/4174 3824/4407/3824 4175/4405/4175
f 3824/4407/3824 4174/4403/4174 3809/4404/3809
f 4175/4405/4175 3824/4407/3824 3828/4408/3828
f 4174/4403/4174 4143/4364/4143 3809/4404/3809
f 4176/4406/4176 4175/4405/4175 4177/4409/4177
f 4173/4402/4173 4176/4406/4176 4167/4396/4167
f 4145/4366/4145 4133/4352/4133 4144/4365/4144
f 4167/4396/4167 4176/4406/4176 4171/4400/4171
f 4178/4410/4178 4158/4380/4158 4169/4398/4169
f 4169/4398/4169 4158/4380/4158 4170/4399/4170
f 4172/4401/4172 4179/4411/4179 4169/4398/4169
f 4179/4411/4179 4172/4401/4172 4180/4412/4180
f 4169/4398/4169 4166/4395/4166 4172/4401/4172
f 4178/4410/4178 4169/4398/4169 4179/4411/4179
f 4165/4394/4165 3833/4393/3833 4159/4381/4159
f 3833/4393/3833 4165/4394/4165 3832/4413/3832
f 4178/4410/4178 3835/4414/3835 3832/4413/3832
f 3835/4414/3835 4178/4410/4178 4179/4411/4179
f 4178/4410/4178 3832/4413/3832 4165/4394/4165
f 4165/4394/4165 4158/4380/4158 4178/4410/4178
f 4179/4411/4179 3834/4415/3834 3835/4414/3835
f 4158/4380/4158 4165/4394/4165 4157/4379/4157
f 4171/4400/4171 4181/4416/4181 4180/4412/4180
f 4171/4400/4171 4176/4406/4176 4181/4416/4181
f 4177/4409/4177 3828/4408/3828 3827/4417/3827
f 4181/4416/4181 4176/4406/4176 4177/4409/4177
f 4175/4405/4175 3828/4408/3828 4177/4409/4177
f 4181/4416/4181 4177/4409/4177 3829/4418/3829
f 4180/4412/4180 3834/4415/3834 4179/4411/4179
f 3834/4415/3834 4180/4412/4180 3830/4419/3830
f 3830/4419/3830 4180/4412/4180 4181/4416/4181
f 3830/4419/3830 4181/4416/4181 3829/4418/3829
f 4177/4409/4177 3827/4417/3827 3829/4418/3829
f 4171/4400/4171 4180/4412/4180 4172/4401/4172
f 4172/4401/4172 4168/4397/4168 4171/4400/4171
f 4170/4399/4170 4158/4380/4158 4155/4377/4155
f 4118/4329/4118 4114/4325/4114 4135/4354/4135
f 4087/4290/4087 4078/4274/4078 4073/4269/4073
f 4182/4420/4182 4183/4421/4183 4184/4422/4184
f 4182/4420/4182 4184/4422/4184 4185/4423/4185
f 4186/4424/4186 4185/4423/4185 4187/4425/4187
f 4183/4421/4183 4188/4426/4188 4189/4427/4189
f 4188/4426/4188 4183/4421/4183 4182/4420/4182
f 4188/4426/4188 4186/4424/4186 4190/4428/4190
f 4186/4424/4186 4188/4426/4188 4182/4420/4182
f 4182/4420/4182 4185/4423/4185 4186/4424/4186
f 4189/4427/4189 4188/4426/4188 4191/4429/4191
f 4187/4425/4187 4192/4430/4192 4186/4424/4186
f 4193/4431/4193 4194/4432/4194 4195/4433/4195
f 4196/4434/4196 4197/4435/4197 4198/4436/4198
f 4194/4432/4194 4196/4434/4196 4199/4437/4199
f 4200/4438/4200 4190/4428/4190 4192/4430/4192
f 4190/4428/4190 4186/4424/4186 4192/4430/4192
f 4201/4439/4201 4192/4430/4192 4195/4433/4195
f 4199/4437/4199 4195/4433/4195 4194/4432/4194
f 4198/4436/4198 4199/4437/4199 4196/4434/4196
f 4202/4440/4202 4195/4433/4195 4199/4437/4199
f 4192/4430/4192 4193/4431/4193 4195/4433/4195
f 4203/4441/4203 4199/4437/4199 4198/4436/4198
f 4197/4435/4197 4204/4442/4204 4198/4436/4198
f 4192/4430/4192 4187/4425/4187 4193/4431/4193
f 4188/4426/4188 4190/4428/4190 4205/4443/4205
f 4191/4429/4191 4206/4444/4206 4207/4445/4207
f 4191/4429/4191 4188/4426/4188 4206/4444/4206
f 4208/4446/4208 4205/4443/4205 4209/4447/4209
f 4205/4443/4205 4206/4444/4206 4188/4426/4188
f 4200/4438/4200 4205/4443/4205 4190/4428/4190
f 4206/4444/4206 4205/4443/4205 4210/4448/4210
f 4207/4445/4207 4211/4449/4211 4212/4450/4212
f 4207/4445/4207 4206/4444/4206 4211/4449/4211
f 4210/4448/4210 4208/4446/4208 4213/4451/4213
f 4211/4449/4211 4206/4444/4206 4210/4448/4210
f 4205/4443/4205 4208/4446/4208 4210/4448/4210
f 4211/4449/4211 4210/4448/4210 4214/4452/4214
f 4205/4443/4205 4200/4438/4200 4209/4447/4209
f 4215/4453/4215 4209/4447/4209 4201/4439/4201
f 4201/4439/4201 4209/4447/4209 4200/4438/4200
f 4216/4454/4216 4201/4439/4201 4202/4440/4202
f 4203/4441/4203 4202/4440/4202 4199/4437/4199
f 4201/4439/4201 4195/4433/4195 4202/4440/4202
f 4217/4455/4217 4202/4440/4202 4203/4441/4203
f 4215/4453/4215 4218/4456/4218 4209/4447/4209
f 4218/4456/4218 4215/4453/4215 4216/4454/4216
f 4216/4454/4216 4217/4455/4217 4219/4457/4219
f 4217/4455/4217 4216/4454/4216 4202/4440/4202
f 4219/4457/4219 4217/4455/4217 4220/4458/4220
f 4216/4454/4216 4219/4457/4219 4218/4456/4218
f 4215/4453/4215 4201/4439/4201 4216/4454/4216
f 4218/4456/4218 4219/4457/4219 4221/4459/4221
f 4203/4441/4203 4222/4460/4222 4217/4455/4217
f 4209/4447/4209 4218/4456/4218 4208/4446/4208
f 4200/4438/4200 4192/4430/4192 4201/4439/4201
f 4208/4446/4208 4218/4456/4218 4223/4461/4223
f 4198/4436/4198 4224/4462/4224 4203/4441/4203
f 4224/4462/4224 4204/4442/4204 4225/4463/4225
f 4226/4464/4226 4203/4441/4203 4224/4462/4224
f 4225/4463/4225 4227/4465/4227 4224/4462/4224
f 4227/4465/4227 4225/4463/4225 4228/4466/4228
f 4224/4462/4224 4227/4465/4227 4229/4467/4229
f 4226/4464/4226 4229/4467/4229 4230/4468/4230
f 4226/4464/4226 4224/4462/4224 4229/4467/4229
f 4228/4466/4228 4231/4469/4231 4229/4467/4229
f 4231/4469/4231 4228/4466/4228 4232/4470/4232
f 4227/4465/4227 4228/4466/4228 4229/4467/4229
f 4229/4467/4229 4231/4469/4231 4233/4471/4233
f 4225/4463/4225 4234/4472/4234 4228/4466/4228
f 4222/4460/4222 4203/4441/4203 4226/4464/4226
f 4234/4472/4234 4235/4473/4235 4232/4470/4232
f 4236/4474/4236 4237/4475/4237 4238/4476/4238
f 4235/4473/4235 4236/4474/4236 4238/4476/4238
f 4239/4477/4239 4231/4469/4231 4232/4470/4232
f 4239/4477/4239 4232/4470/4232 4238/4476/4238
f 4239/4477/4239 4238/4476/4238 4240/4478/4240
f 4241/4479/4241 4238/4476/4238 4237/4475/4237
f 4242/4480/4242 4243/4481/4243 4241/4479/4241
f 4244/4482/4244 4238/4476/4238 4241/4479/4241
f 4232/4470/4232 4235/4473/4235 4238/4476/4238
f 4245/4483/4245 4241/4479/4241 4243/4481/4243
f 4241/4479/4241 4237/4475/4237 4242/4480/4242
f 4232/4470/4232 4228/4466/4228 4234/4472/4234
f 4231/4469/4231 4239/4477/4239 4246/4484/4246
f 4222/4460/4222 4230/4468/4230 4247/4485/4247
f 4222/4460/4222 4226/4464/4226 4230/4468/4230
f 4233/4471/4233 4246/4484/4246 4248/4486/4248
f 4233/4471/4233 4231/4469/4231 4246/4484/4246
f 4229/4467/4229 4233/4471/4233 4230/4468/4230
f 4230/4468/4230 4233/4471/4233 4249/4487/4249
f 4220/4458/4220 4247/4485/4247 4250/4488/4250
f 4247/4485/4247 4220/4458/4220 4222/4460/4222
f 4249/4487/4249 4248/4486/4248 4251/4489/4251
f 4248/4486/4248 4249/4487/4249 4233/4471/4233
f 4247/4485/4247 4230/4468/4230 4249/4487/4249
f 4247/4485/4247 4249/4487/4249 4252/4490/4252
f 4246/4484/4246 4253/4491/4253 4248/4486/4248
f 4220/4458/4220 4217/4455/4217 4222/4460/4222
f 4254/4492/4254 4253/4491/4253 4246/4484/4246
f 4255/4493/4255 4254/4492/4254 4240/4478/4240
f 4255/4493/4255 4240/4478/4240 4244/4482/4244
f 4245/4483/4245 4244/4482/4244 4241/4479/4241
f 4240/4478/4240 4238/4476/4238 4244/4482/4244
f 4256/4494/4256 4244/4482/4244 4245/4483/4245
f 4253/4491/4253 4257/4495/4257 4258/4496/4258
f 4253/4491/4253 4254/4492/4254 4257/4495/4257
f 4255/4493/4255 4256/4494/4256 4259/4497/4259
f 4256/4494/4256 4255/4493/4255 4244/4482/4244
f 4259/4497/4259 4256/4494/4256 4260/4498/4260
f 4255/4493/4255 4259/4497/4259 4257/4495/4257
f 4254/4492/4254 4255/4493/4255 4257/4495/4257
f 4257/4495/4257 4259/4497/4259 4261/4499/4261
f 4245/4483/4245 4262/4500/4262 4256/4494/4256
f 4246/4484/4246 4239/4477/4239 4254/4492/4254
f 4239/4477/4239 4240/4478/4240 4254/4492/4254
f 4248/4486/4248 4253/4491/4253 4263/4501/4263
f 4243/4481/4243 4264/4502/4264 4245/4483/4245
f 4224/4462/4224 4198/4436/4198 4204/4442/4204
f 4219/4457/4219 4220/4458/4220 4265/4503/4265
f 4212/4450/4212 4266/4504/4266 4267/4505/4267
f 4212/4450/4212 4211/4449/4211 4266/4504/4266
f 4214/4452/4214 4213/4451/4213 4268/4506/4268
f 4214/4452/4214 4210/4448/4210 4213/4451/4213
f 4211/4449/4211 4214/4452/4214 4266/4504/4266
f 4266/4504/4266 4214/4452/4214 4268/4506/4268
f 4269/4507/4269 4270/4508/4270 4267/4505/4267
f 4267/4505/4267 4270/4508/4270 4212/4450/4212
f 4271/4509/4271 4268/4506/4268 4272/4510/4272
f 4272/4510/4272 4268/4506/4268 4213/4451/4213
f 4267/4505/4267 4266/4504/4266 4268/4506/4268
f 4273/4511/4273 4267/4505/4267 4268/4506/4268
f 4213/4451/4213 4223/4461/4223 4272/4510/4272
f 4223/4461/4223 4274/4512/4274 4272/4510/4272
f 4274/4512/4274 4223/4461/4223 4221/4459/4221
f 4274/4512/4274 4221/4459/4221 4275/4513/4275
f 4221/4459/4221 4219/4457/4219 4265/4503/4265
f 4218/4456/4218 4221/4459/4221 4223/4461/4223
f 4276/4514/4276 4221/4459/4221 4265/4503/4265
f 4274/4512/4274 4277/4515/4277 4278/4516/4278
f 4277/4515/4277 4274/4512/4274 4275/4513/4275
f 4275/4513/4275 4279/4517/4279 4277/4515/4277
f 4279/4517/4279 4275/4513/4275 4276/4514/4276
f 4280/4518/4280 4279/4517/4279 4276/4514/4276
f 4281/4519/4281 4278/4516/4278 4282/4520/4282
f 4275/4513/4275 4221/4459/4221 4276/4514/4276
f 4283/4521/4283 4282/4520/4282 4277/4515/4277
f 4276/4514/4276 4265/4503/4265 4284/4522/4284
f 4274/4512/4274 4278/4516/4278 4272/4510/4272
f 4208/4446/4208 4223/4461/4223 4213/4451/4213
f 4272/4510/4272 4278/4516/4278 4271/4509/4271
f 4285/4523/4285 4269/4507/4269 4286/4524/4286
f 4285/4523/4285 4270/4508/4270 4269/4507/4269
f 4287/4525/4287 4286/4524/4286 4269/4507/4269
f 4287/4525/4287 4269/4507/4269 4273/4511/4273
f 4267/4505/4267 4273/4511/4273 4269/4507/4269
f 4285/4523/4285 4286/4524/4286 4288/4526/4288
f 233/4527/233 4288/4526/4288 315/4528/315
f 315/4528/315 4288/4526/4288 4286/4524/4286
f 4286/4524/4286 317/4529/317 315/4528/315
f 4287/4525/4287 317/4529/317 4286/4524/4286
f 4289/4530/4289 307/4531/307 4287/4525/4287
f 4271/4509/4271 4278/4516/4278 4281/4519/4281
f 4289/4530/4289 4271/4509/4271 4281/4519/4281
f 4289/4530/4289 4281/4519/4281 306/4532/306
f 318/4533/318 4281/4519/4281 4282/4520/4282
f 4277/4515/4277 4282/4520/4282 4278/4516/4278
f 4287/4525/4287 307/4531/307 317/4529/317
f 4289/4530/4289 4273/4511/4273 4271/4509/4271
f 307/4531/307 4289/4530/4289 306/4532/306
f 306/4532/306 4281/4519/4281 318/4533/318
f 4282/4520/4282 305/4534/305 318/4533/318
f 4279/4517/4279 4283/4521/4283 4277/4515/4277
f 4289/4530/4289 4287/4525/4287 4273/4511/4273
f 4271/4509/4271 4273/4511/4273 4268/4506/4268
f 4283/4521/4283 305/4534/305 4282/4520/4282
f 4250/4488/4250 4252/4490/4252 4290/4535/4290
f 4250/4488/4250 4247/4485/4247 4252/4490/4252
f 4251/4489/4251 4263/4501/4263 4291/4536/4291
f 4251/4489/4251 4248/4486/4248 4263/4501/4263
f 4249/4487/4249 4251/4489/4251 4252/4490/4252
f 4252/4490/4252 4251/4489/4251 4292/4537/4292
f 4293/4538/4293 4284/4522/4284 4290/4535/4290
f 4290/4535/4290 4284/4522/4284 4250/4488/4250
f 4292/4537/4292 4291/4536/4291 4294/4539/4294
f 4291/4536/4291 4292/4537/4292 4251/4489/4251
f 4290/4535/4290 4252/4490/4252 4292/4537/4292
f 4295/4540/4295 4290/4535/4290 4292/4537/4292
f 4263/4501/4263 4296/4541/4296 4291/4536/4291
f 4280/4518/4280 4276/4514/4276 4284/4522/4284
f 4258/4496/4258 4261/4499/4261 4297/4542/4297
f 4258/4496/4258 4257/4495/4257 4261/4499/4261
f 4260/4498/4260 4298/4543/4298 4261/4499/4261
f 4298/4543/4298 4260/4498/4260 4299/4544/4299
f 4263/4501/4263 4253/4491/4253 4258/4496/4258
f 4297/4542/4297 4261/4499/4261 4300/4545/4300
f 4291/4536/4291 4301/4546/4301 4294/4539/4294
f 4291/4536/4291 4296/4541/4296 4301/4546/4301
f 4296/4541/4296 4302/4547/4302 4301/4546/4301
f 4302/4547/4302 4296/4541/4296 4297/4542/4297
f 4303/4548/4303 4302/4547/4302 4297/4542/4297
f 4304/4549/4304 4294/4539/4294 4305/4550/4305
f 4296/4541/4296 4258/4496/4258 4297/4542/4297
f 4306/4551/4306 4305/4550/4305 4301/4546/4301
f 4306/4551/4306 4302/4547/4302 4307/4552/4307
f 4296/4541/4296 4263/4501/4263 4258/4496/4258
f 4265/4503/4265 4220/4458/4220 4250/4488/4250
f 4294/4539/4294 4295/4540/4295 4292/4537/4292
f 4308/4553/4308 304/4554/304 4283/4521/4283
f 4308/4553/4308 4280/4518/4280 4309/4555/4309
f 4293/4538/4293 4309/4555/4309 4280/4518/4280
f 4310/4556/4310 187/4557/187 4309/4555/4309
f 4284/4522/4284 4293/4538/4293 4280/4518/4280
f 4308/4553/4308 4309/4555/4309 185/4558/185
f 4283/4521/4283 304/4554/304 305/4534/305
f 4308/4553/4308 4279/4517/4279 4280/4518/4280
f 304/4554/304 4308/4553/4308 185/4558/185
f 185/4558/185 4309/4555/4309 187/4557/187
f 187/4557/187 4310/4556/4310 296/4559/296
f 4309/4555/4309 4293/4538/4293 4310/4556/4310
f 4283/4521/4283 4279/4517/4279 4308/4553/4308
f 4295/4540/4295 4304/4549/4304 4310/4556/4310
f 4295/4540/4295 4294/4539/4294 4304/4549/4304
f 4306/4551/4306 4301/4546/4301 4302/4547/4302
f 4305/4550/4305 729/4560/729 4304/4549/4304
f 286/4561/286 4305/4550/4305 4306/4551/4306
f 4305/4550/4305 4294/4539/4294 4301/4546/4301
f 4310/4556/4310 730/4562/730 296/4559/296
f 4310/4556/4310 4304/4549/4304 730/4562/730
f 730/4562/730 4304/4549/4304 729/4560/729
f 729/4560/729 4305/4550/4305 286/4561/286
f 4306/4551/4306 287/4563/287 286/4561/286
f 4303/4548/4303 4307/4552/4307 4302/4547/4302
f 4295/4540/4295 4310/4556/4310 4293/4538/4293
f 4290/4535/4290 4295/4540/4295 4293/4538/4293
f 4298/4543/4298 4300/4545/4300 4261/4499/4261
f 4284/4522/4284 4265/4503/4265 4250/4488/4250
f 4261/4499/4261 4259/4497/4259 4260/4498/4260
f 4256/4494/4256 4262/4500/4262 4260/4498/4260
f 4311/4564/4311 4264/4502/4264 4243/4481/4243
f 4312/4565/4312 4313/4566/4313 4314/4567/4314
f 4311/4564/4311 4313/4566/4313 4264/4502/4264
f 4315/4568/4315 4245/4483/4245 4264/4502/4264
f 4315/4568/4315 4264/4502/4264 4312/4565/4312
f 4312/4565/4312 4316/4569/4316 4315/4568/4315
f 4314/4567/4314 4316/4569/4316 4312/4565/4312
f 4264/4502/4264 4313/4566/4313 4312/4565/4312
f 4315/4568/4315 4316/4569/4316 4317/4570/4317
f 4314/4567/4314 4313/4566/4313 4318/4571/4318
f 4315/4568/4315 4262/4500/4262 4245/4483/4245
f 4319/4572/4319 4320/4573/4320 4321/4574/4321
f 4322/4575/4322 4323/4576/4323 4324/4577/4324
f 4320/4573/4320 4323/4576/4323 4325/4578/4325
f 4314/4567/4314 4326/4579/4326 4316/4569/4316
f 4326/4579/4326 4314/4567/4314 4321/4574/4321
f 4326/4579/4326 4321/4574/4321 4327/4580/4327
f 4325/4578/4325 4321/4574/4321 4320/4573/4320
f 4322/4575/4322 4325/4578/4325 4323/4576/4323
f 4328/4581/4328 4321/4574/4321 4325/4578/4325
f 4318/4571/4318 4321/4574/4321 4314/4567/4314
f 4329/4582/4329 4325/4578/4325 4322/4575/4322
f 4329/4582/4329 4322/4575/4322 4324/4577/4324
f 4321/4574/4321 4318/4571/4318 4319/4572/4319
f 4316/4569/4316 4326/4579/4326 4330/4583/4330
f 4262/4500/4262 4317/4570/4317 4299/4544/4299
f 4262/4500/4262 4315/4568/4315 4317/4570/4317
f 4331/4584/4331 4330/4583/4330 4332/4585/4332
f 4330/4583/4330 4317/4570/4317 4316/4569/4316
f 4332/4585/4332 4326/4579/4326 4327/4580/4327
f 4317/4570/4317 4330/4583/4330 4333/4586/4333
f 4334/4587/4334 4298/4543/4298 4299/4544/4299
f 4334/4587/4334 4299/4544/4299 4333/4586/4333
f 4334/4587/4334 4333/4586/4333 4335/4588/4335
f 4331/4584/4331 4333/4586/4333 4330/4583/4330
f 4299/4544/4299 4317/4570/4317 4333/4586/4333
f 4331/4584/4331 4336/4589/4336 4333/4586/4333
f 4326/4579/4326 4332/4585/4332 4330/4583/4330
f 4260/4498/4260 4262/4500/4262 4299/4544/4299
f 4332/4585/4332 4337/4590/4337 4338/4591/4338
f 4332/4585/4332 4327/4580/4327 4337/4590/4337
f 4337/4590/4337 4328/4581/4328 4339/4592/4339
f 4329/4582/4329 4328/4581/4328 4325/4578/4325
f 4327/4580/4327 4328/4581/4328 4337/4590/4337
f 4339/4592/4339 4328/4581/4328 4329/4582/4329
f 4340/4593/4340 4331/4584/4331 4338/4591/4338
f 4338/4591/4338 4337/4590/4337 4341/4594/4341
f 4339/4592/4339 4342/4595/4342 4343/4596/4343
f 4342/4595/4342 4339/4592/4339 4329/4582/4329
f 4343/4596/4343 4342/4595/4342 4344/4597/4344
f 4339/4592/4339 4343/4596/4343 4341/4594/4341
f 4337/4590/4337 4339/4592/4339 4341/4594/4341
f 4345/4598/4345 4338/4591/4338 4341/4594/4341
f 4342/4595/4342 4329/4582/4329 4346/4599/4346
f 4332/4585/4332 4338/4591/4338 4331/4584/4331
f 4327/4580/4327 4321/4574/4321 4328/4581/4328
f 4343/4596/4343 4347/4600/4347 4341/4594/4341
f 4324/4577/4324 4323/4576/4323 4348/4601/4348
f 4334/4587/4334 4349/4602/4349 4298/4543/4298
f 4324/4577/4324 4350/4603/4350 4351/4604/4351
f 4324/4577/4324 4348/4601/4348 4350/4603/4350
f 4350/4603/4350 4352/4605/4352 4353/4606/4353
f 4348/4601/4348 4352/4605/4352 4350/4603/4350
f 4353/4606/4353 4352/4605/4352 4354/4607/4354
f 4346/4599/4346 4351/4604/4351 4355/4608/4355
f 4346/4599/4346 4324/4577/4324 4351/4604/4351
f 4353/4606/4353 4356/4609/4356 4351/4604/4351
f 4356/4609/4356 4353/4606/4353 4357/4610/4357
f 4350/4603/4350 4353/4606/4353 4351/4604/4351
f 4351/4604/4351 4356/4609/4356 4358/4611/4358
f 4354/4607/4354 4357/4610/4357 4353/4606/4353
f 4324/4577/4324 4346/4599/4346 4329/4582/4329
f 4359/4612/4359 4360/4613/4360 4361/4614/4361
f 4362/4615/4362 4363/4616/4363 4364/4617/4364
f 4360/4613/4360 4362/4615/4362 4365/4618/4365
f 4366/4619/4366 4357/4610/4357 4361/4614/4361
f 4357/4610/4357 4359/4612/4359 4361/4614/4361
f 4365/4618/4365 4364/4617/4364 4367/4620/4367
f 4365/4618/4365 4361/4614/4361 4360/4613/4360
f 4361/4614/4361 4365/4618/4365 4368/4621/4368
f 4364/4617/4364 4365/4618/4365 4362/4615/4362
f 4357/4610/4357 4369/4622/4369 4356/4609/4356
f 4359/4612/4359 4357/4610/4357 4354/4607/4354
f 4367/4620/4367 4368/4621/4368 4365/4618/4365
f 4355/4608/4355 4358/4611/4358 4370/4623/4370
f 4355/4608/4355 4351/4604/4351 4358/4611/4358
f 4369/4622/4369 4371/4624/4371 4358/4611/4358
f 4371/4624/4371 4369/4622/4369 4366/4619/4366
f 4356/4609/4356 4369/4622/4369 4358/4611/4358
f 4358/4611/4358 4371/4624/4371 4372/4625/4372
f 4373/4626/4373 4344/4597/4344 4374/4627/4374
f 4374/4627/4374 4344/4597/4344 4355/4608/4355
f 4375/4628/4375 4370/4623/4370 4372/4625/4372
f 4372/4625/4372 4370/4623/4370 4358/4611/4358
f 4374/4627/4374 4355/4608/4355 4370/4623/4370
f 4376/4629/4376 4374/4627/4374 4370/4623/4370
f 4371/4624/4371 4377/4630/4377 4372/4625/4372
f 4344/4597/4344 4342/4595/4342 4355/4608/4355
f 4366/4619/4366 4378/4631/4378 4371/4624/4371
f 4378/4631/4378 4366/4619/4366 4368/4621/4368
f 4378/4631/4378 4368/4621/4368 4379/4632/4379
f 4380/4633/4380 4368/4621/4368 4367/4620/4367
f 4366/4619/4366 4361/4614/4361 4368/4621/4368
f 4379/4632/4379 4368/4621/4368 4380/4633/4380
f 4377/4630/4377 4379/4632/4379 4381/4634/4381
f 4379/4632/4379 4377/4630/4377 4378/4631/4378
f 4381/4634/4381 4382/4635/4382 4383/4636/4383
f 4382/4635/4382 4381/4634/4381 4379/4632/4379
f 4377/4630/4377 4381/4634/4381 4384/4637/4384
f 4379/4632/4379 4380/4633/4380 4382/4635/4382
f 4372/4625/4372 4377/4630/4377 4385/4638/4385
f 4378/4631/4378 4377/4630/4377 4371/4624/4371
f 4369/4622/4369 4357/4610/4357 4366/4619/4366
f 4386/4639/4386 4343/4596/4343 4344/4597/4344
f 4355/4608/4355 4342/4595/4342 4346/4599/4346
f 4381/4634/4381 4383/4636/4383 4384/4637/4384
f 4387/4640/4387 4300/4545/4300 4349/4602/4349
f 4298/4543/4298 4349/4602/4349 4300/4545/4300
f 4334/4587/4334 4388/4641/4388 4349/4602/4349
f 4336/4589/4336 4335/4588/4335 4333/4586/4333
f 4335/4588/4335 4388/4641/4388 4334/4587/4334
f 4389/4642/4389 4335/4588/4335 4336/4589/4336
f 4388/4641/4388 4390/4643/4390 4349/4602/4349
f 4390/4643/4390 4388/4641/4388 4391/4644/4391
f 4389/4642/4389 4391/4644/4391 4388/4641/4388
f 4392/4645/4392 4391/4644/4391 4389/4642/4389
f 4388/4641/4388 4335/4588/4335 4389/4642/4389
f 4393/4646/4393 4390/4643/4390 4394/4647/4394
f 4389/4642/4389 4336/4589/4336 4395/4648/4395
f 4387/4640/4387 4349/4602/4349 4390/4643/4390
f 4340/4593/4340 4395/4648/4395 4336/4589/4336
f 4396/4649/4396 4395/4648/4395 4340/4593/4340
f 4396/4649/4396 4340/4593/4340 4345/4598/4345
f 4347/4600/4347 4345/4598/4345 4341/4594/4341
f 4340/4593/4340 4338/4591/4338 4345/4598/4345
f 4397/4650/4397 4345/4598/4345 4347/4600/4347
f 4395/4648/4395 4398/4651/4398 4392/4645/4392
f 4398/4651/4398 4395/4648/4395 4396/4649/4396
f 4396/4649/4396 4399/4652/4399 4398/4651/4398
f 4399/4652/4399 4396/4649/4396 4397/4650/4397
f 4400/4653/4400 4401/4654/4401 4399/4652/4399
f 4398/4651/4398 4399/4652/4399 4401/4654/4401
f 4396/4649/4396 4345/4598/4345 4397/4650/4397
f 4391/4644/4391 4392/4645/4392 4402/4655/4402
f 4399/4652/4399 4397/4650/4397 4403/4656/4403
f 4395/4648/4395 4392/4645/4392 4389/4642/4389
f 4336/4589/4336 4331/4584/4331 4340/4593/4340
f 4404/4657/4404 4392/4645/4392 4398/4651/4398
f 4405/4658/4405 4307/4552/4307 4303/4548/4303
f 4387/4640/4387 4303/4548/4303 4300/4545/4300
f 4405/4658/4405 4387/4640/4387 4393/4646/4393
f 4393/4646/4393 4387/4640/4387 4390/4643/4390
f 605/4659/605 4405/4658/4405 4393/4646/4393
f 4307/4552/4307 4405/4658/4405 701/4660/701
f 4307/4552/4307 701/4660/701 287/4563/287
f 4387/4640/4387 4405/4658/4405 4303/4548/4303
f 701/4660/701 4405/4658/4405 605/4659/605
f 4393/4646/4393 604/4661/604 605/4659/605
f 4394/4647/4394 4390/4643/4390 4391/4644/4391
f 4307/4552/4307 287/4563/287 4306/4551/4306
f 601/4662/601 4394/4647/4394 4402/4655/4402
f 4394/4647/4394 604/4661/604 4393/4646/4393
f 4404/4657/4404 4401/4654/4401 133/4663/133
f 4394/4647/4394 4391/4644/4391 4402/4655/4402
f 4404/4657/4404 4402/4655/4402 4392/4645/4392
f 94/4664/94 4402/4655/4402 4404/4657/4404
f 95/4665/95 601/4662/601 4402/4655/4402
f 133/4663/133 94/4664/94 4404/4657/4404
f 132/4666/132 133/4663/133 4401/4654/4401
f 95/4665/95 4402/4655/4402 94/4664/94
f 4403/4656/4403 4400/4653/4400 4399/4652/4399
f 4394/4647/4394 601/4662/601 604/4661/604
f 4398/4651/4398 4401/4654/4401 4404/4657/4404
f 4397/4650/4397 4347/4600/4347 4406/4667/4406
f 4300/4545/4300 4303/4548/4303 4297/4542/4297
f 4386/4639/4386 4373/4626/4373 4407/4668/4407
f 4373/4626/4373 4386/4639/4386 4344/4597/4344
f 4376/4629/4376 4375/4628/4375 4408/4669/4408
f 4375/4628/4375 4376/4629/4376 4370/4623/4370
f 4373/4626/4373 4374/4627/4374 4376/4629/4376
f 4373/4626/4373 4376/4629/4376 4408/4669/4408
f 4409/4670/4409 4406/4667/4406 4407/4668/4407
f 4407/4668/4407 4406/4667/4406 4386/4639/4386
f 4407/4668/4407 4408/4669/4408 4410/4671/4410
f 4411/4672/4411 4412/4673/4412 4408/4669/4408
f 4407/4668/4407 4373/4626/4373 4408/4669/4408
f 4412/4673/4412 4410/4671/4410 4408/4669/4408
f 4408/4669/4408 4375/4628/4375 4411/4672/4411
f 4386/4639/4386 4406/4667/4406 4347/4600/4347
f 4413/4674/4413 4411/4672/4411 4385/4638/4385
f 4385/4638/4385 4411/4672/4411 4375/4628/4375
f 4414/4675/4414 4385/4638/4385 4384/4637/4384
f 4415/4676/4415 4384/4637/4384 4383/4636/4383
f 4385/4638/4385 4377/4630/4377 4384/4637/4384
f 4414/4675/4414 4384/4637/4384 4415/4676/4415
f 4413/4674/4413 4416/4677/4416 4411/4672/4411
f 4416/4677/4416 4413/4674/4413 4417/4678/4417
f 4414/4675/4414 4418/4679/4418 4417/4678/4417
f 4418/4679/4418 4414/4675/4414 4415/4676/4415
f 4416/4677/4416 4417/4678/4417 4419/4680/4419
f 4414/4675/4414 4417/4678/4417 4413/4674/4413
f 4413/4674/4413 4385/4638/4385 4414/4675/4414
f 4420/4681/4420 4417/4678/4417 4418/4679/4418
f 4411/4672/4411 4416/4677/4416 4412/4673/4412
f 4375/4628/4375 4372/4625/4372 4385/4638/4385
f 4421/4682/4421 4412/4673/4412 4422/4683/4422
f 4423/4684/4423 4400/4653/4400 4403/4656/4403
f 4409/4670/4409 4403/4656/4403 4406/4667/4406
f 4423/4684/4423 4409/4670/4409 4424/4685/4424
f 4412/4673/4412 4421/4682/4421 4410/4671/4410
f 4409/4670/4409 4407/4668/4407 4410/4671/4410
f 12/4686/12 4423/4684/4423 4424/4685/4424
f 4400/4653/4400 128/4687/128 132/4666/132
f 4409/4670/4409 4423/4684/4423 4403/4656/4403
f 4424/4685/4424 4409/4670/4409 4410/4671/4410
f 12/4686/12 4424/4685/4424 13/4688/13
f 4423/4684/4423 12/4686/12 128/4687/128
f 4423/4684/4423 128/4687/128 4400/4653/4400
f 4410/4671/4410 4421/4682/4421 4424/4685/4424
f 132/4666/132 4401/4654/4401 4400/4653/4400
f 4422/4683/4422 4412/4673/4412 4416/4677/4416
f 4421/4682/4421 13/4688/13 4424/4685/4424
f 4419/4680/4419 4420/4681/4420 4425/4689/4425
f 74/4690/74 4421/4682/4421 4422/4683/4422
f 4419/4680/4419 4422/4683/4422 4416/4677/4416
f 4422/4683/4422 4419/4680/4419 303/4691/303
f 74/4690/74 4422/4683/4422 303/4691/303
f 2/4692/2 4425/4689/4425 1/4693/1
f 2/4692/2 303/4691/303 4419/4680/4419
f 4425/4689/4425 2/4692/2 4419/4680/4419
f 4421/4682/4421 74/4690/74 13/4688/13
f 4417/4678/4417 4420/4681/4420 4419/4680/4419
f 4403/4656/4403 4397/4650/4397 4406/4667/4406
f 4347/4600/4347 4343/4596/4343 4386/4639/4386
f 4311/4564/4311 4243/4481/4243 4242/4480/4242
f 4426/4694/4426 4364/4695/4364 4363/4696/4363
f 4426/4694/4426 4363/4696/4363 4362/4697/4362
f 4427/4698/4427 4362/4697/4362 4360/4699/4360
f 4367/4700/4367 4426/4694/4426 4428/4701/4428
f 4426/4694/4426 4367/4700/4367 4364/4695/4364
f 4428/4701/4428 4427/4698/4427 4429/4702/4429
f 4427/4698/4427 4428/4701/4428 4426/4694/4426
f 4426/4694/4426 4362/4697/4362 4427/4698/4427
f 4367/4700/4367 4428/4701/4428 4430/4703/4430
f 4360/4699/4360 4359/4704/4359 4427/4698/4427
f 4359/4704/4359 4354/4705/4354 4431/4706/4431
f 4352/4707/4352 4348/4708/4348 4432/4709/4432
f 4354/4705/4354 4352/4707/4352 4433/4710/4433
f 4434/4711/4434 4429/4702/4429 4435/4712/4435
f 4429/4702/4429 4427/4698/4427 4435/4712/4435
f 4436/4713/4436 4435/4712/4435 4431/4706/4431
f 4433/4710/4433 4431/4706/4431 4354/4705/4354
f 4432/4709/4432 4433/4710/4433 4352/4707/4352
f 4437/4714/4437 4431/4706/4431 4433/4710/4433
f 4435/4712/4435 4359/4704/4359 4431/4706/4431
f 4438/4715/4438 4433/4710/4433 4432/4709/4432
f 4348/4708/4348 4323/4716/4323 4432/4709/4432
f 4435/4712/4435 4427/4698/4427 4359/4704/4359
f 4428/4701/4428 4429/4702/4429 4439/4717/4439
f 4380/4718/4380 4430/4703/4430 4382/4719/4382
f 4380/4718/4380 4367/4700/4367 4430/4703/4430
f 4440/4720/4440 4439/4717/4439 4441/4721/4441
f 4439/4717/4439 4430/4703/4430 4428/4701/4428
f 4434/4711/4434 4439/4717/4439 4429/4702/4429
f 4430/4703/4430 4439/4717/4439 4442/4722/4442
f 4382/4719/4382 4443/4723/4443 4383/4724/4383
f 4382/4719/4382 4430/4703/4430 4443/4723/4443
f 4442/4722/4442 4440/4720/4440 4444/4725/4444
f 4443/4723/4443 4430/4703/4430 4442/4722/4442
f 4439/4717/4439 4440/4720/4440 4442/4722/4442
f 4443/4723/4443 4442/4722/4442 4445/4726/4445
f 4439/4717/4439 4434/4711/4434 4441/4721/4441
f 4446/4727/4446 4441/4721/4441 4436/4713/4436
f 4436/4713/4436 4441/4721/4441 4434/4711/4434
f 4447/4728/4447 4436/4713/4436 4437/4714/4437
f 4438/4715/4438 4437/4714/4437 4433/4710/4433
f 4436/4713/4436 4431/4706/4431 4437/4714/4437
f 4448/4729/4448 4437/4714/4437 4438/4715/4438
f 4446/4727/4446 4449/4730/4449 4441/4721/4441
f 4449/4730/4449 4446/4727/4446 4447/4728/4447
f 4447/4728/4447 4448/4729/4448 4450/4731/4450
f 4448/4729/4448 4447/4728/4447 4437/4714/4437
f 4450/4731/4450 4448/4729/4448 4451/4732/4451
f 4447/4728/4447 4450/4731/4450 4449/4730/4449
f 4446/4727/4446 4436/4713/4436 4447/4728/4447
f 4449/4730/4449 4450/4731/4450 4452/4733/4452
f 4438/4715/4438 4453/4734/4453 4448/4729/4448
f 4441/4721/4441 4449/4730/4449 4440/4720/4440
f 4434/4711/4434 4435/4712/4435 4436/4713/4436
f 4440/4720/4440 4449/4730/4449 4454/4735/4454
f 4432/4709/4432 4455/4736/4455 4438/4715/4438
f 4453/4734/4453 4438/4715/4438 4455/4736/4455
f 4455/4736/4455 4323/4716/4323 4320/4737/4320
f 4455/4736/4455 4320/4737/4320 4456/4738/4456
f 4456/4738/4456 4320/4737/4320 4319/4739/4319
f 4453/4734/4453 4456/4738/4456 4457/4740/4457
f 4456/4738/4456 4453/4734/4453 4455/4736/4455
f 4457/4740/4457 4458/4741/4458 4459/4742/4459
f 4458/4741/4458 4457/4740/4457 4456/4738/4456
f 4456/4738/4456 4319/4739/4319 4458/4741/4458
f 4453/4734/4453 4457/4740/4457 4460/4743/4460
f 4319/4739/4319 4318/4744/4318 4458/4741/4458
f 4461/4745/4461 4448/4729/4448 4453/4734/4453
f 4318/4744/4318 4313/4746/4313 4462/4747/4462
f 4311/4748/4311 4242/4749/4242 4463/4750/4463
f 4313/4746/4313 4311/4748/4311 4463/4750/4463
f 4464/4751/4464 4459/4742/4459 4465/4752/4465
f 4459/4742/4459 4458/4741/4458 4465/4752/4465
f 4466/4753/4466 4465/4752/4465 4462/4747/4462
f 4463/4750/4463 4462/4747/4462 4313/4746/4313
f 4467/4754/4467 4463/4750/4463 4242/4749/4242
f 4468/4755/4468 4462/4747/4462 4463/4750/4463
f 4465/4752/4465 4318/4744/4318 4462/4747/4462
f 4469/4756/4469 4463/4750/4463 4467/4754/4467
f 4242/4749/4242 4237/4757/4237 4467/4754/4467
f 4465/4752/4465 4458/4741/4458 4318/4744/4318
f 4457/4740/4457 4459/4742/4459 4470/4758/4470
f 4461/4745/4461 4460/4743/4460 4471/4759/4471
f 4461/4745/4461 4453/4734/4453 4460/4743/4460
f 4472/4760/4472 4470/4758/4470 4473/4761/4473
f 4470/4758/4470 4460/4743/4460 4457/4740/4457
f 4464/4751/4464 4470/4758/4470 4459/4742/4459
f 4460/4743/4460 4470/4758/4470 4474/4762/4474
f 4451/4732/4451 4471/4759/4471 4475/4763/4475
f 4471/4759/4471 4451/4732/4451 4461/4745/4461
f 4474/4762/4474 4472/4760/4472 4476/4764/4476
f 4472/4760/4472 4474/4762/4474 4470/4758/4470
f 4471/4759/4471 4460/4743/4460 4474/4762/4474
f 4471/4759/4471 4474/4762/4474 4477/4765/4477
f 4470/4758/4470 4464/4751/4464 4473/4761/4473
f 4451/4732/4451 4448/4729/4448 4461/4745/4461
f 4478/4766/4478 4473/4761/4473 4466/4753/4466
f 4466/4753/4466 4473/4761/4473 4464/4751/4464
f 4479/4767/4479 4466/4753/4466 4468/4755/4468
f 4469/4756/4469 4468/4755/4468 4463/4750/4463
f 4466/4753/4466 4462/4747/4462 4468/4755/4468
f 4480/4768/4480 4468/4755/4468 4469/4756/4469
f 4481/4769/4481 4478/4766/4478 4482/4770/4482
f 4478/4766/4478 4481/4769/4481 4473/4761/4473
f 4483/4771/4483 4482/4770/4482 4479/4767/4479
f 4479/4767/4479 4482/4770/4482 4478/4766/4478
f 4480/4768/4480 4479/4767/4479 4468/4755/4468
f 4483/4771/4483 4479/4767/4479 4480/4768/4480
f 4478/4766/4478 4466/4753/4466 4479/4767/4479
f 4481/4769/4481 4482/4770/4482 4484/4772/4484
f 4469/4756/4469 4485/4773/4485 4480/4768/4480
f 4473/4761/4473 4481/4769/4481 4472/4760/4472
f 4464/4751/4464 4465/4752/4465 4466/4753/4466
f 4472/4760/4472 4481/4769/4481 4486/4774/4486
f 4467/4754/4467 4487/4775/4487 4469/4756/4469
f 4455/4736/4455 4432/4709/4432 4323/4716/4323
f 4450/4731/4450 4451/4732/4451 4488/4776/4488
f 4383/4724/4383 4489/4777/4489 4415/4778/4415
f 4489/4777/4489 4443/4723/4443 4445/4726/4445
f 4445/4726/4445 4444/4725/4444 4490/4779/4490
f 4444/4725/4444 4445/4726/4445 4442/4722/4442
f 4440/4720/4440 4454/4735/4454 4444/4725/4444
f 4489/4777/4489 4445/4726/4445 4490/4779/4490
f 4491/4780/4491 4415/4778/4415 4492/4781/4492
f 4492/4781/4492 4415/4778/4415 4489/4777/4489
f 4492/4781/4492 4490/4779/4490 4493/4782/4493
f 4494/4783/4494 4495/4784/4495 4490/4779/4490
f 4492/4781/4492 4489/4777/4489 4490/4779/4490
f 4495/4784/4495 4493/4782/4493 4490/4779/4490
f 4490/4779/4490 4444/4725/4444 4494/4783/4494
f 4496/4785/4496 4494/4783/4494 4454/4735/4454
f 4454/4735/4454 4494/4783/4494 4444/4725/4444
f 4497/4786/4497 4454/4735/4454 4452/4733/4452
f 4488/4776/4488 4452/4733/4452 4450/4731/4450
f 4454/4735/4454 4449/4730/4449 4452/4733/4452
f 4498/4787/4498 4452/4733/4452 4488/4776/4488
f 4496/4785/4496 4499/4788/4499 4494/4783/4494
f 4499/4788/4499 4496/4785/4496 4500/4789/4500
f 4500/4789/4500 4497/4786/4497 4501/4790/4501
f 4498/4787/4498 4497/4786/4497 4452/4733/4452
f 4502/4791/4502 4503/4792/4503 4500/4789/4500
f 4497/4786/4497 4500/4789/4500 4496/4785/4496
f 4496/4785/4496 4454/4735/4454 4497/4786/4497
f 4504/4793/4504 4499/4788/4499 4503/4792/4503
f 4488/4776/4488 4475/4763/4475 4498/4787/4498
f 4494/4783/4494 4499/4788/4499 4495/4784/4495
f 4489/4777/4489 4383/4724/4383 4443/4723/4443
f 4505/4794/4505 4495/4784/4495 4504/4793/4504
f 4420/4795/4420 4418/4796/4418 4491/4780/4491
f 4491/4780/4491 4506/4797/4506 4420/4795/4420
f 4493/4782/4493 4507/4798/4507 4491/4780/4491
f 4415/4778/4415 4491/4780/4491 4418/4796/4418
f 4506/4797/4506 2/4799/2 4425/4800/4425
f 1/4801/1 4425/4800/4425 2/4799/2
f 4425/4800/4425 4420/4795/4420 4506/4797/4506
f 4506/4797/4506 303/4802/303 2/4799/2
f 4506/4797/4506 4491/4780/4491 4507/4798/4507
f 4493/4782/4493 4505/4794/4505 4507/4798/4507
f 4505/4794/4505 74/4803/74 4507/4798/4507
f 4503/4792/4503 4499/4788/4499 4500/4789/4500
f 4504/4793/4504 13/4804/13 4505/4794/4505
f 12/4805/12 4504/4793/4504 4503/4792/4503
f 4504/4793/4504 4495/4784/4495 4499/4788/4499
f 4507/4798/4507 74/4803/74 303/4802/303
f 4495/4784/4495 4505/4794/4505 4493/4782/4493
f 74/4803/74 4505/4794/4505 13/4804/13
f 13/4804/13 4504/4793/4504 12/4805/12
f 4503/4792/4503 128/4806/128 12/4805/12
f 4501/4790/4501 4502/4791/4502 4500/4789/4500
f 4507/4798/4507 303/4802/303 4506/4797/4506
f 4492/4781/4492 4493/4782/4493 4491/4780/4491
f 4501/4790/4501 4497/4786/4497 4498/4787/4498
f 4475/4763/4475 4477/4765/4477 4508/4807/4508
f 4475/4763/4475 4471/4759/4471 4477/4765/4477
f 4476/4764/4476 4486/4774/4486 4509/4808/4509
f 4476/4764/4476 4472/4760/4472 4486/4774/4486
f 4474/4762/4474 4476/4764/4476 4477/4765/4477
f 4477/4765/4477 4476/4764/4476 4509/4808/4509
f 4510/4809/4510 4511/4810/4511 4508/4807/4508
f 4508/4807/4508 4511/4810/4511 4475/4763/4475
f 4509/4808/4509 4512/4811/4512 4508/4807/4508
f 4513/4812/4513 4512/4811/4512 4509/4808/4509
f 4508/4807/4508 4477/4765/4477 4509/4808/4509
f 4510/4809/4510 4508/4807/4508 4512/4811/4512
f 4509/4808/4509 4486/4774/4486 4514/4813/4514
f 4515/4814/4515 4498/4787/4498 4511/4810/4511
f 4516/4815/4516 4514/4813/4514 4484/4772/4484
f 4514/4813/4514 4486/4774/4486 4484/4772/4484
f 4483/4771/4483 4517/4816/4517 4484/4772/4484
f 4517/4816/4517 4483/4771/4483 4518/4817/4518
f 4481/4769/4481 4484/4772/4484 4486/4774/4486
f 4519/4818/4519 4484/4772/4484 4517/4816/4517
f 4514/4813/4514 4520/4819/4520 4513/4812/4513
f 4520/4819/4520 4514/4813/4514 4516/4815/4516
f 4516/4815/4516 4521/4820/4521 4520/4819/4520
f 4521/4820/4521 4516/4815/4516 4519/4818/4519
f 4522/4821/4522 4523/4822/4523 4521/4820/4521
f 4524/4823/4524 4525/4824/4525 4513/4812/4513
f 4516/4815/4516 4484/4772/4484 4519/4818/4519
f 4512/4811/4512 4513/4812/4513 4525/4824/4525
f 4517/4816/4517 4526/4825/4526 4519/4818/4519
f 4514/4813/4514 4513/4812/4513 4509/4808/4509
f 4488/4776/4488 4451/4732/4451 4475/4763/4475
f 4523/4822/4523 4524/4823/4524 4520/4819/4520
f 4527/4826/4527 4502/4791/4502 4501/4790/4501
f 4498/4787/4498 4515/4814/4515 4501/4790/4501
f 4527/4826/4527 4515/4814/4515 4528/4827/4528
f 94/4828/94 4528/4827/4528 4529/4829/4529
f 4511/4810/4511 4510/4809/4510 4515/4814/4515
f 133/4830/133 4527/4826/4527 4528/4827/4528
f 4502/4791/4502 132/4831/132 128/4806/128
f 4515/4814/4515 4527/4826/4527 4501/4790/4501
f 4528/4827/4528 4515/4814/4515 4510/4809/4510
f 133/4830/133 4528/4827/4528 94/4828/94
f 4527/4826/4527 133/4830/133 132/4831/132
f 4527/4826/4527 132/4831/132 4502/4791/4502
f 4528/4827/4528 4510/4809/4510 4529/4829/4529
f 4502/4791/4502 128/4806/128 4503/4792/4503
f 4529/4829/4529 4525/4824/4525 601/4832/601
f 4529/4829/4529 4510/4809/4510 4512/4811/4512
f 4523/4822/4523 4520/4819/4520 4521/4820/4521
f 4524/4823/4524 604/4833/604 4525/4824/4525
f 4512/4811/4512 4525/4824/4525 4529/4829/4529
f 4524/4823/4524 4513/4812/4513 4520/4819/4520
f 601/4832/601 95/4834/95 4529/4829/4529
f 605/4835/605 604/4833/604 4524/4823/4524
f 701/4836/701 605/4835/605 4523/4822/4523
f 601/4832/601 4525/4824/4525 604/4833/604
f 4530/4837/4530 4522/4821/4522 4521/4820/4521
f 4529/4829/4529 95/4834/95 94/4828/94
f 605/4835/605 4524/4823/4524 4523/4822/4523
f 4519/4818/4519 4530/4837/4530 4521/4820/4521
f 4511/4810/4511 4498/4787/4498 4475/4763/4475
f 4483/4771/4483 4484/4772/4484 4482/4770/4482
f 4480/4768/4480 4518/4817/4518 4483/4771/4483
f 4487/4775/4487 4485/4773/4485 4469/4756/4469
f 4487/4775/4487 4237/4757/4237 4236/4838/4236
f 4487/4775/4487 4236/4838/4236 4531/4839/4531
f 4532/4840/4532 4236/4838/4236 4235/4841/4235
f 4485/4773/4485 4531/4839/4531 4533/4842/4533
f 4531/4839/4531 4485/4773/4485 4487/4775/4487
f 4533/4842/4533 4532/4840/4532 4534/4843/4534
f 4532/4840/4532 4533/4842/4533 4531/4839/4531
f 4531/4839/4531 4236/4838/4236 4532/4840/4532
f 4485/4773/4485 4533/4842/4533 4535/4844/4535
f 4235/4841/4235 4536/4845/4536 4532/4840/4532
f 4485/4773/4485 4537/4846/4537 4480/4768/4480
f 4234/4847/4234 4225/4848/4225 4538/4849/4538
f 4204/4850/4204 4197/4851/4197 4539/4852/4539
f 4225/4848/4225 4204/4850/4204 4540/4853/4540
f 4541/4854/4541 4534/4843/4534 4536/4845/4536
f 4534/4843/4534 4532/4840/4532 4536/4845/4536
f 4542/4855/4542 4536/4845/4536 4538/4849/4538
f 4540/4853/4540 4538/4849/4538 4225/4848/4225
f 4539/4852/4539 4540/4853/4540 4204/4850/4204
f 4543/4856/4543 4538/4849/4538 4540/4853/4540
f 4536/4845/4536 4234/4847/4234 4538/4849/4538
f 4543/4856/4543 4540/4853/4540 4539/4852/4539
f 4197/4851/4197 4196/4857/4196 4539/4852/4539
f 4536/4845/4536 4235/4841/4235 4234/4847/4234
f 4533/4842/4533 4534/4843/4534 4544/4858/4544
f 4545/4859/4545 4518/4817/4518 4537/4846/4537
f 4518/4817/4518 4480/4768/4480 4537/4846/4537
f 4546/4860/4546 4537/4846/4537 4535/4844/4535
f 4535/4844/4535 4533/4842/4533 4544/4858/4544
f 4485/4773/4485 4535/4844/4535 4537/4846/4537
f 4547/4861/4547 4535/4844/4535 4544/4858/4544
f 4548/4862/4548 4526/4825/4526 4545/4859/4545
f 4545/4859/4545 4526/4825/4526 4518/4817/4518
f 4549/4863/4549 4545/4859/4545 4546/4860/4546
f 4547/4861/4547 4546/4860/4546 4535/4844/4535
f 4545/4859/4545 4537/4846/4537 4546/4860/4546
f 4547/4861/4547 4550/4864/4550 4546/4860/4546
f 4544/4858/4544 4551/4865/4551 4547/4861/4547
f 4518/4817/4518 4526/4825/4526 4517/4816/4517
f 4541/4854/4541 4551/4865/4551 4544/4858/4544
f 4552/4866/4552 4551/4865/4551 4541/4854/4541
f 4552/4866/4552 4541/4854/4541 4542/4855/4542
f 4543/4856/4543 4542/4855/4542 4538/4849/4538
f 4541/4854/4541 4536/4845/4536 4542/4855/4542
f 4553/4867/4553 4542/4855/4542 4543/4856/4543
f 4554/4868/4554 4552/4866/4552 4555/4869/4555
f 4552/4866/4552 4554/4868/4554 4551/4865/4551
f 4555/4869/4555 4553/4867/4553 4556/4870/4556
f 4553/4867/4553 4555/4869/4555 4552/4866/4552
f 4557/4871/4557 4556/4870/4556 4553/4867/4553
f 4558/4872/4558 4554/4868/4554 4555/4869/4555
f 4552/4866/4552 4542/4855/4542 4553/4867/4553
f 4559/4873/4559 4547/4861/4547 4554/4868/4554
f 4553/4867/4553 4543/4856/4543 4560/4874/4560
f 4551/4865/4551 4554/4868/4554 4547/4861/4547
f 4541/4854/4541 4544/4858/4544 4534/4843/4534
f 4556/4870/4556 4561/4875/4561 4555/4869/4555
f 4560/4874/4560 4543/4856/4543 4539/4852/4539
f 4487/4775/4487 4467/4754/4467 4237/4757/4237
f 4562/4876/4562 4560/4874/4560 4539/4852/4539
f 4562/4876/4562 4196/4857/4196 4194/4877/4194
f 4562/4876/4562 4194/4877/4194 4563/4878/4563
f 4563/4878/4563 4194/4877/4194 4193/4879/4193
f 4560/4874/4560 4564/4880/4564 4565/4881/4565
f 4560/4874/4560 4562/4876/4562 4564/4880/4564
f 4563/4878/4563 4566/4882/4566 4564/4880/4564
f 4567/4883/4567 4566/4882/4566 4563/4878/4563
f 4562/4876/4562 4563/4878/4563 4564/4880/4564
f 4564/4880/4564 4566/4882/4566 4568/4884/4568
f 4563/4878/4563 4193/4879/4193 4567/4883/4567
f 4562/4876/4562 4539/4852/4539 4196/4857/4196
f 4569/4885/4569 4187/4886/4187 4185/4887/4185
f 4184/4888/4184 4183/4889/4183 4185/4887/4185
f 4569/4885/4569 4185/4887/4185 4183/4889/4183
f 4567/4883/4567 4570/4890/4570 4566/4882/4566
f 4570/4890/4570 4567/4883/4567 4571/4891/4571
f 4571/4891/4571 4569/4885/4569 4572/4892/4572
f 4569/4885/4569 4571/4891/4571 4187/4886/4187
f 4573/4893/4573 4572/4892/4572 4569/4885/4569
f 4571/4891/4571 4572/4892/4572 4570/4890/4570
f 4567/4883/4567 4187/4886/4187 4571/4891/4571
f 4570/4890/4570 4572/4892/4572 4574/4894/4574
f 4569/4885/4569 4183/4889/4183 4189/4895/4189
f 4187/4886/4187 4567/4883/4567 4193/4879/4193
f 4566/4882/4566 4570/4890/4570 4575/4896/4575
f 4557/4871/4557 4565/4881/4565 4576/4897/4576
f 4557/4871/4557 4560/4874/4560 4565/4881/4565
f 4568/4884/4568 4575/4896/4575 4577/4898/4577
f 4568/4884/4568 4566/4882/4566 4575/4896/4575
f 4564/4880/4564 4568/4884/4568 4565/4881/4565
f 4565/4881/4565 4568/4884/4568 4578/4899/4578
f 4579/4900/4579 4580/4901/4580 4576/4897/4576
f 4576/4897/4576 4580/4901/4580 4557/4871/4557
f 4581/4902/4581 4578/4899/4578 4577/4898/4577
f 4577/4898/4577 4578/4899/4578 4568/4884/4568
f 4576/4897/4576 4565/4881/4565 4578/4899/4578
f 4582/4903/4582 4576/4897/4576 4578/4899/4578
f 4575/4896/4575 4574/4894/4574 4577/4898/4577
f 4557/4871/4557 4580/4901/4580 4556/4870/4556
f 4574/4894/4574 4573/4893/4573 4583/4904/4583
f 4574/4894/4574 4575/4896/4575 4570/4890/4570
f 4583/4904/4583 4189/4895/4189 4191/4905/4191
f 4189/4895/4189 4583/4904/4583 4573/4893/4573
f 4573/4893/4573 4569/4885/4569 4189/4895/4189
f 4574/4894/4574 4583/4904/4583 4584/4906/4584
f 4585/4907/4585 4586/4908/4586 4584/4906/4584
f 4586/4908/4586 4574/4894/4574 4584/4906/4584
f 4191/4905/4191 4207/4909/4207 4584/4906/4584
f 4584/4906/4584 4207/4909/4207 4585/4907/4585
f 4583/4904/4583 4191/4905/4191 4584/4906/4584
f 4577/4898/4577 4586/4908/4586 4587/4910/4587
f 4574/4894/4574 4586/4908/4586 4577/4898/4577
f 4572/4892/4572 4573/4893/4573 4574/4894/4574
f 4588/4911/4588 4556/4870/4556 4580/4901/4580
f 4560/4874/4560 4557/4871/4557 4553/4867/4553
f 4585/4907/4585 4207/4909/4207 4212/4912/4212
f 4589/4913/4589 4590/4914/4590 4548/4862/4548
f 4548/4862/4548 4590/4914/4590 4526/4825/4526
f 4591/4915/4591 4548/4862/4548 4549/4863/4549
f 4550/4864/4550 4549/4863/4549 4546/4860/4546
f 4548/4862/4548 4545/4859/4545 4549/4863/4549
f 4592/4916/4592 4549/4863/4549 4550/4864/4550
f 4593/4917/4593 4589/4913/4589 4591/4915/4591
f 4591/4915/4591 4589/4913/4589 4548/4862/4548
f 4592/4916/4592 4594/4918/4594 4591/4915/4591
f 4594/4918/4594 4592/4916/4592 4595/4919/4595
f 4591/4915/4591 4549/4863/4549 4592/4916/4592
f 4590/4914/4590 4589/4913/4589 4596/4920/4596
f 4550/4864/4550 4559/4873/4559 4592/4916/4592
f 4594/4918/4594 4593/4917/4593 4591/4915/4591
f 4559/4873/4559 4597/4921/4597 4592/4916/4592
f 4598/4922/4598 4597/4921/4597 4559/4873/4559
f 4598/4922/4598 4559/4873/4559 4558/4872/4558
f 4561/4875/4561 4558/4872/4558 4555/4869/4555
f 4559/4873/4559 4554/4868/4554 4558/4872/4558
f 4599/4923/4599 4558/4872/4558 4561/4875/4561
f 4597/4921/4597 4600/4924/4600 4595/4919/4595
f 4600/4924/4600 4597/4921/4597 4598/4922/4598
f 4598/4922/4598 4601/4925/4601 4600/4924/4600
f 4601/4925/4601 4598/4922/4598 4599/4923/4599
f 4601/4925/4601 4599/4923/4599 4602/4926/4602
f 4600/4924/4600 4601/4925/4601 4603/4927/4603
f 4598/4922/4598 4558/4872/4558 4599/4923/4599
f 4594/4918/4594 4595/4919/4595 4604/4928/4604
f 4561/4875/4561 4588/4911/4588 4599/4923/4599
f 4597/4921/4597 4595/4919/4595 4592/4916/4592
f 4550/4864/4550 4547/4861/4547 4559/4873/4559
f 4605/4929/4605 4595/4919/4595 4600/4924/4600
f 4606/4930/4606 4522/4821/4522 4530/4837/4530
f 4596/4920/4596 4530/4837/4530 4590/4914/4590
f 4606/4930/4606 4596/4920/4596 4607/4931/4607
f 4594/4918/4594 4608/4932/4608 4593/4917/4593
f 4596/4920/4596 4589/4913/4589 4593/4917/4593
f 286/4933/286 4606/4930/4606 4607/4931/4607
f 4522/4821/4522 287/4934/287 701/4836/701
f 4596/4920/4596 4606/4930/4606 4530/4837/4530
f 4606/4930/4606 286/4933/286 287/4934/287
f 4596/4920/4596 4593/4917/4593 4607/4931/4607
f 4606/4930/4606 287/4934/287 4522/4821/4522
f 4607/4931/4607 729/4935/729 286/4933/286
f 4522/4821/4522 701/4836/701 4523/4822/4523
f 730/4936/730 4608/4932/4608 4604/4928/4604
f 4607/4931/4607 4608/4932/4608 729/4935/729
f 4605/4929/4605 4603/4927/4603 185/4937/185
f 4608/4932/4608 4594/4918/4594 4604/4928/4604
f 4605/4929/4605 4604/4928/4604 4595/4919/4595
f 187/4938/187 4604/4928/4604 4605/4929/4605
f 730/4936/730 729/4935/729 4608/4932/4608
f 187/4938/187 296/4939/296 4604/4928/4604
f 185/4937/185 187/4938/187 4605/4929/4605
f 730/4936/730 4604/4928/4604 296/4939/296
f 4603/4927/4603 304/4940/304 185/4937/185
f 4608/4932/4608 4607/4931/4607 4593/4917/4593
f 4600/4924/4600 4603/4927/4603 4605/4929/4605
f 4609/4941/4609 4601/4925/4601 4602/4926/4602
f 4590/4914/4590 4530/4837/4530 4519/4818/4519
f 4588/4911/4588 4579/4900/4579 4610/4942/4610
f 4579/4900/4579 4588/4911/4588 4580/4901/4580
f 4582/4903/4582 4581/4902/4581 4611/4943/4611
f 4581/4902/4581 4582/4903/4582 4578/4899/4578
f 4579/4900/4579 4576/4897/4576 4582/4903/4582
f 4579/4900/4579 4582/4903/4582 4612/4944/4612
f 4613/4945/4613 4614/4946/4614 4610/4942/4610
f 4610/4942/4610 4614/4946/4614 4588/4911/4588
f 4612/4944/4612 4611/4943/4611 4615/4947/4615
f 4611/4943/4611 4612/4944/4612 4582/4903/4582
f 4610/4942/4610 4579/4900/4579 4612/4944/4612
f 4616/4948/4616 4610/4942/4610 4612/4944/4612
f 4581/4902/4581 4587/4910/4587 4611/4943/4611
f 4602/4926/4602 4599/4923/4599 4614/4946/4614
f 4617/4949/4617 4611/4943/4611 4618/4950/4618
f 4618/4950/4618 4587/4910/4587 4585/4907/4585
f 4585/4907/4585 4619/4951/4619 4618/4950/4618
f 4619/4951/4619 4585/4907/4585 4270/4952/4270
f 4587/4910/4587 4586/4908/4586 4585/4907/4585
f 4618/4950/4618 4619/4951/4619 4620/4953/4620
f 4621/4954/4621 4622/4955/4622 4615/4947/4615
f 4611/4943/4611 4617/4949/4617 4615/4947/4615
f 4619/4951/4619 4285/4956/4285 4620/4953/4620
f 4620/4953/4620 4617/4949/4617 4618/4950/4618
f 4620/4953/4620 4285/4956/4285 4288/4957/4288
f 4285/4956/4285 4619/4951/4619 4270/4952/4270
f 4623/4958/4623 4621/4954/4621 4617/4949/4617
f 4585/4907/4585 4212/4912/4212 4270/4952/4270
f 4618/4950/4618 4611/4943/4611 4587/4910/4587
f 4581/4902/4581 4577/4898/4577 4587/4910/4587
f 4615/4947/4615 4616/4948/4616 4612/4944/4612
f 4624/4959/4624 4609/4941/4609 4602/4926/4602
f 4613/4945/4613 4602/4926/4602 4614/4946/4614
f 4624/4959/4624 4613/4945/4613 4625/4960/4625
f 4615/4947/4615 4622/4955/4622 4616/4948/4616
f 4613/4945/4613 4610/4942/4610 4616/4948/4616
f 318/4961/318 4624/4959/4624 4625/4960/4625
f 304/4940/304 4609/4941/4609 305/4962/305
f 304/4940/304 4603/4927/4603 4609/4941/4609
f 305/4962/305 4624/4959/4624 318/4961/318
f 4602/4926/4602 4613/4945/4613 4624/4959/4624
f 4613/4945/4613 4616/4948/4616 4625/4960/4625
f 4624/4959/4624 305/4962/305 4609/4941/4609
f 4625/4960/4625 306/4963/306 318/4961/318
f 4609/4941/4609 4603/4927/4603 4601/4925/4601
f 4621/4954/4621 4615/4947/4615 4617/4949/4617
f 4622/4955/4622 306/4963/306 4625/4960/4625
f 4623/4958/4623 4288/4957/4288 315/4964/315
f 4621/4954/4621 307/4965/307 4622/4955/4622
f 4623/4958/4623 317/4966/317 4621/4954/4621
f 4623/4958/4623 4617/4949/4617 4620/4953/4620
f 307/4965/307 306/4963/306 4622/4955/4622
f 315/4964/315 317/4966/317 4623/4958/4623
f 233/4967/233 315/4964/315 4288/4957/4288
f 307/4965/307 4621/4954/4621 317/4966/317
f 4622/4955/4622 4625/4960/4625 4616/4948/4616
f 4620/4953/4620 4288/4957/4288 4623/4958/4623
f 4614/4946/4614 4599/4923/4599 4588/4911/4588
f 4561/4875/4561 4556/4870/4556 4588/4911/4588
f 4526/4825/4526 4590/4914/4590 4519/4818/4519
